ISO-10303-21;
HEADER;
/* Generated by software containing ST-Developer
 * from STEP Tools, Inc. (www.steptools.com) 
 */

FILE_DESCRIPTION(
/* description */ (''),
/* implementation_level */ '2;1');

FILE_NAME(
/* name */ '1U Blank LaserCut.step',
/* time_stamp */ '2026-08-30T16:53:31+05:30',
/* author */ (''),
/* organization */ (''),
/* preprocessor_version */ 'ST-DEVELOPER v20.1',
/* originating_system */ 'Autodesk Translation Framework v15.8.0.0',
/* authorisation */ '');

FILE_SCHEMA (('AUTOMOTIVE_DESIGN { 1 0 10303 214 3 1 1 }'));
ENDSEC;

DATA;
#10=MECHANICAL_DESIGN_GEOMETRIC_PRESENTATION_REPRESENTATION('',(#13),#7619);
#11=SHAPE_REPRESENTATION_RELATIONSHIP('SRR','None',#7626,#12);
#12=ADVANCED_BREP_SHAPE_REPRESENTATION('',(#14),#7618);
#13=STYLED_ITEM('',(#7635),#14);
#14=MANIFOLD_SOLID_BREP('Body1',#4567);
#15=FACE_BOUND('',#886,.T.);
#16=FACE_BOUND('',#887,.T.);
#17=FACE_BOUND('',#888,.T.);
#18=FACE_BOUND('',#889,.T.);
#19=FACE_BOUND('',#890,.T.);
#20=FACE_BOUND('',#891,.T.);
#21=FACE_BOUND('',#892,.T.);
#22=FACE_BOUND('',#893,.T.);
#23=FACE_BOUND('',#894,.T.);
#24=FACE_BOUND('',#895,.T.);
#25=FACE_BOUND('',#896,.T.);
#26=FACE_BOUND('',#897,.T.);
#27=FACE_BOUND('',#898,.T.);
#28=FACE_BOUND('',#899,.T.);
#29=FACE_BOUND('',#900,.T.);
#30=FACE_BOUND('',#901,.T.);
#31=FACE_BOUND('',#902,.T.);
#32=FACE_BOUND('',#903,.T.);
#33=FACE_BOUND('',#904,.T.);
#34=FACE_BOUND('',#905,.T.);
#35=FACE_BOUND('',#906,.T.);
#36=FACE_BOUND('',#907,.T.);
#37=FACE_BOUND('',#908,.T.);
#38=FACE_BOUND('',#909,.T.);
#39=FACE_BOUND('',#910,.T.);
#40=FACE_BOUND('',#911,.T.);
#41=FACE_BOUND('',#912,.T.);
#42=FACE_BOUND('',#913,.T.);
#43=FACE_BOUND('',#914,.T.);
#44=FACE_BOUND('',#915,.T.);
#45=FACE_BOUND('',#916,.T.);
#46=FACE_BOUND('',#917,.T.);
#47=FACE_BOUND('',#918,.T.);
#48=FACE_BOUND('',#919,.T.);
#49=FACE_BOUND('',#920,.T.);
#50=FACE_BOUND('',#921,.T.);
#51=FACE_BOUND('',#922,.T.);
#52=FACE_BOUND('',#923,.T.);
#53=FACE_BOUND('',#924,.T.);
#54=FACE_BOUND('',#925,.T.);
#55=FACE_BOUND('',#926,.T.);
#56=FACE_BOUND('',#927,.T.);
#57=FACE_BOUND('',#928,.T.);
#58=FACE_BOUND('',#929,.T.);
#59=FACE_BOUND('',#930,.T.);
#60=FACE_BOUND('',#931,.T.);
#61=FACE_BOUND('',#932,.T.);
#62=FACE_BOUND('',#933,.T.);
#63=FACE_BOUND('',#934,.T.);
#64=FACE_BOUND('',#935,.T.);
#65=FACE_BOUND('',#936,.T.);
#66=FACE_BOUND('',#937,.T.);
#67=FACE_BOUND('',#938,.T.);
#68=FACE_BOUND('',#939,.T.);
#69=FACE_BOUND('',#940,.T.);
#70=FACE_BOUND('',#941,.T.);
#71=FACE_BOUND('',#943,.T.);
#72=FACE_BOUND('',#944,.T.);
#73=FACE_BOUND('',#945,.T.);
#74=FACE_BOUND('',#946,.T.);
#75=FACE_BOUND('',#947,.T.);
#76=FACE_BOUND('',#948,.T.);
#77=FACE_BOUND('',#949,.T.);
#78=FACE_BOUND('',#950,.T.);
#79=FACE_BOUND('',#951,.T.);
#80=FACE_BOUND('',#952,.T.);
#81=FACE_BOUND('',#953,.T.);
#82=FACE_BOUND('',#954,.T.);
#83=FACE_BOUND('',#955,.T.);
#84=FACE_BOUND('',#956,.T.);
#85=FACE_BOUND('',#957,.T.);
#86=FACE_BOUND('',#958,.T.);
#87=FACE_BOUND('',#959,.T.);
#88=FACE_BOUND('',#960,.T.);
#89=FACE_BOUND('',#961,.T.);
#90=FACE_BOUND('',#962,.T.);
#91=FACE_BOUND('',#963,.T.);
#92=FACE_BOUND('',#964,.T.);
#93=FACE_BOUND('',#965,.T.);
#94=FACE_BOUND('',#966,.T.);
#95=FACE_BOUND('',#967,.T.);
#96=FACE_BOUND('',#968,.T.);
#97=FACE_BOUND('',#969,.T.);
#98=FACE_BOUND('',#970,.T.);
#99=FACE_BOUND('',#971,.T.);
#100=FACE_BOUND('',#972,.T.);
#101=FACE_BOUND('',#973,.T.);
#102=FACE_BOUND('',#974,.T.);
#103=FACE_BOUND('',#975,.T.);
#104=FACE_BOUND('',#976,.T.);
#105=FACE_BOUND('',#977,.T.);
#106=FACE_BOUND('',#978,.T.);
#107=FACE_BOUND('',#979,.T.);
#108=FACE_BOUND('',#980,.T.);
#109=FACE_BOUND('',#981,.T.);
#110=FACE_BOUND('',#982,.T.);
#111=FACE_BOUND('',#983,.T.);
#112=FACE_BOUND('',#984,.T.);
#113=FACE_BOUND('',#985,.T.);
#114=FACE_BOUND('',#986,.T.);
#115=FACE_BOUND('',#987,.T.);
#116=FACE_BOUND('',#988,.T.);
#117=FACE_BOUND('',#989,.T.);
#118=FACE_BOUND('',#990,.T.);
#119=FACE_BOUND('',#991,.T.);
#120=FACE_BOUND('',#992,.T.);
#121=FACE_BOUND('',#993,.T.);
#122=FACE_BOUND('',#994,.T.);
#123=FACE_BOUND('',#995,.T.);
#124=FACE_BOUND('',#996,.T.);
#125=FACE_BOUND('',#997,.T.);
#126=FACE_BOUND('',#998,.T.);
#127=CIRCLE('',#4583,1.49992976982693);
#128=CIRCLE('',#4584,1.49992976982693);
#129=CIRCLE('',#4587,1.5);
#130=CIRCLE('',#4588,1.5);
#131=CIRCLE('',#4591,1.49992976982693);
#132=CIRCLE('',#4592,1.49992976982693);
#133=CIRCLE('',#4595,1.5);
#134=CIRCLE('',#4596,1.5);
#135=CIRCLE('',#4599,1.75017642968247);
#136=CIRCLE('',#4600,1.75017642968247);
#137=CIRCLE('',#4603,1.7502263898611);
#138=CIRCLE('',#4604,1.7502263898611);
#139=CIRCLE('',#4607,1.75017642968247);
#140=CIRCLE('',#4608,1.75017642968247);
#141=CIRCLE('',#4611,1.7502263898611);
#142=CIRCLE('',#4612,1.7502263898611);
#143=CIRCLE('',#4615,1.49992976982693);
#144=CIRCLE('',#4616,1.49992976982693);
#145=CIRCLE('',#4619,1.5);
#146=CIRCLE('',#4620,1.5);
#147=CIRCLE('',#4622,1.5);
#148=CIRCLE('',#4623,1.5);
#149=CIRCLE('',#4626,1.50004643067958);
#150=CIRCLE('',#4627,1.50004643067958);
#151=CIRCLE('',#4631,1.49992976982693);
#152=CIRCLE('',#4632,1.49992976982693);
#153=CIRCLE('',#4635,1.5);
#154=CIRCLE('',#4636,1.5);
#155=CIRCLE('',#4639,1.50004643067958);
#156=CIRCLE('',#4640,1.50004643067958);
#157=CIRCLE('',#4643,1.5);
#158=CIRCLE('',#4644,1.5);
#159=CIRCLE('',#4646,1.5);
#160=CIRCLE('',#4647,1.5);
#161=CIRCLE('',#4650,1.50004643067958);
#162=CIRCLE('',#4651,1.50004643067958);
#163=CIRCLE('',#4655,1.50004643067958);
#164=CIRCLE('',#4656,1.50004643067958);
#165=CIRCLE('',#4659,1.5);
#166=CIRCLE('',#4660,1.5);
#167=CIRCLE('',#4663,1.49992976982693);
#168=CIRCLE('',#4664,1.49992976982693);
#169=CIRCLE('',#4667,1.5);
#170=CIRCLE('',#4668,1.5);
#171=CIRCLE('',#4671,1.75017642968247);
#172=CIRCLE('',#4672,1.75017642968247);
#173=CIRCLE('',#4675,1.7502263898611);
#174=CIRCLE('',#4676,1.7502263898611);
#175=CIRCLE('',#4679,1.49992976982693);
#176=CIRCLE('',#4680,1.49992976982693);
#177=CIRCLE('',#4683,1.5);
#178=CIRCLE('',#4684,1.5);
#179=CIRCLE('',#4687,1.49992976982693);
#180=CIRCLE('',#4688,1.49992976982693);
#181=CIRCLE('',#4691,1.5);
#182=CIRCLE('',#4692,1.5);
#183=CIRCLE('',#4695,1.49992976982693);
#184=CIRCLE('',#4696,1.49992976982693);
#185=CIRCLE('',#4699,1.5);
#186=CIRCLE('',#4700,1.5);
#187=CIRCLE('',#4703,1.50004643067958);
#188=CIRCLE('',#4704,1.50004643067958);
#189=CIRCLE('',#4707,1.5);
#190=CIRCLE('',#4708,1.5);
#191=CIRCLE('',#4711,1.50004643067958);
#192=CIRCLE('',#4712,1.50004643067958);
#193=CIRCLE('',#4715,1.5);
#194=CIRCLE('',#4716,1.5);
#195=CIRCLE('',#4718,2.75);
#196=CIRCLE('',#4719,2.75);
#197=CIRCLE('',#4722,1.50004643067958);
#198=CIRCLE('',#4723,1.50004643067958);
#199=CIRCLE('',#4726,1.5);
#200=CIRCLE('',#4727,1.5);
#201=CIRCLE('',#4730,1.49992976982693);
#202=CIRCLE('',#4731,1.49992976982693);
#203=CIRCLE('',#4734,1.5);
#204=CIRCLE('',#4735,1.5);
#205=CIRCLE('',#4737,1.5);
#206=CIRCLE('',#4738,1.5);
#207=CIRCLE('',#4741,1.50004643067958);
#208=CIRCLE('',#4742,1.50004643067958);
#209=CIRCLE('',#4745,1.5);
#210=CIRCLE('',#4746,1.5);
#211=CIRCLE('',#4749,1.50004643067958);
#212=CIRCLE('',#4750,1.50004643067958);
#213=CIRCLE('',#4754,1.50004643067958);
#214=CIRCLE('',#4755,1.50004643067958);
#215=CIRCLE('',#4758,1.5);
#216=CIRCLE('',#4759,1.5);
#217=CIRCLE('',#4761,2.75);
#218=CIRCLE('',#4762,2.75);
#219=CIRCLE('',#4765,1.50004643067958);
#220=CIRCLE('',#4766,1.50004643067958);
#221=CIRCLE('',#4769,1.5);
#222=CIRCLE('',#4770,1.5);
#223=CIRCLE('',#4773,1.75017642968247);
#224=CIRCLE('',#4774,1.75017642968247);
#225=CIRCLE('',#4777,1.7502263898611);
#226=CIRCLE('',#4778,1.7502263898611);
#227=CIRCLE('',#4780,1.5);
#228=CIRCLE('',#4781,1.5);
#229=CIRCLE('',#4784,1.50004643067958);
#230=CIRCLE('',#4785,1.50004643067958);
#231=CIRCLE('',#4789,1.7502263898611);
#232=CIRCLE('',#4790,1.7502263898611);
#233=CIRCLE('',#4793,1.75017642968247);
#234=CIRCLE('',#4794,1.75017642968247);
#235=CIRCLE('',#4797,1.75017642968247);
#236=CIRCLE('',#4798,1.75017642968247);
#237=CIRCLE('',#4801,1.7502263898611);
#238=CIRCLE('',#4802,1.7502263898611);
#239=CIRCLE('',#4805,1.49992976982693);
#240=CIRCLE('',#4806,1.49992976982693);
#241=CIRCLE('',#4809,1.5);
#242=CIRCLE('',#4810,1.5);
#243=CIRCLE('',#4813,1.49992976982693);
#244=CIRCLE('',#4814,1.49992976982693);
#245=CIRCLE('',#4817,1.5);
#246=CIRCLE('',#4818,1.5);
#247=CIRCLE('',#4821,1.50004643067958);
#248=CIRCLE('',#4822,1.50004643067958);
#249=CIRCLE('',#4825,1.5);
#250=CIRCLE('',#4826,1.5);
#251=CIRCLE('',#4829,1.50004643067958);
#252=CIRCLE('',#4830,1.50004643067958);
#253=CIRCLE('',#4833,1.5);
#254=CIRCLE('',#4834,1.5);
#255=CIRCLE('',#4836,1.5);
#256=CIRCLE('',#4837,1.5);
#257=CIRCLE('',#4840,1.50004643067958);
#258=CIRCLE('',#4841,1.50004643067958);
#259=CIRCLE('',#4845,1.50004643067958);
#260=CIRCLE('',#4846,1.50004643067958);
#261=CIRCLE('',#4849,1.5);
#262=CIRCLE('',#4850,1.5);
#263=CIRCLE('',#4852,1.5);
#264=CIRCLE('',#4853,1.5);
#265=CIRCLE('',#4856,1.50004643067958);
#266=CIRCLE('',#4857,1.50004643067958);
#267=CIRCLE('',#4860,2.75);
#268=CIRCLE('',#4861,2.75);
#269=CIRCLE('',#4864,1.75017642968247);
#270=CIRCLE('',#4865,1.75017642968247);
#271=CIRCLE('',#4868,1.7502263898611);
#272=CIRCLE('',#4869,1.7502263898611);
#273=CIRCLE('',#4871,2.75);
#274=CIRCLE('',#4872,2.75);
#275=CIRCLE('',#4875,1.75017642968247);
#276=CIRCLE('',#4876,1.75017642968247);
#277=CIRCLE('',#4879,1.7502263898611);
#278=CIRCLE('',#4880,1.7502263898611);
#279=CIRCLE('',#4883,1.75017642968247);
#280=CIRCLE('',#4884,1.75017642968247);
#281=CIRCLE('',#4887,1.7502263898611);
#282=CIRCLE('',#4888,1.7502263898611);
#283=CIRCLE('',#4891,1.75017642968247);
#284=CIRCLE('',#4892,1.75017642968247);
#285=CIRCLE('',#4895,1.7502263898611);
#286=CIRCLE('',#4896,1.7502263898611);
#287=CIRCLE('',#4898,1.5);
#288=CIRCLE('',#4899,1.5);
#289=CIRCLE('',#4902,1.50004643067958);
#290=CIRCLE('',#4903,1.50004643067958);
#291=CIRCLE('',#4907,1.75017642968247);
#292=CIRCLE('',#4908,1.75017642968247);
#293=CIRCLE('',#4911,1.7502263898611);
#294=CIRCLE('',#4912,1.7502263898611);
#295=CIRCLE('',#4915,1.50004643067958);
#296=CIRCLE('',#4916,1.50004643067958);
#297=CIRCLE('',#4919,1.5);
#298=CIRCLE('',#4920,1.5);
#299=CIRCLE('',#4923,1.50004643067958);
#300=CIRCLE('',#4924,1.50004643067958);
#301=CIRCLE('',#4927,1.5);
#302=CIRCLE('',#4928,1.5);
#303=CIRCLE('',#4930,1.5);
#304=CIRCLE('',#4931,1.5);
#305=CIRCLE('',#4934,1.50004643067958);
#306=CIRCLE('',#4935,1.50004643067958);
#307=CIRCLE('',#4939,1.49992976982693);
#308=CIRCLE('',#4940,1.49992976982693);
#309=CIRCLE('',#4943,1.5);
#310=CIRCLE('',#4944,1.5);
#311=CIRCLE('',#4946,1.5);
#312=CIRCLE('',#4947,1.5);
#313=CIRCLE('',#4950,1.50004643067958);
#314=CIRCLE('',#4951,1.50004643067958);
#315=CIRCLE('',#4954,1.5);
#316=CIRCLE('',#4955,1.5);
#317=CIRCLE('',#4958,1.50004643067958);
#318=CIRCLE('',#4959,1.50004643067958);
#319=CIRCLE('',#4963,1.49992976982693);
#320=CIRCLE('',#4964,1.49992976982693);
#321=CIRCLE('',#4967,1.5);
#322=CIRCLE('',#4968,1.5);
#323=CIRCLE('',#4971,1.75017642968247);
#324=CIRCLE('',#4972,1.75017642968247);
#325=CIRCLE('',#4975,1.7502263898611);
#326=CIRCLE('',#4976,1.7502263898611);
#327=CIRCLE('',#4979,1.75017642968247);
#328=CIRCLE('',#4980,1.75017642968247);
#329=CIRCLE('',#4983,1.7502263898611);
#330=CIRCLE('',#4984,1.7502263898611);
#331=CIRCLE('',#4987,1.50004643067958);
#332=CIRCLE('',#4988,1.50004643067958);
#333=CIRCLE('',#4991,1.5);
#334=CIRCLE('',#4992,1.5);
#335=CIRCLE('',#4994,1.5);
#336=CIRCLE('',#4995,1.5);
#337=CIRCLE('',#4998,1.50004643067958);
#338=CIRCLE('',#4999,1.50004643067958);
#339=CIRCLE('',#5003,1.50004643067958);
#340=CIRCLE('',#5004,1.50004643067958);
#341=CIRCLE('',#5007,1.5);
#342=CIRCLE('',#5008,1.5);
#343=CYLINDRICAL_SURFACE('',#4582,1.49992976982693);
#344=CYLINDRICAL_SURFACE('',#4586,1.5);
#345=CYLINDRICAL_SURFACE('',#4590,1.49992976982693);
#346=CYLINDRICAL_SURFACE('',#4594,1.5);
#347=CYLINDRICAL_SURFACE('',#4598,1.75017642968247);
#348=CYLINDRICAL_SURFACE('',#4602,1.7502263898611);
#349=CYLINDRICAL_SURFACE('',#4606,1.75017642968247);
#350=CYLINDRICAL_SURFACE('',#4610,1.7502263898611);
#351=CYLINDRICAL_SURFACE('',#4614,1.49992976982693);
#352=CYLINDRICAL_SURFACE('',#4618,1.5);
#353=CYLINDRICAL_SURFACE('',#4621,1.5);
#354=CYLINDRICAL_SURFACE('',#4625,1.50004643067958);
#355=CYLINDRICAL_SURFACE('',#4630,1.49992976982693);
#356=CYLINDRICAL_SURFACE('',#4634,1.5);
#357=CYLINDRICAL_SURFACE('',#4638,1.50004643067958);
#358=CYLINDRICAL_SURFACE('',#4642,1.5);
#359=CYLINDRICAL_SURFACE('',#4645,1.5);
#360=CYLINDRICAL_SURFACE('',#4649,1.50004643067958);
#361=CYLINDRICAL_SURFACE('',#4654,1.50004643067958);
#362=CYLINDRICAL_SURFACE('',#4658,1.5);
#363=CYLINDRICAL_SURFACE('',#4662,1.49992976982693);
#364=CYLINDRICAL_SURFACE('',#4666,1.5);
#365=CYLINDRICAL_SURFACE('',#4670,1.75017642968247);
#366=CYLINDRICAL_SURFACE('',#4674,1.7502263898611);
#367=CYLINDRICAL_SURFACE('',#4678,1.49992976982693);
#368=CYLINDRICAL_SURFACE('',#4682,1.5);
#369=CYLINDRICAL_SURFACE('',#4686,1.49992976982693);
#370=CYLINDRICAL_SURFACE('',#4690,1.5);
#371=CYLINDRICAL_SURFACE('',#4694,1.49992976982693);
#372=CYLINDRICAL_SURFACE('',#4698,1.5);
#373=CYLINDRICAL_SURFACE('',#4702,1.50004643067958);
#374=CYLINDRICAL_SURFACE('',#4706,1.5);
#375=CYLINDRICAL_SURFACE('',#4710,1.50004643067958);
#376=CYLINDRICAL_SURFACE('',#4714,1.5);
#377=CYLINDRICAL_SURFACE('',#4717,2.75);
#378=CYLINDRICAL_SURFACE('',#4721,1.50004643067958);
#379=CYLINDRICAL_SURFACE('',#4725,1.5);
#380=CYLINDRICAL_SURFACE('',#4729,1.49992976982693);
#381=CYLINDRICAL_SURFACE('',#4733,1.5);
#382=CYLINDRICAL_SURFACE('',#4736,1.5);
#383=CYLINDRICAL_SURFACE('',#4740,1.50004643067958);
#384=CYLINDRICAL_SURFACE('',#4744,1.5);
#385=CYLINDRICAL_SURFACE('',#4748,1.50004643067958);
#386=CYLINDRICAL_SURFACE('',#4753,1.50004643067958);
#387=CYLINDRICAL_SURFACE('',#4757,1.5);
#388=CYLINDRICAL_SURFACE('',#4760,2.75);
#389=CYLINDRICAL_SURFACE('',#4764,1.50004643067958);
#390=CYLINDRICAL_SURFACE('',#4768,1.5);
#391=CYLINDRICAL_SURFACE('',#4772,1.75017642968247);
#392=CYLINDRICAL_SURFACE('',#4776,1.7502263898611);
#393=CYLINDRICAL_SURFACE('',#4779,1.5);
#394=CYLINDRICAL_SURFACE('',#4783,1.50004643067958);
#395=CYLINDRICAL_SURFACE('',#4788,1.7502263898611);
#396=CYLINDRICAL_SURFACE('',#4792,1.75017642968247);
#397=CYLINDRICAL_SURFACE('',#4796,1.75017642968247);
#398=CYLINDRICAL_SURFACE('',#4800,1.7502263898611);
#399=CYLINDRICAL_SURFACE('',#4804,1.49992976982693);
#400=CYLINDRICAL_SURFACE('',#4808,1.5);
#401=CYLINDRICAL_SURFACE('',#4812,1.49992976982693);
#402=CYLINDRICAL_SURFACE('',#4816,1.5);
#403=CYLINDRICAL_SURFACE('',#4820,1.50004643067958);
#404=CYLINDRICAL_SURFACE('',#4824,1.5);
#405=CYLINDRICAL_SURFACE('',#4828,1.50004643067958);
#406=CYLINDRICAL_SURFACE('',#4832,1.5);
#407=CYLINDRICAL_SURFACE('',#4835,1.5);
#408=CYLINDRICAL_SURFACE('',#4839,1.50004643067958);
#409=CYLINDRICAL_SURFACE('',#4844,1.50004643067958);
#410=CYLINDRICAL_SURFACE('',#4848,1.5);
#411=CYLINDRICAL_SURFACE('',#4851,1.5);
#412=CYLINDRICAL_SURFACE('',#4855,1.50004643067958);
#413=CYLINDRICAL_SURFACE('',#4859,2.75);
#414=CYLINDRICAL_SURFACE('',#4863,1.75017642968247);
#415=CYLINDRICAL_SURFACE('',#4867,1.7502263898611);
#416=CYLINDRICAL_SURFACE('',#4870,2.75);
#417=CYLINDRICAL_SURFACE('',#4874,1.75017642968247);
#418=CYLINDRICAL_SURFACE('',#4878,1.7502263898611);
#419=CYLINDRICAL_SURFACE('',#4882,1.75017642968247);
#420=CYLINDRICAL_SURFACE('',#4886,1.7502263898611);
#421=CYLINDRICAL_SURFACE('',#4890,1.75017642968247);
#422=CYLINDRICAL_SURFACE('',#4894,1.7502263898611);
#423=CYLINDRICAL_SURFACE('',#4897,1.5);
#424=CYLINDRICAL_SURFACE('',#4901,1.50004643067958);
#425=CYLINDRICAL_SURFACE('',#4906,1.75017642968247);
#426=CYLINDRICAL_SURFACE('',#4910,1.7502263898611);
#427=CYLINDRICAL_SURFACE('',#4914,1.50004643067958);
#428=CYLINDRICAL_SURFACE('',#4918,1.5);
#429=CYLINDRICAL_SURFACE('',#4922,1.50004643067958);
#430=CYLINDRICAL_SURFACE('',#4926,1.5);
#431=CYLINDRICAL_SURFACE('',#4929,1.5);
#432=CYLINDRICAL_SURFACE('',#4933,1.50004643067958);
#433=CYLINDRICAL_SURFACE('',#4938,1.49992976982693);
#434=CYLINDRICAL_SURFACE('',#4942,1.5);
#435=CYLINDRICAL_SURFACE('',#4945,1.5);
#436=CYLINDRICAL_SURFACE('',#4949,1.50004643067958);
#437=CYLINDRICAL_SURFACE('',#4953,1.5);
#438=CYLINDRICAL_SURFACE('',#4957,1.50004643067958);
#439=CYLINDRICAL_SURFACE('',#4962,1.49992976982693);
#440=CYLINDRICAL_SURFACE('',#4966,1.5);
#441=CYLINDRICAL_SURFACE('',#4970,1.75017642968247);
#442=CYLINDRICAL_SURFACE('',#4974,1.7502263898611);
#443=CYLINDRICAL_SURFACE('',#4978,1.75017642968247);
#444=CYLINDRICAL_SURFACE('',#4982,1.7502263898611);
#445=CYLINDRICAL_SURFACE('',#4986,1.50004643067958);
#446=CYLINDRICAL_SURFACE('',#4990,1.5);
#447=CYLINDRICAL_SURFACE('',#4993,1.5);
#448=CYLINDRICAL_SURFACE('',#4997,1.50004643067958);
#449=CYLINDRICAL_SURFACE('',#5002,1.50004643067958);
#450=CYLINDRICAL_SURFACE('',#5006,1.5);
#451=FACE_OUTER_BOUND('',#669,.T.);
#452=FACE_OUTER_BOUND('',#670,.T.);
#453=FACE_OUTER_BOUND('',#671,.T.);
#454=FACE_OUTER_BOUND('',#672,.T.);
#455=FACE_OUTER_BOUND('',#673,.T.);
#456=FACE_OUTER_BOUND('',#674,.T.);
#457=FACE_OUTER_BOUND('',#675,.T.);
#458=FACE_OUTER_BOUND('',#676,.T.);
#459=FACE_OUTER_BOUND('',#677,.T.);
#460=FACE_OUTER_BOUND('',#678,.T.);
#461=FACE_OUTER_BOUND('',#679,.T.);
#462=FACE_OUTER_BOUND('',#680,.T.);
#463=FACE_OUTER_BOUND('',#681,.T.);
#464=FACE_OUTER_BOUND('',#682,.T.);
#465=FACE_OUTER_BOUND('',#683,.T.);
#466=FACE_OUTER_BOUND('',#684,.T.);
#467=FACE_OUTER_BOUND('',#685,.T.);
#468=FACE_OUTER_BOUND('',#686,.T.);
#469=FACE_OUTER_BOUND('',#687,.T.);
#470=FACE_OUTER_BOUND('',#688,.T.);
#471=FACE_OUTER_BOUND('',#689,.T.);
#472=FACE_OUTER_BOUND('',#690,.T.);
#473=FACE_OUTER_BOUND('',#691,.T.);
#474=FACE_OUTER_BOUND('',#692,.T.);
#475=FACE_OUTER_BOUND('',#693,.T.);
#476=FACE_OUTER_BOUND('',#694,.T.);
#477=FACE_OUTER_BOUND('',#695,.T.);
#478=FACE_OUTER_BOUND('',#696,.T.);
#479=FACE_OUTER_BOUND('',#697,.T.);
#480=FACE_OUTER_BOUND('',#698,.T.);
#481=FACE_OUTER_BOUND('',#699,.T.);
#482=FACE_OUTER_BOUND('',#700,.T.);
#483=FACE_OUTER_BOUND('',#701,.T.);
#484=FACE_OUTER_BOUND('',#702,.T.);
#485=FACE_OUTER_BOUND('',#703,.T.);
#486=FACE_OUTER_BOUND('',#704,.T.);
#487=FACE_OUTER_BOUND('',#705,.T.);
#488=FACE_OUTER_BOUND('',#706,.T.);
#489=FACE_OUTER_BOUND('',#707,.T.);
#490=FACE_OUTER_BOUND('',#708,.T.);
#491=FACE_OUTER_BOUND('',#709,.T.);
#492=FACE_OUTER_BOUND('',#710,.T.);
#493=FACE_OUTER_BOUND('',#711,.T.);
#494=FACE_OUTER_BOUND('',#712,.T.);
#495=FACE_OUTER_BOUND('',#713,.T.);
#496=FACE_OUTER_BOUND('',#714,.T.);
#497=FACE_OUTER_BOUND('',#715,.T.);
#498=FACE_OUTER_BOUND('',#716,.T.);
#499=FACE_OUTER_BOUND('',#717,.T.);
#500=FACE_OUTER_BOUND('',#718,.T.);
#501=FACE_OUTER_BOUND('',#719,.T.);
#502=FACE_OUTER_BOUND('',#720,.T.);
#503=FACE_OUTER_BOUND('',#721,.T.);
#504=FACE_OUTER_BOUND('',#722,.T.);
#505=FACE_OUTER_BOUND('',#723,.T.);
#506=FACE_OUTER_BOUND('',#724,.T.);
#507=FACE_OUTER_BOUND('',#725,.T.);
#508=FACE_OUTER_BOUND('',#726,.T.);
#509=FACE_OUTER_BOUND('',#727,.T.);
#510=FACE_OUTER_BOUND('',#728,.T.);
#511=FACE_OUTER_BOUND('',#729,.T.);
#512=FACE_OUTER_BOUND('',#730,.T.);
#513=FACE_OUTER_BOUND('',#731,.T.);
#514=FACE_OUTER_BOUND('',#732,.T.);
#515=FACE_OUTER_BOUND('',#733,.T.);
#516=FACE_OUTER_BOUND('',#734,.T.);
#517=FACE_OUTER_BOUND('',#735,.T.);
#518=FACE_OUTER_BOUND('',#736,.T.);
#519=FACE_OUTER_BOUND('',#737,.T.);
#520=FACE_OUTER_BOUND('',#738,.T.);
#521=FACE_OUTER_BOUND('',#739,.T.);
#522=FACE_OUTER_BOUND('',#740,.T.);
#523=FACE_OUTER_BOUND('',#741,.T.);
#524=FACE_OUTER_BOUND('',#742,.T.);
#525=FACE_OUTER_BOUND('',#743,.T.);
#526=FACE_OUTER_BOUND('',#744,.T.);
#527=FACE_OUTER_BOUND('',#745,.T.);
#528=FACE_OUTER_BOUND('',#746,.T.);
#529=FACE_OUTER_BOUND('',#747,.T.);
#530=FACE_OUTER_BOUND('',#748,.T.);
#531=FACE_OUTER_BOUND('',#749,.T.);
#532=FACE_OUTER_BOUND('',#750,.T.);
#533=FACE_OUTER_BOUND('',#751,.T.);
#534=FACE_OUTER_BOUND('',#752,.T.);
#535=FACE_OUTER_BOUND('',#753,.T.);
#536=FACE_OUTER_BOUND('',#754,.T.);
#537=FACE_OUTER_BOUND('',#755,.T.);
#538=FACE_OUTER_BOUND('',#756,.T.);
#539=FACE_OUTER_BOUND('',#757,.T.);
#540=FACE_OUTER_BOUND('',#758,.T.);
#541=FACE_OUTER_BOUND('',#759,.T.);
#542=FACE_OUTER_BOUND('',#760,.T.);
#543=FACE_OUTER_BOUND('',#761,.T.);
#544=FACE_OUTER_BOUND('',#762,.T.);
#545=FACE_OUTER_BOUND('',#763,.T.);
#546=FACE_OUTER_BOUND('',#764,.T.);
#547=FACE_OUTER_BOUND('',#765,.T.);
#548=FACE_OUTER_BOUND('',#766,.T.);
#549=FACE_OUTER_BOUND('',#767,.T.);
#550=FACE_OUTER_BOUND('',#768,.T.);
#551=FACE_OUTER_BOUND('',#769,.T.);
#552=FACE_OUTER_BOUND('',#770,.T.);
#553=FACE_OUTER_BOUND('',#771,.T.);
#554=FACE_OUTER_BOUND('',#772,.T.);
#555=FACE_OUTER_BOUND('',#773,.T.);
#556=FACE_OUTER_BOUND('',#774,.T.);
#557=FACE_OUTER_BOUND('',#775,.T.);
#558=FACE_OUTER_BOUND('',#776,.T.);
#559=FACE_OUTER_BOUND('',#777,.T.);
#560=FACE_OUTER_BOUND('',#778,.T.);
#561=FACE_OUTER_BOUND('',#779,.T.);
#562=FACE_OUTER_BOUND('',#780,.T.);
#563=FACE_OUTER_BOUND('',#781,.T.);
#564=FACE_OUTER_BOUND('',#782,.T.);
#565=FACE_OUTER_BOUND('',#783,.T.);
#566=FACE_OUTER_BOUND('',#784,.T.);
#567=FACE_OUTER_BOUND('',#785,.T.);
#568=FACE_OUTER_BOUND('',#786,.T.);
#569=FACE_OUTER_BOUND('',#787,.T.);
#570=FACE_OUTER_BOUND('',#788,.T.);
#571=FACE_OUTER_BOUND('',#789,.T.);
#572=FACE_OUTER_BOUND('',#790,.T.);
#573=FACE_OUTER_BOUND('',#791,.T.);
#574=FACE_OUTER_BOUND('',#792,.T.);
#575=FACE_OUTER_BOUND('',#793,.T.);
#576=FACE_OUTER_BOUND('',#794,.T.);
#577=FACE_OUTER_BOUND('',#795,.T.);
#578=FACE_OUTER_BOUND('',#796,.T.);
#579=FACE_OUTER_BOUND('',#797,.T.);
#580=FACE_OUTER_BOUND('',#798,.T.);
#581=FACE_OUTER_BOUND('',#799,.T.);
#582=FACE_OUTER_BOUND('',#800,.T.);
#583=FACE_OUTER_BOUND('',#801,.T.);
#584=FACE_OUTER_BOUND('',#802,.T.);
#585=FACE_OUTER_BOUND('',#803,.T.);
#586=FACE_OUTER_BOUND('',#804,.T.);
#587=FACE_OUTER_BOUND('',#805,.T.);
#588=FACE_OUTER_BOUND('',#806,.T.);
#589=FACE_OUTER_BOUND('',#807,.T.);
#590=FACE_OUTER_BOUND('',#808,.T.);
#591=FACE_OUTER_BOUND('',#809,.T.);
#592=FACE_OUTER_BOUND('',#810,.T.);
#593=FACE_OUTER_BOUND('',#811,.T.);
#594=FACE_OUTER_BOUND('',#812,.T.);
#595=FACE_OUTER_BOUND('',#813,.T.);
#596=FACE_OUTER_BOUND('',#814,.T.);
#597=FACE_OUTER_BOUND('',#815,.T.);
#598=FACE_OUTER_BOUND('',#816,.T.);
#599=FACE_OUTER_BOUND('',#817,.T.);
#600=FACE_OUTER_BOUND('',#818,.T.);
#601=FACE_OUTER_BOUND('',#819,.T.);
#602=FACE_OUTER_BOUND('',#820,.T.);
#603=FACE_OUTER_BOUND('',#821,.T.);
#604=FACE_OUTER_BOUND('',#822,.T.);
#605=FACE_OUTER_BOUND('',#823,.T.);
#606=FACE_OUTER_BOUND('',#824,.T.);
#607=FACE_OUTER_BOUND('',#825,.T.);
#608=FACE_OUTER_BOUND('',#826,.T.);
#609=FACE_OUTER_BOUND('',#827,.T.);
#610=FACE_OUTER_BOUND('',#828,.T.);
#611=FACE_OUTER_BOUND('',#829,.T.);
#612=FACE_OUTER_BOUND('',#830,.T.);
#613=FACE_OUTER_BOUND('',#831,.T.);
#614=FACE_OUTER_BOUND('',#832,.T.);
#615=FACE_OUTER_BOUND('',#833,.T.);
#616=FACE_OUTER_BOUND('',#834,.T.);
#617=FACE_OUTER_BOUND('',#835,.T.);
#618=FACE_OUTER_BOUND('',#836,.T.);
#619=FACE_OUTER_BOUND('',#837,.T.);
#620=FACE_OUTER_BOUND('',#838,.T.);
#621=FACE_OUTER_BOUND('',#839,.T.);
#622=FACE_OUTER_BOUND('',#840,.T.);
#623=FACE_OUTER_BOUND('',#841,.T.);
#624=FACE_OUTER_BOUND('',#842,.T.);
#625=FACE_OUTER_BOUND('',#843,.T.);
#626=FACE_OUTER_BOUND('',#844,.T.);
#627=FACE_OUTER_BOUND('',#845,.T.);
#628=FACE_OUTER_BOUND('',#846,.T.);
#629=FACE_OUTER_BOUND('',#847,.T.);
#630=FACE_OUTER_BOUND('',#848,.T.);
#631=FACE_OUTER_BOUND('',#849,.T.);
#632=FACE_OUTER_BOUND('',#850,.T.);
#633=FACE_OUTER_BOUND('',#851,.T.);
#634=FACE_OUTER_BOUND('',#852,.T.);
#635=FACE_OUTER_BOUND('',#853,.T.);
#636=FACE_OUTER_BOUND('',#854,.T.);
#637=FACE_OUTER_BOUND('',#855,.T.);
#638=FACE_OUTER_BOUND('',#856,.T.);
#639=FACE_OUTER_BOUND('',#857,.T.);
#640=FACE_OUTER_BOUND('',#858,.T.);
#641=FACE_OUTER_BOUND('',#859,.T.);
#642=FACE_OUTER_BOUND('',#860,.T.);
#643=FACE_OUTER_BOUND('',#861,.T.);
#644=FACE_OUTER_BOUND('',#862,.T.);
#645=FACE_OUTER_BOUND('',#863,.T.);
#646=FACE_OUTER_BOUND('',#864,.T.);
#647=FACE_OUTER_BOUND('',#865,.T.);
#648=FACE_OUTER_BOUND('',#866,.T.);
#649=FACE_OUTER_BOUND('',#867,.T.);
#650=FACE_OUTER_BOUND('',#868,.T.);
#651=FACE_OUTER_BOUND('',#869,.T.);
#652=FACE_OUTER_BOUND('',#870,.T.);
#653=FACE_OUTER_BOUND('',#871,.T.);
#654=FACE_OUTER_BOUND('',#872,.T.);
#655=FACE_OUTER_BOUND('',#873,.T.);
#656=FACE_OUTER_BOUND('',#874,.T.);
#657=FACE_OUTER_BOUND('',#875,.T.);
#658=FACE_OUTER_BOUND('',#876,.T.);
#659=FACE_OUTER_BOUND('',#877,.T.);
#660=FACE_OUTER_BOUND('',#878,.T.);
#661=FACE_OUTER_BOUND('',#879,.T.);
#662=FACE_OUTER_BOUND('',#880,.T.);
#663=FACE_OUTER_BOUND('',#881,.T.);
#664=FACE_OUTER_BOUND('',#882,.T.);
#665=FACE_OUTER_BOUND('',#883,.T.);
#666=FACE_OUTER_BOUND('',#884,.T.);
#667=FACE_OUTER_BOUND('',#885,.T.);
#668=FACE_OUTER_BOUND('',#942,.T.);
#669=EDGE_LOOP('',(#2943,#2944,#2945,#2946));
#670=EDGE_LOOP('',(#2947,#2948,#2949,#2950));
#671=EDGE_LOOP('',(#2951,#2952,#2953,#2954));
#672=EDGE_LOOP('',(#2955,#2956,#2957,#2958));
#673=EDGE_LOOP('',(#2959,#2960,#2961,#2962));
#674=EDGE_LOOP('',(#2963,#2964,#2965,#2966));
#675=EDGE_LOOP('',(#2967,#2968,#2969,#2970));
#676=EDGE_LOOP('',(#2971,#2972,#2973,#2974));
#677=EDGE_LOOP('',(#2975,#2976,#2977,#2978));
#678=EDGE_LOOP('',(#2979,#2980,#2981,#2982));
#679=EDGE_LOOP('',(#2983,#2984,#2985,#2986));
#680=EDGE_LOOP('',(#2987,#2988,#2989,#2990));
#681=EDGE_LOOP('',(#2991,#2992,#2993,#2994));
#682=EDGE_LOOP('',(#2995,#2996,#2997,#2998));
#683=EDGE_LOOP('',(#2999,#3000,#3001,#3002));
#684=EDGE_LOOP('',(#3003,#3004,#3005,#3006));
#685=EDGE_LOOP('',(#3007,#3008,#3009,#3010));
#686=EDGE_LOOP('',(#3011,#3012,#3013,#3014));
#687=EDGE_LOOP('',(#3015,#3016,#3017,#3018));
#688=EDGE_LOOP('',(#3019,#3020,#3021,#3022));
#689=EDGE_LOOP('',(#3023,#3024,#3025,#3026));
#690=EDGE_LOOP('',(#3027,#3028,#3029,#3030));
#691=EDGE_LOOP('',(#3031,#3032,#3033,#3034));
#692=EDGE_LOOP('',(#3035,#3036,#3037,#3038));
#693=EDGE_LOOP('',(#3039,#3040,#3041,#3042));
#694=EDGE_LOOP('',(#3043,#3044,#3045,#3046));
#695=EDGE_LOOP('',(#3047,#3048,#3049,#3050));
#696=EDGE_LOOP('',(#3051,#3052,#3053,#3054));
#697=EDGE_LOOP('',(#3055,#3056,#3057,#3058));
#698=EDGE_LOOP('',(#3059,#3060,#3061,#3062));
#699=EDGE_LOOP('',(#3063,#3064,#3065,#3066));
#700=EDGE_LOOP('',(#3067,#3068,#3069,#3070));
#701=EDGE_LOOP('',(#3071,#3072,#3073,#3074));
#702=EDGE_LOOP('',(#3075,#3076,#3077,#3078));
#703=EDGE_LOOP('',(#3079,#3080,#3081,#3082));
#704=EDGE_LOOP('',(#3083,#3084,#3085,#3086));
#705=EDGE_LOOP('',(#3087,#3088,#3089,#3090));
#706=EDGE_LOOP('',(#3091,#3092,#3093,#3094));
#707=EDGE_LOOP('',(#3095,#3096,#3097,#3098));
#708=EDGE_LOOP('',(#3099,#3100,#3101,#3102));
#709=EDGE_LOOP('',(#3103,#3104,#3105,#3106));
#710=EDGE_LOOP('',(#3107,#3108,#3109,#3110));
#711=EDGE_LOOP('',(#3111,#3112,#3113,#3114));
#712=EDGE_LOOP('',(#3115,#3116,#3117,#3118));
#713=EDGE_LOOP('',(#3119,#3120,#3121,#3122));
#714=EDGE_LOOP('',(#3123,#3124,#3125,#3126));
#715=EDGE_LOOP('',(#3127,#3128,#3129,#3130));
#716=EDGE_LOOP('',(#3131,#3132,#3133,#3134));
#717=EDGE_LOOP('',(#3135,#3136,#3137,#3138));
#718=EDGE_LOOP('',(#3139,#3140,#3141,#3142));
#719=EDGE_LOOP('',(#3143,#3144,#3145,#3146));
#720=EDGE_LOOP('',(#3147,#3148,#3149,#3150));
#721=EDGE_LOOP('',(#3151,#3152,#3153,#3154));
#722=EDGE_LOOP('',(#3155,#3156,#3157,#3158));
#723=EDGE_LOOP('',(#3159,#3160,#3161,#3162));
#724=EDGE_LOOP('',(#3163,#3164,#3165,#3166));
#725=EDGE_LOOP('',(#3167,#3168,#3169,#3170));
#726=EDGE_LOOP('',(#3171,#3172,#3173,#3174));
#727=EDGE_LOOP('',(#3175,#3176,#3177,#3178));
#728=EDGE_LOOP('',(#3179,#3180,#3181,#3182));
#729=EDGE_LOOP('',(#3183,#3184,#3185,#3186));
#730=EDGE_LOOP('',(#3187,#3188,#3189,#3190));
#731=EDGE_LOOP('',(#3191,#3192,#3193,#3194));
#732=EDGE_LOOP('',(#3195,#3196,#3197,#3198));
#733=EDGE_LOOP('',(#3199,#3200,#3201,#3202));
#734=EDGE_LOOP('',(#3203,#3204,#3205,#3206));
#735=EDGE_LOOP('',(#3207,#3208,#3209,#3210));
#736=EDGE_LOOP('',(#3211,#3212,#3213,#3214));
#737=EDGE_LOOP('',(#3215,#3216,#3217,#3218));
#738=EDGE_LOOP('',(#3219,#3220,#3221,#3222));
#739=EDGE_LOOP('',(#3223,#3224,#3225,#3226));
#740=EDGE_LOOP('',(#3227,#3228,#3229,#3230));
#741=EDGE_LOOP('',(#3231,#3232,#3233,#3234));
#742=EDGE_LOOP('',(#3235,#3236,#3237,#3238));
#743=EDGE_LOOP('',(#3239,#3240,#3241,#3242));
#744=EDGE_LOOP('',(#3243,#3244,#3245,#3246));
#745=EDGE_LOOP('',(#3247,#3248,#3249,#3250));
#746=EDGE_LOOP('',(#3251,#3252,#3253,#3254));
#747=EDGE_LOOP('',(#3255,#3256,#3257,#3258));
#748=EDGE_LOOP('',(#3259,#3260,#3261,#3262));
#749=EDGE_LOOP('',(#3263,#3264,#3265,#3266));
#750=EDGE_LOOP('',(#3267,#3268,#3269,#3270));
#751=EDGE_LOOP('',(#3271,#3272,#3273,#3274));
#752=EDGE_LOOP('',(#3275,#3276,#3277,#3278));
#753=EDGE_LOOP('',(#3279,#3280,#3281,#3282));
#754=EDGE_LOOP('',(#3283,#3284,#3285,#3286));
#755=EDGE_LOOP('',(#3287,#3288,#3289,#3290));
#756=EDGE_LOOP('',(#3291,#3292,#3293,#3294));
#757=EDGE_LOOP('',(#3295,#3296,#3297,#3298));
#758=EDGE_LOOP('',(#3299,#3300,#3301,#3302));
#759=EDGE_LOOP('',(#3303,#3304,#3305,#3306));
#760=EDGE_LOOP('',(#3307,#3308,#3309,#3310));
#761=EDGE_LOOP('',(#3311,#3312,#3313,#3314));
#762=EDGE_LOOP('',(#3315,#3316,#3317,#3318));
#763=EDGE_LOOP('',(#3319,#3320,#3321,#3322));
#764=EDGE_LOOP('',(#3323,#3324,#3325,#3326));
#765=EDGE_LOOP('',(#3327,#3328,#3329,#3330));
#766=EDGE_LOOP('',(#3331,#3332,#3333,#3334));
#767=EDGE_LOOP('',(#3335,#3336,#3337,#3338));
#768=EDGE_LOOP('',(#3339,#3340,#3341,#3342));
#769=EDGE_LOOP('',(#3343,#3344,#3345,#3346));
#770=EDGE_LOOP('',(#3347,#3348,#3349,#3350));
#771=EDGE_LOOP('',(#3351,#3352,#3353,#3354));
#772=EDGE_LOOP('',(#3355,#3356,#3357,#3358));
#773=EDGE_LOOP('',(#3359,#3360,#3361,#3362));
#774=EDGE_LOOP('',(#3363,#3364,#3365,#3366));
#775=EDGE_LOOP('',(#3367,#3368,#3369,#3370));
#776=EDGE_LOOP('',(#3371,#3372,#3373,#3374));
#777=EDGE_LOOP('',(#3375,#3376,#3377,#3378));
#778=EDGE_LOOP('',(#3379,#3380,#3381,#3382));
#779=EDGE_LOOP('',(#3383,#3384,#3385,#3386));
#780=EDGE_LOOP('',(#3387,#3388,#3389,#3390));
#781=EDGE_LOOP('',(#3391,#3392,#3393,#3394));
#782=EDGE_LOOP('',(#3395,#3396,#3397,#3398));
#783=EDGE_LOOP('',(#3399,#3400,#3401,#3402));
#784=EDGE_LOOP('',(#3403,#3404,#3405,#3406));
#785=EDGE_LOOP('',(#3407,#3408,#3409,#3410));
#786=EDGE_LOOP('',(#3411,#3412,#3413,#3414));
#787=EDGE_LOOP('',(#3415,#3416,#3417,#3418));
#788=EDGE_LOOP('',(#3419,#3420,#3421,#3422));
#789=EDGE_LOOP('',(#3423,#3424,#3425,#3426));
#790=EDGE_LOOP('',(#3427,#3428,#3429,#3430));
#791=EDGE_LOOP('',(#3431,#3432,#3433,#3434));
#792=EDGE_LOOP('',(#3435,#3436,#3437,#3438));
#793=EDGE_LOOP('',(#3439,#3440,#3441,#3442));
#794=EDGE_LOOP('',(#3443,#3444,#3445,#3446));
#795=EDGE_LOOP('',(#3447,#3448,#3449,#3450));
#796=EDGE_LOOP('',(#3451,#3452,#3453,#3454));
#797=EDGE_LOOP('',(#3455,#3456,#3457,#3458));
#798=EDGE_LOOP('',(#3459,#3460,#3461,#3462));
#799=EDGE_LOOP('',(#3463,#3464,#3465,#3466));
#800=EDGE_LOOP('',(#3467,#3468,#3469,#3470));
#801=EDGE_LOOP('',(#3471,#3472,#3473,#3474));
#802=EDGE_LOOP('',(#3475,#3476,#3477,#3478));
#803=EDGE_LOOP('',(#3479,#3480,#3481,#3482));
#804=EDGE_LOOP('',(#3483,#3484,#3485,#3486));
#805=EDGE_LOOP('',(#3487,#3488,#3489,#3490));
#806=EDGE_LOOP('',(#3491,#3492,#3493,#3494));
#807=EDGE_LOOP('',(#3495,#3496,#3497,#3498));
#808=EDGE_LOOP('',(#3499,#3500,#3501,#3502));
#809=EDGE_LOOP('',(#3503,#3504,#3505,#3506));
#810=EDGE_LOOP('',(#3507,#3508,#3509,#3510));
#811=EDGE_LOOP('',(#3511,#3512,#3513,#3514));
#812=EDGE_LOOP('',(#3515,#3516,#3517,#3518));
#813=EDGE_LOOP('',(#3519,#3520,#3521,#3522));
#814=EDGE_LOOP('',(#3523,#3524,#3525,#3526));
#815=EDGE_LOOP('',(#3527,#3528,#3529,#3530));
#816=EDGE_LOOP('',(#3531,#3532,#3533,#3534));
#817=EDGE_LOOP('',(#3535,#3536,#3537,#3538));
#818=EDGE_LOOP('',(#3539,#3540,#3541,#3542));
#819=EDGE_LOOP('',(#3543,#3544,#3545,#3546));
#820=EDGE_LOOP('',(#3547,#3548,#3549,#3550));
#821=EDGE_LOOP('',(#3551,#3552,#3553,#3554));
#822=EDGE_LOOP('',(#3555,#3556,#3557,#3558));
#823=EDGE_LOOP('',(#3559,#3560,#3561,#3562));
#824=EDGE_LOOP('',(#3563,#3564,#3565,#3566));
#825=EDGE_LOOP('',(#3567,#3568,#3569,#3570));
#826=EDGE_LOOP('',(#3571,#3572,#3573,#3574));
#827=EDGE_LOOP('',(#3575,#3576,#3577,#3578));
#828=EDGE_LOOP('',(#3579,#3580,#3581,#3582));
#829=EDGE_LOOP('',(#3583,#3584,#3585,#3586));
#830=EDGE_LOOP('',(#3587,#3588,#3589,#3590));
#831=EDGE_LOOP('',(#3591,#3592,#3593,#3594));
#832=EDGE_LOOP('',(#3595,#3596,#3597,#3598));
#833=EDGE_LOOP('',(#3599,#3600,#3601,#3602));
#834=EDGE_LOOP('',(#3603,#3604,#3605,#3606));
#835=EDGE_LOOP('',(#3607,#3608,#3609,#3610));
#836=EDGE_LOOP('',(#3611,#3612,#3613,#3614));
#837=EDGE_LOOP('',(#3615,#3616,#3617,#3618));
#838=EDGE_LOOP('',(#3619,#3620,#3621,#3622));
#839=EDGE_LOOP('',(#3623,#3624,#3625,#3626));
#840=EDGE_LOOP('',(#3627,#3628,#3629,#3630));
#841=EDGE_LOOP('',(#3631,#3632,#3633,#3634));
#842=EDGE_LOOP('',(#3635,#3636,#3637,#3638));
#843=EDGE_LOOP('',(#3639,#3640,#3641,#3642));
#844=EDGE_LOOP('',(#3643,#3644,#3645,#3646));
#845=EDGE_LOOP('',(#3647,#3648,#3649,#3650));
#846=EDGE_LOOP('',(#3651,#3652,#3653,#3654));
#847=EDGE_LOOP('',(#3655,#3656,#3657,#3658));
#848=EDGE_LOOP('',(#3659,#3660,#3661,#3662));
#849=EDGE_LOOP('',(#3663,#3664,#3665,#3666));
#850=EDGE_LOOP('',(#3667,#3668,#3669,#3670));
#851=EDGE_LOOP('',(#3671,#3672,#3673,#3674));
#852=EDGE_LOOP('',(#3675,#3676,#3677,#3678));
#853=EDGE_LOOP('',(#3679,#3680,#3681,#3682));
#854=EDGE_LOOP('',(#3683,#3684,#3685,#3686));
#855=EDGE_LOOP('',(#3687,#3688,#3689,#3690));
#856=EDGE_LOOP('',(#3691,#3692,#3693,#3694));
#857=EDGE_LOOP('',(#3695,#3696,#3697,#3698));
#858=EDGE_LOOP('',(#3699,#3700,#3701,#3702));
#859=EDGE_LOOP('',(#3703,#3704,#3705,#3706));
#860=EDGE_LOOP('',(#3707,#3708,#3709,#3710));
#861=EDGE_LOOP('',(#3711,#3712,#3713,#3714));
#862=EDGE_LOOP('',(#3715,#3716,#3717,#3718));
#863=EDGE_LOOP('',(#3719,#3720,#3721,#3722));
#864=EDGE_LOOP('',(#3723,#3724,#3725,#3726));
#865=EDGE_LOOP('',(#3727,#3728,#3729,#3730));
#866=EDGE_LOOP('',(#3731,#3732,#3733,#3734));
#867=EDGE_LOOP('',(#3735,#3736,#3737,#3738));
#868=EDGE_LOOP('',(#3739,#3740,#3741,#3742));
#869=EDGE_LOOP('',(#3743,#3744,#3745,#3746));
#870=EDGE_LOOP('',(#3747,#3748,#3749,#3750));
#871=EDGE_LOOP('',(#3751,#3752,#3753,#3754));
#872=EDGE_LOOP('',(#3755,#3756,#3757,#3758));
#873=EDGE_LOOP('',(#3759,#3760,#3761,#3762));
#874=EDGE_LOOP('',(#3763,#3764,#3765,#3766));
#875=EDGE_LOOP('',(#3767,#3768,#3769,#3770));
#876=EDGE_LOOP('',(#3771,#3772,#3773,#3774));
#877=EDGE_LOOP('',(#3775,#3776,#3777,#3778));
#878=EDGE_LOOP('',(#3779,#3780,#3781,#3782));
#879=EDGE_LOOP('',(#3783,#3784,#3785,#3786));
#880=EDGE_LOOP('',(#3787,#3788,#3789,#3790));
#881=EDGE_LOOP('',(#3791,#3792,#3793,#3794));
#882=EDGE_LOOP('',(#3795,#3796,#3797,#3798));
#883=EDGE_LOOP('',(#3799,#3800,#3801,#3802));
#884=EDGE_LOOP('',(#3803,#3804,#3805,#3806));
#885=EDGE_LOOP('',(#3807,#3808,#3809,#3810));
#886=EDGE_LOOP('',(#3811,#3812,#3813,#3814));
#887=EDGE_LOOP('',(#3815,#3816,#3817,#3818));
#888=EDGE_LOOP('',(#3819,#3820,#3821,#3822));
#889=EDGE_LOOP('',(#3823,#3824,#3825,#3826));
#890=EDGE_LOOP('',(#3827,#3828,#3829,#3830));
#891=EDGE_LOOP('',(#3831,#3832,#3833,#3834));
#892=EDGE_LOOP('',(#3835,#3836,#3837,#3838));
#893=EDGE_LOOP('',(#3839,#3840,#3841,#3842));
#894=EDGE_LOOP('',(#3843,#3844,#3845,#3846));
#895=EDGE_LOOP('',(#3847,#3848,#3849,#3850));
#896=EDGE_LOOP('',(#3851,#3852,#3853,#3854));
#897=EDGE_LOOP('',(#3855,#3856,#3857,#3858));
#898=EDGE_LOOP('',(#3859,#3860,#3861,#3862));
#899=EDGE_LOOP('',(#3863,#3864,#3865,#3866));
#900=EDGE_LOOP('',(#3867,#3868,#3869,#3870));
#901=EDGE_LOOP('',(#3871,#3872,#3873,#3874));
#902=EDGE_LOOP('',(#3875,#3876,#3877,#3878));
#903=EDGE_LOOP('',(#3879));
#904=EDGE_LOOP('',(#3880,#3881,#3882,#3883));
#905=EDGE_LOOP('',(#3884));
#906=EDGE_LOOP('',(#3885,#3886,#3887,#3888));
#907=EDGE_LOOP('',(#3889,#3890,#3891,#3892));
#908=EDGE_LOOP('',(#3893,#3894,#3895,#3896));
#909=EDGE_LOOP('',(#3897,#3898,#3899,#3900));
#910=EDGE_LOOP('',(#3901,#3902,#3903,#3904));
#911=EDGE_LOOP('',(#3905,#3906,#3907,#3908));
#912=EDGE_LOOP('',(#3909,#3910,#3911,#3912));
#913=EDGE_LOOP('',(#3913,#3914,#3915,#3916));
#914=EDGE_LOOP('',(#3917,#3918,#3919,#3920));
#915=EDGE_LOOP('',(#3921,#3922,#3923,#3924));
#916=EDGE_LOOP('',(#3925,#3926,#3927,#3928));
#917=EDGE_LOOP('',(#3929,#3930,#3931,#3932));
#918=EDGE_LOOP('',(#3933));
#919=EDGE_LOOP('',(#3934,#3935,#3936,#3937));
#920=EDGE_LOOP('',(#3938,#3939,#3940,#3941));
#921=EDGE_LOOP('',(#3942,#3943,#3944,#3945));
#922=EDGE_LOOP('',(#3946,#3947,#3948,#3949));
#923=EDGE_LOOP('',(#3950,#3951,#3952,#3953));
#924=EDGE_LOOP('',(#3954));
#925=EDGE_LOOP('',(#3955,#3956,#3957,#3958));
#926=EDGE_LOOP('',(#3959,#3960,#3961,#3962));
#927=EDGE_LOOP('',(#3963,#3964,#3965,#3966));
#928=EDGE_LOOP('',(#3967,#3968,#3969,#3970));
#929=EDGE_LOOP('',(#3971,#3972,#3973,#3974));
#930=EDGE_LOOP('',(#3975,#3976,#3977,#3978));
#931=EDGE_LOOP('',(#3979,#3980,#3981,#3982));
#932=EDGE_LOOP('',(#3983,#3984,#3985,#3986));
#933=EDGE_LOOP('',(#3987,#3988,#3989,#3990));
#934=EDGE_LOOP('',(#3991,#3992,#3993,#3994));
#935=EDGE_LOOP('',(#3995,#3996,#3997,#3998));
#936=EDGE_LOOP('',(#3999,#4000,#4001,#4002));
#937=EDGE_LOOP('',(#4003,#4004,#4005,#4006));
#938=EDGE_LOOP('',(#4007,#4008,#4009,#4010));
#939=EDGE_LOOP('',(#4011,#4012,#4013,#4014));
#940=EDGE_LOOP('',(#4015,#4016,#4017,#4018));
#941=EDGE_LOOP('',(#4019,#4020,#4021,#4022));
#942=EDGE_LOOP('',(#4023,#4024,#4025,#4026));
#943=EDGE_LOOP('',(#4027,#4028,#4029,#4030));
#944=EDGE_LOOP('',(#4031,#4032,#4033,#4034));
#945=EDGE_LOOP('',(#4035,#4036,#4037,#4038));
#946=EDGE_LOOP('',(#4039,#4040,#4041,#4042));
#947=EDGE_LOOP('',(#4043,#4044,#4045,#4046));
#948=EDGE_LOOP('',(#4047,#4048,#4049,#4050));
#949=EDGE_LOOP('',(#4051,#4052,#4053,#4054));
#950=EDGE_LOOP('',(#4055,#4056,#4057,#4058));
#951=EDGE_LOOP('',(#4059,#4060,#4061,#4062));
#952=EDGE_LOOP('',(#4063,#4064,#4065,#4066));
#953=EDGE_LOOP('',(#4067,#4068,#4069,#4070));
#954=EDGE_LOOP('',(#4071,#4072,#4073,#4074));
#955=EDGE_LOOP('',(#4075,#4076,#4077,#4078));
#956=EDGE_LOOP('',(#4079,#4080,#4081,#4082));
#957=EDGE_LOOP('',(#4083,#4084,#4085,#4086));
#958=EDGE_LOOP('',(#4087,#4088,#4089,#4090));
#959=EDGE_LOOP('',(#4091,#4092,#4093,#4094));
#960=EDGE_LOOP('',(#4095));
#961=EDGE_LOOP('',(#4096,#4097,#4098,#4099));
#962=EDGE_LOOP('',(#4100));
#963=EDGE_LOOP('',(#4101,#4102,#4103,#4104));
#964=EDGE_LOOP('',(#4105,#4106,#4107,#4108));
#965=EDGE_LOOP('',(#4109,#4110,#4111,#4112));
#966=EDGE_LOOP('',(#4113,#4114,#4115,#4116));
#967=EDGE_LOOP('',(#4117,#4118,#4119,#4120));
#968=EDGE_LOOP('',(#4121,#4122,#4123,#4124));
#969=EDGE_LOOP('',(#4125,#4126,#4127,#4128));
#970=EDGE_LOOP('',(#4129,#4130,#4131,#4132));
#971=EDGE_LOOP('',(#4133,#4134,#4135,#4136));
#972=EDGE_LOOP('',(#4137,#4138,#4139,#4140));
#973=EDGE_LOOP('',(#4141,#4142,#4143,#4144));
#974=EDGE_LOOP('',(#4145,#4146,#4147,#4148));
#975=EDGE_LOOP('',(#4149));
#976=EDGE_LOOP('',(#4150,#4151,#4152,#4153));
#977=EDGE_LOOP('',(#4154,#4155,#4156,#4157));
#978=EDGE_LOOP('',(#4158,#4159,#4160,#4161));
#979=EDGE_LOOP('',(#4162,#4163,#4164,#4165));
#980=EDGE_LOOP('',(#4166,#4167,#4168,#4169));
#981=EDGE_LOOP('',(#4170));
#982=EDGE_LOOP('',(#4171,#4172,#4173,#4174));
#983=EDGE_LOOP('',(#4175,#4176,#4177,#4178));
#984=EDGE_LOOP('',(#4179,#4180,#4181,#4182));
#985=EDGE_LOOP('',(#4183,#4184,#4185,#4186));
#986=EDGE_LOOP('',(#4187,#4188,#4189,#4190));
#987=EDGE_LOOP('',(#4191,#4192,#4193,#4194));
#988=EDGE_LOOP('',(#4195,#4196,#4197,#4198));
#989=EDGE_LOOP('',(#4199,#4200,#4201,#4202));
#990=EDGE_LOOP('',(#4203,#4204,#4205,#4206));
#991=EDGE_LOOP('',(#4207,#4208,#4209,#4210));
#992=EDGE_LOOP('',(#4211,#4212,#4213,#4214));
#993=EDGE_LOOP('',(#4215,#4216,#4217,#4218));
#994=EDGE_LOOP('',(#4219,#4220,#4221,#4222));
#995=EDGE_LOOP('',(#4223,#4224,#4225,#4226));
#996=EDGE_LOOP('',(#4227,#4228,#4229,#4230));
#997=EDGE_LOOP('',(#4231,#4232,#4233,#4234));
#998=EDGE_LOOP('',(#4235,#4236,#4237,#4238));
#999=LINE('',#6321,#1431);
#1000=LINE('',#6323,#1432);
#1001=LINE('',#6325,#1433);
#1002=LINE('',#6326,#1434);
#1003=LINE('',#6332,#1435);
#1004=LINE('',#6335,#1436);
#1005=LINE('',#6337,#1437);
#1006=LINE('',#6338,#1438);
#1007=LINE('',#6345,#1439);
#1008=LINE('',#6347,#1440);
#1009=LINE('',#6349,#1441);
#1010=LINE('',#6350,#1442);
#1011=LINE('',#6356,#1443);
#1012=LINE('',#6359,#1444);
#1013=LINE('',#6361,#1445);
#1014=LINE('',#6362,#1446);
#1015=LINE('',#6369,#1447);
#1016=LINE('',#6371,#1448);
#1017=LINE('',#6373,#1449);
#1018=LINE('',#6374,#1450);
#1019=LINE('',#6380,#1451);
#1020=LINE('',#6383,#1452);
#1021=LINE('',#6385,#1453);
#1022=LINE('',#6386,#1454);
#1023=LINE('',#6393,#1455);
#1024=LINE('',#6395,#1456);
#1025=LINE('',#6397,#1457);
#1026=LINE('',#6398,#1458);
#1027=LINE('',#6404,#1459);
#1028=LINE('',#6407,#1460);
#1029=LINE('',#6409,#1461);
#1030=LINE('',#6410,#1462);
#1031=LINE('',#6417,#1463);
#1032=LINE('',#6419,#1464);
#1033=LINE('',#6421,#1465);
#1034=LINE('',#6422,#1466);
#1035=LINE('',#6428,#1467);
#1036=LINE('',#6431,#1468);
#1037=LINE('',#6433,#1469);
#1038=LINE('',#6434,#1470);
#1039=LINE('',#6443,#1471);
#1040=LINE('',#6446,#1472);
#1041=LINE('',#6449,#1473);
#1042=LINE('',#6451,#1474);
#1043=LINE('',#6452,#1475);
#1044=LINE('',#6458,#1476);
#1045=LINE('',#6460,#1477);
#1046=LINE('',#6461,#1478);
#1047=LINE('',#6465,#1479);
#1048=LINE('',#6467,#1480);
#1049=LINE('',#6469,#1481);
#1050=LINE('',#6470,#1482);
#1051=LINE('',#6476,#1483);
#1052=LINE('',#6479,#1484);
#1053=LINE('',#6481,#1485);
#1054=LINE('',#6482,#1486);
#1055=LINE('',#6489,#1487);
#1056=LINE('',#6491,#1488);
#1057=LINE('',#6493,#1489);
#1058=LINE('',#6494,#1490);
#1059=LINE('',#6500,#1491);
#1060=LINE('',#6503,#1492);
#1061=LINE('',#6505,#1493);
#1062=LINE('',#6506,#1494);
#1063=LINE('',#6515,#1495);
#1064=LINE('',#6518,#1496);
#1065=LINE('',#6521,#1497);
#1066=LINE('',#6523,#1498);
#1067=LINE('',#6524,#1499);
#1068=LINE('',#6530,#1500);
#1069=LINE('',#6532,#1501);
#1070=LINE('',#6533,#1502);
#1071=LINE('',#6537,#1503);
#1072=LINE('',#6539,#1504);
#1073=LINE('',#6541,#1505);
#1074=LINE('',#6542,#1506);
#1075=LINE('',#6548,#1507);
#1076=LINE('',#6551,#1508);
#1077=LINE('',#6553,#1509);
#1078=LINE('',#6554,#1510);
#1079=LINE('',#6561,#1511);
#1080=LINE('',#6563,#1512);
#1081=LINE('',#6565,#1513);
#1082=LINE('',#6566,#1514);
#1083=LINE('',#6572,#1515);
#1084=LINE('',#6575,#1516);
#1085=LINE('',#6577,#1517);
#1086=LINE('',#6578,#1518);
#1087=LINE('',#6585,#1519);
#1088=LINE('',#6587,#1520);
#1089=LINE('',#6589,#1521);
#1090=LINE('',#6590,#1522);
#1091=LINE('',#6596,#1523);
#1092=LINE('',#6599,#1524);
#1093=LINE('',#6601,#1525);
#1094=LINE('',#6602,#1526);
#1095=LINE('',#6609,#1527);
#1096=LINE('',#6611,#1528);
#1097=LINE('',#6613,#1529);
#1098=LINE('',#6614,#1530);
#1099=LINE('',#6620,#1531);
#1100=LINE('',#6623,#1532);
#1101=LINE('',#6625,#1533);
#1102=LINE('',#6626,#1534);
#1103=LINE('',#6633,#1535);
#1104=LINE('',#6635,#1536);
#1105=LINE('',#6637,#1537);
#1106=LINE('',#6638,#1538);
#1107=LINE('',#6644,#1539);
#1108=LINE('',#6647,#1540);
#1109=LINE('',#6649,#1541);
#1110=LINE('',#6650,#1542);
#1111=LINE('',#6657,#1543);
#1112=LINE('',#6659,#1544);
#1113=LINE('',#6661,#1545);
#1114=LINE('',#6662,#1546);
#1115=LINE('',#6668,#1547);
#1116=LINE('',#6671,#1548);
#1117=LINE('',#6673,#1549);
#1118=LINE('',#6674,#1550);
#1119=LINE('',#6681,#1551);
#1120=LINE('',#6683,#1552);
#1121=LINE('',#6685,#1553);
#1122=LINE('',#6686,#1554);
#1123=LINE('',#6692,#1555);
#1124=LINE('',#6695,#1556);
#1125=LINE('',#6697,#1557);
#1126=LINE('',#6698,#1558);
#1127=LINE('',#6705,#1559);
#1128=LINE('',#6707,#1560);
#1129=LINE('',#6709,#1561);
#1130=LINE('',#6710,#1562);
#1131=LINE('',#6716,#1563);
#1132=LINE('',#6719,#1564);
#1133=LINE('',#6721,#1565);
#1134=LINE('',#6722,#1566);
#1135=LINE('',#6730,#1567);
#1136=LINE('',#6735,#1568);
#1137=LINE('',#6737,#1569);
#1138=LINE('',#6739,#1570);
#1139=LINE('',#6740,#1571);
#1140=LINE('',#6746,#1572);
#1141=LINE('',#6749,#1573);
#1142=LINE('',#6751,#1574);
#1143=LINE('',#6752,#1575);
#1144=LINE('',#6759,#1576);
#1145=LINE('',#6761,#1577);
#1146=LINE('',#6763,#1578);
#1147=LINE('',#6764,#1579);
#1148=LINE('',#6770,#1580);
#1149=LINE('',#6773,#1581);
#1150=LINE('',#6775,#1582);
#1151=LINE('',#6776,#1583);
#1152=LINE('',#6785,#1584);
#1153=LINE('',#6788,#1585);
#1154=LINE('',#6791,#1586);
#1155=LINE('',#6793,#1587);
#1156=LINE('',#6794,#1588);
#1157=LINE('',#6800,#1589);
#1158=LINE('',#6802,#1590);
#1159=LINE('',#6803,#1591);
#1160=LINE('',#6809,#1592);
#1161=LINE('',#6812,#1593);
#1162=LINE('',#6815,#1594);
#1163=LINE('',#6817,#1595);
#1164=LINE('',#6818,#1596);
#1165=LINE('',#6824,#1597);
#1166=LINE('',#6826,#1598);
#1167=LINE('',#6827,#1599);
#1168=LINE('',#6831,#1600);
#1169=LINE('',#6833,#1601);
#1170=LINE('',#6835,#1602);
#1171=LINE('',#6836,#1603);
#1172=LINE('',#6842,#1604);
#1173=LINE('',#6845,#1605);
#1174=LINE('',#6847,#1606);
#1175=LINE('',#6848,#1607);
#1176=LINE('',#6856,#1608);
#1177=LINE('',#6861,#1609);
#1178=LINE('',#6863,#1610);
#1179=LINE('',#6865,#1611);
#1180=LINE('',#6866,#1612);
#1181=LINE('',#6872,#1613);
#1182=LINE('',#6875,#1614);
#1183=LINE('',#6877,#1615);
#1184=LINE('',#6878,#1616);
#1185=LINE('',#6885,#1617);
#1186=LINE('',#6887,#1618);
#1187=LINE('',#6889,#1619);
#1188=LINE('',#6890,#1620);
#1189=LINE('',#6896,#1621);
#1190=LINE('',#6899,#1622);
#1191=LINE('',#6901,#1623);
#1192=LINE('',#6902,#1624);
#1193=LINE('',#6911,#1625);
#1194=LINE('',#6914,#1626);
#1195=LINE('',#6917,#1627);
#1196=LINE('',#6919,#1628);
#1197=LINE('',#6920,#1629);
#1198=LINE('',#6926,#1630);
#1199=LINE('',#6928,#1631);
#1200=LINE('',#6929,#1632);
#1201=LINE('',#6933,#1633);
#1202=LINE('',#6935,#1634);
#1203=LINE('',#6937,#1635);
#1204=LINE('',#6938,#1636);
#1205=LINE('',#6944,#1637);
#1206=LINE('',#6947,#1638);
#1207=LINE('',#6949,#1639);
#1208=LINE('',#6950,#1640);
#1209=LINE('',#6957,#1641);
#1210=LINE('',#6959,#1642);
#1211=LINE('',#6961,#1643);
#1212=LINE('',#6962,#1644);
#1213=LINE('',#6968,#1645);
#1214=LINE('',#6971,#1646);
#1215=LINE('',#6973,#1647);
#1216=LINE('',#6974,#1648);
#1217=LINE('',#6981,#1649);
#1218=LINE('',#6983,#1650);
#1219=LINE('',#6985,#1651);
#1220=LINE('',#6986,#1652);
#1221=LINE('',#6992,#1653);
#1222=LINE('',#6995,#1654);
#1223=LINE('',#6997,#1655);
#1224=LINE('',#6998,#1656);
#1225=LINE('',#7005,#1657);
#1226=LINE('',#7007,#1658);
#1227=LINE('',#7009,#1659);
#1228=LINE('',#7010,#1660);
#1229=LINE('',#7016,#1661);
#1230=LINE('',#7019,#1662);
#1231=LINE('',#7021,#1663);
#1232=LINE('',#7022,#1664);
#1233=LINE('',#7029,#1665);
#1234=LINE('',#7031,#1666);
#1235=LINE('',#7033,#1667);
#1236=LINE('',#7034,#1668);
#1237=LINE('',#7040,#1669);
#1238=LINE('',#7043,#1670);
#1239=LINE('',#7045,#1671);
#1240=LINE('',#7046,#1672);
#1241=LINE('',#7053,#1673);
#1242=LINE('',#7055,#1674);
#1243=LINE('',#7057,#1675);
#1244=LINE('',#7058,#1676);
#1245=LINE('',#7064,#1677);
#1246=LINE('',#7067,#1678);
#1247=LINE('',#7069,#1679);
#1248=LINE('',#7070,#1680);
#1249=LINE('',#7079,#1681);
#1250=LINE('',#7082,#1682);
#1251=LINE('',#7085,#1683);
#1252=LINE('',#7087,#1684);
#1253=LINE('',#7088,#1685);
#1254=LINE('',#7094,#1686);
#1255=LINE('',#7096,#1687);
#1256=LINE('',#7097,#1688);
#1257=LINE('',#7101,#1689);
#1258=LINE('',#7103,#1690);
#1259=LINE('',#7105,#1691);
#1260=LINE('',#7106,#1692);
#1261=LINE('',#7112,#1693);
#1262=LINE('',#7115,#1694);
#1263=LINE('',#7117,#1695);
#1264=LINE('',#7118,#1696);
#1265=LINE('',#7127,#1697);
#1266=LINE('',#7130,#1698);
#1267=LINE('',#7133,#1699);
#1268=LINE('',#7135,#1700);
#1269=LINE('',#7136,#1701);
#1270=LINE('',#7142,#1702);
#1271=LINE('',#7144,#1703);
#1272=LINE('',#7145,#1704);
#1273=LINE('',#7150,#1705);
#1274=LINE('',#7155,#1706);
#1275=LINE('',#7157,#1707);
#1276=LINE('',#7159,#1708);
#1277=LINE('',#7160,#1709);
#1278=LINE('',#7166,#1710);
#1279=LINE('',#7169,#1711);
#1280=LINE('',#7171,#1712);
#1281=LINE('',#7172,#1713);
#1282=LINE('',#7180,#1714);
#1283=LINE('',#7185,#1715);
#1284=LINE('',#7187,#1716);
#1285=LINE('',#7189,#1717);
#1286=LINE('',#7190,#1718);
#1287=LINE('',#7196,#1719);
#1288=LINE('',#7199,#1720);
#1289=LINE('',#7201,#1721);
#1290=LINE('',#7202,#1722);
#1291=LINE('',#7209,#1723);
#1292=LINE('',#7211,#1724);
#1293=LINE('',#7213,#1725);
#1294=LINE('',#7214,#1726);
#1295=LINE('',#7220,#1727);
#1296=LINE('',#7223,#1728);
#1297=LINE('',#7225,#1729);
#1298=LINE('',#7226,#1730);
#1299=LINE('',#7233,#1731);
#1300=LINE('',#7235,#1732);
#1301=LINE('',#7237,#1733);
#1302=LINE('',#7238,#1734);
#1303=LINE('',#7244,#1735);
#1304=LINE('',#7247,#1736);
#1305=LINE('',#7249,#1737);
#1306=LINE('',#7250,#1738);
#1307=LINE('',#7259,#1739);
#1308=LINE('',#7262,#1740);
#1309=LINE('',#7265,#1741);
#1310=LINE('',#7267,#1742);
#1311=LINE('',#7268,#1743);
#1312=LINE('',#7274,#1744);
#1313=LINE('',#7276,#1745);
#1314=LINE('',#7277,#1746);
#1315=LINE('',#7281,#1747);
#1316=LINE('',#7283,#1748);
#1317=LINE('',#7285,#1749);
#1318=LINE('',#7286,#1750);
#1319=LINE('',#7292,#1751);
#1320=LINE('',#7295,#1752);
#1321=LINE('',#7297,#1753);
#1322=LINE('',#7298,#1754);
#1323=LINE('',#7305,#1755);
#1324=LINE('',#7307,#1756);
#1325=LINE('',#7309,#1757);
#1326=LINE('',#7310,#1758);
#1327=LINE('',#7316,#1759);
#1328=LINE('',#7319,#1760);
#1329=LINE('',#7321,#1761);
#1330=LINE('',#7322,#1762);
#1331=LINE('',#7329,#1763);
#1332=LINE('',#7331,#1764);
#1333=LINE('',#7333,#1765);
#1334=LINE('',#7334,#1766);
#1335=LINE('',#7340,#1767);
#1336=LINE('',#7343,#1768);
#1337=LINE('',#7345,#1769);
#1338=LINE('',#7346,#1770);
#1339=LINE('',#7355,#1771);
#1340=LINE('',#7358,#1772);
#1341=LINE('',#7361,#1773);
#1342=LINE('',#7363,#1774);
#1343=LINE('',#7364,#1775);
#1344=LINE('',#7370,#1776);
#1345=LINE('',#7372,#1777);
#1346=LINE('',#7373,#1778);
#1347=LINE('',#7377,#1779);
#1348=LINE('',#7379,#1780);
#1349=LINE('',#7381,#1781);
#1350=LINE('',#7382,#1782);
#1351=LINE('',#7388,#1783);
#1352=LINE('',#7391,#1784);
#1353=LINE('',#7393,#1785);
#1354=LINE('',#7394,#1786);
#1355=LINE('',#7403,#1787);
#1356=LINE('',#7406,#1788);
#1357=LINE('',#7409,#1789);
#1358=LINE('',#7411,#1790);
#1359=LINE('',#7412,#1791);
#1360=LINE('',#7418,#1792);
#1361=LINE('',#7420,#1793);
#1362=LINE('',#7421,#1794);
#1363=LINE('',#7427,#1795);
#1364=LINE('',#7430,#1796);
#1365=LINE('',#7433,#1797);
#1366=LINE('',#7435,#1798);
#1367=LINE('',#7436,#1799);
#1368=LINE('',#7442,#1800);
#1369=LINE('',#7444,#1801);
#1370=LINE('',#7445,#1802);
#1371=LINE('',#7449,#1803);
#1372=LINE('',#7451,#1804);
#1373=LINE('',#7453,#1805);
#1374=LINE('',#7454,#1806);
#1375=LINE('',#7460,#1807);
#1376=LINE('',#7463,#1808);
#1377=LINE('',#7465,#1809);
#1378=LINE('',#7466,#1810);
#1379=LINE('',#7473,#1811);
#1380=LINE('',#7475,#1812);
#1381=LINE('',#7477,#1813);
#1382=LINE('',#7478,#1814);
#1383=LINE('',#7484,#1815);
#1384=LINE('',#7487,#1816);
#1385=LINE('',#7489,#1817);
#1386=LINE('',#7490,#1818);
#1387=LINE('',#7497,#1819);
#1388=LINE('',#7499,#1820);
#1389=LINE('',#7501,#1821);
#1390=LINE('',#7502,#1822);
#1391=LINE('',#7508,#1823);
#1392=LINE('',#7511,#1824);
#1393=LINE('',#7513,#1825);
#1394=LINE('',#7514,#1826);
#1395=LINE('',#7521,#1827);
#1396=LINE('',#7523,#1828);
#1397=LINE('',#7525,#1829);
#1398=LINE('',#7526,#1830);
#1399=LINE('',#7532,#1831);
#1400=LINE('',#7535,#1832);
#1401=LINE('',#7537,#1833);
#1402=LINE('',#7538,#1834);
#1403=LINE('',#7547,#1835);
#1404=LINE('',#7550,#1836);
#1405=LINE('',#7553,#1837);
#1406=LINE('',#7555,#1838);
#1407=LINE('',#7556,#1839);
#1408=LINE('',#7562,#1840);
#1409=LINE('',#7564,#1841);
#1410=LINE('',#7565,#1842);
#1411=LINE('',#7569,#1843);
#1412=LINE('',#7571,#1844);
#1413=LINE('',#7573,#1845);
#1414=LINE('',#7574,#1846);
#1415=LINE('',#7580,#1847);
#1416=LINE('',#7583,#1848);
#1417=LINE('',#7585,#1849);
#1418=LINE('',#7586,#1850);
#1419=LINE('',#7593,#1851);
#1420=LINE('',#7595,#1852);
#1421=LINE('',#7597,#1853);
#1422=LINE('',#7598,#1854);
#1423=LINE('',#7601,#1855);
#1424=LINE('',#7603,#1856);
#1425=LINE('',#7604,#1857);
#1426=LINE('',#7607,#1858);
#1427=LINE('',#7609,#1859);
#1428=LINE('',#7610,#1860);
#1429=LINE('',#7612,#1861);
#1430=LINE('',#7613,#1862);
#1431=VECTOR('',#5019,10.);
#1432=VECTOR('',#5020,10.);
#1433=VECTOR('',#5021,10.);
#1434=VECTOR('',#5022,10.);
#1435=VECTOR('',#5029,10.);
#1436=VECTOR('',#5032,10.);
#1437=VECTOR('',#5033,10.);
#1438=VECTOR('',#5034,10.);
#1439=VECTOR('',#5043,10.);
#1440=VECTOR('',#5044,10.);
#1441=VECTOR('',#5045,10.);
#1442=VECTOR('',#5046,10.);
#1443=VECTOR('',#5053,10.);
#1444=VECTOR('',#5056,10.);
#1445=VECTOR('',#5057,10.);
#1446=VECTOR('',#5058,10.);
#1447=VECTOR('',#5067,10.);
#1448=VECTOR('',#5068,10.);
#1449=VECTOR('',#5069,10.);
#1450=VECTOR('',#5070,10.);
#1451=VECTOR('',#5077,10.);
#1452=VECTOR('',#5080,10.);
#1453=VECTOR('',#5081,10.);
#1454=VECTOR('',#5082,10.);
#1455=VECTOR('',#5091,10.);
#1456=VECTOR('',#5092,10.);
#1457=VECTOR('',#5093,10.);
#1458=VECTOR('',#5094,10.);
#1459=VECTOR('',#5101,10.);
#1460=VECTOR('',#5104,10.);
#1461=VECTOR('',#5105,10.);
#1462=VECTOR('',#5106,10.);
#1463=VECTOR('',#5115,10.);
#1464=VECTOR('',#5116,10.);
#1465=VECTOR('',#5117,10.);
#1466=VECTOR('',#5118,10.);
#1467=VECTOR('',#5125,10.);
#1468=VECTOR('',#5128,10.);
#1469=VECTOR('',#5129,10.);
#1470=VECTOR('',#5130,10.);
#1471=VECTOR('',#5141,10.);
#1472=VECTOR('',#5144,10.);
#1473=VECTOR('',#5147,10.);
#1474=VECTOR('',#5148,10.);
#1475=VECTOR('',#5149,10.);
#1476=VECTOR('',#5156,10.);
#1477=VECTOR('',#5159,10.);
#1478=VECTOR('',#5160,10.);
#1479=VECTOR('',#5163,10.);
#1480=VECTOR('',#5164,10.);
#1481=VECTOR('',#5165,10.);
#1482=VECTOR('',#5166,10.);
#1483=VECTOR('',#5173,10.);
#1484=VECTOR('',#5176,10.);
#1485=VECTOR('',#5177,10.);
#1486=VECTOR('',#5178,10.);
#1487=VECTOR('',#5187,10.);
#1488=VECTOR('',#5188,10.);
#1489=VECTOR('',#5189,10.);
#1490=VECTOR('',#5190,10.);
#1491=VECTOR('',#5197,10.);
#1492=VECTOR('',#5200,10.);
#1493=VECTOR('',#5201,10.);
#1494=VECTOR('',#5202,10.);
#1495=VECTOR('',#5213,10.);
#1496=VECTOR('',#5216,10.);
#1497=VECTOR('',#5219,10.);
#1498=VECTOR('',#5220,10.);
#1499=VECTOR('',#5221,10.);
#1500=VECTOR('',#5228,10.);
#1501=VECTOR('',#5231,10.);
#1502=VECTOR('',#5232,10.);
#1503=VECTOR('',#5235,10.);
#1504=VECTOR('',#5236,10.);
#1505=VECTOR('',#5237,10.);
#1506=VECTOR('',#5238,10.);
#1507=VECTOR('',#5245,10.);
#1508=VECTOR('',#5248,10.);
#1509=VECTOR('',#5249,10.);
#1510=VECTOR('',#5250,10.);
#1511=VECTOR('',#5259,10.);
#1512=VECTOR('',#5260,10.);
#1513=VECTOR('',#5261,10.);
#1514=VECTOR('',#5262,10.);
#1515=VECTOR('',#5269,10.);
#1516=VECTOR('',#5272,10.);
#1517=VECTOR('',#5273,10.);
#1518=VECTOR('',#5274,10.);
#1519=VECTOR('',#5283,10.);
#1520=VECTOR('',#5284,10.);
#1521=VECTOR('',#5285,10.);
#1522=VECTOR('',#5286,10.);
#1523=VECTOR('',#5293,10.);
#1524=VECTOR('',#5296,10.);
#1525=VECTOR('',#5297,10.);
#1526=VECTOR('',#5298,10.);
#1527=VECTOR('',#5307,10.);
#1528=VECTOR('',#5308,10.);
#1529=VECTOR('',#5309,10.);
#1530=VECTOR('',#5310,10.);
#1531=VECTOR('',#5317,10.);
#1532=VECTOR('',#5320,10.);
#1533=VECTOR('',#5321,10.);
#1534=VECTOR('',#5322,10.);
#1535=VECTOR('',#5331,10.);
#1536=VECTOR('',#5332,10.);
#1537=VECTOR('',#5333,10.);
#1538=VECTOR('',#5334,10.);
#1539=VECTOR('',#5341,10.);
#1540=VECTOR('',#5344,10.);
#1541=VECTOR('',#5345,10.);
#1542=VECTOR('',#5346,10.);
#1543=VECTOR('',#5355,10.);
#1544=VECTOR('',#5356,10.);
#1545=VECTOR('',#5357,10.);
#1546=VECTOR('',#5358,10.);
#1547=VECTOR('',#5365,10.);
#1548=VECTOR('',#5368,10.);
#1549=VECTOR('',#5369,10.);
#1550=VECTOR('',#5370,10.);
#1551=VECTOR('',#5379,10.);
#1552=VECTOR('',#5380,10.);
#1553=VECTOR('',#5381,10.);
#1554=VECTOR('',#5382,10.);
#1555=VECTOR('',#5389,10.);
#1556=VECTOR('',#5392,10.);
#1557=VECTOR('',#5393,10.);
#1558=VECTOR('',#5394,10.);
#1559=VECTOR('',#5403,10.);
#1560=VECTOR('',#5404,10.);
#1561=VECTOR('',#5405,10.);
#1562=VECTOR('',#5406,10.);
#1563=VECTOR('',#5413,10.);
#1564=VECTOR('',#5416,10.);
#1565=VECTOR('',#5417,10.);
#1566=VECTOR('',#5418,10.);
#1567=VECTOR('',#5429,2.75);
#1568=VECTOR('',#5434,10.);
#1569=VECTOR('',#5435,10.);
#1570=VECTOR('',#5436,10.);
#1571=VECTOR('',#5437,10.);
#1572=VECTOR('',#5444,10.);
#1573=VECTOR('',#5447,10.);
#1574=VECTOR('',#5448,10.);
#1575=VECTOR('',#5449,10.);
#1576=VECTOR('',#5458,10.);
#1577=VECTOR('',#5459,10.);
#1578=VECTOR('',#5460,10.);
#1579=VECTOR('',#5461,10.);
#1580=VECTOR('',#5468,10.);
#1581=VECTOR('',#5471,10.);
#1582=VECTOR('',#5472,10.);
#1583=VECTOR('',#5473,10.);
#1584=VECTOR('',#5484,10.);
#1585=VECTOR('',#5487,10.);
#1586=VECTOR('',#5490,10.);
#1587=VECTOR('',#5491,10.);
#1588=VECTOR('',#5492,10.);
#1589=VECTOR('',#5499,10.);
#1590=VECTOR('',#5502,10.);
#1591=VECTOR('',#5503,10.);
#1592=VECTOR('',#5508,10.);
#1593=VECTOR('',#5511,10.);
#1594=VECTOR('',#5514,10.);
#1595=VECTOR('',#5515,10.);
#1596=VECTOR('',#5516,10.);
#1597=VECTOR('',#5523,10.);
#1598=VECTOR('',#5526,10.);
#1599=VECTOR('',#5527,10.);
#1600=VECTOR('',#5530,10.);
#1601=VECTOR('',#5531,10.);
#1602=VECTOR('',#5532,10.);
#1603=VECTOR('',#5533,10.);
#1604=VECTOR('',#5540,10.);
#1605=VECTOR('',#5543,10.);
#1606=VECTOR('',#5544,10.);
#1607=VECTOR('',#5545,10.);
#1608=VECTOR('',#5556,2.75);
#1609=VECTOR('',#5561,10.);
#1610=VECTOR('',#5562,10.);
#1611=VECTOR('',#5563,10.);
#1612=VECTOR('',#5564,10.);
#1613=VECTOR('',#5571,10.);
#1614=VECTOR('',#5574,10.);
#1615=VECTOR('',#5575,10.);
#1616=VECTOR('',#5576,10.);
#1617=VECTOR('',#5585,10.);
#1618=VECTOR('',#5586,10.);
#1619=VECTOR('',#5587,10.);
#1620=VECTOR('',#5588,10.);
#1621=VECTOR('',#5595,10.);
#1622=VECTOR('',#5598,10.);
#1623=VECTOR('',#5599,10.);
#1624=VECTOR('',#5600,10.);
#1625=VECTOR('',#5611,10.);
#1626=VECTOR('',#5614,10.);
#1627=VECTOR('',#5617,10.);
#1628=VECTOR('',#5618,10.);
#1629=VECTOR('',#5619,10.);
#1630=VECTOR('',#5626,10.);
#1631=VECTOR('',#5629,10.);
#1632=VECTOR('',#5630,10.);
#1633=VECTOR('',#5633,10.);
#1634=VECTOR('',#5634,10.);
#1635=VECTOR('',#5635,10.);
#1636=VECTOR('',#5636,10.);
#1637=VECTOR('',#5643,10.);
#1638=VECTOR('',#5646,10.);
#1639=VECTOR('',#5647,10.);
#1640=VECTOR('',#5648,10.);
#1641=VECTOR('',#5657,10.);
#1642=VECTOR('',#5658,10.);
#1643=VECTOR('',#5659,10.);
#1644=VECTOR('',#5660,10.);
#1645=VECTOR('',#5667,10.);
#1646=VECTOR('',#5670,10.);
#1647=VECTOR('',#5671,10.);
#1648=VECTOR('',#5672,10.);
#1649=VECTOR('',#5681,10.);
#1650=VECTOR('',#5682,10.);
#1651=VECTOR('',#5683,10.);
#1652=VECTOR('',#5684,10.);
#1653=VECTOR('',#5691,10.);
#1654=VECTOR('',#5694,10.);
#1655=VECTOR('',#5695,10.);
#1656=VECTOR('',#5696,10.);
#1657=VECTOR('',#5705,10.);
#1658=VECTOR('',#5706,10.);
#1659=VECTOR('',#5707,10.);
#1660=VECTOR('',#5708,10.);
#1661=VECTOR('',#5715,10.);
#1662=VECTOR('',#5718,10.);
#1663=VECTOR('',#5719,10.);
#1664=VECTOR('',#5720,10.);
#1665=VECTOR('',#5729,10.);
#1666=VECTOR('',#5730,10.);
#1667=VECTOR('',#5731,10.);
#1668=VECTOR('',#5732,10.);
#1669=VECTOR('',#5739,10.);
#1670=VECTOR('',#5742,10.);
#1671=VECTOR('',#5743,10.);
#1672=VECTOR('',#5744,10.);
#1673=VECTOR('',#5753,10.);
#1674=VECTOR('',#5754,10.);
#1675=VECTOR('',#5755,10.);
#1676=VECTOR('',#5756,10.);
#1677=VECTOR('',#5763,10.);
#1678=VECTOR('',#5766,10.);
#1679=VECTOR('',#5767,10.);
#1680=VECTOR('',#5768,10.);
#1681=VECTOR('',#5779,10.);
#1682=VECTOR('',#5782,10.);
#1683=VECTOR('',#5785,10.);
#1684=VECTOR('',#5786,10.);
#1685=VECTOR('',#5787,10.);
#1686=VECTOR('',#5794,10.);
#1687=VECTOR('',#5797,10.);
#1688=VECTOR('',#5798,10.);
#1689=VECTOR('',#5801,10.);
#1690=VECTOR('',#5802,10.);
#1691=VECTOR('',#5803,10.);
#1692=VECTOR('',#5804,10.);
#1693=VECTOR('',#5811,10.);
#1694=VECTOR('',#5814,10.);
#1695=VECTOR('',#5815,10.);
#1696=VECTOR('',#5816,10.);
#1697=VECTOR('',#5827,10.);
#1698=VECTOR('',#5830,10.);
#1699=VECTOR('',#5833,10.);
#1700=VECTOR('',#5834,10.);
#1701=VECTOR('',#5835,10.);
#1702=VECTOR('',#5842,10.);
#1703=VECTOR('',#5845,10.);
#1704=VECTOR('',#5846,10.);
#1705=VECTOR('',#5851,2.75);
#1706=VECTOR('',#5856,10.);
#1707=VECTOR('',#5857,10.);
#1708=VECTOR('',#5858,10.);
#1709=VECTOR('',#5859,10.);
#1710=VECTOR('',#5866,10.);
#1711=VECTOR('',#5869,10.);
#1712=VECTOR('',#5870,10.);
#1713=VECTOR('',#5871,10.);
#1714=VECTOR('',#5882,2.75);
#1715=VECTOR('',#5887,10.);
#1716=VECTOR('',#5888,10.);
#1717=VECTOR('',#5889,10.);
#1718=VECTOR('',#5890,10.);
#1719=VECTOR('',#5897,10.);
#1720=VECTOR('',#5900,10.);
#1721=VECTOR('',#5901,10.);
#1722=VECTOR('',#5902,10.);
#1723=VECTOR('',#5911,10.);
#1724=VECTOR('',#5912,10.);
#1725=VECTOR('',#5913,10.);
#1726=VECTOR('',#5914,10.);
#1727=VECTOR('',#5921,10.);
#1728=VECTOR('',#5924,10.);
#1729=VECTOR('',#5925,10.);
#1730=VECTOR('',#5926,10.);
#1731=VECTOR('',#5935,10.);
#1732=VECTOR('',#5936,10.);
#1733=VECTOR('',#5937,10.);
#1734=VECTOR('',#5938,10.);
#1735=VECTOR('',#5945,10.);
#1736=VECTOR('',#5948,10.);
#1737=VECTOR('',#5949,10.);
#1738=VECTOR('',#5950,10.);
#1739=VECTOR('',#5961,10.);
#1740=VECTOR('',#5964,10.);
#1741=VECTOR('',#5967,10.);
#1742=VECTOR('',#5968,10.);
#1743=VECTOR('',#5969,10.);
#1744=VECTOR('',#5976,10.);
#1745=VECTOR('',#5979,10.);
#1746=VECTOR('',#5980,10.);
#1747=VECTOR('',#5983,10.);
#1748=VECTOR('',#5984,10.);
#1749=VECTOR('',#5985,10.);
#1750=VECTOR('',#5986,10.);
#1751=VECTOR('',#5993,10.);
#1752=VECTOR('',#5996,10.);
#1753=VECTOR('',#5997,10.);
#1754=VECTOR('',#5998,10.);
#1755=VECTOR('',#6007,10.);
#1756=VECTOR('',#6008,10.);
#1757=VECTOR('',#6009,10.);
#1758=VECTOR('',#6010,10.);
#1759=VECTOR('',#6017,10.);
#1760=VECTOR('',#6020,10.);
#1761=VECTOR('',#6021,10.);
#1762=VECTOR('',#6022,10.);
#1763=VECTOR('',#6031,10.);
#1764=VECTOR('',#6032,10.);
#1765=VECTOR('',#6033,10.);
#1766=VECTOR('',#6034,10.);
#1767=VECTOR('',#6041,10.);
#1768=VECTOR('',#6044,10.);
#1769=VECTOR('',#6045,10.);
#1770=VECTOR('',#6046,10.);
#1771=VECTOR('',#6057,10.);
#1772=VECTOR('',#6060,10.);
#1773=VECTOR('',#6063,10.);
#1774=VECTOR('',#6064,10.);
#1775=VECTOR('',#6065,10.);
#1776=VECTOR('',#6072,10.);
#1777=VECTOR('',#6075,10.);
#1778=VECTOR('',#6076,10.);
#1779=VECTOR('',#6079,10.);
#1780=VECTOR('',#6080,10.);
#1781=VECTOR('',#6081,10.);
#1782=VECTOR('',#6082,10.);
#1783=VECTOR('',#6089,10.);
#1784=VECTOR('',#6092,10.);
#1785=VECTOR('',#6093,10.);
#1786=VECTOR('',#6094,10.);
#1787=VECTOR('',#6105,10.);
#1788=VECTOR('',#6108,10.);
#1789=VECTOR('',#6111,10.);
#1790=VECTOR('',#6112,10.);
#1791=VECTOR('',#6113,10.);
#1792=VECTOR('',#6120,10.);
#1793=VECTOR('',#6123,10.);
#1794=VECTOR('',#6124,10.);
#1795=VECTOR('',#6129,10.);
#1796=VECTOR('',#6132,10.);
#1797=VECTOR('',#6135,10.);
#1798=VECTOR('',#6136,10.);
#1799=VECTOR('',#6137,10.);
#1800=VECTOR('',#6144,10.);
#1801=VECTOR('',#6147,10.);
#1802=VECTOR('',#6148,10.);
#1803=VECTOR('',#6151,10.);
#1804=VECTOR('',#6152,10.);
#1805=VECTOR('',#6153,10.);
#1806=VECTOR('',#6154,10.);
#1807=VECTOR('',#6161,10.);
#1808=VECTOR('',#6164,10.);
#1809=VECTOR('',#6165,10.);
#1810=VECTOR('',#6166,10.);
#1811=VECTOR('',#6175,10.);
#1812=VECTOR('',#6176,10.);
#1813=VECTOR('',#6177,10.);
#1814=VECTOR('',#6178,10.);
#1815=VECTOR('',#6185,10.);
#1816=VECTOR('',#6188,10.);
#1817=VECTOR('',#6189,10.);
#1818=VECTOR('',#6190,10.);
#1819=VECTOR('',#6199,10.);
#1820=VECTOR('',#6200,10.);
#1821=VECTOR('',#6201,10.);
#1822=VECTOR('',#6202,10.);
#1823=VECTOR('',#6209,10.);
#1824=VECTOR('',#6212,10.);
#1825=VECTOR('',#6213,10.);
#1826=VECTOR('',#6214,10.);
#1827=VECTOR('',#6223,10.);
#1828=VECTOR('',#6224,10.);
#1829=VECTOR('',#6225,10.);
#1830=VECTOR('',#6226,10.);
#1831=VECTOR('',#6233,10.);
#1832=VECTOR('',#6236,10.);
#1833=VECTOR('',#6237,10.);
#1834=VECTOR('',#6238,10.);
#1835=VECTOR('',#6249,10.);
#1836=VECTOR('',#6252,10.);
#1837=VECTOR('',#6255,10.);
#1838=VECTOR('',#6256,10.);
#1839=VECTOR('',#6257,10.);
#1840=VECTOR('',#6264,10.);
#1841=VECTOR('',#6267,10.);
#1842=VECTOR('',#6268,10.);
#1843=VECTOR('',#6271,10.);
#1844=VECTOR('',#6272,10.);
#1845=VECTOR('',#6273,10.);
#1846=VECTOR('',#6274,10.);
#1847=VECTOR('',#6281,10.);
#1848=VECTOR('',#6284,10.);
#1849=VECTOR('',#6285,10.);
#1850=VECTOR('',#6286,10.);
#1851=VECTOR('',#6295,10.);
#1852=VECTOR('',#6296,10.);
#1853=VECTOR('',#6297,10.);
#1854=VECTOR('',#6298,10.);
#1855=VECTOR('',#6301,10.);
#1856=VECTOR('',#6302,10.);
#1857=VECTOR('',#6303,10.);
#1858=VECTOR('',#6306,10.);
#1859=VECTOR('',#6307,10.);
#1860=VECTOR('',#6308,10.);
#1861=VECTOR('',#6311,10.);
#1862=VECTOR('',#6312,10.);
#1863=VERTEX_POINT('',#6319);
#1864=VERTEX_POINT('',#6320);
#1865=VERTEX_POINT('',#6322);
#1866=VERTEX_POINT('',#6324);
#1867=VERTEX_POINT('',#6328);
#1868=VERTEX_POINT('',#6330);
#1869=VERTEX_POINT('',#6334);
#1870=VERTEX_POINT('',#6336);
#1871=VERTEX_POINT('',#6343);
#1872=VERTEX_POINT('',#6344);
#1873=VERTEX_POINT('',#6346);
#1874=VERTEX_POINT('',#6348);
#1875=VERTEX_POINT('',#6352);
#1876=VERTEX_POINT('',#6354);
#1877=VERTEX_POINT('',#6358);
#1878=VERTEX_POINT('',#6360);
#1879=VERTEX_POINT('',#6367);
#1880=VERTEX_POINT('',#6368);
#1881=VERTEX_POINT('',#6370);
#1882=VERTEX_POINT('',#6372);
#1883=VERTEX_POINT('',#6376);
#1884=VERTEX_POINT('',#6378);
#1885=VERTEX_POINT('',#6382);
#1886=VERTEX_POINT('',#6384);
#1887=VERTEX_POINT('',#6391);
#1888=VERTEX_POINT('',#6392);
#1889=VERTEX_POINT('',#6394);
#1890=VERTEX_POINT('',#6396);
#1891=VERTEX_POINT('',#6400);
#1892=VERTEX_POINT('',#6402);
#1893=VERTEX_POINT('',#6406);
#1894=VERTEX_POINT('',#6408);
#1895=VERTEX_POINT('',#6415);
#1896=VERTEX_POINT('',#6416);
#1897=VERTEX_POINT('',#6418);
#1898=VERTEX_POINT('',#6420);
#1899=VERTEX_POINT('',#6424);
#1900=VERTEX_POINT('',#6426);
#1901=VERTEX_POINT('',#6430);
#1902=VERTEX_POINT('',#6432);
#1903=VERTEX_POINT('',#6439);
#1904=VERTEX_POINT('',#6440);
#1905=VERTEX_POINT('',#6442);
#1906=VERTEX_POINT('',#6444);
#1907=VERTEX_POINT('',#6448);
#1908=VERTEX_POINT('',#6450);
#1909=VERTEX_POINT('',#6454);
#1910=VERTEX_POINT('',#6456);
#1911=VERTEX_POINT('',#6463);
#1912=VERTEX_POINT('',#6464);
#1913=VERTEX_POINT('',#6466);
#1914=VERTEX_POINT('',#6468);
#1915=VERTEX_POINT('',#6472);
#1916=VERTEX_POINT('',#6474);
#1917=VERTEX_POINT('',#6478);
#1918=VERTEX_POINT('',#6480);
#1919=VERTEX_POINT('',#6487);
#1920=VERTEX_POINT('',#6488);
#1921=VERTEX_POINT('',#6490);
#1922=VERTEX_POINT('',#6492);
#1923=VERTEX_POINT('',#6496);
#1924=VERTEX_POINT('',#6498);
#1925=VERTEX_POINT('',#6502);
#1926=VERTEX_POINT('',#6504);
#1927=VERTEX_POINT('',#6511);
#1928=VERTEX_POINT('',#6512);
#1929=VERTEX_POINT('',#6514);
#1930=VERTEX_POINT('',#6516);
#1931=VERTEX_POINT('',#6520);
#1932=VERTEX_POINT('',#6522);
#1933=VERTEX_POINT('',#6526);
#1934=VERTEX_POINT('',#6528);
#1935=VERTEX_POINT('',#6535);
#1936=VERTEX_POINT('',#6536);
#1937=VERTEX_POINT('',#6538);
#1938=VERTEX_POINT('',#6540);
#1939=VERTEX_POINT('',#6544);
#1940=VERTEX_POINT('',#6546);
#1941=VERTEX_POINT('',#6550);
#1942=VERTEX_POINT('',#6552);
#1943=VERTEX_POINT('',#6559);
#1944=VERTEX_POINT('',#6560);
#1945=VERTEX_POINT('',#6562);
#1946=VERTEX_POINT('',#6564);
#1947=VERTEX_POINT('',#6568);
#1948=VERTEX_POINT('',#6570);
#1949=VERTEX_POINT('',#6574);
#1950=VERTEX_POINT('',#6576);
#1951=VERTEX_POINT('',#6583);
#1952=VERTEX_POINT('',#6584);
#1953=VERTEX_POINT('',#6586);
#1954=VERTEX_POINT('',#6588);
#1955=VERTEX_POINT('',#6592);
#1956=VERTEX_POINT('',#6594);
#1957=VERTEX_POINT('',#6598);
#1958=VERTEX_POINT('',#6600);
#1959=VERTEX_POINT('',#6607);
#1960=VERTEX_POINT('',#6608);
#1961=VERTEX_POINT('',#6610);
#1962=VERTEX_POINT('',#6612);
#1963=VERTEX_POINT('',#6616);
#1964=VERTEX_POINT('',#6618);
#1965=VERTEX_POINT('',#6622);
#1966=VERTEX_POINT('',#6624);
#1967=VERTEX_POINT('',#6631);
#1968=VERTEX_POINT('',#6632);
#1969=VERTEX_POINT('',#6634);
#1970=VERTEX_POINT('',#6636);
#1971=VERTEX_POINT('',#6640);
#1972=VERTEX_POINT('',#6642);
#1973=VERTEX_POINT('',#6646);
#1974=VERTEX_POINT('',#6648);
#1975=VERTEX_POINT('',#6655);
#1976=VERTEX_POINT('',#6656);
#1977=VERTEX_POINT('',#6658);
#1978=VERTEX_POINT('',#6660);
#1979=VERTEX_POINT('',#6664);
#1980=VERTEX_POINT('',#6666);
#1981=VERTEX_POINT('',#6670);
#1982=VERTEX_POINT('',#6672);
#1983=VERTEX_POINT('',#6679);
#1984=VERTEX_POINT('',#6680);
#1985=VERTEX_POINT('',#6682);
#1986=VERTEX_POINT('',#6684);
#1987=VERTEX_POINT('',#6688);
#1988=VERTEX_POINT('',#6690);
#1989=VERTEX_POINT('',#6694);
#1990=VERTEX_POINT('',#6696);
#1991=VERTEX_POINT('',#6703);
#1992=VERTEX_POINT('',#6704);
#1993=VERTEX_POINT('',#6706);
#1994=VERTEX_POINT('',#6708);
#1995=VERTEX_POINT('',#6712);
#1996=VERTEX_POINT('',#6714);
#1997=VERTEX_POINT('',#6718);
#1998=VERTEX_POINT('',#6720);
#1999=VERTEX_POINT('',#6727);
#2000=VERTEX_POINT('',#6729);
#2001=VERTEX_POINT('',#6733);
#2002=VERTEX_POINT('',#6734);
#2003=VERTEX_POINT('',#6736);
#2004=VERTEX_POINT('',#6738);
#2005=VERTEX_POINT('',#6742);
#2006=VERTEX_POINT('',#6744);
#2007=VERTEX_POINT('',#6748);
#2008=VERTEX_POINT('',#6750);
#2009=VERTEX_POINT('',#6757);
#2010=VERTEX_POINT('',#6758);
#2011=VERTEX_POINT('',#6760);
#2012=VERTEX_POINT('',#6762);
#2013=VERTEX_POINT('',#6766);
#2014=VERTEX_POINT('',#6768);
#2015=VERTEX_POINT('',#6772);
#2016=VERTEX_POINT('',#6774);
#2017=VERTEX_POINT('',#6781);
#2018=VERTEX_POINT('',#6782);
#2019=VERTEX_POINT('',#6784);
#2020=VERTEX_POINT('',#6786);
#2021=VERTEX_POINT('',#6790);
#2022=VERTEX_POINT('',#6792);
#2023=VERTEX_POINT('',#6796);
#2024=VERTEX_POINT('',#6798);
#2025=VERTEX_POINT('',#6805);
#2026=VERTEX_POINT('',#6806);
#2027=VERTEX_POINT('',#6808);
#2028=VERTEX_POINT('',#6810);
#2029=VERTEX_POINT('',#6814);
#2030=VERTEX_POINT('',#6816);
#2031=VERTEX_POINT('',#6820);
#2032=VERTEX_POINT('',#6822);
#2033=VERTEX_POINT('',#6829);
#2034=VERTEX_POINT('',#6830);
#2035=VERTEX_POINT('',#6832);
#2036=VERTEX_POINT('',#6834);
#2037=VERTEX_POINT('',#6838);
#2038=VERTEX_POINT('',#6840);
#2039=VERTEX_POINT('',#6844);
#2040=VERTEX_POINT('',#6846);
#2041=VERTEX_POINT('',#6853);
#2042=VERTEX_POINT('',#6855);
#2043=VERTEX_POINT('',#6859);
#2044=VERTEX_POINT('',#6860);
#2045=VERTEX_POINT('',#6862);
#2046=VERTEX_POINT('',#6864);
#2047=VERTEX_POINT('',#6868);
#2048=VERTEX_POINT('',#6870);
#2049=VERTEX_POINT('',#6874);
#2050=VERTEX_POINT('',#6876);
#2051=VERTEX_POINT('',#6883);
#2052=VERTEX_POINT('',#6884);
#2053=VERTEX_POINT('',#6886);
#2054=VERTEX_POINT('',#6888);
#2055=VERTEX_POINT('',#6892);
#2056=VERTEX_POINT('',#6894);
#2057=VERTEX_POINT('',#6898);
#2058=VERTEX_POINT('',#6900);
#2059=VERTEX_POINT('',#6907);
#2060=VERTEX_POINT('',#6908);
#2061=VERTEX_POINT('',#6910);
#2062=VERTEX_POINT('',#6912);
#2063=VERTEX_POINT('',#6916);
#2064=VERTEX_POINT('',#6918);
#2065=VERTEX_POINT('',#6922);
#2066=VERTEX_POINT('',#6924);
#2067=VERTEX_POINT('',#6931);
#2068=VERTEX_POINT('',#6932);
#2069=VERTEX_POINT('',#6934);
#2070=VERTEX_POINT('',#6936);
#2071=VERTEX_POINT('',#6940);
#2072=VERTEX_POINT('',#6942);
#2073=VERTEX_POINT('',#6946);
#2074=VERTEX_POINT('',#6948);
#2075=VERTEX_POINT('',#6955);
#2076=VERTEX_POINT('',#6956);
#2077=VERTEX_POINT('',#6958);
#2078=VERTEX_POINT('',#6960);
#2079=VERTEX_POINT('',#6964);
#2080=VERTEX_POINT('',#6966);
#2081=VERTEX_POINT('',#6970);
#2082=VERTEX_POINT('',#6972);
#2083=VERTEX_POINT('',#6979);
#2084=VERTEX_POINT('',#6980);
#2085=VERTEX_POINT('',#6982);
#2086=VERTEX_POINT('',#6984);
#2087=VERTEX_POINT('',#6988);
#2088=VERTEX_POINT('',#6990);
#2089=VERTEX_POINT('',#6994);
#2090=VERTEX_POINT('',#6996);
#2091=VERTEX_POINT('',#7003);
#2092=VERTEX_POINT('',#7004);
#2093=VERTEX_POINT('',#7006);
#2094=VERTEX_POINT('',#7008);
#2095=VERTEX_POINT('',#7012);
#2096=VERTEX_POINT('',#7014);
#2097=VERTEX_POINT('',#7018);
#2098=VERTEX_POINT('',#7020);
#2099=VERTEX_POINT('',#7027);
#2100=VERTEX_POINT('',#7028);
#2101=VERTEX_POINT('',#7030);
#2102=VERTEX_POINT('',#7032);
#2103=VERTEX_POINT('',#7036);
#2104=VERTEX_POINT('',#7038);
#2105=VERTEX_POINT('',#7042);
#2106=VERTEX_POINT('',#7044);
#2107=VERTEX_POINT('',#7051);
#2108=VERTEX_POINT('',#7052);
#2109=VERTEX_POINT('',#7054);
#2110=VERTEX_POINT('',#7056);
#2111=VERTEX_POINT('',#7060);
#2112=VERTEX_POINT('',#7062);
#2113=VERTEX_POINT('',#7066);
#2114=VERTEX_POINT('',#7068);
#2115=VERTEX_POINT('',#7075);
#2116=VERTEX_POINT('',#7076);
#2117=VERTEX_POINT('',#7078);
#2118=VERTEX_POINT('',#7080);
#2119=VERTEX_POINT('',#7084);
#2120=VERTEX_POINT('',#7086);
#2121=VERTEX_POINT('',#7090);
#2122=VERTEX_POINT('',#7092);
#2123=VERTEX_POINT('',#7099);
#2124=VERTEX_POINT('',#7100);
#2125=VERTEX_POINT('',#7102);
#2126=VERTEX_POINT('',#7104);
#2127=VERTEX_POINT('',#7108);
#2128=VERTEX_POINT('',#7110);
#2129=VERTEX_POINT('',#7114);
#2130=VERTEX_POINT('',#7116);
#2131=VERTEX_POINT('',#7123);
#2132=VERTEX_POINT('',#7124);
#2133=VERTEX_POINT('',#7126);
#2134=VERTEX_POINT('',#7128);
#2135=VERTEX_POINT('',#7132);
#2136=VERTEX_POINT('',#7134);
#2137=VERTEX_POINT('',#7138);
#2138=VERTEX_POINT('',#7140);
#2139=VERTEX_POINT('',#7147);
#2140=VERTEX_POINT('',#7149);
#2141=VERTEX_POINT('',#7153);
#2142=VERTEX_POINT('',#7154);
#2143=VERTEX_POINT('',#7156);
#2144=VERTEX_POINT('',#7158);
#2145=VERTEX_POINT('',#7162);
#2146=VERTEX_POINT('',#7164);
#2147=VERTEX_POINT('',#7168);
#2148=VERTEX_POINT('',#7170);
#2149=VERTEX_POINT('',#7177);
#2150=VERTEX_POINT('',#7179);
#2151=VERTEX_POINT('',#7183);
#2152=VERTEX_POINT('',#7184);
#2153=VERTEX_POINT('',#7186);
#2154=VERTEX_POINT('',#7188);
#2155=VERTEX_POINT('',#7192);
#2156=VERTEX_POINT('',#7194);
#2157=VERTEX_POINT('',#7198);
#2158=VERTEX_POINT('',#7200);
#2159=VERTEX_POINT('',#7207);
#2160=VERTEX_POINT('',#7208);
#2161=VERTEX_POINT('',#7210);
#2162=VERTEX_POINT('',#7212);
#2163=VERTEX_POINT('',#7216);
#2164=VERTEX_POINT('',#7218);
#2165=VERTEX_POINT('',#7222);
#2166=VERTEX_POINT('',#7224);
#2167=VERTEX_POINT('',#7231);
#2168=VERTEX_POINT('',#7232);
#2169=VERTEX_POINT('',#7234);
#2170=VERTEX_POINT('',#7236);
#2171=VERTEX_POINT('',#7240);
#2172=VERTEX_POINT('',#7242);
#2173=VERTEX_POINT('',#7246);
#2174=VERTEX_POINT('',#7248);
#2175=VERTEX_POINT('',#7255);
#2176=VERTEX_POINT('',#7256);
#2177=VERTEX_POINT('',#7258);
#2178=VERTEX_POINT('',#7260);
#2179=VERTEX_POINT('',#7264);
#2180=VERTEX_POINT('',#7266);
#2181=VERTEX_POINT('',#7270);
#2182=VERTEX_POINT('',#7272);
#2183=VERTEX_POINT('',#7279);
#2184=VERTEX_POINT('',#7280);
#2185=VERTEX_POINT('',#7282);
#2186=VERTEX_POINT('',#7284);
#2187=VERTEX_POINT('',#7288);
#2188=VERTEX_POINT('',#7290);
#2189=VERTEX_POINT('',#7294);
#2190=VERTEX_POINT('',#7296);
#2191=VERTEX_POINT('',#7303);
#2192=VERTEX_POINT('',#7304);
#2193=VERTEX_POINT('',#7306);
#2194=VERTEX_POINT('',#7308);
#2195=VERTEX_POINT('',#7312);
#2196=VERTEX_POINT('',#7314);
#2197=VERTEX_POINT('',#7318);
#2198=VERTEX_POINT('',#7320);
#2199=VERTEX_POINT('',#7327);
#2200=VERTEX_POINT('',#7328);
#2201=VERTEX_POINT('',#7330);
#2202=VERTEX_POINT('',#7332);
#2203=VERTEX_POINT('',#7336);
#2204=VERTEX_POINT('',#7338);
#2205=VERTEX_POINT('',#7342);
#2206=VERTEX_POINT('',#7344);
#2207=VERTEX_POINT('',#7351);
#2208=VERTEX_POINT('',#7352);
#2209=VERTEX_POINT('',#7354);
#2210=VERTEX_POINT('',#7356);
#2211=VERTEX_POINT('',#7360);
#2212=VERTEX_POINT('',#7362);
#2213=VERTEX_POINT('',#7366);
#2214=VERTEX_POINT('',#7368);
#2215=VERTEX_POINT('',#7375);
#2216=VERTEX_POINT('',#7376);
#2217=VERTEX_POINT('',#7378);
#2218=VERTEX_POINT('',#7380);
#2219=VERTEX_POINT('',#7384);
#2220=VERTEX_POINT('',#7386);
#2221=VERTEX_POINT('',#7390);
#2222=VERTEX_POINT('',#7392);
#2223=VERTEX_POINT('',#7399);
#2224=VERTEX_POINT('',#7400);
#2225=VERTEX_POINT('',#7402);
#2226=VERTEX_POINT('',#7404);
#2227=VERTEX_POINT('',#7408);
#2228=VERTEX_POINT('',#7410);
#2229=VERTEX_POINT('',#7414);
#2230=VERTEX_POINT('',#7416);
#2231=VERTEX_POINT('',#7423);
#2232=VERTEX_POINT('',#7424);
#2233=VERTEX_POINT('',#7426);
#2234=VERTEX_POINT('',#7428);
#2235=VERTEX_POINT('',#7432);
#2236=VERTEX_POINT('',#7434);
#2237=VERTEX_POINT('',#7438);
#2238=VERTEX_POINT('',#7440);
#2239=VERTEX_POINT('',#7447);
#2240=VERTEX_POINT('',#7448);
#2241=VERTEX_POINT('',#7450);
#2242=VERTEX_POINT('',#7452);
#2243=VERTEX_POINT('',#7456);
#2244=VERTEX_POINT('',#7458);
#2245=VERTEX_POINT('',#7462);
#2246=VERTEX_POINT('',#7464);
#2247=VERTEX_POINT('',#7471);
#2248=VERTEX_POINT('',#7472);
#2249=VERTEX_POINT('',#7474);
#2250=VERTEX_POINT('',#7476);
#2251=VERTEX_POINT('',#7480);
#2252=VERTEX_POINT('',#7482);
#2253=VERTEX_POINT('',#7486);
#2254=VERTEX_POINT('',#7488);
#2255=VERTEX_POINT('',#7495);
#2256=VERTEX_POINT('',#7496);
#2257=VERTEX_POINT('',#7498);
#2258=VERTEX_POINT('',#7500);
#2259=VERTEX_POINT('',#7504);
#2260=VERTEX_POINT('',#7506);
#2261=VERTEX_POINT('',#7510);
#2262=VERTEX_POINT('',#7512);
#2263=VERTEX_POINT('',#7519);
#2264=VERTEX_POINT('',#7520);
#2265=VERTEX_POINT('',#7522);
#2266=VERTEX_POINT('',#7524);
#2267=VERTEX_POINT('',#7528);
#2268=VERTEX_POINT('',#7530);
#2269=VERTEX_POINT('',#7534);
#2270=VERTEX_POINT('',#7536);
#2271=VERTEX_POINT('',#7543);
#2272=VERTEX_POINT('',#7544);
#2273=VERTEX_POINT('',#7546);
#2274=VERTEX_POINT('',#7548);
#2275=VERTEX_POINT('',#7552);
#2276=VERTEX_POINT('',#7554);
#2277=VERTEX_POINT('',#7558);
#2278=VERTEX_POINT('',#7560);
#2279=VERTEX_POINT('',#7567);
#2280=VERTEX_POINT('',#7568);
#2281=VERTEX_POINT('',#7570);
#2282=VERTEX_POINT('',#7572);
#2283=VERTEX_POINT('',#7576);
#2284=VERTEX_POINT('',#7578);
#2285=VERTEX_POINT('',#7582);
#2286=VERTEX_POINT('',#7584);
#2287=VERTEX_POINT('',#7591);
#2288=VERTEX_POINT('',#7592);
#2289=VERTEX_POINT('',#7594);
#2290=VERTEX_POINT('',#7596);
#2291=VERTEX_POINT('',#7600);
#2292=VERTEX_POINT('',#7602);
#2293=VERTEX_POINT('',#7606);
#2294=VERTEX_POINT('',#7608);
#2295=EDGE_CURVE('',#1863,#1864,#999,.T.);
#2296=EDGE_CURVE('',#1864,#1865,#1000,.T.);
#2297=EDGE_CURVE('',#1866,#1865,#1001,.T.);
#2298=EDGE_CURVE('',#1863,#1866,#1002,.T.);
#2299=EDGE_CURVE('',#1867,#1863,#127,.T.);
#2300=EDGE_CURVE('',#1868,#1866,#128,.T.);
#2301=EDGE_CURVE('',#1867,#1868,#1003,.T.);
#2302=EDGE_CURVE('',#1869,#1867,#1004,.T.);
#2303=EDGE_CURVE('',#1870,#1868,#1005,.T.);
#2304=EDGE_CURVE('',#1869,#1870,#1006,.T.);
#2305=EDGE_CURVE('',#1864,#1869,#129,.T.);
#2306=EDGE_CURVE('',#1865,#1870,#130,.T.);
#2307=EDGE_CURVE('',#1871,#1872,#1007,.T.);
#2308=EDGE_CURVE('',#1872,#1873,#1008,.T.);
#2309=EDGE_CURVE('',#1874,#1873,#1009,.T.);
#2310=EDGE_CURVE('',#1871,#1874,#1010,.T.);
#2311=EDGE_CURVE('',#1875,#1871,#131,.T.);
#2312=EDGE_CURVE('',#1876,#1874,#132,.T.);
#2313=EDGE_CURVE('',#1875,#1876,#1011,.T.);
#2314=EDGE_CURVE('',#1877,#1875,#1012,.T.);
#2315=EDGE_CURVE('',#1878,#1876,#1013,.T.);
#2316=EDGE_CURVE('',#1877,#1878,#1014,.T.);
#2317=EDGE_CURVE('',#1872,#1877,#133,.T.);
#2318=EDGE_CURVE('',#1873,#1878,#134,.T.);
#2319=EDGE_CURVE('',#1879,#1880,#1015,.T.);
#2320=EDGE_CURVE('',#1880,#1881,#1016,.T.);
#2321=EDGE_CURVE('',#1882,#1881,#1017,.T.);
#2322=EDGE_CURVE('',#1879,#1882,#1018,.T.);
#2323=EDGE_CURVE('',#1883,#1879,#135,.T.);
#2324=EDGE_CURVE('',#1884,#1882,#136,.T.);
#2325=EDGE_CURVE('',#1883,#1884,#1019,.T.);
#2326=EDGE_CURVE('',#1885,#1883,#1020,.T.);
#2327=EDGE_CURVE('',#1886,#1884,#1021,.T.);
#2328=EDGE_CURVE('',#1885,#1886,#1022,.T.);
#2329=EDGE_CURVE('',#1880,#1885,#137,.T.);
#2330=EDGE_CURVE('',#1881,#1886,#138,.T.);
#2331=EDGE_CURVE('',#1887,#1888,#1023,.T.);
#2332=EDGE_CURVE('',#1888,#1889,#1024,.T.);
#2333=EDGE_CURVE('',#1890,#1889,#1025,.T.);
#2334=EDGE_CURVE('',#1887,#1890,#1026,.T.);
#2335=EDGE_CURVE('',#1891,#1887,#139,.T.);
#2336=EDGE_CURVE('',#1892,#1890,#140,.T.);
#2337=EDGE_CURVE('',#1891,#1892,#1027,.T.);
#2338=EDGE_CURVE('',#1893,#1891,#1028,.T.);
#2339=EDGE_CURVE('',#1894,#1892,#1029,.T.);
#2340=EDGE_CURVE('',#1893,#1894,#1030,.T.);
#2341=EDGE_CURVE('',#1888,#1893,#141,.T.);
#2342=EDGE_CURVE('',#1889,#1894,#142,.T.);
#2343=EDGE_CURVE('',#1895,#1896,#1031,.T.);
#2344=EDGE_CURVE('',#1896,#1897,#1032,.T.);
#2345=EDGE_CURVE('',#1898,#1897,#1033,.T.);
#2346=EDGE_CURVE('',#1895,#1898,#1034,.T.);
#2347=EDGE_CURVE('',#1899,#1895,#143,.T.);
#2348=EDGE_CURVE('',#1900,#1898,#144,.T.);
#2349=EDGE_CURVE('',#1899,#1900,#1035,.T.);
#2350=EDGE_CURVE('',#1901,#1899,#1036,.T.);
#2351=EDGE_CURVE('',#1902,#1900,#1037,.T.);
#2352=EDGE_CURVE('',#1901,#1902,#1038,.T.);
#2353=EDGE_CURVE('',#1896,#1901,#145,.T.);
#2354=EDGE_CURVE('',#1897,#1902,#146,.T.);
#2355=EDGE_CURVE('',#1903,#1904,#147,.T.);
#2356=EDGE_CURVE('',#1904,#1905,#1039,.T.);
#2357=EDGE_CURVE('',#1906,#1905,#148,.T.);
#2358=EDGE_CURVE('',#1903,#1906,#1040,.T.);
#2359=EDGE_CURVE('',#1907,#1903,#1041,.T.);
#2360=EDGE_CURVE('',#1908,#1906,#1042,.T.);
#2361=EDGE_CURVE('',#1907,#1908,#1043,.T.);
#2362=EDGE_CURVE('',#1909,#1907,#149,.T.);
#2363=EDGE_CURVE('',#1910,#1908,#150,.T.);
#2364=EDGE_CURVE('',#1909,#1910,#1044,.T.);
#2365=EDGE_CURVE('',#1904,#1909,#1045,.T.);
#2366=EDGE_CURVE('',#1905,#1910,#1046,.T.);
#2367=EDGE_CURVE('',#1911,#1912,#1047,.T.);
#2368=EDGE_CURVE('',#1912,#1913,#1048,.T.);
#2369=EDGE_CURVE('',#1914,#1913,#1049,.T.);
#2370=EDGE_CURVE('',#1911,#1914,#1050,.T.);
#2371=EDGE_CURVE('',#1915,#1911,#151,.T.);
#2372=EDGE_CURVE('',#1916,#1914,#152,.T.);
#2373=EDGE_CURVE('',#1915,#1916,#1051,.T.);
#2374=EDGE_CURVE('',#1917,#1915,#1052,.T.);
#2375=EDGE_CURVE('',#1918,#1916,#1053,.T.);
#2376=EDGE_CURVE('',#1917,#1918,#1054,.T.);
#2377=EDGE_CURVE('',#1912,#1917,#153,.T.);
#2378=EDGE_CURVE('',#1913,#1918,#154,.T.);
#2379=EDGE_CURVE('',#1919,#1920,#1055,.T.);
#2380=EDGE_CURVE('',#1920,#1921,#1056,.T.);
#2381=EDGE_CURVE('',#1922,#1921,#1057,.T.);
#2382=EDGE_CURVE('',#1919,#1922,#1058,.T.);
#2383=EDGE_CURVE('',#1923,#1919,#155,.T.);
#2384=EDGE_CURVE('',#1924,#1922,#156,.T.);
#2385=EDGE_CURVE('',#1923,#1924,#1059,.T.);
#2386=EDGE_CURVE('',#1925,#1923,#1060,.T.);
#2387=EDGE_CURVE('',#1926,#1924,#1061,.T.);
#2388=EDGE_CURVE('',#1925,#1926,#1062,.T.);
#2389=EDGE_CURVE('',#1920,#1925,#157,.T.);
#2390=EDGE_CURVE('',#1921,#1926,#158,.T.);
#2391=EDGE_CURVE('',#1927,#1928,#159,.T.);
#2392=EDGE_CURVE('',#1928,#1929,#1063,.T.);
#2393=EDGE_CURVE('',#1930,#1929,#160,.T.);
#2394=EDGE_CURVE('',#1927,#1930,#1064,.T.);
#2395=EDGE_CURVE('',#1931,#1927,#1065,.T.);
#2396=EDGE_CURVE('',#1932,#1930,#1066,.T.);
#2397=EDGE_CURVE('',#1931,#1932,#1067,.T.);
#2398=EDGE_CURVE('',#1933,#1931,#161,.T.);
#2399=EDGE_CURVE('',#1934,#1932,#162,.T.);
#2400=EDGE_CURVE('',#1933,#1934,#1068,.T.);
#2401=EDGE_CURVE('',#1928,#1933,#1069,.T.);
#2402=EDGE_CURVE('',#1929,#1934,#1070,.T.);
#2403=EDGE_CURVE('',#1935,#1936,#1071,.T.);
#2404=EDGE_CURVE('',#1936,#1937,#1072,.T.);
#2405=EDGE_CURVE('',#1938,#1937,#1073,.T.);
#2406=EDGE_CURVE('',#1935,#1938,#1074,.T.);
#2407=EDGE_CURVE('',#1939,#1935,#163,.T.);
#2408=EDGE_CURVE('',#1940,#1938,#164,.T.);
#2409=EDGE_CURVE('',#1939,#1940,#1075,.T.);
#2410=EDGE_CURVE('',#1941,#1939,#1076,.T.);
#2411=EDGE_CURVE('',#1942,#1940,#1077,.T.);
#2412=EDGE_CURVE('',#1941,#1942,#1078,.T.);
#2413=EDGE_CURVE('',#1936,#1941,#165,.T.);
#2414=EDGE_CURVE('',#1937,#1942,#166,.T.);
#2415=EDGE_CURVE('',#1943,#1944,#1079,.T.);
#2416=EDGE_CURVE('',#1944,#1945,#1080,.T.);
#2417=EDGE_CURVE('',#1946,#1945,#1081,.T.);
#2418=EDGE_CURVE('',#1943,#1946,#1082,.T.);
#2419=EDGE_CURVE('',#1947,#1943,#167,.T.);
#2420=EDGE_CURVE('',#1948,#1946,#168,.T.);
#2421=EDGE_CURVE('',#1947,#1948,#1083,.T.);
#2422=EDGE_CURVE('',#1949,#1947,#1084,.T.);
#2423=EDGE_CURVE('',#1950,#1948,#1085,.T.);
#2424=EDGE_CURVE('',#1949,#1950,#1086,.T.);
#2425=EDGE_CURVE('',#1944,#1949,#169,.T.);
#2426=EDGE_CURVE('',#1945,#1950,#170,.T.);
#2427=EDGE_CURVE('',#1951,#1952,#1087,.T.);
#2428=EDGE_CURVE('',#1952,#1953,#1088,.T.);
#2429=EDGE_CURVE('',#1954,#1953,#1089,.T.);
#2430=EDGE_CURVE('',#1951,#1954,#1090,.T.);
#2431=EDGE_CURVE('',#1955,#1951,#171,.T.);
#2432=EDGE_CURVE('',#1956,#1954,#172,.T.);
#2433=EDGE_CURVE('',#1955,#1956,#1091,.T.);
#2434=EDGE_CURVE('',#1957,#1955,#1092,.T.);
#2435=EDGE_CURVE('',#1958,#1956,#1093,.T.);
#2436=EDGE_CURVE('',#1957,#1958,#1094,.T.);
#2437=EDGE_CURVE('',#1952,#1957,#173,.T.);
#2438=EDGE_CURVE('',#1953,#1958,#174,.T.);
#2439=EDGE_CURVE('',#1959,#1960,#1095,.T.);
#2440=EDGE_CURVE('',#1960,#1961,#1096,.T.);
#2441=EDGE_CURVE('',#1962,#1961,#1097,.T.);
#2442=EDGE_CURVE('',#1959,#1962,#1098,.T.);
#2443=EDGE_CURVE('',#1963,#1959,#175,.T.);
#2444=EDGE_CURVE('',#1964,#1962,#176,.T.);
#2445=EDGE_CURVE('',#1963,#1964,#1099,.T.);
#2446=EDGE_CURVE('',#1965,#1963,#1100,.T.);
#2447=EDGE_CURVE('',#1966,#1964,#1101,.T.);
#2448=EDGE_CURVE('',#1965,#1966,#1102,.T.);
#2449=EDGE_CURVE('',#1960,#1965,#177,.T.);
#2450=EDGE_CURVE('',#1961,#1966,#178,.T.);
#2451=EDGE_CURVE('',#1967,#1968,#1103,.T.);
#2452=EDGE_CURVE('',#1968,#1969,#1104,.T.);
#2453=EDGE_CURVE('',#1970,#1969,#1105,.T.);
#2454=EDGE_CURVE('',#1967,#1970,#1106,.T.);
#2455=EDGE_CURVE('',#1971,#1967,#179,.T.);
#2456=EDGE_CURVE('',#1972,#1970,#180,.T.);
#2457=EDGE_CURVE('',#1971,#1972,#1107,.T.);
#2458=EDGE_CURVE('',#1973,#1971,#1108,.T.);
#2459=EDGE_CURVE('',#1974,#1972,#1109,.T.);
#2460=EDGE_CURVE('',#1973,#1974,#1110,.T.);
#2461=EDGE_CURVE('',#1968,#1973,#181,.T.);
#2462=EDGE_CURVE('',#1969,#1974,#182,.T.);
#2463=EDGE_CURVE('',#1975,#1976,#1111,.T.);
#2464=EDGE_CURVE('',#1976,#1977,#1112,.T.);
#2465=EDGE_CURVE('',#1978,#1977,#1113,.T.);
#2466=EDGE_CURVE('',#1975,#1978,#1114,.T.);
#2467=EDGE_CURVE('',#1979,#1975,#183,.T.);
#2468=EDGE_CURVE('',#1980,#1978,#184,.T.);
#2469=EDGE_CURVE('',#1979,#1980,#1115,.T.);
#2470=EDGE_CURVE('',#1981,#1979,#1116,.T.);
#2471=EDGE_CURVE('',#1982,#1980,#1117,.T.);
#2472=EDGE_CURVE('',#1981,#1982,#1118,.T.);
#2473=EDGE_CURVE('',#1976,#1981,#185,.T.);
#2474=EDGE_CURVE('',#1977,#1982,#186,.T.);
#2475=EDGE_CURVE('',#1983,#1984,#1119,.T.);
#2476=EDGE_CURVE('',#1984,#1985,#1120,.T.);
#2477=EDGE_CURVE('',#1986,#1985,#1121,.T.);
#2478=EDGE_CURVE('',#1983,#1986,#1122,.T.);
#2479=EDGE_CURVE('',#1987,#1983,#187,.T.);
#2480=EDGE_CURVE('',#1988,#1986,#188,.T.);
#2481=EDGE_CURVE('',#1987,#1988,#1123,.T.);
#2482=EDGE_CURVE('',#1989,#1987,#1124,.T.);
#2483=EDGE_CURVE('',#1990,#1988,#1125,.T.);
#2484=EDGE_CURVE('',#1989,#1990,#1126,.T.);
#2485=EDGE_CURVE('',#1984,#1989,#189,.T.);
#2486=EDGE_CURVE('',#1985,#1990,#190,.T.);
#2487=EDGE_CURVE('',#1991,#1992,#1127,.T.);
#2488=EDGE_CURVE('',#1992,#1993,#1128,.T.);
#2489=EDGE_CURVE('',#1994,#1993,#1129,.T.);
#2490=EDGE_CURVE('',#1991,#1994,#1130,.T.);
#2491=EDGE_CURVE('',#1995,#1991,#191,.T.);
#2492=EDGE_CURVE('',#1996,#1994,#192,.T.);
#2493=EDGE_CURVE('',#1995,#1996,#1131,.T.);
#2494=EDGE_CURVE('',#1997,#1995,#1132,.T.);
#2495=EDGE_CURVE('',#1998,#1996,#1133,.T.);
#2496=EDGE_CURVE('',#1997,#1998,#1134,.T.);
#2497=EDGE_CURVE('',#1992,#1997,#193,.T.);
#2498=EDGE_CURVE('',#1993,#1998,#194,.T.);
#2499=EDGE_CURVE('',#1999,#1999,#195,.T.);
#2500=EDGE_CURVE('',#1999,#2000,#1135,.T.);
#2501=EDGE_CURVE('',#2000,#2000,#196,.T.);
#2502=EDGE_CURVE('',#2001,#2002,#1136,.T.);
#2503=EDGE_CURVE('',#2002,#2003,#1137,.T.);
#2504=EDGE_CURVE('',#2004,#2003,#1138,.T.);
#2505=EDGE_CURVE('',#2001,#2004,#1139,.T.);
#2506=EDGE_CURVE('',#2005,#2001,#197,.T.);
#2507=EDGE_CURVE('',#2006,#2004,#198,.T.);
#2508=EDGE_CURVE('',#2005,#2006,#1140,.T.);
#2509=EDGE_CURVE('',#2007,#2005,#1141,.T.);
#2510=EDGE_CURVE('',#2008,#2006,#1142,.T.);
#2511=EDGE_CURVE('',#2007,#2008,#1143,.T.);
#2512=EDGE_CURVE('',#2002,#2007,#199,.T.);
#2513=EDGE_CURVE('',#2003,#2008,#200,.T.);
#2514=EDGE_CURVE('',#2009,#2010,#1144,.T.);
#2515=EDGE_CURVE('',#2010,#2011,#1145,.T.);
#2516=EDGE_CURVE('',#2012,#2011,#1146,.T.);
#2517=EDGE_CURVE('',#2009,#2012,#1147,.T.);
#2518=EDGE_CURVE('',#2013,#2009,#201,.T.);
#2519=EDGE_CURVE('',#2014,#2012,#202,.T.);
#2520=EDGE_CURVE('',#2013,#2014,#1148,.T.);
#2521=EDGE_CURVE('',#2015,#2013,#1149,.T.);
#2522=EDGE_CURVE('',#2016,#2014,#1150,.T.);
#2523=EDGE_CURVE('',#2015,#2016,#1151,.T.);
#2524=EDGE_CURVE('',#2010,#2015,#203,.T.);
#2525=EDGE_CURVE('',#2011,#2016,#204,.T.);
#2526=EDGE_CURVE('',#2017,#2018,#205,.T.);
#2527=EDGE_CURVE('',#2018,#2019,#1152,.T.);
#2528=EDGE_CURVE('',#2020,#2019,#206,.T.);
#2529=EDGE_CURVE('',#2017,#2020,#1153,.T.);
#2530=EDGE_CURVE('',#2021,#2017,#1154,.T.);
#2531=EDGE_CURVE('',#2022,#2020,#1155,.T.);
#2532=EDGE_CURVE('',#2021,#2022,#1156,.T.);
#2533=EDGE_CURVE('',#2023,#2021,#207,.T.);
#2534=EDGE_CURVE('',#2024,#2022,#208,.T.);
#2535=EDGE_CURVE('',#2023,#2024,#1157,.T.);
#2536=EDGE_CURVE('',#2018,#2023,#1158,.T.);
#2537=EDGE_CURVE('',#2019,#2024,#1159,.T.);
#2538=EDGE_CURVE('',#2025,#2026,#209,.T.);
#2539=EDGE_CURVE('',#2026,#2027,#1160,.T.);
#2540=EDGE_CURVE('',#2028,#2027,#210,.T.);
#2541=EDGE_CURVE('',#2025,#2028,#1161,.T.);
#2542=EDGE_CURVE('',#2029,#2025,#1162,.T.);
#2543=EDGE_CURVE('',#2030,#2028,#1163,.T.);
#2544=EDGE_CURVE('',#2029,#2030,#1164,.T.);
#2545=EDGE_CURVE('',#2031,#2029,#211,.T.);
#2546=EDGE_CURVE('',#2032,#2030,#212,.T.);
#2547=EDGE_CURVE('',#2031,#2032,#1165,.T.);
#2548=EDGE_CURVE('',#2026,#2031,#1166,.T.);
#2549=EDGE_CURVE('',#2027,#2032,#1167,.T.);
#2550=EDGE_CURVE('',#2033,#2034,#1168,.T.);
#2551=EDGE_CURVE('',#2034,#2035,#1169,.T.);
#2552=EDGE_CURVE('',#2036,#2035,#1170,.T.);
#2553=EDGE_CURVE('',#2033,#2036,#1171,.T.);
#2554=EDGE_CURVE('',#2037,#2033,#213,.T.);
#2555=EDGE_CURVE('',#2038,#2036,#214,.T.);
#2556=EDGE_CURVE('',#2037,#2038,#1172,.T.);
#2557=EDGE_CURVE('',#2039,#2037,#1173,.T.);
#2558=EDGE_CURVE('',#2040,#2038,#1174,.T.);
#2559=EDGE_CURVE('',#2039,#2040,#1175,.T.);
#2560=EDGE_CURVE('',#2034,#2039,#215,.T.);
#2561=EDGE_CURVE('',#2035,#2040,#216,.T.);
#2562=EDGE_CURVE('',#2041,#2041,#217,.T.);
#2563=EDGE_CURVE('',#2041,#2042,#1176,.T.);
#2564=EDGE_CURVE('',#2042,#2042,#218,.T.);
#2565=EDGE_CURVE('',#2043,#2044,#1177,.T.);
#2566=EDGE_CURVE('',#2044,#2045,#1178,.T.);
#2567=EDGE_CURVE('',#2046,#2045,#1179,.T.);
#2568=EDGE_CURVE('',#2043,#2046,#1180,.T.);
#2569=EDGE_CURVE('',#2047,#2043,#219,.T.);
#2570=EDGE_CURVE('',#2048,#2046,#220,.T.);
#2571=EDGE_CURVE('',#2047,#2048,#1181,.T.);
#2572=EDGE_CURVE('',#2049,#2047,#1182,.T.);
#2573=EDGE_CURVE('',#2050,#2048,#1183,.T.);
#2574=EDGE_CURVE('',#2049,#2050,#1184,.T.);
#2575=EDGE_CURVE('',#2044,#2049,#221,.T.);
#2576=EDGE_CURVE('',#2045,#2050,#222,.T.);
#2577=EDGE_CURVE('',#2051,#2052,#1185,.T.);
#2578=EDGE_CURVE('',#2052,#2053,#1186,.T.);
#2579=EDGE_CURVE('',#2054,#2053,#1187,.T.);
#2580=EDGE_CURVE('',#2051,#2054,#1188,.T.);
#2581=EDGE_CURVE('',#2055,#2051,#223,.T.);
#2582=EDGE_CURVE('',#2056,#2054,#224,.T.);
#2583=EDGE_CURVE('',#2055,#2056,#1189,.T.);
#2584=EDGE_CURVE('',#2057,#2055,#1190,.T.);
#2585=EDGE_CURVE('',#2058,#2056,#1191,.T.);
#2586=EDGE_CURVE('',#2057,#2058,#1192,.T.);
#2587=EDGE_CURVE('',#2052,#2057,#225,.T.);
#2588=EDGE_CURVE('',#2053,#2058,#226,.T.);
#2589=EDGE_CURVE('',#2059,#2060,#227,.T.);
#2590=EDGE_CURVE('',#2060,#2061,#1193,.T.);
#2591=EDGE_CURVE('',#2062,#2061,#228,.T.);
#2592=EDGE_CURVE('',#2059,#2062,#1194,.T.);
#2593=EDGE_CURVE('',#2063,#2059,#1195,.T.);
#2594=EDGE_CURVE('',#2064,#2062,#1196,.T.);
#2595=EDGE_CURVE('',#2063,#2064,#1197,.T.);
#2596=EDGE_CURVE('',#2065,#2063,#229,.T.);
#2597=EDGE_CURVE('',#2066,#2064,#230,.T.);
#2598=EDGE_CURVE('',#2065,#2066,#1198,.T.);
#2599=EDGE_CURVE('',#2060,#2065,#1199,.T.);
#2600=EDGE_CURVE('',#2061,#2066,#1200,.T.);
#2601=EDGE_CURVE('',#2067,#2068,#1201,.T.);
#2602=EDGE_CURVE('',#2068,#2069,#1202,.T.);
#2603=EDGE_CURVE('',#2070,#2069,#1203,.T.);
#2604=EDGE_CURVE('',#2067,#2070,#1204,.T.);
#2605=EDGE_CURVE('',#2071,#2067,#231,.T.);
#2606=EDGE_CURVE('',#2072,#2070,#232,.T.);
#2607=EDGE_CURVE('',#2071,#2072,#1205,.T.);
#2608=EDGE_CURVE('',#2073,#2071,#1206,.T.);
#2609=EDGE_CURVE('',#2074,#2072,#1207,.T.);
#2610=EDGE_CURVE('',#2073,#2074,#1208,.T.);
#2611=EDGE_CURVE('',#2068,#2073,#233,.T.);
#2612=EDGE_CURVE('',#2069,#2074,#234,.T.);
#2613=EDGE_CURVE('',#2075,#2076,#1209,.T.);
#2614=EDGE_CURVE('',#2076,#2077,#1210,.T.);
#2615=EDGE_CURVE('',#2078,#2077,#1211,.T.);
#2616=EDGE_CURVE('',#2075,#2078,#1212,.T.);
#2617=EDGE_CURVE('',#2079,#2075,#235,.T.);
#2618=EDGE_CURVE('',#2080,#2078,#236,.T.);
#2619=EDGE_CURVE('',#2079,#2080,#1213,.T.);
#2620=EDGE_CURVE('',#2081,#2079,#1214,.T.);
#2621=EDGE_CURVE('',#2082,#2080,#1215,.T.);
#2622=EDGE_CURVE('',#2081,#2082,#1216,.T.);
#2623=EDGE_CURVE('',#2076,#2081,#237,.T.);
#2624=EDGE_CURVE('',#2077,#2082,#238,.T.);
#2625=EDGE_CURVE('',#2083,#2084,#1217,.T.);
#2626=EDGE_CURVE('',#2084,#2085,#1218,.T.);
#2627=EDGE_CURVE('',#2086,#2085,#1219,.T.);
#2628=EDGE_CURVE('',#2083,#2086,#1220,.T.);
#2629=EDGE_CURVE('',#2087,#2083,#239,.T.);
#2630=EDGE_CURVE('',#2088,#2086,#240,.T.);
#2631=EDGE_CURVE('',#2087,#2088,#1221,.T.);
#2632=EDGE_CURVE('',#2089,#2087,#1222,.T.);
#2633=EDGE_CURVE('',#2090,#2088,#1223,.T.);
#2634=EDGE_CURVE('',#2089,#2090,#1224,.T.);
#2635=EDGE_CURVE('',#2084,#2089,#241,.T.);
#2636=EDGE_CURVE('',#2085,#2090,#242,.T.);
#2637=EDGE_CURVE('',#2091,#2092,#1225,.T.);
#2638=EDGE_CURVE('',#2092,#2093,#1226,.T.);
#2639=EDGE_CURVE('',#2094,#2093,#1227,.T.);
#2640=EDGE_CURVE('',#2091,#2094,#1228,.T.);
#2641=EDGE_CURVE('',#2095,#2091,#243,.T.);
#2642=EDGE_CURVE('',#2096,#2094,#244,.T.);
#2643=EDGE_CURVE('',#2095,#2096,#1229,.T.);
#2644=EDGE_CURVE('',#2097,#2095,#1230,.T.);
#2645=EDGE_CURVE('',#2098,#2096,#1231,.T.);
#2646=EDGE_CURVE('',#2097,#2098,#1232,.T.);
#2647=EDGE_CURVE('',#2092,#2097,#245,.T.);
#2648=EDGE_CURVE('',#2093,#2098,#246,.T.);
#2649=EDGE_CURVE('',#2099,#2100,#1233,.T.);
#2650=EDGE_CURVE('',#2100,#2101,#1234,.T.);
#2651=EDGE_CURVE('',#2102,#2101,#1235,.T.);
#2652=EDGE_CURVE('',#2099,#2102,#1236,.T.);
#2653=EDGE_CURVE('',#2103,#2099,#247,.T.);
#2654=EDGE_CURVE('',#2104,#2102,#248,.T.);
#2655=EDGE_CURVE('',#2103,#2104,#1237,.T.);
#2656=EDGE_CURVE('',#2105,#2103,#1238,.T.);
#2657=EDGE_CURVE('',#2106,#2104,#1239,.T.);
#2658=EDGE_CURVE('',#2105,#2106,#1240,.T.);
#2659=EDGE_CURVE('',#2100,#2105,#249,.T.);
#2660=EDGE_CURVE('',#2101,#2106,#250,.T.);
#2661=EDGE_CURVE('',#2107,#2108,#1241,.T.);
#2662=EDGE_CURVE('',#2108,#2109,#1242,.T.);
#2663=EDGE_CURVE('',#2110,#2109,#1243,.T.);
#2664=EDGE_CURVE('',#2107,#2110,#1244,.T.);
#2665=EDGE_CURVE('',#2111,#2107,#251,.T.);
#2666=EDGE_CURVE('',#2112,#2110,#252,.T.);
#2667=EDGE_CURVE('',#2111,#2112,#1245,.T.);
#2668=EDGE_CURVE('',#2113,#2111,#1246,.T.);
#2669=EDGE_CURVE('',#2114,#2112,#1247,.T.);
#2670=EDGE_CURVE('',#2113,#2114,#1248,.T.);
#2671=EDGE_CURVE('',#2108,#2113,#253,.T.);
#2672=EDGE_CURVE('',#2109,#2114,#254,.T.);
#2673=EDGE_CURVE('',#2115,#2116,#255,.T.);
#2674=EDGE_CURVE('',#2116,#2117,#1249,.T.);
#2675=EDGE_CURVE('',#2118,#2117,#256,.T.);
#2676=EDGE_CURVE('',#2115,#2118,#1250,.T.);
#2677=EDGE_CURVE('',#2119,#2115,#1251,.T.);
#2678=EDGE_CURVE('',#2120,#2118,#1252,.T.);
#2679=EDGE_CURVE('',#2119,#2120,#1253,.T.);
#2680=EDGE_CURVE('',#2121,#2119,#257,.T.);
#2681=EDGE_CURVE('',#2122,#2120,#258,.T.);
#2682=EDGE_CURVE('',#2121,#2122,#1254,.T.);
#2683=EDGE_CURVE('',#2116,#2121,#1255,.T.);
#2684=EDGE_CURVE('',#2117,#2122,#1256,.T.);
#2685=EDGE_CURVE('',#2123,#2124,#1257,.T.);
#2686=EDGE_CURVE('',#2124,#2125,#1258,.T.);
#2687=EDGE_CURVE('',#2126,#2125,#1259,.T.);
#2688=EDGE_CURVE('',#2123,#2126,#1260,.T.);
#2689=EDGE_CURVE('',#2127,#2123,#259,.T.);
#2690=EDGE_CURVE('',#2128,#2126,#260,.T.);
#2691=EDGE_CURVE('',#2127,#2128,#1261,.T.);
#2692=EDGE_CURVE('',#2129,#2127,#1262,.T.);
#2693=EDGE_CURVE('',#2130,#2128,#1263,.T.);
#2694=EDGE_CURVE('',#2129,#2130,#1264,.T.);
#2695=EDGE_CURVE('',#2124,#2129,#261,.T.);
#2696=EDGE_CURVE('',#2125,#2130,#262,.T.);
#2697=EDGE_CURVE('',#2131,#2132,#263,.T.);
#2698=EDGE_CURVE('',#2132,#2133,#1265,.T.);
#2699=EDGE_CURVE('',#2134,#2133,#264,.T.);
#2700=EDGE_CURVE('',#2131,#2134,#1266,.T.);
#2701=EDGE_CURVE('',#2135,#2131,#1267,.T.);
#2702=EDGE_CURVE('',#2136,#2134,#1268,.T.);
#2703=EDGE_CURVE('',#2135,#2136,#1269,.T.);
#2704=EDGE_CURVE('',#2137,#2135,#265,.T.);
#2705=EDGE_CURVE('',#2138,#2136,#266,.T.);
#2706=EDGE_CURVE('',#2137,#2138,#1270,.T.);
#2707=EDGE_CURVE('',#2132,#2137,#1271,.T.);
#2708=EDGE_CURVE('',#2133,#2138,#1272,.T.);
#2709=EDGE_CURVE('',#2139,#2139,#267,.T.);
#2710=EDGE_CURVE('',#2139,#2140,#1273,.T.);
#2711=EDGE_CURVE('',#2140,#2140,#268,.T.);
#2712=EDGE_CURVE('',#2141,#2142,#1274,.T.);
#2713=EDGE_CURVE('',#2142,#2143,#1275,.T.);
#2714=EDGE_CURVE('',#2144,#2143,#1276,.T.);
#2715=EDGE_CURVE('',#2141,#2144,#1277,.T.);
#2716=EDGE_CURVE('',#2145,#2141,#269,.T.);
#2717=EDGE_CURVE('',#2146,#2144,#270,.T.);
#2718=EDGE_CURVE('',#2145,#2146,#1278,.T.);
#2719=EDGE_CURVE('',#2147,#2145,#1279,.T.);
#2720=EDGE_CURVE('',#2148,#2146,#1280,.T.);
#2721=EDGE_CURVE('',#2147,#2148,#1281,.T.);
#2722=EDGE_CURVE('',#2142,#2147,#271,.T.);
#2723=EDGE_CURVE('',#2143,#2148,#272,.T.);
#2724=EDGE_CURVE('',#2149,#2149,#273,.T.);
#2725=EDGE_CURVE('',#2149,#2150,#1282,.T.);
#2726=EDGE_CURVE('',#2150,#2150,#274,.T.);
#2727=EDGE_CURVE('',#2151,#2152,#1283,.T.);
#2728=EDGE_CURVE('',#2152,#2153,#1284,.T.);
#2729=EDGE_CURVE('',#2154,#2153,#1285,.T.);
#2730=EDGE_CURVE('',#2151,#2154,#1286,.T.);
#2731=EDGE_CURVE('',#2155,#2151,#275,.T.);
#2732=EDGE_CURVE('',#2156,#2154,#276,.T.);
#2733=EDGE_CURVE('',#2155,#2156,#1287,.T.);
#2734=EDGE_CURVE('',#2157,#2155,#1288,.T.);
#2735=EDGE_CURVE('',#2158,#2156,#1289,.T.);
#2736=EDGE_CURVE('',#2157,#2158,#1290,.T.);
#2737=EDGE_CURVE('',#2152,#2157,#277,.T.);
#2738=EDGE_CURVE('',#2153,#2158,#278,.T.);
#2739=EDGE_CURVE('',#2159,#2160,#1291,.T.);
#2740=EDGE_CURVE('',#2160,#2161,#1292,.T.);
#2741=EDGE_CURVE('',#2162,#2161,#1293,.T.);
#2742=EDGE_CURVE('',#2159,#2162,#1294,.T.);
#2743=EDGE_CURVE('',#2163,#2159,#279,.T.);
#2744=EDGE_CURVE('',#2164,#2162,#280,.T.);
#2745=EDGE_CURVE('',#2163,#2164,#1295,.T.);
#2746=EDGE_CURVE('',#2165,#2163,#1296,.T.);
#2747=EDGE_CURVE('',#2166,#2164,#1297,.T.);
#2748=EDGE_CURVE('',#2165,#2166,#1298,.T.);
#2749=EDGE_CURVE('',#2160,#2165,#281,.T.);
#2750=EDGE_CURVE('',#2161,#2166,#282,.T.);
#2751=EDGE_CURVE('',#2167,#2168,#1299,.T.);
#2752=EDGE_CURVE('',#2168,#2169,#1300,.T.);
#2753=EDGE_CURVE('',#2170,#2169,#1301,.T.);
#2754=EDGE_CURVE('',#2167,#2170,#1302,.T.);
#2755=EDGE_CURVE('',#2171,#2167,#283,.T.);
#2756=EDGE_CURVE('',#2172,#2170,#284,.T.);
#2757=EDGE_CURVE('',#2171,#2172,#1303,.T.);
#2758=EDGE_CURVE('',#2173,#2171,#1304,.T.);
#2759=EDGE_CURVE('',#2174,#2172,#1305,.T.);
#2760=EDGE_CURVE('',#2173,#2174,#1306,.T.);
#2761=EDGE_CURVE('',#2168,#2173,#285,.T.);
#2762=EDGE_CURVE('',#2169,#2174,#286,.T.);
#2763=EDGE_CURVE('',#2175,#2176,#287,.T.);
#2764=EDGE_CURVE('',#2176,#2177,#1307,.T.);
#2765=EDGE_CURVE('',#2178,#2177,#288,.T.);
#2766=EDGE_CURVE('',#2175,#2178,#1308,.T.);
#2767=EDGE_CURVE('',#2179,#2175,#1309,.T.);
#2768=EDGE_CURVE('',#2180,#2178,#1310,.T.);
#2769=EDGE_CURVE('',#2179,#2180,#1311,.T.);
#2770=EDGE_CURVE('',#2181,#2179,#289,.T.);
#2771=EDGE_CURVE('',#2182,#2180,#290,.T.);
#2772=EDGE_CURVE('',#2181,#2182,#1312,.T.);
#2773=EDGE_CURVE('',#2176,#2181,#1313,.T.);
#2774=EDGE_CURVE('',#2177,#2182,#1314,.T.);
#2775=EDGE_CURVE('',#2183,#2184,#1315,.T.);
#2776=EDGE_CURVE('',#2184,#2185,#1316,.T.);
#2777=EDGE_CURVE('',#2186,#2185,#1317,.T.);
#2778=EDGE_CURVE('',#2183,#2186,#1318,.T.);
#2779=EDGE_CURVE('',#2187,#2183,#291,.T.);
#2780=EDGE_CURVE('',#2188,#2186,#292,.T.);
#2781=EDGE_CURVE('',#2187,#2188,#1319,.T.);
#2782=EDGE_CURVE('',#2189,#2187,#1320,.T.);
#2783=EDGE_CURVE('',#2190,#2188,#1321,.T.);
#2784=EDGE_CURVE('',#2189,#2190,#1322,.T.);
#2785=EDGE_CURVE('',#2184,#2189,#293,.T.);
#2786=EDGE_CURVE('',#2185,#2190,#294,.T.);
#2787=EDGE_CURVE('',#2191,#2192,#1323,.T.);
#2788=EDGE_CURVE('',#2192,#2193,#1324,.T.);
#2789=EDGE_CURVE('',#2194,#2193,#1325,.T.);
#2790=EDGE_CURVE('',#2191,#2194,#1326,.T.);
#2791=EDGE_CURVE('',#2195,#2191,#295,.T.);
#2792=EDGE_CURVE('',#2196,#2194,#296,.T.);
#2793=EDGE_CURVE('',#2195,#2196,#1327,.T.);
#2794=EDGE_CURVE('',#2197,#2195,#1328,.T.);
#2795=EDGE_CURVE('',#2198,#2196,#1329,.T.);
#2796=EDGE_CURVE('',#2197,#2198,#1330,.T.);
#2797=EDGE_CURVE('',#2192,#2197,#297,.T.);
#2798=EDGE_CURVE('',#2193,#2198,#298,.T.);
#2799=EDGE_CURVE('',#2199,#2200,#1331,.T.);
#2800=EDGE_CURVE('',#2200,#2201,#1332,.T.);
#2801=EDGE_CURVE('',#2202,#2201,#1333,.T.);
#2802=EDGE_CURVE('',#2199,#2202,#1334,.T.);
#2803=EDGE_CURVE('',#2203,#2199,#299,.T.);
#2804=EDGE_CURVE('',#2204,#2202,#300,.T.);
#2805=EDGE_CURVE('',#2203,#2204,#1335,.T.);
#2806=EDGE_CURVE('',#2205,#2203,#1336,.T.);
#2807=EDGE_CURVE('',#2206,#2204,#1337,.T.);
#2808=EDGE_CURVE('',#2205,#2206,#1338,.T.);
#2809=EDGE_CURVE('',#2200,#2205,#301,.T.);
#2810=EDGE_CURVE('',#2201,#2206,#302,.T.);
#2811=EDGE_CURVE('',#2207,#2208,#303,.T.);
#2812=EDGE_CURVE('',#2208,#2209,#1339,.T.);
#2813=EDGE_CURVE('',#2210,#2209,#304,.T.);
#2814=EDGE_CURVE('',#2207,#2210,#1340,.T.);
#2815=EDGE_CURVE('',#2211,#2207,#1341,.T.);
#2816=EDGE_CURVE('',#2212,#2210,#1342,.T.);
#2817=EDGE_CURVE('',#2211,#2212,#1343,.T.);
#2818=EDGE_CURVE('',#2213,#2211,#305,.T.);
#2819=EDGE_CURVE('',#2214,#2212,#306,.T.);
#2820=EDGE_CURVE('',#2213,#2214,#1344,.T.);
#2821=EDGE_CURVE('',#2208,#2213,#1345,.T.);
#2822=EDGE_CURVE('',#2209,#2214,#1346,.T.);
#2823=EDGE_CURVE('',#2215,#2216,#1347,.T.);
#2824=EDGE_CURVE('',#2216,#2217,#1348,.T.);
#2825=EDGE_CURVE('',#2218,#2217,#1349,.T.);
#2826=EDGE_CURVE('',#2215,#2218,#1350,.T.);
#2827=EDGE_CURVE('',#2219,#2215,#307,.T.);
#2828=EDGE_CURVE('',#2220,#2218,#308,.T.);
#2829=EDGE_CURVE('',#2219,#2220,#1351,.T.);
#2830=EDGE_CURVE('',#2221,#2219,#1352,.T.);
#2831=EDGE_CURVE('',#2222,#2220,#1353,.T.);
#2832=EDGE_CURVE('',#2221,#2222,#1354,.T.);
#2833=EDGE_CURVE('',#2216,#2221,#309,.T.);
#2834=EDGE_CURVE('',#2217,#2222,#310,.T.);
#2835=EDGE_CURVE('',#2223,#2224,#311,.T.);
#2836=EDGE_CURVE('',#2224,#2225,#1355,.T.);
#2837=EDGE_CURVE('',#2226,#2225,#312,.T.);
#2838=EDGE_CURVE('',#2223,#2226,#1356,.T.);
#2839=EDGE_CURVE('',#2227,#2223,#1357,.T.);
#2840=EDGE_CURVE('',#2228,#2226,#1358,.T.);
#2841=EDGE_CURVE('',#2227,#2228,#1359,.T.);
#2842=EDGE_CURVE('',#2229,#2227,#313,.T.);
#2843=EDGE_CURVE('',#2230,#2228,#314,.T.);
#2844=EDGE_CURVE('',#2229,#2230,#1360,.T.);
#2845=EDGE_CURVE('',#2224,#2229,#1361,.T.);
#2846=EDGE_CURVE('',#2225,#2230,#1362,.T.);
#2847=EDGE_CURVE('',#2231,#2232,#315,.T.);
#2848=EDGE_CURVE('',#2232,#2233,#1363,.T.);
#2849=EDGE_CURVE('',#2234,#2233,#316,.T.);
#2850=EDGE_CURVE('',#2231,#2234,#1364,.T.);
#2851=EDGE_CURVE('',#2235,#2231,#1365,.T.);
#2852=EDGE_CURVE('',#2236,#2234,#1366,.T.);
#2853=EDGE_CURVE('',#2235,#2236,#1367,.T.);
#2854=EDGE_CURVE('',#2237,#2235,#317,.T.);
#2855=EDGE_CURVE('',#2238,#2236,#318,.T.);
#2856=EDGE_CURVE('',#2237,#2238,#1368,.T.);
#2857=EDGE_CURVE('',#2232,#2237,#1369,.T.);
#2858=EDGE_CURVE('',#2233,#2238,#1370,.T.);
#2859=EDGE_CURVE('',#2239,#2240,#1371,.T.);
#2860=EDGE_CURVE('',#2240,#2241,#1372,.T.);
#2861=EDGE_CURVE('',#2242,#2241,#1373,.T.);
#2862=EDGE_CURVE('',#2239,#2242,#1374,.T.);
#2863=EDGE_CURVE('',#2243,#2239,#319,.T.);
#2864=EDGE_CURVE('',#2244,#2242,#320,.T.);
#2865=EDGE_CURVE('',#2243,#2244,#1375,.T.);
#2866=EDGE_CURVE('',#2245,#2243,#1376,.T.);
#2867=EDGE_CURVE('',#2246,#2244,#1377,.T.);
#2868=EDGE_CURVE('',#2245,#2246,#1378,.T.);
#2869=EDGE_CURVE('',#2240,#2245,#321,.T.);
#2870=EDGE_CURVE('',#2241,#2246,#322,.T.);
#2871=EDGE_CURVE('',#2247,#2248,#1379,.T.);
#2872=EDGE_CURVE('',#2248,#2249,#1380,.T.);
#2873=EDGE_CURVE('',#2250,#2249,#1381,.T.);
#2874=EDGE_CURVE('',#2247,#2250,#1382,.T.);
#2875=EDGE_CURVE('',#2251,#2247,#323,.T.);
#2876=EDGE_CURVE('',#2252,#2250,#324,.T.);
#2877=EDGE_CURVE('',#2251,#2252,#1383,.T.);
#2878=EDGE_CURVE('',#2253,#2251,#1384,.T.);
#2879=EDGE_CURVE('',#2254,#2252,#1385,.T.);
#2880=EDGE_CURVE('',#2253,#2254,#1386,.T.);
#2881=EDGE_CURVE('',#2248,#2253,#325,.T.);
#2882=EDGE_CURVE('',#2249,#2254,#326,.T.);
#2883=EDGE_CURVE('',#2255,#2256,#1387,.T.);
#2884=EDGE_CURVE('',#2256,#2257,#1388,.T.);
#2885=EDGE_CURVE('',#2258,#2257,#1389,.T.);
#2886=EDGE_CURVE('',#2255,#2258,#1390,.T.);
#2887=EDGE_CURVE('',#2259,#2255,#327,.T.);
#2888=EDGE_CURVE('',#2260,#2258,#328,.T.);
#2889=EDGE_CURVE('',#2259,#2260,#1391,.T.);
#2890=EDGE_CURVE('',#2261,#2259,#1392,.T.);
#2891=EDGE_CURVE('',#2262,#2260,#1393,.T.);
#2892=EDGE_CURVE('',#2261,#2262,#1394,.T.);
#2893=EDGE_CURVE('',#2256,#2261,#329,.T.);
#2894=EDGE_CURVE('',#2257,#2262,#330,.T.);
#2895=EDGE_CURVE('',#2263,#2264,#1395,.T.);
#2896=EDGE_CURVE('',#2264,#2265,#1396,.T.);
#2897=EDGE_CURVE('',#2266,#2265,#1397,.T.);
#2898=EDGE_CURVE('',#2263,#2266,#1398,.T.);
#2899=EDGE_CURVE('',#2267,#2263,#331,.T.);
#2900=EDGE_CURVE('',#2268,#2266,#332,.T.);
#2901=EDGE_CURVE('',#2267,#2268,#1399,.T.);
#2902=EDGE_CURVE('',#2269,#2267,#1400,.T.);
#2903=EDGE_CURVE('',#2270,#2268,#1401,.T.);
#2904=EDGE_CURVE('',#2269,#2270,#1402,.T.);
#2905=EDGE_CURVE('',#2264,#2269,#333,.T.);
#2906=EDGE_CURVE('',#2265,#2270,#334,.T.);
#2907=EDGE_CURVE('',#2271,#2272,#335,.T.);
#2908=EDGE_CURVE('',#2272,#2273,#1403,.T.);
#2909=EDGE_CURVE('',#2274,#2273,#336,.T.);
#2910=EDGE_CURVE('',#2271,#2274,#1404,.T.);
#2911=EDGE_CURVE('',#2275,#2271,#1405,.T.);
#2912=EDGE_CURVE('',#2276,#2274,#1406,.T.);
#2913=EDGE_CURVE('',#2275,#2276,#1407,.T.);
#2914=EDGE_CURVE('',#2277,#2275,#337,.T.);
#2915=EDGE_CURVE('',#2278,#2276,#338,.T.);
#2916=EDGE_CURVE('',#2277,#2278,#1408,.T.);
#2917=EDGE_CURVE('',#2272,#2277,#1409,.T.);
#2918=EDGE_CURVE('',#2273,#2278,#1410,.T.);
#2919=EDGE_CURVE('',#2279,#2280,#1411,.T.);
#2920=EDGE_CURVE('',#2280,#2281,#1412,.T.);
#2921=EDGE_CURVE('',#2282,#2281,#1413,.T.);
#2922=EDGE_CURVE('',#2279,#2282,#1414,.T.);
#2923=EDGE_CURVE('',#2283,#2279,#339,.T.);
#2924=EDGE_CURVE('',#2284,#2282,#340,.T.);
#2925=EDGE_CURVE('',#2283,#2284,#1415,.T.);
#2926=EDGE_CURVE('',#2285,#2283,#1416,.T.);
#2927=EDGE_CURVE('',#2286,#2284,#1417,.T.);
#2928=EDGE_CURVE('',#2285,#2286,#1418,.T.);
#2929=EDGE_CURVE('',#2280,#2285,#341,.T.);
#2930=EDGE_CURVE('',#2281,#2286,#342,.T.);
#2931=EDGE_CURVE('',#2287,#2288,#1419,.T.);
#2932=EDGE_CURVE('',#2287,#2289,#1420,.T.);
#2933=EDGE_CURVE('',#2290,#2289,#1421,.T.);
#2934=EDGE_CURVE('',#2288,#2290,#1422,.T.);
#2935=EDGE_CURVE('',#2288,#2291,#1423,.T.);
#2936=EDGE_CURVE('',#2292,#2290,#1424,.T.);
#2937=EDGE_CURVE('',#2291,#2292,#1425,.T.);
#2938=EDGE_CURVE('',#2291,#2293,#1426,.T.);
#2939=EDGE_CURVE('',#2294,#2292,#1427,.T.);
#2940=EDGE_CURVE('',#2293,#2294,#1428,.T.);
#2941=EDGE_CURVE('',#2293,#2287,#1429,.T.);
#2942=EDGE_CURVE('',#2289,#2294,#1430,.T.);
#2943=ORIENTED_EDGE('',*,*,#2295,.T.);
#2944=ORIENTED_EDGE('',*,*,#2296,.T.);
#2945=ORIENTED_EDGE('',*,*,#2297,.F.);
#2946=ORIENTED_EDGE('',*,*,#2298,.F.);
#2947=ORIENTED_EDGE('',*,*,#2299,.T.);
#2948=ORIENTED_EDGE('',*,*,#2298,.T.);
#2949=ORIENTED_EDGE('',*,*,#2300,.F.);
#2950=ORIENTED_EDGE('',*,*,#2301,.F.);
#2951=ORIENTED_EDGE('',*,*,#2302,.T.);
#2952=ORIENTED_EDGE('',*,*,#2301,.T.);
#2953=ORIENTED_EDGE('',*,*,#2303,.F.);
#2954=ORIENTED_EDGE('',*,*,#2304,.F.);
#2955=ORIENTED_EDGE('',*,*,#2305,.T.);
#2956=ORIENTED_EDGE('',*,*,#2304,.T.);
#2957=ORIENTED_EDGE('',*,*,#2306,.F.);
#2958=ORIENTED_EDGE('',*,*,#2296,.F.);
#2959=ORIENTED_EDGE('',*,*,#2307,.T.);
#2960=ORIENTED_EDGE('',*,*,#2308,.T.);
#2961=ORIENTED_EDGE('',*,*,#2309,.F.);
#2962=ORIENTED_EDGE('',*,*,#2310,.F.);
#2963=ORIENTED_EDGE('',*,*,#2311,.T.);
#2964=ORIENTED_EDGE('',*,*,#2310,.T.);
#2965=ORIENTED_EDGE('',*,*,#2312,.F.);
#2966=ORIENTED_EDGE('',*,*,#2313,.F.);
#2967=ORIENTED_EDGE('',*,*,#2314,.T.);
#2968=ORIENTED_EDGE('',*,*,#2313,.T.);
#2969=ORIENTED_EDGE('',*,*,#2315,.F.);
#2970=ORIENTED_EDGE('',*,*,#2316,.F.);
#2971=ORIENTED_EDGE('',*,*,#2317,.T.);
#2972=ORIENTED_EDGE('',*,*,#2316,.T.);
#2973=ORIENTED_EDGE('',*,*,#2318,.F.);
#2974=ORIENTED_EDGE('',*,*,#2308,.F.);
#2975=ORIENTED_EDGE('',*,*,#2319,.T.);
#2976=ORIENTED_EDGE('',*,*,#2320,.T.);
#2977=ORIENTED_EDGE('',*,*,#2321,.F.);
#2978=ORIENTED_EDGE('',*,*,#2322,.F.);
#2979=ORIENTED_EDGE('',*,*,#2323,.T.);
#2980=ORIENTED_EDGE('',*,*,#2322,.T.);
#2981=ORIENTED_EDGE('',*,*,#2324,.F.);
#2982=ORIENTED_EDGE('',*,*,#2325,.F.);
#2983=ORIENTED_EDGE('',*,*,#2326,.T.);
#2984=ORIENTED_EDGE('',*,*,#2325,.T.);
#2985=ORIENTED_EDGE('',*,*,#2327,.F.);
#2986=ORIENTED_EDGE('',*,*,#2328,.F.);
#2987=ORIENTED_EDGE('',*,*,#2329,.T.);
#2988=ORIENTED_EDGE('',*,*,#2328,.T.);
#2989=ORIENTED_EDGE('',*,*,#2330,.F.);
#2990=ORIENTED_EDGE('',*,*,#2320,.F.);
#2991=ORIENTED_EDGE('',*,*,#2331,.T.);
#2992=ORIENTED_EDGE('',*,*,#2332,.T.);
#2993=ORIENTED_EDGE('',*,*,#2333,.F.);
#2994=ORIENTED_EDGE('',*,*,#2334,.F.);
#2995=ORIENTED_EDGE('',*,*,#2335,.T.);
#2996=ORIENTED_EDGE('',*,*,#2334,.T.);
#2997=ORIENTED_EDGE('',*,*,#2336,.F.);
#2998=ORIENTED_EDGE('',*,*,#2337,.F.);
#2999=ORIENTED_EDGE('',*,*,#2338,.T.);
#3000=ORIENTED_EDGE('',*,*,#2337,.T.);
#3001=ORIENTED_EDGE('',*,*,#2339,.F.);
#3002=ORIENTED_EDGE('',*,*,#2340,.F.);
#3003=ORIENTED_EDGE('',*,*,#2341,.T.);
#3004=ORIENTED_EDGE('',*,*,#2340,.T.);
#3005=ORIENTED_EDGE('',*,*,#2342,.F.);
#3006=ORIENTED_EDGE('',*,*,#2332,.F.);
#3007=ORIENTED_EDGE('',*,*,#2343,.T.);
#3008=ORIENTED_EDGE('',*,*,#2344,.T.);
#3009=ORIENTED_EDGE('',*,*,#2345,.F.);
#3010=ORIENTED_EDGE('',*,*,#2346,.F.);
#3011=ORIENTED_EDGE('',*,*,#2347,.T.);
#3012=ORIENTED_EDGE('',*,*,#2346,.T.);
#3013=ORIENTED_EDGE('',*,*,#2348,.F.);
#3014=ORIENTED_EDGE('',*,*,#2349,.F.);
#3015=ORIENTED_EDGE('',*,*,#2350,.T.);
#3016=ORIENTED_EDGE('',*,*,#2349,.T.);
#3017=ORIENTED_EDGE('',*,*,#2351,.F.);
#3018=ORIENTED_EDGE('',*,*,#2352,.F.);
#3019=ORIENTED_EDGE('',*,*,#2353,.T.);
#3020=ORIENTED_EDGE('',*,*,#2352,.T.);
#3021=ORIENTED_EDGE('',*,*,#2354,.F.);
#3022=ORIENTED_EDGE('',*,*,#2344,.F.);
#3023=ORIENTED_EDGE('',*,*,#2355,.T.);
#3024=ORIENTED_EDGE('',*,*,#2356,.T.);
#3025=ORIENTED_EDGE('',*,*,#2357,.F.);
#3026=ORIENTED_EDGE('',*,*,#2358,.F.);
#3027=ORIENTED_EDGE('',*,*,#2359,.T.);
#3028=ORIENTED_EDGE('',*,*,#2358,.T.);
#3029=ORIENTED_EDGE('',*,*,#2360,.F.);
#3030=ORIENTED_EDGE('',*,*,#2361,.F.);
#3031=ORIENTED_EDGE('',*,*,#2362,.T.);
#3032=ORIENTED_EDGE('',*,*,#2361,.T.);
#3033=ORIENTED_EDGE('',*,*,#2363,.F.);
#3034=ORIENTED_EDGE('',*,*,#2364,.F.);
#3035=ORIENTED_EDGE('',*,*,#2365,.T.);
#3036=ORIENTED_EDGE('',*,*,#2364,.T.);
#3037=ORIENTED_EDGE('',*,*,#2366,.F.);
#3038=ORIENTED_EDGE('',*,*,#2356,.F.);
#3039=ORIENTED_EDGE('',*,*,#2367,.T.);
#3040=ORIENTED_EDGE('',*,*,#2368,.T.);
#3041=ORIENTED_EDGE('',*,*,#2369,.F.);
#3042=ORIENTED_EDGE('',*,*,#2370,.F.);
#3043=ORIENTED_EDGE('',*,*,#2371,.T.);
#3044=ORIENTED_EDGE('',*,*,#2370,.T.);
#3045=ORIENTED_EDGE('',*,*,#2372,.F.);
#3046=ORIENTED_EDGE('',*,*,#2373,.F.);
#3047=ORIENTED_EDGE('',*,*,#2374,.T.);
#3048=ORIENTED_EDGE('',*,*,#2373,.T.);
#3049=ORIENTED_EDGE('',*,*,#2375,.F.);
#3050=ORIENTED_EDGE('',*,*,#2376,.F.);
#3051=ORIENTED_EDGE('',*,*,#2377,.T.);
#3052=ORIENTED_EDGE('',*,*,#2376,.T.);
#3053=ORIENTED_EDGE('',*,*,#2378,.F.);
#3054=ORIENTED_EDGE('',*,*,#2368,.F.);
#3055=ORIENTED_EDGE('',*,*,#2379,.T.);
#3056=ORIENTED_EDGE('',*,*,#2380,.T.);
#3057=ORIENTED_EDGE('',*,*,#2381,.F.);
#3058=ORIENTED_EDGE('',*,*,#2382,.F.);
#3059=ORIENTED_EDGE('',*,*,#2383,.T.);
#3060=ORIENTED_EDGE('',*,*,#2382,.T.);
#3061=ORIENTED_EDGE('',*,*,#2384,.F.);
#3062=ORIENTED_EDGE('',*,*,#2385,.F.);
#3063=ORIENTED_EDGE('',*,*,#2386,.T.);
#3064=ORIENTED_EDGE('',*,*,#2385,.T.);
#3065=ORIENTED_EDGE('',*,*,#2387,.F.);
#3066=ORIENTED_EDGE('',*,*,#2388,.F.);
#3067=ORIENTED_EDGE('',*,*,#2389,.T.);
#3068=ORIENTED_EDGE('',*,*,#2388,.T.);
#3069=ORIENTED_EDGE('',*,*,#2390,.F.);
#3070=ORIENTED_EDGE('',*,*,#2380,.F.);
#3071=ORIENTED_EDGE('',*,*,#2391,.T.);
#3072=ORIENTED_EDGE('',*,*,#2392,.T.);
#3073=ORIENTED_EDGE('',*,*,#2393,.F.);
#3074=ORIENTED_EDGE('',*,*,#2394,.F.);
#3075=ORIENTED_EDGE('',*,*,#2395,.T.);
#3076=ORIENTED_EDGE('',*,*,#2394,.T.);
#3077=ORIENTED_EDGE('',*,*,#2396,.F.);
#3078=ORIENTED_EDGE('',*,*,#2397,.F.);
#3079=ORIENTED_EDGE('',*,*,#2398,.T.);
#3080=ORIENTED_EDGE('',*,*,#2397,.T.);
#3081=ORIENTED_EDGE('',*,*,#2399,.F.);
#3082=ORIENTED_EDGE('',*,*,#2400,.F.);
#3083=ORIENTED_EDGE('',*,*,#2401,.T.);
#3084=ORIENTED_EDGE('',*,*,#2400,.T.);
#3085=ORIENTED_EDGE('',*,*,#2402,.F.);
#3086=ORIENTED_EDGE('',*,*,#2392,.F.);
#3087=ORIENTED_EDGE('',*,*,#2403,.T.);
#3088=ORIENTED_EDGE('',*,*,#2404,.T.);
#3089=ORIENTED_EDGE('',*,*,#2405,.F.);
#3090=ORIENTED_EDGE('',*,*,#2406,.F.);
#3091=ORIENTED_EDGE('',*,*,#2407,.T.);
#3092=ORIENTED_EDGE('',*,*,#2406,.T.);
#3093=ORIENTED_EDGE('',*,*,#2408,.F.);
#3094=ORIENTED_EDGE('',*,*,#2409,.F.);
#3095=ORIENTED_EDGE('',*,*,#2410,.T.);
#3096=ORIENTED_EDGE('',*,*,#2409,.T.);
#3097=ORIENTED_EDGE('',*,*,#2411,.F.);
#3098=ORIENTED_EDGE('',*,*,#2412,.F.);
#3099=ORIENTED_EDGE('',*,*,#2413,.T.);
#3100=ORIENTED_EDGE('',*,*,#2412,.T.);
#3101=ORIENTED_EDGE('',*,*,#2414,.F.);
#3102=ORIENTED_EDGE('',*,*,#2404,.F.);
#3103=ORIENTED_EDGE('',*,*,#2415,.T.);
#3104=ORIENTED_EDGE('',*,*,#2416,.T.);
#3105=ORIENTED_EDGE('',*,*,#2417,.F.);
#3106=ORIENTED_EDGE('',*,*,#2418,.F.);
#3107=ORIENTED_EDGE('',*,*,#2419,.T.);
#3108=ORIENTED_EDGE('',*,*,#2418,.T.);
#3109=ORIENTED_EDGE('',*,*,#2420,.F.);
#3110=ORIENTED_EDGE('',*,*,#2421,.F.);
#3111=ORIENTED_EDGE('',*,*,#2422,.T.);
#3112=ORIENTED_EDGE('',*,*,#2421,.T.);
#3113=ORIENTED_EDGE('',*,*,#2423,.F.);
#3114=ORIENTED_EDGE('',*,*,#2424,.F.);
#3115=ORIENTED_EDGE('',*,*,#2425,.T.);
#3116=ORIENTED_EDGE('',*,*,#2424,.T.);
#3117=ORIENTED_EDGE('',*,*,#2426,.F.);
#3118=ORIENTED_EDGE('',*,*,#2416,.F.);
#3119=ORIENTED_EDGE('',*,*,#2427,.T.);
#3120=ORIENTED_EDGE('',*,*,#2428,.T.);
#3121=ORIENTED_EDGE('',*,*,#2429,.F.);
#3122=ORIENTED_EDGE('',*,*,#2430,.F.);
#3123=ORIENTED_EDGE('',*,*,#2431,.T.);
#3124=ORIENTED_EDGE('',*,*,#2430,.T.);
#3125=ORIENTED_EDGE('',*,*,#2432,.F.);
#3126=ORIENTED_EDGE('',*,*,#2433,.F.);
#3127=ORIENTED_EDGE('',*,*,#2434,.T.);
#3128=ORIENTED_EDGE('',*,*,#2433,.T.);
#3129=ORIENTED_EDGE('',*,*,#2435,.F.);
#3130=ORIENTED_EDGE('',*,*,#2436,.F.);
#3131=ORIENTED_EDGE('',*,*,#2437,.T.);
#3132=ORIENTED_EDGE('',*,*,#2436,.T.);
#3133=ORIENTED_EDGE('',*,*,#2438,.F.);
#3134=ORIENTED_EDGE('',*,*,#2428,.F.);
#3135=ORIENTED_EDGE('',*,*,#2439,.T.);
#3136=ORIENTED_EDGE('',*,*,#2440,.T.);
#3137=ORIENTED_EDGE('',*,*,#2441,.F.);
#3138=ORIENTED_EDGE('',*,*,#2442,.F.);
#3139=ORIENTED_EDGE('',*,*,#2443,.T.);
#3140=ORIENTED_EDGE('',*,*,#2442,.T.);
#3141=ORIENTED_EDGE('',*,*,#2444,.F.);
#3142=ORIENTED_EDGE('',*,*,#2445,.F.);
#3143=ORIENTED_EDGE('',*,*,#2446,.T.);
#3144=ORIENTED_EDGE('',*,*,#2445,.T.);
#3145=ORIENTED_EDGE('',*,*,#2447,.F.);
#3146=ORIENTED_EDGE('',*,*,#2448,.F.);
#3147=ORIENTED_EDGE('',*,*,#2449,.T.);
#3148=ORIENTED_EDGE('',*,*,#2448,.T.);
#3149=ORIENTED_EDGE('',*,*,#2450,.F.);
#3150=ORIENTED_EDGE('',*,*,#2440,.F.);
#3151=ORIENTED_EDGE('',*,*,#2451,.T.);
#3152=ORIENTED_EDGE('',*,*,#2452,.T.);
#3153=ORIENTED_EDGE('',*,*,#2453,.F.);
#3154=ORIENTED_EDGE('',*,*,#2454,.F.);
#3155=ORIENTED_EDGE('',*,*,#2455,.T.);
#3156=ORIENTED_EDGE('',*,*,#2454,.T.);
#3157=ORIENTED_EDGE('',*,*,#2456,.F.);
#3158=ORIENTED_EDGE('',*,*,#2457,.F.);
#3159=ORIENTED_EDGE('',*,*,#2458,.T.);
#3160=ORIENTED_EDGE('',*,*,#2457,.T.);
#3161=ORIENTED_EDGE('',*,*,#2459,.F.);
#3162=ORIENTED_EDGE('',*,*,#2460,.F.);
#3163=ORIENTED_EDGE('',*,*,#2461,.T.);
#3164=ORIENTED_EDGE('',*,*,#2460,.T.);
#3165=ORIENTED_EDGE('',*,*,#2462,.F.);
#3166=ORIENTED_EDGE('',*,*,#2452,.F.);
#3167=ORIENTED_EDGE('',*,*,#2463,.T.);
#3168=ORIENTED_EDGE('',*,*,#2464,.T.);
#3169=ORIENTED_EDGE('',*,*,#2465,.F.);
#3170=ORIENTED_EDGE('',*,*,#2466,.F.);
#3171=ORIENTED_EDGE('',*,*,#2467,.T.);
#3172=ORIENTED_EDGE('',*,*,#2466,.T.);
#3173=ORIENTED_EDGE('',*,*,#2468,.F.);
#3174=ORIENTED_EDGE('',*,*,#2469,.F.);
#3175=ORIENTED_EDGE('',*,*,#2470,.T.);
#3176=ORIENTED_EDGE('',*,*,#2469,.T.);
#3177=ORIENTED_EDGE('',*,*,#2471,.F.);
#3178=ORIENTED_EDGE('',*,*,#2472,.F.);
#3179=ORIENTED_EDGE('',*,*,#2473,.T.);
#3180=ORIENTED_EDGE('',*,*,#2472,.T.);
#3181=ORIENTED_EDGE('',*,*,#2474,.F.);
#3182=ORIENTED_EDGE('',*,*,#2464,.F.);
#3183=ORIENTED_EDGE('',*,*,#2475,.T.);
#3184=ORIENTED_EDGE('',*,*,#2476,.T.);
#3185=ORIENTED_EDGE('',*,*,#2477,.F.);
#3186=ORIENTED_EDGE('',*,*,#2478,.F.);
#3187=ORIENTED_EDGE('',*,*,#2479,.T.);
#3188=ORIENTED_EDGE('',*,*,#2478,.T.);
#3189=ORIENTED_EDGE('',*,*,#2480,.F.);
#3190=ORIENTED_EDGE('',*,*,#2481,.F.);
#3191=ORIENTED_EDGE('',*,*,#2482,.T.);
#3192=ORIENTED_EDGE('',*,*,#2481,.T.);
#3193=ORIENTED_EDGE('',*,*,#2483,.F.);
#3194=ORIENTED_EDGE('',*,*,#2484,.F.);
#3195=ORIENTED_EDGE('',*,*,#2485,.T.);
#3196=ORIENTED_EDGE('',*,*,#2484,.T.);
#3197=ORIENTED_EDGE('',*,*,#2486,.F.);
#3198=ORIENTED_EDGE('',*,*,#2476,.F.);
#3199=ORIENTED_EDGE('',*,*,#2487,.T.);
#3200=ORIENTED_EDGE('',*,*,#2488,.T.);
#3201=ORIENTED_EDGE('',*,*,#2489,.F.);
#3202=ORIENTED_EDGE('',*,*,#2490,.F.);
#3203=ORIENTED_EDGE('',*,*,#2491,.T.);
#3204=ORIENTED_EDGE('',*,*,#2490,.T.);
#3205=ORIENTED_EDGE('',*,*,#2492,.F.);
#3206=ORIENTED_EDGE('',*,*,#2493,.F.);
#3207=ORIENTED_EDGE('',*,*,#2494,.T.);
#3208=ORIENTED_EDGE('',*,*,#2493,.T.);
#3209=ORIENTED_EDGE('',*,*,#2495,.F.);
#3210=ORIENTED_EDGE('',*,*,#2496,.F.);
#3211=ORIENTED_EDGE('',*,*,#2497,.T.);
#3212=ORIENTED_EDGE('',*,*,#2496,.T.);
#3213=ORIENTED_EDGE('',*,*,#2498,.F.);
#3214=ORIENTED_EDGE('',*,*,#2488,.F.);
#3215=ORIENTED_EDGE('',*,*,#2499,.F.);
#3216=ORIENTED_EDGE('',*,*,#2500,.T.);
#3217=ORIENTED_EDGE('',*,*,#2501,.T.);
#3218=ORIENTED_EDGE('',*,*,#2500,.F.);
#3219=ORIENTED_EDGE('',*,*,#2502,.T.);
#3220=ORIENTED_EDGE('',*,*,#2503,.T.);
#3221=ORIENTED_EDGE('',*,*,#2504,.F.);
#3222=ORIENTED_EDGE('',*,*,#2505,.F.);
#3223=ORIENTED_EDGE('',*,*,#2506,.T.);
#3224=ORIENTED_EDGE('',*,*,#2505,.T.);
#3225=ORIENTED_EDGE('',*,*,#2507,.F.);
#3226=ORIENTED_EDGE('',*,*,#2508,.F.);
#3227=ORIENTED_EDGE('',*,*,#2509,.T.);
#3228=ORIENTED_EDGE('',*,*,#2508,.T.);
#3229=ORIENTED_EDGE('',*,*,#2510,.F.);
#3230=ORIENTED_EDGE('',*,*,#2511,.F.);
#3231=ORIENTED_EDGE('',*,*,#2512,.T.);
#3232=ORIENTED_EDGE('',*,*,#2511,.T.);
#3233=ORIENTED_EDGE('',*,*,#2513,.F.);
#3234=ORIENTED_EDGE('',*,*,#2503,.F.);
#3235=ORIENTED_EDGE('',*,*,#2514,.T.);
#3236=ORIENTED_EDGE('',*,*,#2515,.T.);
#3237=ORIENTED_EDGE('',*,*,#2516,.F.);
#3238=ORIENTED_EDGE('',*,*,#2517,.F.);
#3239=ORIENTED_EDGE('',*,*,#2518,.T.);
#3240=ORIENTED_EDGE('',*,*,#2517,.T.);
#3241=ORIENTED_EDGE('',*,*,#2519,.F.);
#3242=ORIENTED_EDGE('',*,*,#2520,.F.);
#3243=ORIENTED_EDGE('',*,*,#2521,.T.);
#3244=ORIENTED_EDGE('',*,*,#2520,.T.);
#3245=ORIENTED_EDGE('',*,*,#2522,.F.);
#3246=ORIENTED_EDGE('',*,*,#2523,.F.);
#3247=ORIENTED_EDGE('',*,*,#2524,.T.);
#3248=ORIENTED_EDGE('',*,*,#2523,.T.);
#3249=ORIENTED_EDGE('',*,*,#2525,.F.);
#3250=ORIENTED_EDGE('',*,*,#2515,.F.);
#3251=ORIENTED_EDGE('',*,*,#2526,.T.);
#3252=ORIENTED_EDGE('',*,*,#2527,.T.);
#3253=ORIENTED_EDGE('',*,*,#2528,.F.);
#3254=ORIENTED_EDGE('',*,*,#2529,.F.);
#3255=ORIENTED_EDGE('',*,*,#2530,.T.);
#3256=ORIENTED_EDGE('',*,*,#2529,.T.);
#3257=ORIENTED_EDGE('',*,*,#2531,.F.);
#3258=ORIENTED_EDGE('',*,*,#2532,.F.);
#3259=ORIENTED_EDGE('',*,*,#2533,.T.);
#3260=ORIENTED_EDGE('',*,*,#2532,.T.);
#3261=ORIENTED_EDGE('',*,*,#2534,.F.);
#3262=ORIENTED_EDGE('',*,*,#2535,.F.);
#3263=ORIENTED_EDGE('',*,*,#2536,.T.);
#3264=ORIENTED_EDGE('',*,*,#2535,.T.);
#3265=ORIENTED_EDGE('',*,*,#2537,.F.);
#3266=ORIENTED_EDGE('',*,*,#2527,.F.);
#3267=ORIENTED_EDGE('',*,*,#2538,.T.);
#3268=ORIENTED_EDGE('',*,*,#2539,.T.);
#3269=ORIENTED_EDGE('',*,*,#2540,.F.);
#3270=ORIENTED_EDGE('',*,*,#2541,.F.);
#3271=ORIENTED_EDGE('',*,*,#2542,.T.);
#3272=ORIENTED_EDGE('',*,*,#2541,.T.);
#3273=ORIENTED_EDGE('',*,*,#2543,.F.);
#3274=ORIENTED_EDGE('',*,*,#2544,.F.);
#3275=ORIENTED_EDGE('',*,*,#2545,.T.);
#3276=ORIENTED_EDGE('',*,*,#2544,.T.);
#3277=ORIENTED_EDGE('',*,*,#2546,.F.);
#3278=ORIENTED_EDGE('',*,*,#2547,.F.);
#3279=ORIENTED_EDGE('',*,*,#2548,.T.);
#3280=ORIENTED_EDGE('',*,*,#2547,.T.);
#3281=ORIENTED_EDGE('',*,*,#2549,.F.);
#3282=ORIENTED_EDGE('',*,*,#2539,.F.);
#3283=ORIENTED_EDGE('',*,*,#2550,.T.);
#3284=ORIENTED_EDGE('',*,*,#2551,.T.);
#3285=ORIENTED_EDGE('',*,*,#2552,.F.);
#3286=ORIENTED_EDGE('',*,*,#2553,.F.);
#3287=ORIENTED_EDGE('',*,*,#2554,.T.);
#3288=ORIENTED_EDGE('',*,*,#2553,.T.);
#3289=ORIENTED_EDGE('',*,*,#2555,.F.);
#3290=ORIENTED_EDGE('',*,*,#2556,.F.);
#3291=ORIENTED_EDGE('',*,*,#2557,.T.);
#3292=ORIENTED_EDGE('',*,*,#2556,.T.);
#3293=ORIENTED_EDGE('',*,*,#2558,.F.);
#3294=ORIENTED_EDGE('',*,*,#2559,.F.);
#3295=ORIENTED_EDGE('',*,*,#2560,.T.);
#3296=ORIENTED_EDGE('',*,*,#2559,.T.);
#3297=ORIENTED_EDGE('',*,*,#2561,.F.);
#3298=ORIENTED_EDGE('',*,*,#2551,.F.);
#3299=ORIENTED_EDGE('',*,*,#2562,.F.);
#3300=ORIENTED_EDGE('',*,*,#2563,.T.);
#3301=ORIENTED_EDGE('',*,*,#2564,.T.);
#3302=ORIENTED_EDGE('',*,*,#2563,.F.);
#3303=ORIENTED_EDGE('',*,*,#2565,.T.);
#3304=ORIENTED_EDGE('',*,*,#2566,.T.);
#3305=ORIENTED_EDGE('',*,*,#2567,.F.);
#3306=ORIENTED_EDGE('',*,*,#2568,.F.);
#3307=ORIENTED_EDGE('',*,*,#2569,.T.);
#3308=ORIENTED_EDGE('',*,*,#2568,.T.);
#3309=ORIENTED_EDGE('',*,*,#2570,.F.);
#3310=ORIENTED_EDGE('',*,*,#2571,.F.);
#3311=ORIENTED_EDGE('',*,*,#2572,.T.);
#3312=ORIENTED_EDGE('',*,*,#2571,.T.);
#3313=ORIENTED_EDGE('',*,*,#2573,.F.);
#3314=ORIENTED_EDGE('',*,*,#2574,.F.);
#3315=ORIENTED_EDGE('',*,*,#2575,.T.);
#3316=ORIENTED_EDGE('',*,*,#2574,.T.);
#3317=ORIENTED_EDGE('',*,*,#2576,.F.);
#3318=ORIENTED_EDGE('',*,*,#2566,.F.);
#3319=ORIENTED_EDGE('',*,*,#2577,.T.);
#3320=ORIENTED_EDGE('',*,*,#2578,.T.);
#3321=ORIENTED_EDGE('',*,*,#2579,.F.);
#3322=ORIENTED_EDGE('',*,*,#2580,.F.);
#3323=ORIENTED_EDGE('',*,*,#2581,.T.);
#3324=ORIENTED_EDGE('',*,*,#2580,.T.);
#3325=ORIENTED_EDGE('',*,*,#2582,.F.);
#3326=ORIENTED_EDGE('',*,*,#2583,.F.);
#3327=ORIENTED_EDGE('',*,*,#2584,.T.);
#3328=ORIENTED_EDGE('',*,*,#2583,.T.);
#3329=ORIENTED_EDGE('',*,*,#2585,.F.);
#3330=ORIENTED_EDGE('',*,*,#2586,.F.);
#3331=ORIENTED_EDGE('',*,*,#2587,.T.);
#3332=ORIENTED_EDGE('',*,*,#2586,.T.);
#3333=ORIENTED_EDGE('',*,*,#2588,.F.);
#3334=ORIENTED_EDGE('',*,*,#2578,.F.);
#3335=ORIENTED_EDGE('',*,*,#2589,.T.);
#3336=ORIENTED_EDGE('',*,*,#2590,.T.);
#3337=ORIENTED_EDGE('',*,*,#2591,.F.);
#3338=ORIENTED_EDGE('',*,*,#2592,.F.);
#3339=ORIENTED_EDGE('',*,*,#2593,.T.);
#3340=ORIENTED_EDGE('',*,*,#2592,.T.);
#3341=ORIENTED_EDGE('',*,*,#2594,.F.);
#3342=ORIENTED_EDGE('',*,*,#2595,.F.);
#3343=ORIENTED_EDGE('',*,*,#2596,.T.);
#3344=ORIENTED_EDGE('',*,*,#2595,.T.);
#3345=ORIENTED_EDGE('',*,*,#2597,.F.);
#3346=ORIENTED_EDGE('',*,*,#2598,.F.);
#3347=ORIENTED_EDGE('',*,*,#2599,.T.);
#3348=ORIENTED_EDGE('',*,*,#2598,.T.);
#3349=ORIENTED_EDGE('',*,*,#2600,.F.);
#3350=ORIENTED_EDGE('',*,*,#2590,.F.);
#3351=ORIENTED_EDGE('',*,*,#2601,.T.);
#3352=ORIENTED_EDGE('',*,*,#2602,.T.);
#3353=ORIENTED_EDGE('',*,*,#2603,.F.);
#3354=ORIENTED_EDGE('',*,*,#2604,.F.);
#3355=ORIENTED_EDGE('',*,*,#2605,.T.);
#3356=ORIENTED_EDGE('',*,*,#2604,.T.);
#3357=ORIENTED_EDGE('',*,*,#2606,.F.);
#3358=ORIENTED_EDGE('',*,*,#2607,.F.);
#3359=ORIENTED_EDGE('',*,*,#2608,.T.);
#3360=ORIENTED_EDGE('',*,*,#2607,.T.);
#3361=ORIENTED_EDGE('',*,*,#2609,.F.);
#3362=ORIENTED_EDGE('',*,*,#2610,.F.);
#3363=ORIENTED_EDGE('',*,*,#2611,.T.);
#3364=ORIENTED_EDGE('',*,*,#2610,.T.);
#3365=ORIENTED_EDGE('',*,*,#2612,.F.);
#3366=ORIENTED_EDGE('',*,*,#2602,.F.);
#3367=ORIENTED_EDGE('',*,*,#2613,.T.);
#3368=ORIENTED_EDGE('',*,*,#2614,.T.);
#3369=ORIENTED_EDGE('',*,*,#2615,.F.);
#3370=ORIENTED_EDGE('',*,*,#2616,.F.);
#3371=ORIENTED_EDGE('',*,*,#2617,.T.);
#3372=ORIENTED_EDGE('',*,*,#2616,.T.);
#3373=ORIENTED_EDGE('',*,*,#2618,.F.);
#3374=ORIENTED_EDGE('',*,*,#2619,.F.);
#3375=ORIENTED_EDGE('',*,*,#2620,.T.);
#3376=ORIENTED_EDGE('',*,*,#2619,.T.);
#3377=ORIENTED_EDGE('',*,*,#2621,.F.);
#3378=ORIENTED_EDGE('',*,*,#2622,.F.);
#3379=ORIENTED_EDGE('',*,*,#2623,.T.);
#3380=ORIENTED_EDGE('',*,*,#2622,.T.);
#3381=ORIENTED_EDGE('',*,*,#2624,.F.);
#3382=ORIENTED_EDGE('',*,*,#2614,.F.);
#3383=ORIENTED_EDGE('',*,*,#2625,.T.);
#3384=ORIENTED_EDGE('',*,*,#2626,.T.);
#3385=ORIENTED_EDGE('',*,*,#2627,.F.);
#3386=ORIENTED_EDGE('',*,*,#2628,.F.);
#3387=ORIENTED_EDGE('',*,*,#2629,.T.);
#3388=ORIENTED_EDGE('',*,*,#2628,.T.);
#3389=ORIENTED_EDGE('',*,*,#2630,.F.);
#3390=ORIENTED_EDGE('',*,*,#2631,.F.);
#3391=ORIENTED_EDGE('',*,*,#2632,.T.);
#3392=ORIENTED_EDGE('',*,*,#2631,.T.);
#3393=ORIENTED_EDGE('',*,*,#2633,.F.);
#3394=ORIENTED_EDGE('',*,*,#2634,.F.);
#3395=ORIENTED_EDGE('',*,*,#2635,.T.);
#3396=ORIENTED_EDGE('',*,*,#2634,.T.);
#3397=ORIENTED_EDGE('',*,*,#2636,.F.);
#3398=ORIENTED_EDGE('',*,*,#2626,.F.);
#3399=ORIENTED_EDGE('',*,*,#2637,.T.);
#3400=ORIENTED_EDGE('',*,*,#2638,.T.);
#3401=ORIENTED_EDGE('',*,*,#2639,.F.);
#3402=ORIENTED_EDGE('',*,*,#2640,.F.);
#3403=ORIENTED_EDGE('',*,*,#2641,.T.);
#3404=ORIENTED_EDGE('',*,*,#2640,.T.);
#3405=ORIENTED_EDGE('',*,*,#2642,.F.);
#3406=ORIENTED_EDGE('',*,*,#2643,.F.);
#3407=ORIENTED_EDGE('',*,*,#2644,.T.);
#3408=ORIENTED_EDGE('',*,*,#2643,.T.);
#3409=ORIENTED_EDGE('',*,*,#2645,.F.);
#3410=ORIENTED_EDGE('',*,*,#2646,.F.);
#3411=ORIENTED_EDGE('',*,*,#2647,.T.);
#3412=ORIENTED_EDGE('',*,*,#2646,.T.);
#3413=ORIENTED_EDGE('',*,*,#2648,.F.);
#3414=ORIENTED_EDGE('',*,*,#2638,.F.);
#3415=ORIENTED_EDGE('',*,*,#2649,.T.);
#3416=ORIENTED_EDGE('',*,*,#2650,.T.);
#3417=ORIENTED_EDGE('',*,*,#2651,.F.);
#3418=ORIENTED_EDGE('',*,*,#2652,.F.);
#3419=ORIENTED_EDGE('',*,*,#2653,.T.);
#3420=ORIENTED_EDGE('',*,*,#2652,.T.);
#3421=ORIENTED_EDGE('',*,*,#2654,.F.);
#3422=ORIENTED_EDGE('',*,*,#2655,.F.);
#3423=ORIENTED_EDGE('',*,*,#2656,.T.);
#3424=ORIENTED_EDGE('',*,*,#2655,.T.);
#3425=ORIENTED_EDGE('',*,*,#2657,.F.);
#3426=ORIENTED_EDGE('',*,*,#2658,.F.);
#3427=ORIENTED_EDGE('',*,*,#2659,.T.);
#3428=ORIENTED_EDGE('',*,*,#2658,.T.);
#3429=ORIENTED_EDGE('',*,*,#2660,.F.);
#3430=ORIENTED_EDGE('',*,*,#2650,.F.);
#3431=ORIENTED_EDGE('',*,*,#2661,.T.);
#3432=ORIENTED_EDGE('',*,*,#2662,.T.);
#3433=ORIENTED_EDGE('',*,*,#2663,.F.);
#3434=ORIENTED_EDGE('',*,*,#2664,.F.);
#3435=ORIENTED_EDGE('',*,*,#2665,.T.);
#3436=ORIENTED_EDGE('',*,*,#2664,.T.);
#3437=ORIENTED_EDGE('',*,*,#2666,.F.);
#3438=ORIENTED_EDGE('',*,*,#2667,.F.);
#3439=ORIENTED_EDGE('',*,*,#2668,.T.);
#3440=ORIENTED_EDGE('',*,*,#2667,.T.);
#3441=ORIENTED_EDGE('',*,*,#2669,.F.);
#3442=ORIENTED_EDGE('',*,*,#2670,.F.);
#3443=ORIENTED_EDGE('',*,*,#2671,.T.);
#3444=ORIENTED_EDGE('',*,*,#2670,.T.);
#3445=ORIENTED_EDGE('',*,*,#2672,.F.);
#3446=ORIENTED_EDGE('',*,*,#2662,.F.);
#3447=ORIENTED_EDGE('',*,*,#2673,.T.);
#3448=ORIENTED_EDGE('',*,*,#2674,.T.);
#3449=ORIENTED_EDGE('',*,*,#2675,.F.);
#3450=ORIENTED_EDGE('',*,*,#2676,.F.);
#3451=ORIENTED_EDGE('',*,*,#2677,.T.);
#3452=ORIENTED_EDGE('',*,*,#2676,.T.);
#3453=ORIENTED_EDGE('',*,*,#2678,.F.);
#3454=ORIENTED_EDGE('',*,*,#2679,.F.);
#3455=ORIENTED_EDGE('',*,*,#2680,.T.);
#3456=ORIENTED_EDGE('',*,*,#2679,.T.);
#3457=ORIENTED_EDGE('',*,*,#2681,.F.);
#3458=ORIENTED_EDGE('',*,*,#2682,.F.);
#3459=ORIENTED_EDGE('',*,*,#2683,.T.);
#3460=ORIENTED_EDGE('',*,*,#2682,.T.);
#3461=ORIENTED_EDGE('',*,*,#2684,.F.);
#3462=ORIENTED_EDGE('',*,*,#2674,.F.);
#3463=ORIENTED_EDGE('',*,*,#2685,.T.);
#3464=ORIENTED_EDGE('',*,*,#2686,.T.);
#3465=ORIENTED_EDGE('',*,*,#2687,.F.);
#3466=ORIENTED_EDGE('',*,*,#2688,.F.);
#3467=ORIENTED_EDGE('',*,*,#2689,.T.);
#3468=ORIENTED_EDGE('',*,*,#2688,.T.);
#3469=ORIENTED_EDGE('',*,*,#2690,.F.);
#3470=ORIENTED_EDGE('',*,*,#2691,.F.);
#3471=ORIENTED_EDGE('',*,*,#2692,.T.);
#3472=ORIENTED_EDGE('',*,*,#2691,.T.);
#3473=ORIENTED_EDGE('',*,*,#2693,.F.);
#3474=ORIENTED_EDGE('',*,*,#2694,.F.);
#3475=ORIENTED_EDGE('',*,*,#2695,.T.);
#3476=ORIENTED_EDGE('',*,*,#2694,.T.);
#3477=ORIENTED_EDGE('',*,*,#2696,.F.);
#3478=ORIENTED_EDGE('',*,*,#2686,.F.);
#3479=ORIENTED_EDGE('',*,*,#2697,.T.);
#3480=ORIENTED_EDGE('',*,*,#2698,.T.);
#3481=ORIENTED_EDGE('',*,*,#2699,.F.);
#3482=ORIENTED_EDGE('',*,*,#2700,.F.);
#3483=ORIENTED_EDGE('',*,*,#2701,.T.);
#3484=ORIENTED_EDGE('',*,*,#2700,.T.);
#3485=ORIENTED_EDGE('',*,*,#2702,.F.);
#3486=ORIENTED_EDGE('',*,*,#2703,.F.);
#3487=ORIENTED_EDGE('',*,*,#2704,.T.);
#3488=ORIENTED_EDGE('',*,*,#2703,.T.);
#3489=ORIENTED_EDGE('',*,*,#2705,.F.);
#3490=ORIENTED_EDGE('',*,*,#2706,.F.);
#3491=ORIENTED_EDGE('',*,*,#2707,.T.);
#3492=ORIENTED_EDGE('',*,*,#2706,.T.);
#3493=ORIENTED_EDGE('',*,*,#2708,.F.);
#3494=ORIENTED_EDGE('',*,*,#2698,.F.);
#3495=ORIENTED_EDGE('',*,*,#2709,.F.);
#3496=ORIENTED_EDGE('',*,*,#2710,.T.);
#3497=ORIENTED_EDGE('',*,*,#2711,.T.);
#3498=ORIENTED_EDGE('',*,*,#2710,.F.);
#3499=ORIENTED_EDGE('',*,*,#2712,.T.);
#3500=ORIENTED_EDGE('',*,*,#2713,.T.);
#3501=ORIENTED_EDGE('',*,*,#2714,.F.);
#3502=ORIENTED_EDGE('',*,*,#2715,.F.);
#3503=ORIENTED_EDGE('',*,*,#2716,.T.);
#3504=ORIENTED_EDGE('',*,*,#2715,.T.);
#3505=ORIENTED_EDGE('',*,*,#2717,.F.);
#3506=ORIENTED_EDGE('',*,*,#2718,.F.);
#3507=ORIENTED_EDGE('',*,*,#2719,.T.);
#3508=ORIENTED_EDGE('',*,*,#2718,.T.);
#3509=ORIENTED_EDGE('',*,*,#2720,.F.);
#3510=ORIENTED_EDGE('',*,*,#2721,.F.);
#3511=ORIENTED_EDGE('',*,*,#2722,.T.);
#3512=ORIENTED_EDGE('',*,*,#2721,.T.);
#3513=ORIENTED_EDGE('',*,*,#2723,.F.);
#3514=ORIENTED_EDGE('',*,*,#2713,.F.);
#3515=ORIENTED_EDGE('',*,*,#2724,.F.);
#3516=ORIENTED_EDGE('',*,*,#2725,.T.);
#3517=ORIENTED_EDGE('',*,*,#2726,.T.);
#3518=ORIENTED_EDGE('',*,*,#2725,.F.);
#3519=ORIENTED_EDGE('',*,*,#2727,.T.);
#3520=ORIENTED_EDGE('',*,*,#2728,.T.);
#3521=ORIENTED_EDGE('',*,*,#2729,.F.);
#3522=ORIENTED_EDGE('',*,*,#2730,.F.);
#3523=ORIENTED_EDGE('',*,*,#2731,.T.);
#3524=ORIENTED_EDGE('',*,*,#2730,.T.);
#3525=ORIENTED_EDGE('',*,*,#2732,.F.);
#3526=ORIENTED_EDGE('',*,*,#2733,.F.);
#3527=ORIENTED_EDGE('',*,*,#2734,.T.);
#3528=ORIENTED_EDGE('',*,*,#2733,.T.);
#3529=ORIENTED_EDGE('',*,*,#2735,.F.);
#3530=ORIENTED_EDGE('',*,*,#2736,.F.);
#3531=ORIENTED_EDGE('',*,*,#2737,.T.);
#3532=ORIENTED_EDGE('',*,*,#2736,.T.);
#3533=ORIENTED_EDGE('',*,*,#2738,.F.);
#3534=ORIENTED_EDGE('',*,*,#2728,.F.);
#3535=ORIENTED_EDGE('',*,*,#2739,.T.);
#3536=ORIENTED_EDGE('',*,*,#2740,.T.);
#3537=ORIENTED_EDGE('',*,*,#2741,.F.);
#3538=ORIENTED_EDGE('',*,*,#2742,.F.);
#3539=ORIENTED_EDGE('',*,*,#2743,.T.);
#3540=ORIENTED_EDGE('',*,*,#2742,.T.);
#3541=ORIENTED_EDGE('',*,*,#2744,.F.);
#3542=ORIENTED_EDGE('',*,*,#2745,.F.);
#3543=ORIENTED_EDGE('',*,*,#2746,.T.);
#3544=ORIENTED_EDGE('',*,*,#2745,.T.);
#3545=ORIENTED_EDGE('',*,*,#2747,.F.);
#3546=ORIENTED_EDGE('',*,*,#2748,.F.);
#3547=ORIENTED_EDGE('',*,*,#2749,.T.);
#3548=ORIENTED_EDGE('',*,*,#2748,.T.);
#3549=ORIENTED_EDGE('',*,*,#2750,.F.);
#3550=ORIENTED_EDGE('',*,*,#2740,.F.);
#3551=ORIENTED_EDGE('',*,*,#2751,.T.);
#3552=ORIENTED_EDGE('',*,*,#2752,.T.);
#3553=ORIENTED_EDGE('',*,*,#2753,.F.);
#3554=ORIENTED_EDGE('',*,*,#2754,.F.);
#3555=ORIENTED_EDGE('',*,*,#2755,.T.);
#3556=ORIENTED_EDGE('',*,*,#2754,.T.);
#3557=ORIENTED_EDGE('',*,*,#2756,.F.);
#3558=ORIENTED_EDGE('',*,*,#2757,.F.);
#3559=ORIENTED_EDGE('',*,*,#2758,.T.);
#3560=ORIENTED_EDGE('',*,*,#2757,.T.);
#3561=ORIENTED_EDGE('',*,*,#2759,.F.);
#3562=ORIENTED_EDGE('',*,*,#2760,.F.);
#3563=ORIENTED_EDGE('',*,*,#2761,.T.);
#3564=ORIENTED_EDGE('',*,*,#2760,.T.);
#3565=ORIENTED_EDGE('',*,*,#2762,.F.);
#3566=ORIENTED_EDGE('',*,*,#2752,.F.);
#3567=ORIENTED_EDGE('',*,*,#2763,.T.);
#3568=ORIENTED_EDGE('',*,*,#2764,.T.);
#3569=ORIENTED_EDGE('',*,*,#2765,.F.);
#3570=ORIENTED_EDGE('',*,*,#2766,.F.);
#3571=ORIENTED_EDGE('',*,*,#2767,.T.);
#3572=ORIENTED_EDGE('',*,*,#2766,.T.);
#3573=ORIENTED_EDGE('',*,*,#2768,.F.);
#3574=ORIENTED_EDGE('',*,*,#2769,.F.);
#3575=ORIENTED_EDGE('',*,*,#2770,.T.);
#3576=ORIENTED_EDGE('',*,*,#2769,.T.);
#3577=ORIENTED_EDGE('',*,*,#2771,.F.);
#3578=ORIENTED_EDGE('',*,*,#2772,.F.);
#3579=ORIENTED_EDGE('',*,*,#2773,.T.);
#3580=ORIENTED_EDGE('',*,*,#2772,.T.);
#3581=ORIENTED_EDGE('',*,*,#2774,.F.);
#3582=ORIENTED_EDGE('',*,*,#2764,.F.);
#3583=ORIENTED_EDGE('',*,*,#2775,.T.);
#3584=ORIENTED_EDGE('',*,*,#2776,.T.);
#3585=ORIENTED_EDGE('',*,*,#2777,.F.);
#3586=ORIENTED_EDGE('',*,*,#2778,.F.);
#3587=ORIENTED_EDGE('',*,*,#2779,.T.);
#3588=ORIENTED_EDGE('',*,*,#2778,.T.);
#3589=ORIENTED_EDGE('',*,*,#2780,.F.);
#3590=ORIENTED_EDGE('',*,*,#2781,.F.);
#3591=ORIENTED_EDGE('',*,*,#2782,.T.);
#3592=ORIENTED_EDGE('',*,*,#2781,.T.);
#3593=ORIENTED_EDGE('',*,*,#2783,.F.);
#3594=ORIENTED_EDGE('',*,*,#2784,.F.);
#3595=ORIENTED_EDGE('',*,*,#2785,.T.);
#3596=ORIENTED_EDGE('',*,*,#2784,.T.);
#3597=ORIENTED_EDGE('',*,*,#2786,.F.);
#3598=ORIENTED_EDGE('',*,*,#2776,.F.);
#3599=ORIENTED_EDGE('',*,*,#2787,.T.);
#3600=ORIENTED_EDGE('',*,*,#2788,.T.);
#3601=ORIENTED_EDGE('',*,*,#2789,.F.);
#3602=ORIENTED_EDGE('',*,*,#2790,.F.);
#3603=ORIENTED_EDGE('',*,*,#2791,.T.);
#3604=ORIENTED_EDGE('',*,*,#2790,.T.);
#3605=ORIENTED_EDGE('',*,*,#2792,.F.);
#3606=ORIENTED_EDGE('',*,*,#2793,.F.);
#3607=ORIENTED_EDGE('',*,*,#2794,.T.);
#3608=ORIENTED_EDGE('',*,*,#2793,.T.);
#3609=ORIENTED_EDGE('',*,*,#2795,.F.);
#3610=ORIENTED_EDGE('',*,*,#2796,.F.);
#3611=ORIENTED_EDGE('',*,*,#2797,.T.);
#3612=ORIENTED_EDGE('',*,*,#2796,.T.);
#3613=ORIENTED_EDGE('',*,*,#2798,.F.);
#3614=ORIENTED_EDGE('',*,*,#2788,.F.);
#3615=ORIENTED_EDGE('',*,*,#2799,.T.);
#3616=ORIENTED_EDGE('',*,*,#2800,.T.);
#3617=ORIENTED_EDGE('',*,*,#2801,.F.);
#3618=ORIENTED_EDGE('',*,*,#2802,.F.);
#3619=ORIENTED_EDGE('',*,*,#2803,.T.);
#3620=ORIENTED_EDGE('',*,*,#2802,.T.);
#3621=ORIENTED_EDGE('',*,*,#2804,.F.);
#3622=ORIENTED_EDGE('',*,*,#2805,.F.);
#3623=ORIENTED_EDGE('',*,*,#2806,.T.);
#3624=ORIENTED_EDGE('',*,*,#2805,.T.);
#3625=ORIENTED_EDGE('',*,*,#2807,.F.);
#3626=ORIENTED_EDGE('',*,*,#2808,.F.);
#3627=ORIENTED_EDGE('',*,*,#2809,.T.);
#3628=ORIENTED_EDGE('',*,*,#2808,.T.);
#3629=ORIENTED_EDGE('',*,*,#2810,.F.);
#3630=ORIENTED_EDGE('',*,*,#2800,.F.);
#3631=ORIENTED_EDGE('',*,*,#2811,.T.);
#3632=ORIENTED_EDGE('',*,*,#2812,.T.);
#3633=ORIENTED_EDGE('',*,*,#2813,.F.);
#3634=ORIENTED_EDGE('',*,*,#2814,.F.);
#3635=ORIENTED_EDGE('',*,*,#2815,.T.);
#3636=ORIENTED_EDGE('',*,*,#2814,.T.);
#3637=ORIENTED_EDGE('',*,*,#2816,.F.);
#3638=ORIENTED_EDGE('',*,*,#2817,.F.);
#3639=ORIENTED_EDGE('',*,*,#2818,.T.);
#3640=ORIENTED_EDGE('',*,*,#2817,.T.);
#3641=ORIENTED_EDGE('',*,*,#2819,.F.);
#3642=ORIENTED_EDGE('',*,*,#2820,.F.);
#3643=ORIENTED_EDGE('',*,*,#2821,.T.);
#3644=ORIENTED_EDGE('',*,*,#2820,.T.);
#3645=ORIENTED_EDGE('',*,*,#2822,.F.);
#3646=ORIENTED_EDGE('',*,*,#2812,.F.);
#3647=ORIENTED_EDGE('',*,*,#2823,.T.);
#3648=ORIENTED_EDGE('',*,*,#2824,.T.);
#3649=ORIENTED_EDGE('',*,*,#2825,.F.);
#3650=ORIENTED_EDGE('',*,*,#2826,.F.);
#3651=ORIENTED_EDGE('',*,*,#2827,.T.);
#3652=ORIENTED_EDGE('',*,*,#2826,.T.);
#3653=ORIENTED_EDGE('',*,*,#2828,.F.);
#3654=ORIENTED_EDGE('',*,*,#2829,.F.);
#3655=ORIENTED_EDGE('',*,*,#2830,.T.);
#3656=ORIENTED_EDGE('',*,*,#2829,.T.);
#3657=ORIENTED_EDGE('',*,*,#2831,.F.);
#3658=ORIENTED_EDGE('',*,*,#2832,.F.);
#3659=ORIENTED_EDGE('',*,*,#2833,.T.);
#3660=ORIENTED_EDGE('',*,*,#2832,.T.);
#3661=ORIENTED_EDGE('',*,*,#2834,.F.);
#3662=ORIENTED_EDGE('',*,*,#2824,.F.);
#3663=ORIENTED_EDGE('',*,*,#2835,.T.);
#3664=ORIENTED_EDGE('',*,*,#2836,.T.);
#3665=ORIENTED_EDGE('',*,*,#2837,.F.);
#3666=ORIENTED_EDGE('',*,*,#2838,.F.);
#3667=ORIENTED_EDGE('',*,*,#2839,.T.);
#3668=ORIENTED_EDGE('',*,*,#2838,.T.);
#3669=ORIENTED_EDGE('',*,*,#2840,.F.);
#3670=ORIENTED_EDGE('',*,*,#2841,.F.);
#3671=ORIENTED_EDGE('',*,*,#2842,.T.);
#3672=ORIENTED_EDGE('',*,*,#2841,.T.);
#3673=ORIENTED_EDGE('',*,*,#2843,.F.);
#3674=ORIENTED_EDGE('',*,*,#2844,.F.);
#3675=ORIENTED_EDGE('',*,*,#2845,.T.);
#3676=ORIENTED_EDGE('',*,*,#2844,.T.);
#3677=ORIENTED_EDGE('',*,*,#2846,.F.);
#3678=ORIENTED_EDGE('',*,*,#2836,.F.);
#3679=ORIENTED_EDGE('',*,*,#2847,.T.);
#3680=ORIENTED_EDGE('',*,*,#2848,.T.);
#3681=ORIENTED_EDGE('',*,*,#2849,.F.);
#3682=ORIENTED_EDGE('',*,*,#2850,.F.);
#3683=ORIENTED_EDGE('',*,*,#2851,.T.);
#3684=ORIENTED_EDGE('',*,*,#2850,.T.);
#3685=ORIENTED_EDGE('',*,*,#2852,.F.);
#3686=ORIENTED_EDGE('',*,*,#2853,.F.);
#3687=ORIENTED_EDGE('',*,*,#2854,.T.);
#3688=ORIENTED_EDGE('',*,*,#2853,.T.);
#3689=ORIENTED_EDGE('',*,*,#2855,.F.);
#3690=ORIENTED_EDGE('',*,*,#2856,.F.);
#3691=ORIENTED_EDGE('',*,*,#2857,.T.);
#3692=ORIENTED_EDGE('',*,*,#2856,.T.);
#3693=ORIENTED_EDGE('',*,*,#2858,.F.);
#3694=ORIENTED_EDGE('',*,*,#2848,.F.);
#3695=ORIENTED_EDGE('',*,*,#2859,.T.);
#3696=ORIENTED_EDGE('',*,*,#2860,.T.);
#3697=ORIENTED_EDGE('',*,*,#2861,.F.);
#3698=ORIENTED_EDGE('',*,*,#2862,.F.);
#3699=ORIENTED_EDGE('',*,*,#2863,.T.);
#3700=ORIENTED_EDGE('',*,*,#2862,.T.);
#3701=ORIENTED_EDGE('',*,*,#2864,.F.);
#3702=ORIENTED_EDGE('',*,*,#2865,.F.);
#3703=ORIENTED_EDGE('',*,*,#2866,.T.);
#3704=ORIENTED_EDGE('',*,*,#2865,.T.);
#3705=ORIENTED_EDGE('',*,*,#2867,.F.);
#3706=ORIENTED_EDGE('',*,*,#2868,.F.);
#3707=ORIENTED_EDGE('',*,*,#2869,.T.);
#3708=ORIENTED_EDGE('',*,*,#2868,.T.);
#3709=ORIENTED_EDGE('',*,*,#2870,.F.);
#3710=ORIENTED_EDGE('',*,*,#2860,.F.);
#3711=ORIENTED_EDGE('',*,*,#2871,.T.);
#3712=ORIENTED_EDGE('',*,*,#2872,.T.);
#3713=ORIENTED_EDGE('',*,*,#2873,.F.);
#3714=ORIENTED_EDGE('',*,*,#2874,.F.);
#3715=ORIENTED_EDGE('',*,*,#2875,.T.);
#3716=ORIENTED_EDGE('',*,*,#2874,.T.);
#3717=ORIENTED_EDGE('',*,*,#2876,.F.);
#3718=ORIENTED_EDGE('',*,*,#2877,.F.);
#3719=ORIENTED_EDGE('',*,*,#2878,.T.);
#3720=ORIENTED_EDGE('',*,*,#2877,.T.);
#3721=ORIENTED_EDGE('',*,*,#2879,.F.);
#3722=ORIENTED_EDGE('',*,*,#2880,.F.);
#3723=ORIENTED_EDGE('',*,*,#2881,.T.);
#3724=ORIENTED_EDGE('',*,*,#2880,.T.);
#3725=ORIENTED_EDGE('',*,*,#2882,.F.);
#3726=ORIENTED_EDGE('',*,*,#2872,.F.);
#3727=ORIENTED_EDGE('',*,*,#2883,.T.);
#3728=ORIENTED_EDGE('',*,*,#2884,.T.);
#3729=ORIENTED_EDGE('',*,*,#2885,.F.);
#3730=ORIENTED_EDGE('',*,*,#2886,.F.);
#3731=ORIENTED_EDGE('',*,*,#2887,.T.);
#3732=ORIENTED_EDGE('',*,*,#2886,.T.);
#3733=ORIENTED_EDGE('',*,*,#2888,.F.);
#3734=ORIENTED_EDGE('',*,*,#2889,.F.);
#3735=ORIENTED_EDGE('',*,*,#2890,.T.);
#3736=ORIENTED_EDGE('',*,*,#2889,.T.);
#3737=ORIENTED_EDGE('',*,*,#2891,.F.);
#3738=ORIENTED_EDGE('',*,*,#2892,.F.);
#3739=ORIENTED_EDGE('',*,*,#2893,.T.);
#3740=ORIENTED_EDGE('',*,*,#2892,.T.);
#3741=ORIENTED_EDGE('',*,*,#2894,.F.);
#3742=ORIENTED_EDGE('',*,*,#2884,.F.);
#3743=ORIENTED_EDGE('',*,*,#2895,.T.);
#3744=ORIENTED_EDGE('',*,*,#2896,.T.);
#3745=ORIENTED_EDGE('',*,*,#2897,.F.);
#3746=ORIENTED_EDGE('',*,*,#2898,.F.);
#3747=ORIENTED_EDGE('',*,*,#2899,.T.);
#3748=ORIENTED_EDGE('',*,*,#2898,.T.);
#3749=ORIENTED_EDGE('',*,*,#2900,.F.);
#3750=ORIENTED_EDGE('',*,*,#2901,.F.);
#3751=ORIENTED_EDGE('',*,*,#2902,.T.);
#3752=ORIENTED_EDGE('',*,*,#2901,.T.);
#3753=ORIENTED_EDGE('',*,*,#2903,.F.);
#3754=ORIENTED_EDGE('',*,*,#2904,.F.);
#3755=ORIENTED_EDGE('',*,*,#2905,.T.);
#3756=ORIENTED_EDGE('',*,*,#2904,.T.);
#3757=ORIENTED_EDGE('',*,*,#2906,.F.);
#3758=ORIENTED_EDGE('',*,*,#2896,.F.);
#3759=ORIENTED_EDGE('',*,*,#2907,.T.);
#3760=ORIENTED_EDGE('',*,*,#2908,.T.);
#3761=ORIENTED_EDGE('',*,*,#2909,.F.);
#3762=ORIENTED_EDGE('',*,*,#2910,.F.);
#3763=ORIENTED_EDGE('',*,*,#2911,.T.);
#3764=ORIENTED_EDGE('',*,*,#2910,.T.);
#3765=ORIENTED_EDGE('',*,*,#2912,.F.);
#3766=ORIENTED_EDGE('',*,*,#2913,.F.);
#3767=ORIENTED_EDGE('',*,*,#2914,.T.);
#3768=ORIENTED_EDGE('',*,*,#2913,.T.);
#3769=ORIENTED_EDGE('',*,*,#2915,.F.);
#3770=ORIENTED_EDGE('',*,*,#2916,.F.);
#3771=ORIENTED_EDGE('',*,*,#2917,.T.);
#3772=ORIENTED_EDGE('',*,*,#2916,.T.);
#3773=ORIENTED_EDGE('',*,*,#2918,.F.);
#3774=ORIENTED_EDGE('',*,*,#2908,.F.);
#3775=ORIENTED_EDGE('',*,*,#2919,.T.);
#3776=ORIENTED_EDGE('',*,*,#2920,.T.);
#3777=ORIENTED_EDGE('',*,*,#2921,.F.);
#3778=ORIENTED_EDGE('',*,*,#2922,.F.);
#3779=ORIENTED_EDGE('',*,*,#2923,.T.);
#3780=ORIENTED_EDGE('',*,*,#2922,.T.);
#3781=ORIENTED_EDGE('',*,*,#2924,.F.);
#3782=ORIENTED_EDGE('',*,*,#2925,.F.);
#3783=ORIENTED_EDGE('',*,*,#2926,.T.);
#3784=ORIENTED_EDGE('',*,*,#2925,.T.);
#3785=ORIENTED_EDGE('',*,*,#2927,.F.);
#3786=ORIENTED_EDGE('',*,*,#2928,.F.);
#3787=ORIENTED_EDGE('',*,*,#2929,.T.);
#3788=ORIENTED_EDGE('',*,*,#2928,.T.);
#3789=ORIENTED_EDGE('',*,*,#2930,.F.);
#3790=ORIENTED_EDGE('',*,*,#2920,.F.);
#3791=ORIENTED_EDGE('',*,*,#2931,.F.);
#3792=ORIENTED_EDGE('',*,*,#2932,.T.);
#3793=ORIENTED_EDGE('',*,*,#2933,.F.);
#3794=ORIENTED_EDGE('',*,*,#2934,.F.);
#3795=ORIENTED_EDGE('',*,*,#2935,.F.);
#3796=ORIENTED_EDGE('',*,*,#2934,.T.);
#3797=ORIENTED_EDGE('',*,*,#2936,.F.);
#3798=ORIENTED_EDGE('',*,*,#2937,.F.);
#3799=ORIENTED_EDGE('',*,*,#2938,.F.);
#3800=ORIENTED_EDGE('',*,*,#2937,.T.);
#3801=ORIENTED_EDGE('',*,*,#2939,.F.);
#3802=ORIENTED_EDGE('',*,*,#2940,.F.);
#3803=ORIENTED_EDGE('',*,*,#2941,.F.);
#3804=ORIENTED_EDGE('',*,*,#2940,.T.);
#3805=ORIENTED_EDGE('',*,*,#2942,.F.);
#3806=ORIENTED_EDGE('',*,*,#2932,.F.);
#3807=ORIENTED_EDGE('',*,*,#2942,.T.);
#3808=ORIENTED_EDGE('',*,*,#2939,.T.);
#3809=ORIENTED_EDGE('',*,*,#2936,.T.);
#3810=ORIENTED_EDGE('',*,*,#2933,.T.);
#3811=ORIENTED_EDGE('',*,*,#2930,.T.);
#3812=ORIENTED_EDGE('',*,*,#2927,.T.);
#3813=ORIENTED_EDGE('',*,*,#2924,.T.);
#3814=ORIENTED_EDGE('',*,*,#2921,.T.);
#3815=ORIENTED_EDGE('',*,*,#2918,.T.);
#3816=ORIENTED_EDGE('',*,*,#2915,.T.);
#3817=ORIENTED_EDGE('',*,*,#2912,.T.);
#3818=ORIENTED_EDGE('',*,*,#2909,.T.);
#3819=ORIENTED_EDGE('',*,*,#2906,.T.);
#3820=ORIENTED_EDGE('',*,*,#2903,.T.);
#3821=ORIENTED_EDGE('',*,*,#2900,.T.);
#3822=ORIENTED_EDGE('',*,*,#2897,.T.);
#3823=ORIENTED_EDGE('',*,*,#2894,.T.);
#3824=ORIENTED_EDGE('',*,*,#2891,.T.);
#3825=ORIENTED_EDGE('',*,*,#2888,.T.);
#3826=ORIENTED_EDGE('',*,*,#2885,.T.);
#3827=ORIENTED_EDGE('',*,*,#2882,.T.);
#3828=ORIENTED_EDGE('',*,*,#2879,.T.);
#3829=ORIENTED_EDGE('',*,*,#2876,.T.);
#3830=ORIENTED_EDGE('',*,*,#2873,.T.);
#3831=ORIENTED_EDGE('',*,*,#2870,.T.);
#3832=ORIENTED_EDGE('',*,*,#2867,.T.);
#3833=ORIENTED_EDGE('',*,*,#2864,.T.);
#3834=ORIENTED_EDGE('',*,*,#2861,.T.);
#3835=ORIENTED_EDGE('',*,*,#2858,.T.);
#3836=ORIENTED_EDGE('',*,*,#2855,.T.);
#3837=ORIENTED_EDGE('',*,*,#2852,.T.);
#3838=ORIENTED_EDGE('',*,*,#2849,.T.);
#3839=ORIENTED_EDGE('',*,*,#2846,.T.);
#3840=ORIENTED_EDGE('',*,*,#2843,.T.);
#3841=ORIENTED_EDGE('',*,*,#2840,.T.);
#3842=ORIENTED_EDGE('',*,*,#2837,.T.);
#3843=ORIENTED_EDGE('',*,*,#2834,.T.);
#3844=ORIENTED_EDGE('',*,*,#2831,.T.);
#3845=ORIENTED_EDGE('',*,*,#2828,.T.);
#3846=ORIENTED_EDGE('',*,*,#2825,.T.);
#3847=ORIENTED_EDGE('',*,*,#2822,.T.);
#3848=ORIENTED_EDGE('',*,*,#2819,.T.);
#3849=ORIENTED_EDGE('',*,*,#2816,.T.);
#3850=ORIENTED_EDGE('',*,*,#2813,.T.);
#3851=ORIENTED_EDGE('',*,*,#2810,.T.);
#3852=ORIENTED_EDGE('',*,*,#2807,.T.);
#3853=ORIENTED_EDGE('',*,*,#2804,.T.);
#3854=ORIENTED_EDGE('',*,*,#2801,.T.);
#3855=ORIENTED_EDGE('',*,*,#2798,.T.);
#3856=ORIENTED_EDGE('',*,*,#2795,.T.);
#3857=ORIENTED_EDGE('',*,*,#2792,.T.);
#3858=ORIENTED_EDGE('',*,*,#2789,.T.);
#3859=ORIENTED_EDGE('',*,*,#2786,.T.);
#3860=ORIENTED_EDGE('',*,*,#2783,.T.);
#3861=ORIENTED_EDGE('',*,*,#2780,.T.);
#3862=ORIENTED_EDGE('',*,*,#2777,.T.);
#3863=ORIENTED_EDGE('',*,*,#2774,.T.);
#3864=ORIENTED_EDGE('',*,*,#2771,.T.);
#3865=ORIENTED_EDGE('',*,*,#2768,.T.);
#3866=ORIENTED_EDGE('',*,*,#2765,.T.);
#3867=ORIENTED_EDGE('',*,*,#2762,.T.);
#3868=ORIENTED_EDGE('',*,*,#2759,.T.);
#3869=ORIENTED_EDGE('',*,*,#2756,.T.);
#3870=ORIENTED_EDGE('',*,*,#2753,.T.);
#3871=ORIENTED_EDGE('',*,*,#2750,.T.);
#3872=ORIENTED_EDGE('',*,*,#2747,.T.);
#3873=ORIENTED_EDGE('',*,*,#2744,.T.);
#3874=ORIENTED_EDGE('',*,*,#2741,.T.);
#3875=ORIENTED_EDGE('',*,*,#2738,.T.);
#3876=ORIENTED_EDGE('',*,*,#2735,.T.);
#3877=ORIENTED_EDGE('',*,*,#2732,.T.);
#3878=ORIENTED_EDGE('',*,*,#2729,.T.);
#3879=ORIENTED_EDGE('',*,*,#2724,.T.);
#3880=ORIENTED_EDGE('',*,*,#2723,.T.);
#3881=ORIENTED_EDGE('',*,*,#2720,.T.);
#3882=ORIENTED_EDGE('',*,*,#2717,.T.);
#3883=ORIENTED_EDGE('',*,*,#2714,.T.);
#3884=ORIENTED_EDGE('',*,*,#2709,.T.);
#3885=ORIENTED_EDGE('',*,*,#2708,.T.);
#3886=ORIENTED_EDGE('',*,*,#2705,.T.);
#3887=ORIENTED_EDGE('',*,*,#2702,.T.);
#3888=ORIENTED_EDGE('',*,*,#2699,.T.);
#3889=ORIENTED_EDGE('',*,*,#2696,.T.);
#3890=ORIENTED_EDGE('',*,*,#2693,.T.);
#3891=ORIENTED_EDGE('',*,*,#2690,.T.);
#3892=ORIENTED_EDGE('',*,*,#2687,.T.);
#3893=ORIENTED_EDGE('',*,*,#2684,.T.);
#3894=ORIENTED_EDGE('',*,*,#2681,.T.);
#3895=ORIENTED_EDGE('',*,*,#2678,.T.);
#3896=ORIENTED_EDGE('',*,*,#2675,.T.);
#3897=ORIENTED_EDGE('',*,*,#2672,.T.);
#3898=ORIENTED_EDGE('',*,*,#2669,.T.);
#3899=ORIENTED_EDGE('',*,*,#2666,.T.);
#3900=ORIENTED_EDGE('',*,*,#2663,.T.);
#3901=ORIENTED_EDGE('',*,*,#2660,.T.);
#3902=ORIENTED_EDGE('',*,*,#2657,.T.);
#3903=ORIENTED_EDGE('',*,*,#2654,.T.);
#3904=ORIENTED_EDGE('',*,*,#2651,.T.);
#3905=ORIENTED_EDGE('',*,*,#2648,.T.);
#3906=ORIENTED_EDGE('',*,*,#2645,.T.);
#3907=ORIENTED_EDGE('',*,*,#2642,.T.);
#3908=ORIENTED_EDGE('',*,*,#2639,.T.);
#3909=ORIENTED_EDGE('',*,*,#2636,.T.);
#3910=ORIENTED_EDGE('',*,*,#2633,.T.);
#3911=ORIENTED_EDGE('',*,*,#2630,.T.);
#3912=ORIENTED_EDGE('',*,*,#2627,.T.);
#3913=ORIENTED_EDGE('',*,*,#2624,.T.);
#3914=ORIENTED_EDGE('',*,*,#2621,.T.);
#3915=ORIENTED_EDGE('',*,*,#2618,.T.);
#3916=ORIENTED_EDGE('',*,*,#2615,.T.);
#3917=ORIENTED_EDGE('',*,*,#2612,.T.);
#3918=ORIENTED_EDGE('',*,*,#2609,.T.);
#3919=ORIENTED_EDGE('',*,*,#2606,.T.);
#3920=ORIENTED_EDGE('',*,*,#2603,.T.);
#3921=ORIENTED_EDGE('',*,*,#2600,.T.);
#3922=ORIENTED_EDGE('',*,*,#2597,.T.);
#3923=ORIENTED_EDGE('',*,*,#2594,.T.);
#3924=ORIENTED_EDGE('',*,*,#2591,.T.);
#3925=ORIENTED_EDGE('',*,*,#2588,.T.);
#3926=ORIENTED_EDGE('',*,*,#2585,.T.);
#3927=ORIENTED_EDGE('',*,*,#2582,.T.);
#3928=ORIENTED_EDGE('',*,*,#2579,.T.);
#3929=ORIENTED_EDGE('',*,*,#2576,.T.);
#3930=ORIENTED_EDGE('',*,*,#2573,.T.);
#3931=ORIENTED_EDGE('',*,*,#2570,.T.);
#3932=ORIENTED_EDGE('',*,*,#2567,.T.);
#3933=ORIENTED_EDGE('',*,*,#2562,.T.);
#3934=ORIENTED_EDGE('',*,*,#2561,.T.);
#3935=ORIENTED_EDGE('',*,*,#2558,.T.);
#3936=ORIENTED_EDGE('',*,*,#2555,.T.);
#3937=ORIENTED_EDGE('',*,*,#2552,.T.);
#3938=ORIENTED_EDGE('',*,*,#2549,.T.);
#3939=ORIENTED_EDGE('',*,*,#2546,.T.);
#3940=ORIENTED_EDGE('',*,*,#2543,.T.);
#3941=ORIENTED_EDGE('',*,*,#2540,.T.);
#3942=ORIENTED_EDGE('',*,*,#2537,.T.);
#3943=ORIENTED_EDGE('',*,*,#2534,.T.);
#3944=ORIENTED_EDGE('',*,*,#2531,.T.);
#3945=ORIENTED_EDGE('',*,*,#2528,.T.);
#3946=ORIENTED_EDGE('',*,*,#2525,.T.);
#3947=ORIENTED_EDGE('',*,*,#2522,.T.);
#3948=ORIENTED_EDGE('',*,*,#2519,.T.);
#3949=ORIENTED_EDGE('',*,*,#2516,.T.);
#3950=ORIENTED_EDGE('',*,*,#2513,.T.);
#3951=ORIENTED_EDGE('',*,*,#2510,.T.);
#3952=ORIENTED_EDGE('',*,*,#2507,.T.);
#3953=ORIENTED_EDGE('',*,*,#2504,.T.);
#3954=ORIENTED_EDGE('',*,*,#2499,.T.);
#3955=ORIENTED_EDGE('',*,*,#2498,.T.);
#3956=ORIENTED_EDGE('',*,*,#2495,.T.);
#3957=ORIENTED_EDGE('',*,*,#2492,.T.);
#3958=ORIENTED_EDGE('',*,*,#2489,.T.);
#3959=ORIENTED_EDGE('',*,*,#2486,.T.);
#3960=ORIENTED_EDGE('',*,*,#2483,.T.);
#3961=ORIENTED_EDGE('',*,*,#2480,.T.);
#3962=ORIENTED_EDGE('',*,*,#2477,.T.);
#3963=ORIENTED_EDGE('',*,*,#2474,.T.);
#3964=ORIENTED_EDGE('',*,*,#2471,.T.);
#3965=ORIENTED_EDGE('',*,*,#2468,.T.);
#3966=ORIENTED_EDGE('',*,*,#2465,.T.);
#3967=ORIENTED_EDGE('',*,*,#2462,.T.);
#3968=ORIENTED_EDGE('',*,*,#2459,.T.);
#3969=ORIENTED_EDGE('',*,*,#2456,.T.);
#3970=ORIENTED_EDGE('',*,*,#2453,.T.);
#3971=ORIENTED_EDGE('',*,*,#2450,.T.);
#3972=ORIENTED_EDGE('',*,*,#2447,.T.);
#3973=ORIENTED_EDGE('',*,*,#2444,.T.);
#3974=ORIENTED_EDGE('',*,*,#2441,.T.);
#3975=ORIENTED_EDGE('',*,*,#2438,.T.);
#3976=ORIENTED_EDGE('',*,*,#2435,.T.);
#3977=ORIENTED_EDGE('',*,*,#2432,.T.);
#3978=ORIENTED_EDGE('',*,*,#2429,.T.);
#3979=ORIENTED_EDGE('',*,*,#2426,.T.);
#3980=ORIENTED_EDGE('',*,*,#2423,.T.);
#3981=ORIENTED_EDGE('',*,*,#2420,.T.);
#3982=ORIENTED_EDGE('',*,*,#2417,.T.);
#3983=ORIENTED_EDGE('',*,*,#2414,.T.);
#3984=ORIENTED_EDGE('',*,*,#2411,.T.);
#3985=ORIENTED_EDGE('',*,*,#2408,.T.);
#3986=ORIENTED_EDGE('',*,*,#2405,.T.);
#3987=ORIENTED_EDGE('',*,*,#2402,.T.);
#3988=ORIENTED_EDGE('',*,*,#2399,.T.);
#3989=ORIENTED_EDGE('',*,*,#2396,.T.);
#3990=ORIENTED_EDGE('',*,*,#2393,.T.);
#3991=ORIENTED_EDGE('',*,*,#2390,.T.);
#3992=ORIENTED_EDGE('',*,*,#2387,.T.);
#3993=ORIENTED_EDGE('',*,*,#2384,.T.);
#3994=ORIENTED_EDGE('',*,*,#2381,.T.);
#3995=ORIENTED_EDGE('',*,*,#2378,.T.);
#3996=ORIENTED_EDGE('',*,*,#2375,.T.);
#3997=ORIENTED_EDGE('',*,*,#2372,.T.);
#3998=ORIENTED_EDGE('',*,*,#2369,.T.);
#3999=ORIENTED_EDGE('',*,*,#2366,.T.);
#4000=ORIENTED_EDGE('',*,*,#2363,.T.);
#4001=ORIENTED_EDGE('',*,*,#2360,.T.);
#4002=ORIENTED_EDGE('',*,*,#2357,.T.);
#4003=ORIENTED_EDGE('',*,*,#2354,.T.);
#4004=ORIENTED_EDGE('',*,*,#2351,.T.);
#4005=ORIENTED_EDGE('',*,*,#2348,.T.);
#4006=ORIENTED_EDGE('',*,*,#2345,.T.);
#4007=ORIENTED_EDGE('',*,*,#2342,.T.);
#4008=ORIENTED_EDGE('',*,*,#2339,.T.);
#4009=ORIENTED_EDGE('',*,*,#2336,.T.);
#4010=ORIENTED_EDGE('',*,*,#2333,.T.);
#4011=ORIENTED_EDGE('',*,*,#2330,.T.);
#4012=ORIENTED_EDGE('',*,*,#2327,.T.);
#4013=ORIENTED_EDGE('',*,*,#2324,.T.);
#4014=ORIENTED_EDGE('',*,*,#2321,.T.);
#4015=ORIENTED_EDGE('',*,*,#2318,.T.);
#4016=ORIENTED_EDGE('',*,*,#2315,.T.);
#4017=ORIENTED_EDGE('',*,*,#2312,.T.);
#4018=ORIENTED_EDGE('',*,*,#2309,.T.);
#4019=ORIENTED_EDGE('',*,*,#2306,.T.);
#4020=ORIENTED_EDGE('',*,*,#2303,.T.);
#4021=ORIENTED_EDGE('',*,*,#2300,.T.);
#4022=ORIENTED_EDGE('',*,*,#2297,.T.);
#4023=ORIENTED_EDGE('',*,*,#2941,.T.);
#4024=ORIENTED_EDGE('',*,*,#2931,.T.);
#4025=ORIENTED_EDGE('',*,*,#2935,.T.);
#4026=ORIENTED_EDGE('',*,*,#2938,.T.);
#4027=ORIENTED_EDGE('',*,*,#2929,.F.);
#4028=ORIENTED_EDGE('',*,*,#2919,.F.);
#4029=ORIENTED_EDGE('',*,*,#2923,.F.);
#4030=ORIENTED_EDGE('',*,*,#2926,.F.);
#4031=ORIENTED_EDGE('',*,*,#2917,.F.);
#4032=ORIENTED_EDGE('',*,*,#2907,.F.);
#4033=ORIENTED_EDGE('',*,*,#2911,.F.);
#4034=ORIENTED_EDGE('',*,*,#2914,.F.);
#4035=ORIENTED_EDGE('',*,*,#2905,.F.);
#4036=ORIENTED_EDGE('',*,*,#2895,.F.);
#4037=ORIENTED_EDGE('',*,*,#2899,.F.);
#4038=ORIENTED_EDGE('',*,*,#2902,.F.);
#4039=ORIENTED_EDGE('',*,*,#2893,.F.);
#4040=ORIENTED_EDGE('',*,*,#2883,.F.);
#4041=ORIENTED_EDGE('',*,*,#2887,.F.);
#4042=ORIENTED_EDGE('',*,*,#2890,.F.);
#4043=ORIENTED_EDGE('',*,*,#2881,.F.);
#4044=ORIENTED_EDGE('',*,*,#2871,.F.);
#4045=ORIENTED_EDGE('',*,*,#2875,.F.);
#4046=ORIENTED_EDGE('',*,*,#2878,.F.);
#4047=ORIENTED_EDGE('',*,*,#2869,.F.);
#4048=ORIENTED_EDGE('',*,*,#2859,.F.);
#4049=ORIENTED_EDGE('',*,*,#2863,.F.);
#4050=ORIENTED_EDGE('',*,*,#2866,.F.);
#4051=ORIENTED_EDGE('',*,*,#2857,.F.);
#4052=ORIENTED_EDGE('',*,*,#2847,.F.);
#4053=ORIENTED_EDGE('',*,*,#2851,.F.);
#4054=ORIENTED_EDGE('',*,*,#2854,.F.);
#4055=ORIENTED_EDGE('',*,*,#2845,.F.);
#4056=ORIENTED_EDGE('',*,*,#2835,.F.);
#4057=ORIENTED_EDGE('',*,*,#2839,.F.);
#4058=ORIENTED_EDGE('',*,*,#2842,.F.);
#4059=ORIENTED_EDGE('',*,*,#2833,.F.);
#4060=ORIENTED_EDGE('',*,*,#2823,.F.);
#4061=ORIENTED_EDGE('',*,*,#2827,.F.);
#4062=ORIENTED_EDGE('',*,*,#2830,.F.);
#4063=ORIENTED_EDGE('',*,*,#2821,.F.);
#4064=ORIENTED_EDGE('',*,*,#2811,.F.);
#4065=ORIENTED_EDGE('',*,*,#2815,.F.);
#4066=ORIENTED_EDGE('',*,*,#2818,.F.);
#4067=ORIENTED_EDGE('',*,*,#2809,.F.);
#4068=ORIENTED_EDGE('',*,*,#2799,.F.);
#4069=ORIENTED_EDGE('',*,*,#2803,.F.);
#4070=ORIENTED_EDGE('',*,*,#2806,.F.);
#4071=ORIENTED_EDGE('',*,*,#2797,.F.);
#4072=ORIENTED_EDGE('',*,*,#2787,.F.);
#4073=ORIENTED_EDGE('',*,*,#2791,.F.);
#4074=ORIENTED_EDGE('',*,*,#2794,.F.);
#4075=ORIENTED_EDGE('',*,*,#2785,.F.);
#4076=ORIENTED_EDGE('',*,*,#2775,.F.);
#4077=ORIENTED_EDGE('',*,*,#2779,.F.);
#4078=ORIENTED_EDGE('',*,*,#2782,.F.);
#4079=ORIENTED_EDGE('',*,*,#2773,.F.);
#4080=ORIENTED_EDGE('',*,*,#2763,.F.);
#4081=ORIENTED_EDGE('',*,*,#2767,.F.);
#4082=ORIENTED_EDGE('',*,*,#2770,.F.);
#4083=ORIENTED_EDGE('',*,*,#2761,.F.);
#4084=ORIENTED_EDGE('',*,*,#2751,.F.);
#4085=ORIENTED_EDGE('',*,*,#2755,.F.);
#4086=ORIENTED_EDGE('',*,*,#2758,.F.);
#4087=ORIENTED_EDGE('',*,*,#2749,.F.);
#4088=ORIENTED_EDGE('',*,*,#2739,.F.);
#4089=ORIENTED_EDGE('',*,*,#2743,.F.);
#4090=ORIENTED_EDGE('',*,*,#2746,.F.);
#4091=ORIENTED_EDGE('',*,*,#2737,.F.);
#4092=ORIENTED_EDGE('',*,*,#2727,.F.);
#4093=ORIENTED_EDGE('',*,*,#2731,.F.);
#4094=ORIENTED_EDGE('',*,*,#2734,.F.);
#4095=ORIENTED_EDGE('',*,*,#2726,.F.);
#4096=ORIENTED_EDGE('',*,*,#2722,.F.);
#4097=ORIENTED_EDGE('',*,*,#2712,.F.);
#4098=ORIENTED_EDGE('',*,*,#2716,.F.);
#4099=ORIENTED_EDGE('',*,*,#2719,.F.);
#4100=ORIENTED_EDGE('',*,*,#2711,.F.);
#4101=ORIENTED_EDGE('',*,*,#2707,.F.);
#4102=ORIENTED_EDGE('',*,*,#2697,.F.);
#4103=ORIENTED_EDGE('',*,*,#2701,.F.);
#4104=ORIENTED_EDGE('',*,*,#2704,.F.);
#4105=ORIENTED_EDGE('',*,*,#2695,.F.);
#4106=ORIENTED_EDGE('',*,*,#2685,.F.);
#4107=ORIENTED_EDGE('',*,*,#2689,.F.);
#4108=ORIENTED_EDGE('',*,*,#2692,.F.);
#4109=ORIENTED_EDGE('',*,*,#2683,.F.);
#4110=ORIENTED_EDGE('',*,*,#2673,.F.);
#4111=ORIENTED_EDGE('',*,*,#2677,.F.);
#4112=ORIENTED_EDGE('',*,*,#2680,.F.);
#4113=ORIENTED_EDGE('',*,*,#2671,.F.);
#4114=ORIENTED_EDGE('',*,*,#2661,.F.);
#4115=ORIENTED_EDGE('',*,*,#2665,.F.);
#4116=ORIENTED_EDGE('',*,*,#2668,.F.);
#4117=ORIENTED_EDGE('',*,*,#2659,.F.);
#4118=ORIENTED_EDGE('',*,*,#2649,.F.);
#4119=ORIENTED_EDGE('',*,*,#2653,.F.);
#4120=ORIENTED_EDGE('',*,*,#2656,.F.);
#4121=ORIENTED_EDGE('',*,*,#2647,.F.);
#4122=ORIENTED_EDGE('',*,*,#2637,.F.);
#4123=ORIENTED_EDGE('',*,*,#2641,.F.);
#4124=ORIENTED_EDGE('',*,*,#2644,.F.);
#4125=ORIENTED_EDGE('',*,*,#2635,.F.);
#4126=ORIENTED_EDGE('',*,*,#2625,.F.);
#4127=ORIENTED_EDGE('',*,*,#2629,.F.);
#4128=ORIENTED_EDGE('',*,*,#2632,.F.);
#4129=ORIENTED_EDGE('',*,*,#2623,.F.);
#4130=ORIENTED_EDGE('',*,*,#2613,.F.);
#4131=ORIENTED_EDGE('',*,*,#2617,.F.);
#4132=ORIENTED_EDGE('',*,*,#2620,.F.);
#4133=ORIENTED_EDGE('',*,*,#2611,.F.);
#4134=ORIENTED_EDGE('',*,*,#2601,.F.);
#4135=ORIENTED_EDGE('',*,*,#2605,.F.);
#4136=ORIENTED_EDGE('',*,*,#2608,.F.);
#4137=ORIENTED_EDGE('',*,*,#2599,.F.);
#4138=ORIENTED_EDGE('',*,*,#2589,.F.);
#4139=ORIENTED_EDGE('',*,*,#2593,.F.);
#4140=ORIENTED_EDGE('',*,*,#2596,.F.);
#4141=ORIENTED_EDGE('',*,*,#2587,.F.);
#4142=ORIENTED_EDGE('',*,*,#2577,.F.);
#4143=ORIENTED_EDGE('',*,*,#2581,.F.);
#4144=ORIENTED_EDGE('',*,*,#2584,.F.);
#4145=ORIENTED_EDGE('',*,*,#2575,.F.);
#4146=ORIENTED_EDGE('',*,*,#2565,.F.);
#4147=ORIENTED_EDGE('',*,*,#2569,.F.);
#4148=ORIENTED_EDGE('',*,*,#2572,.F.);
#4149=ORIENTED_EDGE('',*,*,#2564,.F.);
#4150=ORIENTED_EDGE('',*,*,#2560,.F.);
#4151=ORIENTED_EDGE('',*,*,#2550,.F.);
#4152=ORIENTED_EDGE('',*,*,#2554,.F.);
#4153=ORIENTED_EDGE('',*,*,#2557,.F.);
#4154=ORIENTED_EDGE('',*,*,#2548,.F.);
#4155=ORIENTED_EDGE('',*,*,#2538,.F.);
#4156=ORIENTED_EDGE('',*,*,#2542,.F.);
#4157=ORIENTED_EDGE('',*,*,#2545,.F.);
#4158=ORIENTED_EDGE('',*,*,#2536,.F.);
#4159=ORIENTED_EDGE('',*,*,#2526,.F.);
#4160=ORIENTED_EDGE('',*,*,#2530,.F.);
#4161=ORIENTED_EDGE('',*,*,#2533,.F.);
#4162=ORIENTED_EDGE('',*,*,#2524,.F.);
#4163=ORIENTED_EDGE('',*,*,#2514,.F.);
#4164=ORIENTED_EDGE('',*,*,#2518,.F.);
#4165=ORIENTED_EDGE('',*,*,#2521,.F.);
#4166=ORIENTED_EDGE('',*,*,#2512,.F.);
#4167=ORIENTED_EDGE('',*,*,#2502,.F.);
#4168=ORIENTED_EDGE('',*,*,#2506,.F.);
#4169=ORIENTED_EDGE('',*,*,#2509,.F.);
#4170=ORIENTED_EDGE('',*,*,#2501,.F.);
#4171=ORIENTED_EDGE('',*,*,#2497,.F.);
#4172=ORIENTED_EDGE('',*,*,#2487,.F.);
#4173=ORIENTED_EDGE('',*,*,#2491,.F.);
#4174=ORIENTED_EDGE('',*,*,#2494,.F.);
#4175=ORIENTED_EDGE('',*,*,#2485,.F.);
#4176=ORIENTED_EDGE('',*,*,#2475,.F.);
#4177=ORIENTED_EDGE('',*,*,#2479,.F.);
#4178=ORIENTED_EDGE('',*,*,#2482,.F.);
#4179=ORIENTED_EDGE('',*,*,#2473,.F.);
#4180=ORIENTED_EDGE('',*,*,#2463,.F.);
#4181=ORIENTED_EDGE('',*,*,#2467,.F.);
#4182=ORIENTED_EDGE('',*,*,#2470,.F.);
#4183=ORIENTED_EDGE('',*,*,#2461,.F.);
#4184=ORIENTED_EDGE('',*,*,#2451,.F.);
#4185=ORIENTED_EDGE('',*,*,#2455,.F.);
#4186=ORIENTED_EDGE('',*,*,#2458,.F.);
#4187=ORIENTED_EDGE('',*,*,#2449,.F.);
#4188=ORIENTED_EDGE('',*,*,#2439,.F.);
#4189=ORIENTED_EDGE('',*,*,#2443,.F.);
#4190=ORIENTED_EDGE('',*,*,#2446,.F.);
#4191=ORIENTED_EDGE('',*,*,#2437,.F.);
#4192=ORIENTED_EDGE('',*,*,#2427,.F.);
#4193=ORIENTED_EDGE('',*,*,#2431,.F.);
#4194=ORIENTED_EDGE('',*,*,#2434,.F.);
#4195=ORIENTED_EDGE('',*,*,#2425,.F.);
#4196=ORIENTED_EDGE('',*,*,#2415,.F.);
#4197=ORIENTED_EDGE('',*,*,#2419,.F.);
#4198=ORIENTED_EDGE('',*,*,#2422,.F.);
#4199=ORIENTED_EDGE('',*,*,#2413,.F.);
#4200=ORIENTED_EDGE('',*,*,#2403,.F.);
#4201=ORIENTED_EDGE('',*,*,#2407,.F.);
#4202=ORIENTED_EDGE('',*,*,#2410,.F.);
#4203=ORIENTED_EDGE('',*,*,#2401,.F.);
#4204=ORIENTED_EDGE('',*,*,#2391,.F.);
#4205=ORIENTED_EDGE('',*,*,#2395,.F.);
#4206=ORIENTED_EDGE('',*,*,#2398,.F.);
#4207=ORIENTED_EDGE('',*,*,#2389,.F.);
#4208=ORIENTED_EDGE('',*,*,#2379,.F.);
#4209=ORIENTED_EDGE('',*,*,#2383,.F.);
#4210=ORIENTED_EDGE('',*,*,#2386,.F.);
#4211=ORIENTED_EDGE('',*,*,#2377,.F.);
#4212=ORIENTED_EDGE('',*,*,#2367,.F.);
#4213=ORIENTED_EDGE('',*,*,#2371,.F.);
#4214=ORIENTED_EDGE('',*,*,#2374,.F.);
#4215=ORIENTED_EDGE('',*,*,#2365,.F.);
#4216=ORIENTED_EDGE('',*,*,#2355,.F.);
#4217=ORIENTED_EDGE('',*,*,#2359,.F.);
#4218=ORIENTED_EDGE('',*,*,#2362,.F.);
#4219=ORIENTED_EDGE('',*,*,#2353,.F.);
#4220=ORIENTED_EDGE('',*,*,#2343,.F.);
#4221=ORIENTED_EDGE('',*,*,#2347,.F.);
#4222=ORIENTED_EDGE('',*,*,#2350,.F.);
#4223=ORIENTED_EDGE('',*,*,#2341,.F.);
#4224=ORIENTED_EDGE('',*,*,#2331,.F.);
#4225=ORIENTED_EDGE('',*,*,#2335,.F.);
#4226=ORIENTED_EDGE('',*,*,#2338,.F.);
#4227=ORIENTED_EDGE('',*,*,#2329,.F.);
#4228=ORIENTED_EDGE('',*,*,#2319,.F.);
#4229=ORIENTED_EDGE('',*,*,#2323,.F.);
#4230=ORIENTED_EDGE('',*,*,#2326,.F.);
#4231=ORIENTED_EDGE('',*,*,#2317,.F.);
#4232=ORIENTED_EDGE('',*,*,#2307,.F.);
#4233=ORIENTED_EDGE('',*,*,#2311,.F.);
#4234=ORIENTED_EDGE('',*,*,#2314,.F.);
#4235=ORIENTED_EDGE('',*,*,#2305,.F.);
#4236=ORIENTED_EDGE('',*,*,#2295,.F.);
#4237=ORIENTED_EDGE('',*,*,#2299,.F.);
#4238=ORIENTED_EDGE('',*,*,#2302,.F.);
#4239=PLANE('',#4581);
#4240=PLANE('',#4585);
#4241=PLANE('',#4589);
#4242=PLANE('',#4593);
#4243=PLANE('',#4597);
#4244=PLANE('',#4601);
#4245=PLANE('',#4605);
#4246=PLANE('',#4609);
#4247=PLANE('',#4613);
#4248=PLANE('',#4617);
#4249=PLANE('',#4624);
#4250=PLANE('',#4628);
#4251=PLANE('',#4629);
#4252=PLANE('',#4633);
#4253=PLANE('',#4637);
#4254=PLANE('',#4641);
#4255=PLANE('',#4648);
#4256=PLANE('',#4652);
#4257=PLANE('',#4653);
#4258=PLANE('',#4657);
#4259=PLANE('',#4661);
#4260=PLANE('',#4665);
#4261=PLANE('',#4669);
#4262=PLANE('',#4673);
#4263=PLANE('',#4677);
#4264=PLANE('',#4681);
#4265=PLANE('',#4685);
#4266=PLANE('',#4689);
#4267=PLANE('',#4693);
#4268=PLANE('',#4697);
#4269=PLANE('',#4701);
#4270=PLANE('',#4705);
#4271=PLANE('',#4709);
#4272=PLANE('',#4713);
#4273=PLANE('',#4720);
#4274=PLANE('',#4724);
#4275=PLANE('',#4728);
#4276=PLANE('',#4732);
#4277=PLANE('',#4739);
#4278=PLANE('',#4743);
#4279=PLANE('',#4747);
#4280=PLANE('',#4751);
#4281=PLANE('',#4752);
#4282=PLANE('',#4756);
#4283=PLANE('',#4763);
#4284=PLANE('',#4767);
#4285=PLANE('',#4771);
#4286=PLANE('',#4775);
#4287=PLANE('',#4782);
#4288=PLANE('',#4786);
#4289=PLANE('',#4787);
#4290=PLANE('',#4791);
#4291=PLANE('',#4795);
#4292=PLANE('',#4799);
#4293=PLANE('',#4803);
#4294=PLANE('',#4807);
#4295=PLANE('',#4811);
#4296=PLANE('',#4815);
#4297=PLANE('',#4819);
#4298=PLANE('',#4823);
#4299=PLANE('',#4827);
#4300=PLANE('',#4831);
#4301=PLANE('',#4838);
#4302=PLANE('',#4842);
#4303=PLANE('',#4843);
#4304=PLANE('',#4847);
#4305=PLANE('',#4854);
#4306=PLANE('',#4858);
#4307=PLANE('',#4862);
#4308=PLANE('',#4866);
#4309=PLANE('',#4873);
#4310=PLANE('',#4877);
#4311=PLANE('',#4881);
#4312=PLANE('',#4885);
#4313=PLANE('',#4889);
#4314=PLANE('',#4893);
#4315=PLANE('',#4900);
#4316=PLANE('',#4904);
#4317=PLANE('',#4905);
#4318=PLANE('',#4909);
#4319=PLANE('',#4913);
#4320=PLANE('',#4917);
#4321=PLANE('',#4921);
#4322=PLANE('',#4925);
#4323=PLANE('',#4932);
#4324=PLANE('',#4936);
#4325=PLANE('',#4937);
#4326=PLANE('',#4941);
#4327=PLANE('',#4948);
#4328=PLANE('',#4952);
#4329=PLANE('',#4956);
#4330=PLANE('',#4960);
#4331=PLANE('',#4961);
#4332=PLANE('',#4965);
#4333=PLANE('',#4969);
#4334=PLANE('',#4973);
#4335=PLANE('',#4977);
#4336=PLANE('',#4981);
#4337=PLANE('',#4985);
#4338=PLANE('',#4989);
#4339=PLANE('',#4996);
#4340=PLANE('',#5000);
#4341=PLANE('',#5001);
#4342=PLANE('',#5005);
#4343=PLANE('',#5009);
#4344=PLANE('',#5010);
#4345=PLANE('',#5011);
#4346=PLANE('',#5012);
#4347=PLANE('',#5013);
#4348=PLANE('',#5014);
#4349=ADVANCED_FACE('',(#451),#4239,.T.);
#4350=ADVANCED_FACE('',(#452),#343,.F.);
#4351=ADVANCED_FACE('',(#453),#4240,.T.);
#4352=ADVANCED_FACE('',(#454),#344,.F.);
#4353=ADVANCED_FACE('',(#455),#4241,.T.);
#4354=ADVANCED_FACE('',(#456),#345,.F.);
#4355=ADVANCED_FACE('',(#457),#4242,.T.);
#4356=ADVANCED_FACE('',(#458),#346,.F.);
#4357=ADVANCED_FACE('',(#459),#4243,.T.);
#4358=ADVANCED_FACE('',(#460),#347,.F.);
#4359=ADVANCED_FACE('',(#461),#4244,.T.);
#4360=ADVANCED_FACE('',(#462),#348,.F.);
#4361=ADVANCED_FACE('',(#463),#4245,.T.);
#4362=ADVANCED_FACE('',(#464),#349,.F.);
#4363=ADVANCED_FACE('',(#465),#4246,.T.);
#4364=ADVANCED_FACE('',(#466),#350,.F.);
#4365=ADVANCED_FACE('',(#467),#4247,.T.);
#4366=ADVANCED_FACE('',(#468),#351,.F.);
#4367=ADVANCED_FACE('',(#469),#4248,.T.);
#4368=ADVANCED_FACE('',(#470),#352,.F.);
#4369=ADVANCED_FACE('',(#471),#353,.F.);
#4370=ADVANCED_FACE('',(#472),#4249,.T.);
#4371=ADVANCED_FACE('',(#473),#354,.F.);
#4372=ADVANCED_FACE('',(#474),#4250,.T.);
#4373=ADVANCED_FACE('',(#475),#4251,.T.);
#4374=ADVANCED_FACE('',(#476),#355,.F.);
#4375=ADVANCED_FACE('',(#477),#4252,.T.);
#4376=ADVANCED_FACE('',(#478),#356,.F.);
#4377=ADVANCED_FACE('',(#479),#4253,.T.);
#4378=ADVANCED_FACE('',(#480),#357,.F.);
#4379=ADVANCED_FACE('',(#481),#4254,.T.);
#4380=ADVANCED_FACE('',(#482),#358,.F.);
#4381=ADVANCED_FACE('',(#483),#359,.F.);
#4382=ADVANCED_FACE('',(#484),#4255,.T.);
#4383=ADVANCED_FACE('',(#485),#360,.F.);
#4384=ADVANCED_FACE('',(#486),#4256,.T.);
#4385=ADVANCED_FACE('',(#487),#4257,.T.);
#4386=ADVANCED_FACE('',(#488),#361,.F.);
#4387=ADVANCED_FACE('',(#489),#4258,.T.);
#4388=ADVANCED_FACE('',(#490),#362,.F.);
#4389=ADVANCED_FACE('',(#491),#4259,.T.);
#4390=ADVANCED_FACE('',(#492),#363,.F.);
#4391=ADVANCED_FACE('',(#493),#4260,.T.);
#4392=ADVANCED_FACE('',(#494),#364,.F.);
#4393=ADVANCED_FACE('',(#495),#4261,.T.);
#4394=ADVANCED_FACE('',(#496),#365,.F.);
#4395=ADVANCED_FACE('',(#497),#4262,.T.);
#4396=ADVANCED_FACE('',(#498),#366,.F.);
#4397=ADVANCED_FACE('',(#499),#4263,.T.);
#4398=ADVANCED_FACE('',(#500),#367,.F.);
#4399=ADVANCED_FACE('',(#501),#4264,.T.);
#4400=ADVANCED_FACE('',(#502),#368,.F.);
#4401=ADVANCED_FACE('',(#503),#4265,.T.);
#4402=ADVANCED_FACE('',(#504),#369,.F.);
#4403=ADVANCED_FACE('',(#505),#4266,.T.);
#4404=ADVANCED_FACE('',(#506),#370,.F.);
#4405=ADVANCED_FACE('',(#507),#4267,.T.);
#4406=ADVANCED_FACE('',(#508),#371,.F.);
#4407=ADVANCED_FACE('',(#509),#4268,.T.);
#4408=ADVANCED_FACE('',(#510),#372,.F.);
#4409=ADVANCED_FACE('',(#511),#4269,.T.);
#4410=ADVANCED_FACE('',(#512),#373,.F.);
#4411=ADVANCED_FACE('',(#513),#4270,.T.);
#4412=ADVANCED_FACE('',(#514),#374,.F.);
#4413=ADVANCED_FACE('',(#515),#4271,.T.);
#4414=ADVANCED_FACE('',(#516),#375,.F.);
#4415=ADVANCED_FACE('',(#517),#4272,.T.);
#4416=ADVANCED_FACE('',(#518),#376,.F.);
#4417=ADVANCED_FACE('',(#519),#377,.F.);
#4418=ADVANCED_FACE('',(#520),#4273,.T.);
#4419=ADVANCED_FACE('',(#521),#378,.F.);
#4420=ADVANCED_FACE('',(#522),#4274,.T.);
#4421=ADVANCED_FACE('',(#523),#379,.F.);
#4422=ADVANCED_FACE('',(#524),#4275,.T.);
#4423=ADVANCED_FACE('',(#525),#380,.F.);
#4424=ADVANCED_FACE('',(#526),#4276,.T.);
#4425=ADVANCED_FACE('',(#527),#381,.F.);
#4426=ADVANCED_FACE('',(#528),#382,.F.);
#4427=ADVANCED_FACE('',(#529),#4277,.T.);
#4428=ADVANCED_FACE('',(#530),#383,.F.);
#4429=ADVANCED_FACE('',(#531),#4278,.T.);
#4430=ADVANCED_FACE('',(#532),#384,.F.);
#4431=ADVANCED_FACE('',(#533),#4279,.T.);
#4432=ADVANCED_FACE('',(#534),#385,.F.);
#4433=ADVANCED_FACE('',(#535),#4280,.T.);
#4434=ADVANCED_FACE('',(#536),#4281,.T.);
#4435=ADVANCED_FACE('',(#537),#386,.F.);
#4436=ADVANCED_FACE('',(#538),#4282,.T.);
#4437=ADVANCED_FACE('',(#539),#387,.F.);
#4438=ADVANCED_FACE('',(#540),#388,.F.);
#4439=ADVANCED_FACE('',(#541),#4283,.T.);
#4440=ADVANCED_FACE('',(#542),#389,.F.);
#4441=ADVANCED_FACE('',(#543),#4284,.T.);
#4442=ADVANCED_FACE('',(#544),#390,.F.);
#4443=ADVANCED_FACE('',(#545),#4285,.T.);
#4444=ADVANCED_FACE('',(#546),#391,.F.);
#4445=ADVANCED_FACE('',(#547),#4286,.T.);
#4446=ADVANCED_FACE('',(#548),#392,.F.);
#4447=ADVANCED_FACE('',(#549),#393,.F.);
#4448=ADVANCED_FACE('',(#550),#4287,.T.);
#4449=ADVANCED_FACE('',(#551),#394,.F.);
#4450=ADVANCED_FACE('',(#552),#4288,.T.);
#4451=ADVANCED_FACE('',(#553),#4289,.T.);
#4452=ADVANCED_FACE('',(#554),#395,.F.);
#4453=ADVANCED_FACE('',(#555),#4290,.T.);
#4454=ADVANCED_FACE('',(#556),#396,.F.);
#4455=ADVANCED_FACE('',(#557),#4291,.T.);
#4456=ADVANCED_FACE('',(#558),#397,.F.);
#4457=ADVANCED_FACE('',(#559),#4292,.T.);
#4458=ADVANCED_FACE('',(#560),#398,.F.);
#4459=ADVANCED_FACE('',(#561),#4293,.T.);
#4460=ADVANCED_FACE('',(#562),#399,.F.);
#4461=ADVANCED_FACE('',(#563),#4294,.T.);
#4462=ADVANCED_FACE('',(#564),#400,.F.);
#4463=ADVANCED_FACE('',(#565),#4295,.T.);
#4464=ADVANCED_FACE('',(#566),#401,.F.);
#4465=ADVANCED_FACE('',(#567),#4296,.T.);
#4466=ADVANCED_FACE('',(#568),#402,.F.);
#4467=ADVANCED_FACE('',(#569),#4297,.T.);
#4468=ADVANCED_FACE('',(#570),#403,.F.);
#4469=ADVANCED_FACE('',(#571),#4298,.T.);
#4470=ADVANCED_FACE('',(#572),#404,.F.);
#4471=ADVANCED_FACE('',(#573),#4299,.T.);
#4472=ADVANCED_FACE('',(#574),#405,.F.);
#4473=ADVANCED_FACE('',(#575),#4300,.T.);
#4474=ADVANCED_FACE('',(#576),#406,.F.);
#4475=ADVANCED_FACE('',(#577),#407,.F.);
#4476=ADVANCED_FACE('',(#578),#4301,.T.);
#4477=ADVANCED_FACE('',(#579),#408,.F.);
#4478=ADVANCED_FACE('',(#580),#4302,.T.);
#4479=ADVANCED_FACE('',(#581),#4303,.T.);
#4480=ADVANCED_FACE('',(#582),#409,.F.);
#4481=ADVANCED_FACE('',(#583),#4304,.T.);
#4482=ADVANCED_FACE('',(#584),#410,.F.);
#4483=ADVANCED_FACE('',(#585),#411,.F.);
#4484=ADVANCED_FACE('',(#586),#4305,.T.);
#4485=ADVANCED_FACE('',(#587),#412,.F.);
#4486=ADVANCED_FACE('',(#588),#4306,.T.);
#4487=ADVANCED_FACE('',(#589),#413,.F.);
#4488=ADVANCED_FACE('',(#590),#4307,.T.);
#4489=ADVANCED_FACE('',(#591),#414,.F.);
#4490=ADVANCED_FACE('',(#592),#4308,.T.);
#4491=ADVANCED_FACE('',(#593),#415,.F.);
#4492=ADVANCED_FACE('',(#594),#416,.F.);
#4493=ADVANCED_FACE('',(#595),#4309,.T.);
#4494=ADVANCED_FACE('',(#596),#417,.F.);
#4495=ADVANCED_FACE('',(#597),#4310,.T.);
#4496=ADVANCED_FACE('',(#598),#418,.F.);
#4497=ADVANCED_FACE('',(#599),#4311,.T.);
#4498=ADVANCED_FACE('',(#600),#419,.F.);
#4499=ADVANCED_FACE('',(#601),#4312,.T.);
#4500=ADVANCED_FACE('',(#602),#420,.F.);
#4501=ADVANCED_FACE('',(#603),#4313,.T.);
#4502=ADVANCED_FACE('',(#604),#421,.F.);
#4503=ADVANCED_FACE('',(#605),#4314,.T.);
#4504=ADVANCED_FACE('',(#606),#422,.F.);
#4505=ADVANCED_FACE('',(#607),#423,.F.);
#4506=ADVANCED_FACE('',(#608),#4315,.T.);
#4507=ADVANCED_FACE('',(#609),#424,.F.);
#4508=ADVANCED_FACE('',(#610),#4316,.T.);
#4509=ADVANCED_FACE('',(#611),#4317,.T.);
#4510=ADVANCED_FACE('',(#612),#425,.F.);
#4511=ADVANCED_FACE('',(#613),#4318,.T.);
#4512=ADVANCED_FACE('',(#614),#426,.F.);
#4513=ADVANCED_FACE('',(#615),#4319,.T.);
#4514=ADVANCED_FACE('',(#616),#427,.F.);
#4515=ADVANCED_FACE('',(#617),#4320,.T.);
#4516=ADVANCED_FACE('',(#618),#428,.F.);
#4517=ADVANCED_FACE('',(#619),#4321,.T.);
#4518=ADVANCED_FACE('',(#620),#429,.F.);
#4519=ADVANCED_FACE('',(#621),#4322,.T.);
#4520=ADVANCED_FACE('',(#622),#430,.F.);
#4521=ADVANCED_FACE('',(#623),#431,.F.);
#4522=ADVANCED_FACE('',(#624),#4323,.T.);
#4523=ADVANCED_FACE('',(#625),#432,.F.);
#4524=ADVANCED_FACE('',(#626),#4324,.T.);
#4525=ADVANCED_FACE('',(#627),#4325,.T.);
#4526=ADVANCED_FACE('',(#628),#433,.F.);
#4527=ADVANCED_FACE('',(#629),#4326,.T.);
#4528=ADVANCED_FACE('',(#630),#434,.F.);
#4529=ADVANCED_FACE('',(#631),#435,.F.);
#4530=ADVANCED_FACE('',(#632),#4327,.T.);
#4531=ADVANCED_FACE('',(#633),#436,.F.);
#4532=ADVANCED_FACE('',(#634),#4328,.T.);
#4533=ADVANCED_FACE('',(#635),#437,.F.);
#4534=ADVANCED_FACE('',(#636),#4329,.T.);
#4535=ADVANCED_FACE('',(#637),#438,.F.);
#4536=ADVANCED_FACE('',(#638),#4330,.T.);
#4537=ADVANCED_FACE('',(#639),#4331,.T.);
#4538=ADVANCED_FACE('',(#640),#439,.F.);
#4539=ADVANCED_FACE('',(#641),#4332,.T.);
#4540=ADVANCED_FACE('',(#642),#440,.F.);
#4541=ADVANCED_FACE('',(#643),#4333,.T.);
#4542=ADVANCED_FACE('',(#644),#441,.F.);
#4543=ADVANCED_FACE('',(#645),#4334,.T.);
#4544=ADVANCED_FACE('',(#646),#442,.F.);
#4545=ADVANCED_FACE('',(#647),#4335,.T.);
#4546=ADVANCED_FACE('',(#648),#443,.F.);
#4547=ADVANCED_FACE('',(#649),#4336,.T.);
#4548=ADVANCED_FACE('',(#650),#444,.F.);
#4549=ADVANCED_FACE('',(#651),#4337,.T.);
#4550=ADVANCED_FACE('',(#652),#445,.F.);
#4551=ADVANCED_FACE('',(#653),#4338,.T.);
#4552=ADVANCED_FACE('',(#654),#446,.F.);
#4553=ADVANCED_FACE('',(#655),#447,.F.);
#4554=ADVANCED_FACE('',(#656),#4339,.T.);
#4555=ADVANCED_FACE('',(#657),#448,.F.);
#4556=ADVANCED_FACE('',(#658),#4340,.T.);
#4557=ADVANCED_FACE('',(#659),#4341,.T.);
#4558=ADVANCED_FACE('',(#660),#449,.F.);
#4559=ADVANCED_FACE('',(#661),#4342,.T.);
#4560=ADVANCED_FACE('',(#662),#450,.F.);
#4561=ADVANCED_FACE('',(#663),#4343,.T.);
#4562=ADVANCED_FACE('',(#664),#4344,.T.);
#4563=ADVANCED_FACE('',(#665),#4345,.T.);
#4564=ADVANCED_FACE('',(#666),#4346,.T.);
#4565=ADVANCED_FACE('',(#667,#15,#16,#17,#18,#19,#20,#21,#22,#23,#24,#25,
#26,#27,#28,#29,#30,#31,#32,#33,#34,#35,#36,#37,#38,#39,#40,#41,#42,#43,
#44,#45,#46,#47,#48,#49,#50,#51,#52,#53,#54,#55,#56,#57,#58,#59,#60,#61,
#62,#63,#64,#65,#66,#67,#68,#69,#70),#4347,.T.);
#4566=ADVANCED_FACE('',(#668,#71,#72,#73,#74,#75,#76,#77,#78,#79,#80,#81,
#82,#83,#84,#85,#86,#87,#88,#89,#90,#91,#92,#93,#94,#95,#96,#97,#98,#99,
#100,#101,#102,#103,#104,#105,#106,#107,#108,#109,#110,#111,#112,#113,#114,
#115,#116,#117,#118,#119,#120,#121,#122,#123,#124,#125,#126),#4348,.F.);
#4567=CLOSED_SHELL('',(#4349,#4350,#4351,#4352,#4353,#4354,#4355,#4356,
#4357,#4358,#4359,#4360,#4361,#4362,#4363,#4364,#4365,#4366,#4367,#4368,
#4369,#4370,#4371,#4372,#4373,#4374,#4375,#4376,#4377,#4378,#4379,#4380,
#4381,#4382,#4383,#4384,#4385,#4386,#4387,#4388,#4389,#4390,#4391,#4392,
#4393,#4394,#4395,#4396,#4397,#4398,#4399,#4400,#4401,#4402,#4403,#4404,
#4405,#4406,#4407,#4408,#4409,#4410,#4411,#4412,#4413,#4414,#4415,#4416,
#4417,#4418,#4419,#4420,#4421,#4422,#4423,#4424,#4425,#4426,#4427,#4428,
#4429,#4430,#4431,#4432,#4433,#4434,#4435,#4436,#4437,#4438,#4439,#4440,
#4441,#4442,#4443,#4444,#4445,#4446,#4447,#4448,#4449,#4450,#4451,#4452,
#4453,#4454,#4455,#4456,#4457,#4458,#4459,#4460,#4461,#4462,#4463,#4464,
#4465,#4466,#4467,#4468,#4469,#4470,#4471,#4472,#4473,#4474,#4475,#4476,
#4477,#4478,#4479,#4480,#4481,#4482,#4483,#4484,#4485,#4486,#4487,#4488,
#4489,#4490,#4491,#4492,#4493,#4494,#4495,#4496,#4497,#4498,#4499,#4500,
#4501,#4502,#4503,#4504,#4505,#4506,#4507,#4508,#4509,#4510,#4511,#4512,
#4513,#4514,#4515,#4516,#4517,#4518,#4519,#4520,#4521,#4522,#4523,#4524,
#4525,#4526,#4527,#4528,#4529,#4530,#4531,#4532,#4533,#4534,#4535,#4536,
#4537,#4538,#4539,#4540,#4541,#4542,#4543,#4544,#4545,#4546,#4547,#4548,
#4549,#4550,#4551,#4552,#4553,#4554,#4555,#4556,#4557,#4558,#4559,#4560,
#4561,#4562,#4563,#4564,#4565,#4566));
#4568=DERIVED_UNIT_ELEMENT(#4570,1.);
#4569=DERIVED_UNIT_ELEMENT(#7621,-3.);
#4570=(
MASS_UNIT()
NAMED_UNIT(*)
SI_UNIT(.KILO.,.GRAM.)
);
#4571=DERIVED_UNIT((#4568,#4569));
#4572=MEASURE_REPRESENTATION_ITEM('density measure',
POSITIVE_RATIO_MEASURE(7850.),#4571);
#4573=PROPERTY_DEFINITION_REPRESENTATION(#4578,#4575);
#4574=PROPERTY_DEFINITION_REPRESENTATION(#4579,#4576);
#4575=REPRESENTATION('material name',(#4577),#7618);
#4576=REPRESENTATION('density',(#4572),#7618);
#4577=DESCRIPTIVE_REPRESENTATION_ITEM('Steel','Steel');
#4578=PROPERTY_DEFINITION('material property','material name',#7628);
#4579=PROPERTY_DEFINITION('material property','density of part',#7628);
#4580=AXIS2_PLACEMENT_3D('',#6317,#5015,#5016);
#4581=AXIS2_PLACEMENT_3D('',#6318,#5017,#5018);
#4582=AXIS2_PLACEMENT_3D('',#6327,#5023,#5024);
#4583=AXIS2_PLACEMENT_3D('',#6329,#5025,#5026);
#4584=AXIS2_PLACEMENT_3D('',#6331,#5027,#5028);
#4585=AXIS2_PLACEMENT_3D('',#6333,#5030,#5031);
#4586=AXIS2_PLACEMENT_3D('',#6339,#5035,#5036);
#4587=AXIS2_PLACEMENT_3D('',#6340,#5037,#5038);
#4588=AXIS2_PLACEMENT_3D('',#6341,#5039,#5040);
#4589=AXIS2_PLACEMENT_3D('',#6342,#5041,#5042);
#4590=AXIS2_PLACEMENT_3D('',#6351,#5047,#5048);
#4591=AXIS2_PLACEMENT_3D('',#6353,#5049,#5050);
#4592=AXIS2_PLACEMENT_3D('',#6355,#5051,#5052);
#4593=AXIS2_PLACEMENT_3D('',#6357,#5054,#5055);
#4594=AXIS2_PLACEMENT_3D('',#6363,#5059,#5060);
#4595=AXIS2_PLACEMENT_3D('',#6364,#5061,#5062);
#4596=AXIS2_PLACEMENT_3D('',#6365,#5063,#5064);
#4597=AXIS2_PLACEMENT_3D('',#6366,#5065,#5066);
#4598=AXIS2_PLACEMENT_3D('',#6375,#5071,#5072);
#4599=AXIS2_PLACEMENT_3D('',#6377,#5073,#5074);
#4600=AXIS2_PLACEMENT_3D('',#6379,#5075,#5076);
#4601=AXIS2_PLACEMENT_3D('',#6381,#5078,#5079);
#4602=AXIS2_PLACEMENT_3D('',#6387,#5083,#5084);
#4603=AXIS2_PLACEMENT_3D('',#6388,#5085,#5086);
#4604=AXIS2_PLACEMENT_3D('',#6389,#5087,#5088);
#4605=AXIS2_PLACEMENT_3D('',#6390,#5089,#5090);
#4606=AXIS2_PLACEMENT_3D('',#6399,#5095,#5096);
#4607=AXIS2_PLACEMENT_3D('',#6401,#5097,#5098);
#4608=AXIS2_PLACEMENT_3D('',#6403,#5099,#5100);
#4609=AXIS2_PLACEMENT_3D('',#6405,#5102,#5103);
#4610=AXIS2_PLACEMENT_3D('',#6411,#5107,#5108);
#4611=AXIS2_PLACEMENT_3D('',#6412,#5109,#5110);
#4612=AXIS2_PLACEMENT_3D('',#6413,#5111,#5112);
#4613=AXIS2_PLACEMENT_3D('',#6414,#5113,#5114);
#4614=AXIS2_PLACEMENT_3D('',#6423,#5119,#5120);
#4615=AXIS2_PLACEMENT_3D('',#6425,#5121,#5122);
#4616=AXIS2_PLACEMENT_3D('',#6427,#5123,#5124);
#4617=AXIS2_PLACEMENT_3D('',#6429,#5126,#5127);
#4618=AXIS2_PLACEMENT_3D('',#6435,#5131,#5132);
#4619=AXIS2_PLACEMENT_3D('',#6436,#5133,#5134);
#4620=AXIS2_PLACEMENT_3D('',#6437,#5135,#5136);
#4621=AXIS2_PLACEMENT_3D('',#6438,#5137,#5138);
#4622=AXIS2_PLACEMENT_3D('',#6441,#5139,#5140);
#4623=AXIS2_PLACEMENT_3D('',#6445,#5142,#5143);
#4624=AXIS2_PLACEMENT_3D('',#6447,#5145,#5146);
#4625=AXIS2_PLACEMENT_3D('',#6453,#5150,#5151);
#4626=AXIS2_PLACEMENT_3D('',#6455,#5152,#5153);
#4627=AXIS2_PLACEMENT_3D('',#6457,#5154,#5155);
#4628=AXIS2_PLACEMENT_3D('',#6459,#5157,#5158);
#4629=AXIS2_PLACEMENT_3D('',#6462,#5161,#5162);
#4630=AXIS2_PLACEMENT_3D('',#6471,#5167,#5168);
#4631=AXIS2_PLACEMENT_3D('',#6473,#5169,#5170);
#4632=AXIS2_PLACEMENT_3D('',#6475,#5171,#5172);
#4633=AXIS2_PLACEMENT_3D('',#6477,#5174,#5175);
#4634=AXIS2_PLACEMENT_3D('',#6483,#5179,#5180);
#4635=AXIS2_PLACEMENT_3D('',#6484,#5181,#5182);
#4636=AXIS2_PLACEMENT_3D('',#6485,#5183,#5184);
#4637=AXIS2_PLACEMENT_3D('',#6486,#5185,#5186);
#4638=AXIS2_PLACEMENT_3D('',#6495,#5191,#5192);
#4639=AXIS2_PLACEMENT_3D('',#6497,#5193,#5194);
#4640=AXIS2_PLACEMENT_3D('',#6499,#5195,#5196);
#4641=AXIS2_PLACEMENT_3D('',#6501,#5198,#5199);
#4642=AXIS2_PLACEMENT_3D('',#6507,#5203,#5204);
#4643=AXIS2_PLACEMENT_3D('',#6508,#5205,#5206);
#4644=AXIS2_PLACEMENT_3D('',#6509,#5207,#5208);
#4645=AXIS2_PLACEMENT_3D('',#6510,#5209,#5210);
#4646=AXIS2_PLACEMENT_3D('',#6513,#5211,#5212);
#4647=AXIS2_PLACEMENT_3D('',#6517,#5214,#5215);
#4648=AXIS2_PLACEMENT_3D('',#6519,#5217,#5218);
#4649=AXIS2_PLACEMENT_3D('',#6525,#5222,#5223);
#4650=AXIS2_PLACEMENT_3D('',#6527,#5224,#5225);
#4651=AXIS2_PLACEMENT_3D('',#6529,#5226,#5227);
#4652=AXIS2_PLACEMENT_3D('',#6531,#5229,#5230);
#4653=AXIS2_PLACEMENT_3D('',#6534,#5233,#5234);
#4654=AXIS2_PLACEMENT_3D('',#6543,#5239,#5240);
#4655=AXIS2_PLACEMENT_3D('',#6545,#5241,#5242);
#4656=AXIS2_PLACEMENT_3D('',#6547,#5243,#5244);
#4657=AXIS2_PLACEMENT_3D('',#6549,#5246,#5247);
#4658=AXIS2_PLACEMENT_3D('',#6555,#5251,#5252);
#4659=AXIS2_PLACEMENT_3D('',#6556,#5253,#5254);
#4660=AXIS2_PLACEMENT_3D('',#6557,#5255,#5256);
#4661=AXIS2_PLACEMENT_3D('',#6558,#5257,#5258);
#4662=AXIS2_PLACEMENT_3D('',#6567,#5263,#5264);
#4663=AXIS2_PLACEMENT_3D('',#6569,#5265,#5266);
#4664=AXIS2_PLACEMENT_3D('',#6571,#5267,#5268);
#4665=AXIS2_PLACEMENT_3D('',#6573,#5270,#5271);
#4666=AXIS2_PLACEMENT_3D('',#6579,#5275,#5276);
#4667=AXIS2_PLACEMENT_3D('',#6580,#5277,#5278);
#4668=AXIS2_PLACEMENT_3D('',#6581,#5279,#5280);
#4669=AXIS2_PLACEMENT_3D('',#6582,#5281,#5282);
#4670=AXIS2_PLACEMENT_3D('',#6591,#5287,#5288);
#4671=AXIS2_PLACEMENT_3D('',#6593,#5289,#5290);
#4672=AXIS2_PLACEMENT_3D('',#6595,#5291,#5292);
#4673=AXIS2_PLACEMENT_3D('',#6597,#5294,#5295);
#4674=AXIS2_PLACEMENT_3D('',#6603,#5299,#5300);
#4675=AXIS2_PLACEMENT_3D('',#6604,#5301,#5302);
#4676=AXIS2_PLACEMENT_3D('',#6605,#5303,#5304);
#4677=AXIS2_PLACEMENT_3D('',#6606,#5305,#5306);
#4678=AXIS2_PLACEMENT_3D('',#6615,#5311,#5312);
#4679=AXIS2_PLACEMENT_3D('',#6617,#5313,#5314);
#4680=AXIS2_PLACEMENT_3D('',#6619,#5315,#5316);
#4681=AXIS2_PLACEMENT_3D('',#6621,#5318,#5319);
#4682=AXIS2_PLACEMENT_3D('',#6627,#5323,#5324);
#4683=AXIS2_PLACEMENT_3D('',#6628,#5325,#5326);
#4684=AXIS2_PLACEMENT_3D('',#6629,#5327,#5328);
#4685=AXIS2_PLACEMENT_3D('',#6630,#5329,#5330);
#4686=AXIS2_PLACEMENT_3D('',#6639,#5335,#5336);
#4687=AXIS2_PLACEMENT_3D('',#6641,#5337,#5338);
#4688=AXIS2_PLACEMENT_3D('',#6643,#5339,#5340);
#4689=AXIS2_PLACEMENT_3D('',#6645,#5342,#5343);
#4690=AXIS2_PLACEMENT_3D('',#6651,#5347,#5348);
#4691=AXIS2_PLACEMENT_3D('',#6652,#5349,#5350);
#4692=AXIS2_PLACEMENT_3D('',#6653,#5351,#5352);
#4693=AXIS2_PLACEMENT_3D('',#6654,#5353,#5354);
#4694=AXIS2_PLACEMENT_3D('',#6663,#5359,#5360);
#4695=AXIS2_PLACEMENT_3D('',#6665,#5361,#5362);
#4696=AXIS2_PLACEMENT_3D('',#6667,#5363,#5364);
#4697=AXIS2_PLACEMENT_3D('',#6669,#5366,#5367);
#4698=AXIS2_PLACEMENT_3D('',#6675,#5371,#5372);
#4699=AXIS2_PLACEMENT_3D('',#6676,#5373,#5374);
#4700=AXIS2_PLACEMENT_3D('',#6677,#5375,#5376);
#4701=AXIS2_PLACEMENT_3D('',#6678,#5377,#5378);
#4702=AXIS2_PLACEMENT_3D('',#6687,#5383,#5384);
#4703=AXIS2_PLACEMENT_3D('',#6689,#5385,#5386);
#4704=AXIS2_PLACEMENT_3D('',#6691,#5387,#5388);
#4705=AXIS2_PLACEMENT_3D('',#6693,#5390,#5391);
#4706=AXIS2_PLACEMENT_3D('',#6699,#5395,#5396);
#4707=AXIS2_PLACEMENT_3D('',#6700,#5397,#5398);
#4708=AXIS2_PLACEMENT_3D('',#6701,#5399,#5400);
#4709=AXIS2_PLACEMENT_3D('',#6702,#5401,#5402);
#4710=AXIS2_PLACEMENT_3D('',#6711,#5407,#5408);
#4711=AXIS2_PLACEMENT_3D('',#6713,#5409,#5410);
#4712=AXIS2_PLACEMENT_3D('',#6715,#5411,#5412);
#4713=AXIS2_PLACEMENT_3D('',#6717,#5414,#5415);
#4714=AXIS2_PLACEMENT_3D('',#6723,#5419,#5420);
#4715=AXIS2_PLACEMENT_3D('',#6724,#5421,#5422);
#4716=AXIS2_PLACEMENT_3D('',#6725,#5423,#5424);
#4717=AXIS2_PLACEMENT_3D('',#6726,#5425,#5426);
#4718=AXIS2_PLACEMENT_3D('',#6728,#5427,#5428);
#4719=AXIS2_PLACEMENT_3D('',#6731,#5430,#5431);
#4720=AXIS2_PLACEMENT_3D('',#6732,#5432,#5433);
#4721=AXIS2_PLACEMENT_3D('',#6741,#5438,#5439);
#4722=AXIS2_PLACEMENT_3D('',#6743,#5440,#5441);
#4723=AXIS2_PLACEMENT_3D('',#6745,#5442,#5443);
#4724=AXIS2_PLACEMENT_3D('',#6747,#5445,#5446);
#4725=AXIS2_PLACEMENT_3D('',#6753,#5450,#5451);
#4726=AXIS2_PLACEMENT_3D('',#6754,#5452,#5453);
#4727=AXIS2_PLACEMENT_3D('',#6755,#5454,#5455);
#4728=AXIS2_PLACEMENT_3D('',#6756,#5456,#5457);
#4729=AXIS2_PLACEMENT_3D('',#6765,#5462,#5463);
#4730=AXIS2_PLACEMENT_3D('',#6767,#5464,#5465);
#4731=AXIS2_PLACEMENT_3D('',#6769,#5466,#5467);
#4732=AXIS2_PLACEMENT_3D('',#6771,#5469,#5470);
#4733=AXIS2_PLACEMENT_3D('',#6777,#5474,#5475);
#4734=AXIS2_PLACEMENT_3D('',#6778,#5476,#5477);
#4735=AXIS2_PLACEMENT_3D('',#6779,#5478,#5479);
#4736=AXIS2_PLACEMENT_3D('',#6780,#5480,#5481);
#4737=AXIS2_PLACEMENT_3D('',#6783,#5482,#5483);
#4738=AXIS2_PLACEMENT_3D('',#6787,#5485,#5486);
#4739=AXIS2_PLACEMENT_3D('',#6789,#5488,#5489);
#4740=AXIS2_PLACEMENT_3D('',#6795,#5493,#5494);
#4741=AXIS2_PLACEMENT_3D('',#6797,#5495,#5496);
#4742=AXIS2_PLACEMENT_3D('',#6799,#5497,#5498);
#4743=AXIS2_PLACEMENT_3D('',#6801,#5500,#5501);
#4744=AXIS2_PLACEMENT_3D('',#6804,#5504,#5505);
#4745=AXIS2_PLACEMENT_3D('',#6807,#5506,#5507);
#4746=AXIS2_PLACEMENT_3D('',#6811,#5509,#5510);
#4747=AXIS2_PLACEMENT_3D('',#6813,#5512,#5513);
#4748=AXIS2_PLACEMENT_3D('',#6819,#5517,#5518);
#4749=AXIS2_PLACEMENT_3D('',#6821,#5519,#5520);
#4750=AXIS2_PLACEMENT_3D('',#6823,#5521,#5522);
#4751=AXIS2_PLACEMENT_3D('',#6825,#5524,#5525);
#4752=AXIS2_PLACEMENT_3D('',#6828,#5528,#5529);
#4753=AXIS2_PLACEMENT_3D('',#6837,#5534,#5535);
#4754=AXIS2_PLACEMENT_3D('',#6839,#5536,#5537);
#4755=AXIS2_PLACEMENT_3D('',#6841,#5538,#5539);
#4756=AXIS2_PLACEMENT_3D('',#6843,#5541,#5542);
#4757=AXIS2_PLACEMENT_3D('',#6849,#5546,#5547);
#4758=AXIS2_PLACEMENT_3D('',#6850,#5548,#5549);
#4759=AXIS2_PLACEMENT_3D('',#6851,#5550,#5551);
#4760=AXIS2_PLACEMENT_3D('',#6852,#5552,#5553);
#4761=AXIS2_PLACEMENT_3D('',#6854,#5554,#5555);
#4762=AXIS2_PLACEMENT_3D('',#6857,#5557,#5558);
#4763=AXIS2_PLACEMENT_3D('',#6858,#5559,#5560);
#4764=AXIS2_PLACEMENT_3D('',#6867,#5565,#5566);
#4765=AXIS2_PLACEMENT_3D('',#6869,#5567,#5568);
#4766=AXIS2_PLACEMENT_3D('',#6871,#5569,#5570);
#4767=AXIS2_PLACEMENT_3D('',#6873,#5572,#5573);
#4768=AXIS2_PLACEMENT_3D('',#6879,#5577,#5578);
#4769=AXIS2_PLACEMENT_3D('',#6880,#5579,#5580);
#4770=AXIS2_PLACEMENT_3D('',#6881,#5581,#5582);
#4771=AXIS2_PLACEMENT_3D('',#6882,#5583,#5584);
#4772=AXIS2_PLACEMENT_3D('',#6891,#5589,#5590);
#4773=AXIS2_PLACEMENT_3D('',#6893,#5591,#5592);
#4774=AXIS2_PLACEMENT_3D('',#6895,#5593,#5594);
#4775=AXIS2_PLACEMENT_3D('',#6897,#5596,#5597);
#4776=AXIS2_PLACEMENT_3D('',#6903,#5601,#5602);
#4777=AXIS2_PLACEMENT_3D('',#6904,#5603,#5604);
#4778=AXIS2_PLACEMENT_3D('',#6905,#5605,#5606);
#4779=AXIS2_PLACEMENT_3D('',#6906,#5607,#5608);
#4780=AXIS2_PLACEMENT_3D('',#6909,#5609,#5610);
#4781=AXIS2_PLACEMENT_3D('',#6913,#5612,#5613);
#4782=AXIS2_PLACEMENT_3D('',#6915,#5615,#5616);
#4783=AXIS2_PLACEMENT_3D('',#6921,#5620,#5621);
#4784=AXIS2_PLACEMENT_3D('',#6923,#5622,#5623);
#4785=AXIS2_PLACEMENT_3D('',#6925,#5624,#5625);
#4786=AXIS2_PLACEMENT_3D('',#6927,#5627,#5628);
#4787=AXIS2_PLACEMENT_3D('',#6930,#5631,#5632);
#4788=AXIS2_PLACEMENT_3D('',#6939,#5637,#5638);
#4789=AXIS2_PLACEMENT_3D('',#6941,#5639,#5640);
#4790=AXIS2_PLACEMENT_3D('',#6943,#5641,#5642);
#4791=AXIS2_PLACEMENT_3D('',#6945,#5644,#5645);
#4792=AXIS2_PLACEMENT_3D('',#6951,#5649,#5650);
#4793=AXIS2_PLACEMENT_3D('',#6952,#5651,#5652);
#4794=AXIS2_PLACEMENT_3D('',#6953,#5653,#5654);
#4795=AXIS2_PLACEMENT_3D('',#6954,#5655,#5656);
#4796=AXIS2_PLACEMENT_3D('',#6963,#5661,#5662);
#4797=AXIS2_PLACEMENT_3D('',#6965,#5663,#5664);
#4798=AXIS2_PLACEMENT_3D('',#6967,#5665,#5666);
#4799=AXIS2_PLACEMENT_3D('',#6969,#5668,#5669);
#4800=AXIS2_PLACEMENT_3D('',#6975,#5673,#5674);
#4801=AXIS2_PLACEMENT_3D('',#6976,#5675,#5676);
#4802=AXIS2_PLACEMENT_3D('',#6977,#5677,#5678);
#4803=AXIS2_PLACEMENT_3D('',#6978,#5679,#5680);
#4804=AXIS2_PLACEMENT_3D('',#6987,#5685,#5686);
#4805=AXIS2_PLACEMENT_3D('',#6989,#5687,#5688);
#4806=AXIS2_PLACEMENT_3D('',#6991,#5689,#5690);
#4807=AXIS2_PLACEMENT_3D('',#6993,#5692,#5693);
#4808=AXIS2_PLACEMENT_3D('',#6999,#5697,#5698);
#4809=AXIS2_PLACEMENT_3D('',#7000,#5699,#5700);
#4810=AXIS2_PLACEMENT_3D('',#7001,#5701,#5702);
#4811=AXIS2_PLACEMENT_3D('',#7002,#5703,#5704);
#4812=AXIS2_PLACEMENT_3D('',#7011,#5709,#5710);
#4813=AXIS2_PLACEMENT_3D('',#7013,#5711,#5712);
#4814=AXIS2_PLACEMENT_3D('',#7015,#5713,#5714);
#4815=AXIS2_PLACEMENT_3D('',#7017,#5716,#5717);
#4816=AXIS2_PLACEMENT_3D('',#7023,#5721,#5722);
#4817=AXIS2_PLACEMENT_3D('',#7024,#5723,#5724);
#4818=AXIS2_PLACEMENT_3D('',#7025,#5725,#5726);
#4819=AXIS2_PLACEMENT_3D('',#7026,#5727,#5728);
#4820=AXIS2_PLACEMENT_3D('',#7035,#5733,#5734);
#4821=AXIS2_PLACEMENT_3D('',#7037,#5735,#5736);
#4822=AXIS2_PLACEMENT_3D('',#7039,#5737,#5738);
#4823=AXIS2_PLACEMENT_3D('',#7041,#5740,#5741);
#4824=AXIS2_PLACEMENT_3D('',#7047,#5745,#5746);
#4825=AXIS2_PLACEMENT_3D('',#7048,#5747,#5748);
#4826=AXIS2_PLACEMENT_3D('',#7049,#5749,#5750);
#4827=AXIS2_PLACEMENT_3D('',#7050,#5751,#5752);
#4828=AXIS2_PLACEMENT_3D('',#7059,#5757,#5758);
#4829=AXIS2_PLACEMENT_3D('',#7061,#5759,#5760);
#4830=AXIS2_PLACEMENT_3D('',#7063,#5761,#5762);
#4831=AXIS2_PLACEMENT_3D('',#7065,#5764,#5765);
#4832=AXIS2_PLACEMENT_3D('',#7071,#5769,#5770);
#4833=AXIS2_PLACEMENT_3D('',#7072,#5771,#5772);
#4834=AXIS2_PLACEMENT_3D('',#7073,#5773,#5774);
#4835=AXIS2_PLACEMENT_3D('',#7074,#5775,#5776);
#4836=AXIS2_PLACEMENT_3D('',#7077,#5777,#5778);
#4837=AXIS2_PLACEMENT_3D('',#7081,#5780,#5781);
#4838=AXIS2_PLACEMENT_3D('',#7083,#5783,#5784);
#4839=AXIS2_PLACEMENT_3D('',#7089,#5788,#5789);
#4840=AXIS2_PLACEMENT_3D('',#7091,#5790,#5791);
#4841=AXIS2_PLACEMENT_3D('',#7093,#5792,#5793);
#4842=AXIS2_PLACEMENT_3D('',#7095,#5795,#5796);
#4843=AXIS2_PLACEMENT_3D('',#7098,#5799,#5800);
#4844=AXIS2_PLACEMENT_3D('',#7107,#5805,#5806);
#4845=AXIS2_PLACEMENT_3D('',#7109,#5807,#5808);
#4846=AXIS2_PLACEMENT_3D('',#7111,#5809,#5810);
#4847=AXIS2_PLACEMENT_3D('',#7113,#5812,#5813);
#4848=AXIS2_PLACEMENT_3D('',#7119,#5817,#5818);
#4849=AXIS2_PLACEMENT_3D('',#7120,#5819,#5820);
#4850=AXIS2_PLACEMENT_3D('',#7121,#5821,#5822);
#4851=AXIS2_PLACEMENT_3D('',#7122,#5823,#5824);
#4852=AXIS2_PLACEMENT_3D('',#7125,#5825,#5826);
#4853=AXIS2_PLACEMENT_3D('',#7129,#5828,#5829);
#4854=AXIS2_PLACEMENT_3D('',#7131,#5831,#5832);
#4855=AXIS2_PLACEMENT_3D('',#7137,#5836,#5837);
#4856=AXIS2_PLACEMENT_3D('',#7139,#5838,#5839);
#4857=AXIS2_PLACEMENT_3D('',#7141,#5840,#5841);
#4858=AXIS2_PLACEMENT_3D('',#7143,#5843,#5844);
#4859=AXIS2_PLACEMENT_3D('',#7146,#5847,#5848);
#4860=AXIS2_PLACEMENT_3D('',#7148,#5849,#5850);
#4861=AXIS2_PLACEMENT_3D('',#7151,#5852,#5853);
#4862=AXIS2_PLACEMENT_3D('',#7152,#5854,#5855);
#4863=AXIS2_PLACEMENT_3D('',#7161,#5860,#5861);
#4864=AXIS2_PLACEMENT_3D('',#7163,#5862,#5863);
#4865=AXIS2_PLACEMENT_3D('',#7165,#5864,#5865);
#4866=AXIS2_PLACEMENT_3D('',#7167,#5867,#5868);
#4867=AXIS2_PLACEMENT_3D('',#7173,#5872,#5873);
#4868=AXIS2_PLACEMENT_3D('',#7174,#5874,#5875);
#4869=AXIS2_PLACEMENT_3D('',#7175,#5876,#5877);
#4870=AXIS2_PLACEMENT_3D('',#7176,#5878,#5879);
#4871=AXIS2_PLACEMENT_3D('',#7178,#5880,#5881);
#4872=AXIS2_PLACEMENT_3D('',#7181,#5883,#5884);
#4873=AXIS2_PLACEMENT_3D('',#7182,#5885,#5886);
#4874=AXIS2_PLACEMENT_3D('',#7191,#5891,#5892);
#4875=AXIS2_PLACEMENT_3D('',#7193,#5893,#5894);
#4876=AXIS2_PLACEMENT_3D('',#7195,#5895,#5896);
#4877=AXIS2_PLACEMENT_3D('',#7197,#5898,#5899);
#4878=AXIS2_PLACEMENT_3D('',#7203,#5903,#5904);
#4879=AXIS2_PLACEMENT_3D('',#7204,#5905,#5906);
#4880=AXIS2_PLACEMENT_3D('',#7205,#5907,#5908);
#4881=AXIS2_PLACEMENT_3D('',#7206,#5909,#5910);
#4882=AXIS2_PLACEMENT_3D('',#7215,#5915,#5916);
#4883=AXIS2_PLACEMENT_3D('',#7217,#5917,#5918);
#4884=AXIS2_PLACEMENT_3D('',#7219,#5919,#5920);
#4885=AXIS2_PLACEMENT_3D('',#7221,#5922,#5923);
#4886=AXIS2_PLACEMENT_3D('',#7227,#5927,#5928);
#4887=AXIS2_PLACEMENT_3D('',#7228,#5929,#5930);
#4888=AXIS2_PLACEMENT_3D('',#7229,#5931,#5932);
#4889=AXIS2_PLACEMENT_3D('',#7230,#5933,#5934);
#4890=AXIS2_PLACEMENT_3D('',#7239,#5939,#5940);
#4891=AXIS2_PLACEMENT_3D('',#7241,#5941,#5942);
#4892=AXIS2_PLACEMENT_3D('',#7243,#5943,#5944);
#4893=AXIS2_PLACEMENT_3D('',#7245,#5946,#5947);
#4894=AXIS2_PLACEMENT_3D('',#7251,#5951,#5952);
#4895=AXIS2_PLACEMENT_3D('',#7252,#5953,#5954);
#4896=AXIS2_PLACEMENT_3D('',#7253,#5955,#5956);
#4897=AXIS2_PLACEMENT_3D('',#7254,#5957,#5958);
#4898=AXIS2_PLACEMENT_3D('',#7257,#5959,#5960);
#4899=AXIS2_PLACEMENT_3D('',#7261,#5962,#5963);
#4900=AXIS2_PLACEMENT_3D('',#7263,#5965,#5966);
#4901=AXIS2_PLACEMENT_3D('',#7269,#5970,#5971);
#4902=AXIS2_PLACEMENT_3D('',#7271,#5972,#5973);
#4903=AXIS2_PLACEMENT_3D('',#7273,#5974,#5975);
#4904=AXIS2_PLACEMENT_3D('',#7275,#5977,#5978);
#4905=AXIS2_PLACEMENT_3D('',#7278,#5981,#5982);
#4906=AXIS2_PLACEMENT_3D('',#7287,#5987,#5988);
#4907=AXIS2_PLACEMENT_3D('',#7289,#5989,#5990);
#4908=AXIS2_PLACEMENT_3D('',#7291,#5991,#5992);
#4909=AXIS2_PLACEMENT_3D('',#7293,#5994,#5995);
#4910=AXIS2_PLACEMENT_3D('',#7299,#5999,#6000);
#4911=AXIS2_PLACEMENT_3D('',#7300,#6001,#6002);
#4912=AXIS2_PLACEMENT_3D('',#7301,#6003,#6004);
#4913=AXIS2_PLACEMENT_3D('',#7302,#6005,#6006);
#4914=AXIS2_PLACEMENT_3D('',#7311,#6011,#6012);
#4915=AXIS2_PLACEMENT_3D('',#7313,#6013,#6014);
#4916=AXIS2_PLACEMENT_3D('',#7315,#6015,#6016);
#4917=AXIS2_PLACEMENT_3D('',#7317,#6018,#6019);
#4918=AXIS2_PLACEMENT_3D('',#7323,#6023,#6024);
#4919=AXIS2_PLACEMENT_3D('',#7324,#6025,#6026);
#4920=AXIS2_PLACEMENT_3D('',#7325,#6027,#6028);
#4921=AXIS2_PLACEMENT_3D('',#7326,#6029,#6030);
#4922=AXIS2_PLACEMENT_3D('',#7335,#6035,#6036);
#4923=AXIS2_PLACEMENT_3D('',#7337,#6037,#6038);
#4924=AXIS2_PLACEMENT_3D('',#7339,#6039,#6040);
#4925=AXIS2_PLACEMENT_3D('',#7341,#6042,#6043);
#4926=AXIS2_PLACEMENT_3D('',#7347,#6047,#6048);
#4927=AXIS2_PLACEMENT_3D('',#7348,#6049,#6050);
#4928=AXIS2_PLACEMENT_3D('',#7349,#6051,#6052);
#4929=AXIS2_PLACEMENT_3D('',#7350,#6053,#6054);
#4930=AXIS2_PLACEMENT_3D('',#7353,#6055,#6056);
#4931=AXIS2_PLACEMENT_3D('',#7357,#6058,#6059);
#4932=AXIS2_PLACEMENT_3D('',#7359,#6061,#6062);
#4933=AXIS2_PLACEMENT_3D('',#7365,#6066,#6067);
#4934=AXIS2_PLACEMENT_3D('',#7367,#6068,#6069);
#4935=AXIS2_PLACEMENT_3D('',#7369,#6070,#6071);
#4936=AXIS2_PLACEMENT_3D('',#7371,#6073,#6074);
#4937=AXIS2_PLACEMENT_3D('',#7374,#6077,#6078);
#4938=AXIS2_PLACEMENT_3D('',#7383,#6083,#6084);
#4939=AXIS2_PLACEMENT_3D('',#7385,#6085,#6086);
#4940=AXIS2_PLACEMENT_3D('',#7387,#6087,#6088);
#4941=AXIS2_PLACEMENT_3D('',#7389,#6090,#6091);
#4942=AXIS2_PLACEMENT_3D('',#7395,#6095,#6096);
#4943=AXIS2_PLACEMENT_3D('',#7396,#6097,#6098);
#4944=AXIS2_PLACEMENT_3D('',#7397,#6099,#6100);
#4945=AXIS2_PLACEMENT_3D('',#7398,#6101,#6102);
#4946=AXIS2_PLACEMENT_3D('',#7401,#6103,#6104);
#4947=AXIS2_PLACEMENT_3D('',#7405,#6106,#6107);
#4948=AXIS2_PLACEMENT_3D('',#7407,#6109,#6110);
#4949=AXIS2_PLACEMENT_3D('',#7413,#6114,#6115);
#4950=AXIS2_PLACEMENT_3D('',#7415,#6116,#6117);
#4951=AXIS2_PLACEMENT_3D('',#7417,#6118,#6119);
#4952=AXIS2_PLACEMENT_3D('',#7419,#6121,#6122);
#4953=AXIS2_PLACEMENT_3D('',#7422,#6125,#6126);
#4954=AXIS2_PLACEMENT_3D('',#7425,#6127,#6128);
#4955=AXIS2_PLACEMENT_3D('',#7429,#6130,#6131);
#4956=AXIS2_PLACEMENT_3D('',#7431,#6133,#6134);
#4957=AXIS2_PLACEMENT_3D('',#7437,#6138,#6139);
#4958=AXIS2_PLACEMENT_3D('',#7439,#6140,#6141);
#4959=AXIS2_PLACEMENT_3D('',#7441,#6142,#6143);
#4960=AXIS2_PLACEMENT_3D('',#7443,#6145,#6146);
#4961=AXIS2_PLACEMENT_3D('',#7446,#6149,#6150);
#4962=AXIS2_PLACEMENT_3D('',#7455,#6155,#6156);
#4963=AXIS2_PLACEMENT_3D('',#7457,#6157,#6158);
#4964=AXIS2_PLACEMENT_3D('',#7459,#6159,#6160);
#4965=AXIS2_PLACEMENT_3D('',#7461,#6162,#6163);
#4966=AXIS2_PLACEMENT_3D('',#7467,#6167,#6168);
#4967=AXIS2_PLACEMENT_3D('',#7468,#6169,#6170);
#4968=AXIS2_PLACEMENT_3D('',#7469,#6171,#6172);
#4969=AXIS2_PLACEMENT_3D('',#7470,#6173,#6174);
#4970=AXIS2_PLACEMENT_3D('',#7479,#6179,#6180);
#4971=AXIS2_PLACEMENT_3D('',#7481,#6181,#6182);
#4972=AXIS2_PLACEMENT_3D('',#7483,#6183,#6184);
#4973=AXIS2_PLACEMENT_3D('',#7485,#6186,#6187);
#4974=AXIS2_PLACEMENT_3D('',#7491,#6191,#6192);
#4975=AXIS2_PLACEMENT_3D('',#7492,#6193,#6194);
#4976=AXIS2_PLACEMENT_3D('',#7493,#6195,#6196);
#4977=AXIS2_PLACEMENT_3D('',#7494,#6197,#6198);
#4978=AXIS2_PLACEMENT_3D('',#7503,#6203,#6204);
#4979=AXIS2_PLACEMENT_3D('',#7505,#6205,#6206);
#4980=AXIS2_PLACEMENT_3D('',#7507,#6207,#6208);
#4981=AXIS2_PLACEMENT_3D('',#7509,#6210,#6211);
#4982=AXIS2_PLACEMENT_3D('',#7515,#6215,#6216);
#4983=AXIS2_PLACEMENT_3D('',#7516,#6217,#6218);
#4984=AXIS2_PLACEMENT_3D('',#7517,#6219,#6220);
#4985=AXIS2_PLACEMENT_3D('',#7518,#6221,#6222);
#4986=AXIS2_PLACEMENT_3D('',#7527,#6227,#6228);
#4987=AXIS2_PLACEMENT_3D('',#7529,#6229,#6230);
#4988=AXIS2_PLACEMENT_3D('',#7531,#6231,#6232);
#4989=AXIS2_PLACEMENT_3D('',#7533,#6234,#6235);
#4990=AXIS2_PLACEMENT_3D('',#7539,#6239,#6240);
#4991=AXIS2_PLACEMENT_3D('',#7540,#6241,#6242);
#4992=AXIS2_PLACEMENT_3D('',#7541,#6243,#6244);
#4993=AXIS2_PLACEMENT_3D('',#7542,#6245,#6246);
#4994=AXIS2_PLACEMENT_3D('',#7545,#6247,#6248);
#4995=AXIS2_PLACEMENT_3D('',#7549,#6250,#6251);
#4996=AXIS2_PLACEMENT_3D('',#7551,#6253,#6254);
#4997=AXIS2_PLACEMENT_3D('',#7557,#6258,#6259);
#4998=AXIS2_PLACEMENT_3D('',#7559,#6260,#6261);
#4999=AXIS2_PLACEMENT_3D('',#7561,#6262,#6263);
#5000=AXIS2_PLACEMENT_3D('',#7563,#6265,#6266);
#5001=AXIS2_PLACEMENT_3D('',#7566,#6269,#6270);
#5002=AXIS2_PLACEMENT_3D('',#7575,#6275,#6276);
#5003=AXIS2_PLACEMENT_3D('',#7577,#6277,#6278);
#5004=AXIS2_PLACEMENT_3D('',#7579,#6279,#6280);
#5005=AXIS2_PLACEMENT_3D('',#7581,#6282,#6283);
#5006=AXIS2_PLACEMENT_3D('',#7587,#6287,#6288);
#5007=AXIS2_PLACEMENT_3D('',#7588,#6289,#6290);
#5008=AXIS2_PLACEMENT_3D('',#7589,#6291,#6292);
#5009=AXIS2_PLACEMENT_3D('',#7590,#6293,#6294);
#5010=AXIS2_PLACEMENT_3D('',#7599,#6299,#6300);
#5011=AXIS2_PLACEMENT_3D('',#7605,#6304,#6305);
#5012=AXIS2_PLACEMENT_3D('',#7611,#6309,#6310);
#5013=AXIS2_PLACEMENT_3D('',#7614,#6313,#6314);
#5014=AXIS2_PLACEMENT_3D('',#7615,#6315,#6316);
#5015=DIRECTION('axis',(0.,0.,1.));
#5016=DIRECTION('refdir',(1.,0.,0.));
#5017=DIRECTION('center_axis',(0.,1.,0.));
#5018=DIRECTION('ref_axis',(-1.,0.,0.));
#5019=DIRECTION('',(-1.,0.,0.));
#5020=DIRECTION('',(0.,0.,1.));
#5021=DIRECTION('',(-1.,0.,0.));
#5022=DIRECTION('',(0.,0.,1.));
#5023=DIRECTION('center_axis',(0.,0.,1.));
#5024=DIRECTION('ref_axis',(0.,-1.,0.));
#5025=DIRECTION('center_axis',(0.,0.,-1.));
#5026=DIRECTION('ref_axis',(0.,-1.,0.));
#5027=DIRECTION('center_axis',(0.,0.,-1.));
#5028=DIRECTION('ref_axis',(0.,-1.,0.));
#5029=DIRECTION('',(0.,0.,1.));
#5030=DIRECTION('center_axis',(0.,-1.,0.));
#5031=DIRECTION('ref_axis',(1.,0.,0.));
#5032=DIRECTION('',(1.,0.,0.));
#5033=DIRECTION('',(1.,0.,0.));
#5034=DIRECTION('',(0.,0.,1.));
#5035=DIRECTION('center_axis',(0.,0.,1.));
#5036=DIRECTION('ref_axis',(-1.,1.56125112837912E-16,0.));
#5037=DIRECTION('center_axis',(0.,0.,-1.));
#5038=DIRECTION('ref_axis',(0.00967667497884385,0.999953179884615,0.));
#5039=DIRECTION('center_axis',(0.,0.,-1.));
#5040=DIRECTION('ref_axis',(0.00967667497884385,0.999953179884615,0.));
#5041=DIRECTION('center_axis',(0.,1.,0.));
#5042=DIRECTION('ref_axis',(-1.,0.,0.));
#5043=DIRECTION('',(-1.,0.,0.));
#5044=DIRECTION('',(0.,0.,1.));
#5045=DIRECTION('',(-1.,0.,0.));
#5046=DIRECTION('',(0.,0.,1.));
#5047=DIRECTION('center_axis',(0.,0.,1.));
#5048=DIRECTION('ref_axis',(0.,-1.,0.));
#5049=DIRECTION('center_axis',(0.,0.,-1.));
#5050=DIRECTION('ref_axis',(0.,-1.,0.));
#5051=DIRECTION('center_axis',(0.,0.,-1.));
#5052=DIRECTION('ref_axis',(0.,-1.,0.));
#5053=DIRECTION('',(0.,0.,1.));
#5054=DIRECTION('center_axis',(0.,-1.,0.));
#5055=DIRECTION('ref_axis',(1.,0.,0.));
#5056=DIRECTION('',(1.,0.,0.));
#5057=DIRECTION('',(1.,0.,0.));
#5058=DIRECTION('',(0.,0.,1.));
#5059=DIRECTION('center_axis',(0.,0.,1.));
#5060=DIRECTION('ref_axis',(-1.,-5.83879009955859E-15,0.));
#5061=DIRECTION('center_axis',(0.,0.,-1.));
#5062=DIRECTION('ref_axis',(0.00967667497884385,0.999953179884615,0.));
#5063=DIRECTION('center_axis',(0.,0.,-1.));
#5064=DIRECTION('ref_axis',(0.00967667497884385,0.999953179884615,0.));
#5065=DIRECTION('center_axis',(6.93822978085221E-17,1.,0.));
#5066=DIRECTION('ref_axis',(-1.,6.93822978085221E-17,0.));
#5067=DIRECTION('',(-1.,6.93822978085221E-17,0.));
#5068=DIRECTION('',(0.,0.,1.));
#5069=DIRECTION('',(-1.,6.93822978085221E-17,0.));
#5070=DIRECTION('',(0.,0.,1.));
#5071=DIRECTION('center_axis',(0.,0.,1.));
#5072=DIRECTION('ref_axis',(1.,1.08588516376489E-12,0.));
#5073=DIRECTION('center_axis',(0.,0.,-1.));
#5074=DIRECTION('ref_axis',(-8.38939512420048E-5,-0.999999996480903,0.));
#5075=DIRECTION('center_axis',(0.,0.,-1.));
#5076=DIRECTION('ref_axis',(-8.38939512420048E-5,-0.999999996480903,0.));
#5077=DIRECTION('',(0.,0.,1.));
#5078=DIRECTION('center_axis',(0.,-1.,0.));
#5079=DIRECTION('ref_axis',(1.,0.,0.));
#5080=DIRECTION('',(1.,0.,0.));
#5081=DIRECTION('',(1.,0.,0.));
#5082=DIRECTION('',(0.,0.,1.));
#5083=DIRECTION('center_axis',(0.,0.,1.));
#5084=DIRECTION('ref_axis',(-0.999999695751446,-0.000780062187160143,0.));
#5085=DIRECTION('center_axis',(0.,0.,-1.));
#5086=DIRECTION('ref_axis',(0.00673578897321133,0.999977314316134,0.));
#5087=DIRECTION('center_axis',(0.,0.,-1.));
#5088=DIRECTION('ref_axis',(0.00673578897321133,0.999977314316134,0.));
#5089=DIRECTION('center_axis',(6.93822978085221E-17,1.,0.));
#5090=DIRECTION('ref_axis',(-1.,6.93822978085221E-17,0.));
#5091=DIRECTION('',(-1.,6.93822978085221E-17,0.));
#5092=DIRECTION('',(0.,0.,1.));
#5093=DIRECTION('',(-1.,6.93822978085221E-17,0.));
#5094=DIRECTION('',(0.,0.,1.));
#5095=DIRECTION('center_axis',(0.,0.,1.));
#5096=DIRECTION('ref_axis',(1.,1.08588516376489E-12,0.));
#5097=DIRECTION('center_axis',(0.,0.,-1.));
#5098=DIRECTION('ref_axis',(-8.38939512420048E-5,-0.999999996480903,0.));
#5099=DIRECTION('center_axis',(0.,0.,-1.));
#5100=DIRECTION('ref_axis',(-8.38939512420048E-5,-0.999999996480903,0.));
#5101=DIRECTION('',(0.,0.,1.));
#5102=DIRECTION('center_axis',(0.,-1.,0.));
#5103=DIRECTION('ref_axis',(1.,0.,0.));
#5104=DIRECTION('',(1.,0.,0.));
#5105=DIRECTION('',(1.,0.,0.));
#5106=DIRECTION('',(0.,0.,1.));
#5107=DIRECTION('center_axis',(0.,0.,1.));
#5108=DIRECTION('ref_axis',(-0.999999695751446,-0.000780062187161475,0.));
#5109=DIRECTION('center_axis',(0.,0.,-1.));
#5110=DIRECTION('ref_axis',(0.00673578897321133,0.999977314316134,0.));
#5111=DIRECTION('center_axis',(0.,0.,-1.));
#5112=DIRECTION('ref_axis',(0.00673578897321133,0.999977314316134,0.));
#5113=DIRECTION('center_axis',(0.,1.,0.));
#5114=DIRECTION('ref_axis',(-1.,0.,0.));
#5115=DIRECTION('',(-1.,0.,0.));
#5116=DIRECTION('',(0.,0.,1.));
#5117=DIRECTION('',(-1.,0.,0.));
#5118=DIRECTION('',(0.,0.,1.));
#5119=DIRECTION('center_axis',(0.,0.,1.));
#5120=DIRECTION('ref_axis',(0.,-1.,0.));
#5121=DIRECTION('center_axis',(0.,0.,-1.));
#5122=DIRECTION('ref_axis',(0.,-1.,0.));
#5123=DIRECTION('center_axis',(0.,0.,-1.));
#5124=DIRECTION('ref_axis',(0.,-1.,0.));
#5125=DIRECTION('',(0.,0.,1.));
#5126=DIRECTION('center_axis',(0.,-1.,0.));
#5127=DIRECTION('ref_axis',(1.,0.,0.));
#5128=DIRECTION('',(1.,0.,0.));
#5129=DIRECTION('',(1.,0.,0.));
#5130=DIRECTION('',(0.,0.,1.));
#5131=DIRECTION('center_axis',(0.,0.,1.));
#5132=DIRECTION('ref_axis',(-1.,1.56125112837912E-16,0.));
#5133=DIRECTION('center_axis',(0.,0.,-1.));
#5134=DIRECTION('ref_axis',(0.00967667497884385,0.999953179884615,0.));
#5135=DIRECTION('center_axis',(0.,0.,-1.));
#5136=DIRECTION('ref_axis',(0.00967667497884385,0.999953179884615,0.));
#5137=DIRECTION('center_axis',(0.,0.,1.));
#5138=DIRECTION('ref_axis',(-1.,-4.80631967963532E-10,0.));
#5139=DIRECTION('center_axis',(0.,0.,-1.));
#5140=DIRECTION('ref_axis',(0.00967916597058858,0.999953155775866,0.));
#5141=DIRECTION('',(0.,0.,1.));
#5142=DIRECTION('center_axis',(0.,0.,-1.));
#5143=DIRECTION('ref_axis',(0.00967916597058858,0.999953155775866,0.));
#5144=DIRECTION('',(0.,0.,1.));
#5145=DIRECTION('center_axis',(1.38777807861854E-16,1.,0.));
#5146=DIRECTION('ref_axis',(-1.,1.38777807861854E-16,0.));
#5147=DIRECTION('',(-1.,1.38777807861854E-16,0.));
#5148=DIRECTION('',(-1.,1.38777807861854E-16,0.));
#5149=DIRECTION('',(0.,0.,1.));
#5150=DIRECTION('center_axis',(0.,0.,1.));
#5151=DIRECTION('ref_axis',(0.99999999999909,1.34881445183893E-6,0.));
#5152=DIRECTION('center_axis',(0.,0.,-1.));
#5153=DIRECTION('ref_axis',(-0.0124720293504051,-0.999922221217172,0.));
#5154=DIRECTION('center_axis',(0.,0.,-1.));
#5155=DIRECTION('ref_axis',(-0.0124720293504051,-0.999922221217172,0.));
#5156=DIRECTION('',(0.,0.,1.));
#5157=DIRECTION('center_axis',(0.,-1.,0.));
#5158=DIRECTION('ref_axis',(1.,0.,0.));
#5159=DIRECTION('',(1.,0.,0.));
#5160=DIRECTION('',(1.,0.,0.));
#5161=DIRECTION('center_axis',(0.,1.,0.));
#5162=DIRECTION('ref_axis',(-1.,0.,0.));
#5163=DIRECTION('',(-1.,0.,0.));
#5164=DIRECTION('',(0.,0.,1.));
#5165=DIRECTION('',(-1.,0.,0.));
#5166=DIRECTION('',(0.,0.,1.));
#5167=DIRECTION('center_axis',(0.,0.,1.));
#5168=DIRECTION('ref_axis',(0.,-1.,0.));
#5169=DIRECTION('center_axis',(0.,0.,-1.));
#5170=DIRECTION('ref_axis',(0.,-1.,0.));
#5171=DIRECTION('center_axis',(0.,0.,-1.));
#5172=DIRECTION('ref_axis',(0.,-1.,0.));
#5173=DIRECTION('',(0.,0.,1.));
#5174=DIRECTION('center_axis',(0.,-1.,0.));
#5175=DIRECTION('ref_axis',(1.,0.,0.));
#5176=DIRECTION('',(1.,0.,0.));
#5177=DIRECTION('',(1.,0.,0.));
#5178=DIRECTION('',(0.,0.,1.));
#5179=DIRECTION('center_axis',(0.,0.,1.));
#5180=DIRECTION('ref_axis',(-1.,-2.8767497643282E-16,0.));
#5181=DIRECTION('center_axis',(0.,0.,-1.));
#5182=DIRECTION('ref_axis',(0.00967667497884385,0.999953179884615,0.));
#5183=DIRECTION('center_axis',(0.,0.,-1.));
#5184=DIRECTION('ref_axis',(0.00967667497884385,0.999953179884615,0.));
#5185=DIRECTION('center_axis',(2.77555615723708E-16,1.,0.));
#5186=DIRECTION('ref_axis',(-1.,2.77555615723708E-16,0.));
#5187=DIRECTION('',(-1.,2.77555615723708E-16,0.));
#5188=DIRECTION('',(0.,0.,1.));
#5189=DIRECTION('',(-1.,2.77555615723708E-16,0.));
#5190=DIRECTION('',(0.,0.,1.));
#5191=DIRECTION('center_axis',(0.,0.,1.));
#5192=DIRECTION('ref_axis',(0.99999999999909,1.3488144518476E-6,0.));
#5193=DIRECTION('center_axis',(0.,0.,-1.));
#5194=DIRECTION('ref_axis',(-0.0124720293504051,-0.999922221217172,0.));
#5195=DIRECTION('center_axis',(0.,0.,-1.));
#5196=DIRECTION('ref_axis',(-0.0124720293504051,-0.999922221217172,0.));
#5197=DIRECTION('',(0.,0.,1.));
#5198=DIRECTION('center_axis',(0.,-1.,0.));
#5199=DIRECTION('ref_axis',(1.,0.,0.));
#5200=DIRECTION('',(1.,0.,0.));
#5201=DIRECTION('',(1.,0.,0.));
#5202=DIRECTION('',(0.,0.,1.));
#5203=DIRECTION('center_axis',(0.,0.,1.));
#5204=DIRECTION('ref_axis',(-1.,-4.8063241610043E-10,0.));
#5205=DIRECTION('center_axis',(0.,0.,-1.));
#5206=DIRECTION('ref_axis',(0.00967916597058858,0.999953155775866,0.));
#5207=DIRECTION('center_axis',(0.,0.,-1.));
#5208=DIRECTION('ref_axis',(0.00967916597058858,0.999953155775866,0.));
#5209=DIRECTION('center_axis',(0.,0.,1.));
#5210=DIRECTION('ref_axis',(-1.,-4.80633521986646E-10,0.));
#5211=DIRECTION('center_axis',(0.,0.,-1.));
#5212=DIRECTION('ref_axis',(0.00967916597058858,0.999953155775866,0.));
#5213=DIRECTION('',(0.,0.,1.));
#5214=DIRECTION('center_axis',(0.,0.,-1.));
#5215=DIRECTION('ref_axis',(0.00967916597058858,0.999953155775866,0.));
#5216=DIRECTION('',(0.,0.,1.));
#5217=DIRECTION('center_axis',(1.38777807861854E-16,1.,0.));
#5218=DIRECTION('ref_axis',(-1.,1.38777807861854E-16,0.));
#5219=DIRECTION('',(-1.,1.38777807861854E-16,0.));
#5220=DIRECTION('',(-1.,1.38777807861854E-16,0.));
#5221=DIRECTION('',(0.,0.,1.));
#5222=DIRECTION('center_axis',(0.,0.,1.));
#5223=DIRECTION('ref_axis',(0.99999999999909,1.34881445183893E-6,0.));
#5224=DIRECTION('center_axis',(0.,0.,-1.));
#5225=DIRECTION('ref_axis',(-0.0124720293504051,-0.999922221217172,0.));
#5226=DIRECTION('center_axis',(0.,0.,-1.));
#5227=DIRECTION('ref_axis',(-0.0124720293504051,-0.999922221217172,0.));
#5228=DIRECTION('',(0.,0.,1.));
#5229=DIRECTION('center_axis',(0.,-1.,0.));
#5230=DIRECTION('ref_axis',(1.,0.,0.));
#5231=DIRECTION('',(1.,0.,0.));
#5232=DIRECTION('',(1.,0.,0.));
#5233=DIRECTION('center_axis',(2.77555615723708E-16,1.,0.));
#5234=DIRECTION('ref_axis',(-1.,2.77555615723708E-16,0.));
#5235=DIRECTION('',(-1.,2.77555615723708E-16,0.));
#5236=DIRECTION('',(0.,0.,1.));
#5237=DIRECTION('',(-1.,2.77555615723708E-16,0.));
#5238=DIRECTION('',(0.,0.,1.));
#5239=DIRECTION('center_axis',(0.,0.,1.));
#5240=DIRECTION('ref_axis',(0.99999999999909,1.3488144518476E-6,0.));
#5241=DIRECTION('center_axis',(0.,0.,-1.));
#5242=DIRECTION('ref_axis',(-0.0124720293504051,-0.999922221217172,0.));
#5243=DIRECTION('center_axis',(0.,0.,-1.));
#5244=DIRECTION('ref_axis',(-0.0124720293504051,-0.999922221217172,0.));
#5245=DIRECTION('',(0.,0.,1.));
#5246=DIRECTION('center_axis',(0.,-1.,0.));
#5247=DIRECTION('ref_axis',(1.,0.,0.));
#5248=DIRECTION('',(1.,0.,0.));
#5249=DIRECTION('',(1.,0.,0.));
#5250=DIRECTION('',(0.,0.,1.));
#5251=DIRECTION('center_axis',(0.,0.,1.));
#5252=DIRECTION('ref_axis',(-1.,-4.80631970854738E-10,0.));
#5253=DIRECTION('center_axis',(0.,0.,-1.));
#5254=DIRECTION('ref_axis',(0.00967916597058858,0.999953155775866,0.));
#5255=DIRECTION('center_axis',(0.,0.,-1.));
#5256=DIRECTION('ref_axis',(0.00967916597058858,0.999953155775866,0.));
#5257=DIRECTION('center_axis',(0.,1.,0.));
#5258=DIRECTION('ref_axis',(-1.,0.,0.));
#5259=DIRECTION('',(-1.,0.,0.));
#5260=DIRECTION('',(0.,0.,1.));
#5261=DIRECTION('',(-1.,0.,0.));
#5262=DIRECTION('',(0.,0.,1.));
#5263=DIRECTION('center_axis',(0.,0.,1.));
#5264=DIRECTION('ref_axis',(0.,-1.,0.));
#5265=DIRECTION('center_axis',(0.,0.,-1.));
#5266=DIRECTION('ref_axis',(0.,-1.,0.));
#5267=DIRECTION('center_axis',(0.,0.,-1.));
#5268=DIRECTION('ref_axis',(0.,-1.,0.));
#5269=DIRECTION('',(0.,0.,1.));
#5270=DIRECTION('center_axis',(0.,-1.,0.));
#5271=DIRECTION('ref_axis',(1.,0.,0.));
#5272=DIRECTION('',(1.,0.,0.));
#5273=DIRECTION('',(1.,0.,0.));
#5274=DIRECTION('',(0.,0.,1.));
#5275=DIRECTION('center_axis',(0.,0.,1.));
#5276=DIRECTION('ref_axis',(-1.,-1.39789800105797E-15,0.));
#5277=DIRECTION('center_axis',(0.,0.,-1.));
#5278=DIRECTION('ref_axis',(0.00967667497884385,0.999953179884615,0.));
#5279=DIRECTION('center_axis',(0.,0.,-1.));
#5280=DIRECTION('ref_axis',(0.00967667497884385,0.999953179884615,0.));
#5281=DIRECTION('center_axis',(6.93822978085221E-17,1.,0.));
#5282=DIRECTION('ref_axis',(-1.,6.93822978085221E-17,0.));
#5283=DIRECTION('',(-1.,6.93822978085221E-17,0.));
#5284=DIRECTION('',(0.,0.,1.));
#5285=DIRECTION('',(-1.,6.93822978085221E-17,0.));
#5286=DIRECTION('',(0.,0.,1.));
#5287=DIRECTION('center_axis',(0.,0.,1.));
#5288=DIRECTION('ref_axis',(1.,1.08588516376489E-12,0.));
#5289=DIRECTION('center_axis',(0.,0.,-1.));
#5290=DIRECTION('ref_axis',(-8.38939512420048E-5,-0.999999996480903,0.));
#5291=DIRECTION('center_axis',(0.,0.,-1.));
#5292=DIRECTION('ref_axis',(-8.38939512420048E-5,-0.999999996480903,0.));
#5293=DIRECTION('',(0.,0.,1.));
#5294=DIRECTION('center_axis',(0.,-1.,0.));
#5295=DIRECTION('ref_axis',(1.,0.,0.));
#5296=DIRECTION('',(1.,0.,0.));
#5297=DIRECTION('',(1.,0.,0.));
#5298=DIRECTION('',(0.,0.,1.));
#5299=DIRECTION('center_axis',(0.,0.,1.));
#5300=DIRECTION('ref_axis',(-0.999999695751446,-0.000780062187161475,0.));
#5301=DIRECTION('center_axis',(0.,0.,-1.));
#5302=DIRECTION('ref_axis',(0.00673578897321133,0.999977314316134,0.));
#5303=DIRECTION('center_axis',(0.,0.,-1.));
#5304=DIRECTION('ref_axis',(0.00673578897321133,0.999977314316134,0.));
#5305=DIRECTION('center_axis',(0.,1.,0.));
#5306=DIRECTION('ref_axis',(-1.,0.,0.));
#5307=DIRECTION('',(-1.,0.,0.));
#5308=DIRECTION('',(0.,0.,1.));
#5309=DIRECTION('',(-1.,0.,0.));
#5310=DIRECTION('',(0.,0.,1.));
#5311=DIRECTION('center_axis',(0.,0.,1.));
#5312=DIRECTION('ref_axis',(0.,-1.,0.));
#5313=DIRECTION('center_axis',(0.,0.,-1.));
#5314=DIRECTION('ref_axis',(0.,-1.,0.));
#5315=DIRECTION('center_axis',(0.,0.,-1.));
#5316=DIRECTION('ref_axis',(0.,-1.,0.));
#5317=DIRECTION('',(0.,0.,1.));
#5318=DIRECTION('center_axis',(0.,-1.,0.));
#5319=DIRECTION('ref_axis',(1.,0.,0.));
#5320=DIRECTION('',(1.,0.,0.));
#5321=DIRECTION('',(1.,0.,0.));
#5322=DIRECTION('',(0.,0.,1.));
#5323=DIRECTION('center_axis',(0.,0.,1.));
#5324=DIRECTION('ref_axis',(-1.,1.56125112837912E-16,0.));
#5325=DIRECTION('center_axis',(0.,0.,-1.));
#5326=DIRECTION('ref_axis',(0.00967667497884385,0.999953179884615,0.));
#5327=DIRECTION('center_axis',(0.,0.,-1.));
#5328=DIRECTION('ref_axis',(0.00967667497884385,0.999953179884615,0.));
#5329=DIRECTION('center_axis',(0.,1.,0.));
#5330=DIRECTION('ref_axis',(-1.,0.,0.));
#5331=DIRECTION('',(-1.,0.,0.));
#5332=DIRECTION('',(0.,0.,1.));
#5333=DIRECTION('',(-1.,0.,0.));
#5334=DIRECTION('',(0.,0.,1.));
#5335=DIRECTION('center_axis',(0.,0.,1.));
#5336=DIRECTION('ref_axis',(0.,-1.,0.));
#5337=DIRECTION('center_axis',(0.,0.,-1.));
#5338=DIRECTION('ref_axis',(0.,-1.,0.));
#5339=DIRECTION('center_axis',(0.,0.,-1.));
#5340=DIRECTION('ref_axis',(0.,-1.,0.));
#5341=DIRECTION('',(0.,0.,1.));
#5342=DIRECTION('center_axis',(0.,-1.,0.));
#5343=DIRECTION('ref_axis',(1.,0.,0.));
#5344=DIRECTION('',(1.,0.,0.));
#5345=DIRECTION('',(1.,0.,0.));
#5346=DIRECTION('',(0.,0.,1.));
#5347=DIRECTION('center_axis',(0.,0.,1.));
#5348=DIRECTION('ref_axis',(-1.,1.56125112837912E-16,0.));
#5349=DIRECTION('center_axis',(0.,0.,-1.));
#5350=DIRECTION('ref_axis',(0.00967667497884385,0.999953179884615,0.));
#5351=DIRECTION('center_axis',(0.,0.,-1.));
#5352=DIRECTION('ref_axis',(0.00967667497884385,0.999953179884615,0.));
#5353=DIRECTION('center_axis',(0.,1.,0.));
#5354=DIRECTION('ref_axis',(-1.,0.,0.));
#5355=DIRECTION('',(-1.,0.,0.));
#5356=DIRECTION('',(0.,0.,1.));
#5357=DIRECTION('',(-1.,0.,0.));
#5358=DIRECTION('',(0.,0.,1.));
#5359=DIRECTION('center_axis',(0.,0.,1.));
#5360=DIRECTION('ref_axis',(0.,-1.,0.));
#5361=DIRECTION('center_axis',(0.,0.,-1.));
#5362=DIRECTION('ref_axis',(0.,-1.,0.));
#5363=DIRECTION('center_axis',(0.,0.,-1.));
#5364=DIRECTION('ref_axis',(0.,-1.,0.));
#5365=DIRECTION('',(0.,0.,1.));
#5366=DIRECTION('center_axis',(0.,-1.,0.));
#5367=DIRECTION('ref_axis',(1.,0.,0.));
#5368=DIRECTION('',(1.,0.,0.));
#5369=DIRECTION('',(1.,0.,0.));
#5370=DIRECTION('',(0.,0.,1.));
#5371=DIRECTION('center_axis',(0.,0.,1.));
#5372=DIRECTION('ref_axis',(-1.,-5.83879009955859E-15,0.));
#5373=DIRECTION('center_axis',(0.,0.,-1.));
#5374=DIRECTION('ref_axis',(0.00967667497884385,0.999953179884615,0.));
#5375=DIRECTION('center_axis',(0.,0.,-1.));
#5376=DIRECTION('ref_axis',(0.00967667497884385,0.999953179884615,0.));
#5377=DIRECTION('center_axis',(2.77555615723708E-16,1.,0.));
#5378=DIRECTION('ref_axis',(-1.,2.77555615723708E-16,0.));
#5379=DIRECTION('',(-1.,2.77555615723708E-16,0.));
#5380=DIRECTION('',(0.,0.,1.));
#5381=DIRECTION('',(-1.,2.77555615723708E-16,0.));
#5382=DIRECTION('',(0.,0.,1.));
#5383=DIRECTION('center_axis',(0.,0.,1.));
#5384=DIRECTION('ref_axis',(0.99999999999909,1.3488144518476E-6,0.));
#5385=DIRECTION('center_axis',(0.,0.,-1.));
#5386=DIRECTION('ref_axis',(-0.0124720293504051,-0.999922221217172,0.));
#5387=DIRECTION('center_axis',(0.,0.,-1.));
#5388=DIRECTION('ref_axis',(-0.0124720293504051,-0.999922221217172,0.));
#5389=DIRECTION('',(0.,0.,1.));
#5390=DIRECTION('center_axis',(0.,-1.,0.));
#5391=DIRECTION('ref_axis',(1.,0.,0.));
#5392=DIRECTION('',(1.,0.,0.));
#5393=DIRECTION('',(1.,0.,0.));
#5394=DIRECTION('',(0.,0.,1.));
#5395=DIRECTION('center_axis',(0.,0.,1.));
#5396=DIRECTION('ref_axis',(-1.,-4.80633524877852E-10,0.));
#5397=DIRECTION('center_axis',(0.,0.,-1.));
#5398=DIRECTION('ref_axis',(0.00967916597058858,0.999953155775866,0.));
#5399=DIRECTION('center_axis',(0.,0.,-1.));
#5400=DIRECTION('ref_axis',(0.00967916597058858,0.999953155775866,0.));
#5401=DIRECTION('center_axis',(2.77555615723708E-16,1.,0.));
#5402=DIRECTION('ref_axis',(-1.,2.77555615723708E-16,0.));
#5403=DIRECTION('',(-1.,2.77555615723708E-16,0.));
#5404=DIRECTION('',(0.,0.,1.));
#5405=DIRECTION('',(-1.,2.77555615723708E-16,0.));
#5406=DIRECTION('',(0.,0.,1.));
#5407=DIRECTION('center_axis',(0.,0.,1.));
#5408=DIRECTION('ref_axis',(0.99999999999909,1.3488144518476E-6,0.));
#5409=DIRECTION('center_axis',(0.,0.,-1.));
#5410=DIRECTION('ref_axis',(-0.0124720293504051,-0.999922221217172,0.));
#5411=DIRECTION('center_axis',(0.,0.,-1.));
#5412=DIRECTION('ref_axis',(-0.0124720293504051,-0.999922221217172,0.));
#5413=DIRECTION('',(0.,0.,1.));
#5414=DIRECTION('center_axis',(0.,-1.,0.));
#5415=DIRECTION('ref_axis',(1.,0.,0.));
#5416=DIRECTION('',(1.,0.,0.));
#5417=DIRECTION('',(1.,0.,0.));
#5418=DIRECTION('',(0.,0.,1.));
#5419=DIRECTION('center_axis',(0.,0.,1.));
#5420=DIRECTION('ref_axis',(-1.,-4.80633524877852E-10,0.));
#5421=DIRECTION('center_axis',(0.,0.,-1.));
#5422=DIRECTION('ref_axis',(0.00967916597058858,0.999953155775866,0.));
#5423=DIRECTION('center_axis',(0.,0.,-1.));
#5424=DIRECTION('ref_axis',(0.00967916597058858,0.999953155775866,0.));
#5425=DIRECTION('center_axis',(0.,0.,1.));
#5426=DIRECTION('ref_axis',(1.,0.,0.));
#5427=DIRECTION('center_axis',(0.,0.,-1.));
#5428=DIRECTION('ref_axis',(1.,0.,0.));
#5429=DIRECTION('',(0.,0.,-1.));
#5430=DIRECTION('center_axis',(0.,0.,-1.));
#5431=DIRECTION('ref_axis',(1.,0.,0.));
#5432=DIRECTION('center_axis',(2.77555615723708E-16,1.,0.));
#5433=DIRECTION('ref_axis',(-1.,2.77555615723708E-16,0.));
#5434=DIRECTION('',(-1.,2.77555615723708E-16,0.));
#5435=DIRECTION('',(0.,0.,1.));
#5436=DIRECTION('',(-1.,2.77555615723708E-16,0.));
#5437=DIRECTION('',(0.,0.,1.));
#5438=DIRECTION('center_axis',(0.,0.,1.));
#5439=DIRECTION('ref_axis',(0.99999999999909,1.3488144518476E-6,0.));
#5440=DIRECTION('center_axis',(0.,0.,-1.));
#5441=DIRECTION('ref_axis',(-0.0124720293504051,-0.999922221217172,0.));
#5442=DIRECTION('center_axis',(0.,0.,-1.));
#5443=DIRECTION('ref_axis',(-0.0124720293504051,-0.999922221217172,0.));
#5444=DIRECTION('',(0.,0.,1.));
#5445=DIRECTION('center_axis',(0.,-1.,0.));
#5446=DIRECTION('ref_axis',(1.,0.,0.));
#5447=DIRECTION('',(1.,0.,0.));
#5448=DIRECTION('',(1.,0.,0.));
#5449=DIRECTION('',(0.,0.,1.));
#5450=DIRECTION('center_axis',(0.,0.,1.));
#5451=DIRECTION('ref_axis',(-1.,-4.80631970854738E-10,0.));
#5452=DIRECTION('center_axis',(0.,0.,-1.));
#5453=DIRECTION('ref_axis',(0.00967916597058858,0.999953155775866,0.));
#5454=DIRECTION('center_axis',(0.,0.,-1.));
#5455=DIRECTION('ref_axis',(0.00967916597058858,0.999953155775866,0.));
#5456=DIRECTION('center_axis',(0.,1.,0.));
#5457=DIRECTION('ref_axis',(-1.,0.,0.));
#5458=DIRECTION('',(-1.,0.,0.));
#5459=DIRECTION('',(0.,0.,1.));
#5460=DIRECTION('',(-1.,0.,0.));
#5461=DIRECTION('',(0.,0.,1.));
#5462=DIRECTION('center_axis',(0.,0.,1.));
#5463=DIRECTION('ref_axis',(0.,-1.,0.));
#5464=DIRECTION('center_axis',(0.,0.,-1.));
#5465=DIRECTION('ref_axis',(0.,-1.,0.));
#5466=DIRECTION('center_axis',(0.,0.,-1.));
#5467=DIRECTION('ref_axis',(0.,-1.,0.));
#5468=DIRECTION('',(0.,0.,1.));
#5469=DIRECTION('center_axis',(0.,-1.,0.));
#5470=DIRECTION('ref_axis',(1.,0.,0.));
#5471=DIRECTION('',(1.,0.,0.));
#5472=DIRECTION('',(1.,0.,0.));
#5473=DIRECTION('',(0.,0.,1.));
#5474=DIRECTION('center_axis',(0.,0.,1.));
#5475=DIRECTION('ref_axis',(-1.,1.56125112837912E-16,0.));
#5476=DIRECTION('center_axis',(0.,0.,-1.));
#5477=DIRECTION('ref_axis',(0.00967667497884385,0.999953179884615,0.));
#5478=DIRECTION('center_axis',(0.,0.,-1.));
#5479=DIRECTION('ref_axis',(0.00967667497884385,0.999953179884615,0.));
#5480=DIRECTION('center_axis',(0.,0.,1.));
#5481=DIRECTION('ref_axis',(-1.,-4.80633521986646E-10,0.));
#5482=DIRECTION('center_axis',(0.,0.,-1.));
#5483=DIRECTION('ref_axis',(0.00967916597058858,0.999953155775866,0.));
#5484=DIRECTION('',(0.,0.,1.));
#5485=DIRECTION('center_axis',(0.,0.,-1.));
#5486=DIRECTION('ref_axis',(0.00967916597058858,0.999953155775866,0.));
#5487=DIRECTION('',(0.,0.,1.));
#5488=DIRECTION('center_axis',(1.38777807861854E-16,1.,0.));
#5489=DIRECTION('ref_axis',(-1.,1.38777807861854E-16,0.));
#5490=DIRECTION('',(-1.,1.38777807861854E-16,0.));
#5491=DIRECTION('',(-1.,1.38777807861854E-16,0.));
#5492=DIRECTION('',(0.,0.,1.));
#5493=DIRECTION('center_axis',(0.,0.,1.));
#5494=DIRECTION('ref_axis',(0.99999999999909,1.34881445183893E-6,0.));
#5495=DIRECTION('center_axis',(0.,0.,-1.));
#5496=DIRECTION('ref_axis',(-0.0124720293504051,-0.999922221217172,0.));
#5497=DIRECTION('center_axis',(0.,0.,-1.));
#5498=DIRECTION('ref_axis',(-0.0124720293504051,-0.999922221217172,0.));
#5499=DIRECTION('',(0.,0.,1.));
#5500=DIRECTION('center_axis',(0.,-1.,0.));
#5501=DIRECTION('ref_axis',(1.,0.,0.));
#5502=DIRECTION('',(1.,0.,0.));
#5503=DIRECTION('',(1.,0.,0.));
#5504=DIRECTION('center_axis',(0.,0.,1.));
#5505=DIRECTION('ref_axis',(-1.,-4.80632411763622E-10,0.));
#5506=DIRECTION('center_axis',(0.,0.,-1.));
#5507=DIRECTION('ref_axis',(0.00967916597058858,0.999953155775866,0.));
#5508=DIRECTION('',(0.,0.,1.));
#5509=DIRECTION('center_axis',(0.,0.,-1.));
#5510=DIRECTION('ref_axis',(0.00967916597058858,0.999953155775866,0.));
#5511=DIRECTION('',(0.,0.,1.));
#5512=DIRECTION('center_axis',(1.38777807861854E-16,1.,0.));
#5513=DIRECTION('ref_axis',(-1.,1.38777807861854E-16,0.));
#5514=DIRECTION('',(-1.,1.38777807861854E-16,0.));
#5515=DIRECTION('',(-1.,1.38777807861854E-16,0.));
#5516=DIRECTION('',(0.,0.,1.));
#5517=DIRECTION('center_axis',(0.,0.,1.));
#5518=DIRECTION('ref_axis',(0.99999999999909,1.34881445183893E-6,0.));
#5519=DIRECTION('center_axis',(0.,0.,-1.));
#5520=DIRECTION('ref_axis',(-0.0124720293504051,-0.999922221217172,0.));
#5521=DIRECTION('center_axis',(0.,0.,-1.));
#5522=DIRECTION('ref_axis',(-0.0124720293504051,-0.999922221217172,0.));
#5523=DIRECTION('',(0.,0.,1.));
#5524=DIRECTION('center_axis',(0.,-1.,0.));
#5525=DIRECTION('ref_axis',(1.,0.,0.));
#5526=DIRECTION('',(1.,0.,0.));
#5527=DIRECTION('',(1.,0.,0.));
#5528=DIRECTION('center_axis',(2.77555615723708E-16,1.,0.));
#5529=DIRECTION('ref_axis',(-1.,2.77555615723708E-16,0.));
#5530=DIRECTION('',(-1.,2.77555615723708E-16,0.));
#5531=DIRECTION('',(0.,0.,1.));
#5532=DIRECTION('',(-1.,2.77555615723708E-16,0.));
#5533=DIRECTION('',(0.,0.,1.));
#5534=DIRECTION('center_axis',(0.,0.,1.));
#5535=DIRECTION('ref_axis',(0.99999999999909,1.3488144518476E-6,0.));
#5536=DIRECTION('center_axis',(0.,0.,-1.));
#5537=DIRECTION('ref_axis',(-0.0124720293504051,-0.999922221217172,0.));
#5538=DIRECTION('center_axis',(0.,0.,-1.));
#5539=DIRECTION('ref_axis',(-0.0124720293504051,-0.999922221217172,0.));
#5540=DIRECTION('',(0.,0.,1.));
#5541=DIRECTION('center_axis',(0.,-1.,0.));
#5542=DIRECTION('ref_axis',(1.,0.,0.));
#5543=DIRECTION('',(1.,0.,0.));
#5544=DIRECTION('',(1.,0.,0.));
#5545=DIRECTION('',(0.,0.,1.));
#5546=DIRECTION('center_axis',(0.,0.,1.));
#5547=DIRECTION('ref_axis',(-1.,-4.80633524877852E-10,0.));
#5548=DIRECTION('center_axis',(0.,0.,-1.));
#5549=DIRECTION('ref_axis',(0.00967916597058858,0.999953155775866,0.));
#5550=DIRECTION('center_axis',(0.,0.,-1.));
#5551=DIRECTION('ref_axis',(0.00967916597058858,0.999953155775866,0.));
#5552=DIRECTION('center_axis',(0.,0.,1.));
#5553=DIRECTION('ref_axis',(1.,0.,0.));
#5554=DIRECTION('center_axis',(0.,0.,-1.));
#5555=DIRECTION('ref_axis',(1.,0.,0.));
#5556=DIRECTION('',(0.,0.,-1.));
#5557=DIRECTION('center_axis',(0.,0.,-1.));
#5558=DIRECTION('ref_axis',(1.,0.,0.));
#5559=DIRECTION('center_axis',(1.38777807861854E-16,1.,0.));
#5560=DIRECTION('ref_axis',(-1.,1.38777807861854E-16,0.));
#5561=DIRECTION('',(-1.,1.38777807861854E-16,0.));
#5562=DIRECTION('',(0.,0.,1.));
#5563=DIRECTION('',(-1.,1.38777807861854E-16,0.));
#5564=DIRECTION('',(0.,0.,1.));
#5565=DIRECTION('center_axis',(0.,0.,1.));
#5566=DIRECTION('ref_axis',(0.99999999999909,1.34881445183893E-6,0.));
#5567=DIRECTION('center_axis',(0.,0.,-1.));
#5568=DIRECTION('ref_axis',(-0.0124720293504051,-0.999922221217172,0.));
#5569=DIRECTION('center_axis',(0.,0.,-1.));
#5570=DIRECTION('ref_axis',(-0.0124720293504051,-0.999922221217172,0.));
#5571=DIRECTION('',(0.,0.,1.));
#5572=DIRECTION('center_axis',(0.,-1.,0.));
#5573=DIRECTION('ref_axis',(1.,0.,0.));
#5574=DIRECTION('',(1.,0.,0.));
#5575=DIRECTION('',(1.,0.,0.));
#5576=DIRECTION('',(0.,0.,1.));
#5577=DIRECTION('center_axis',(0.,0.,1.));
#5578=DIRECTION('ref_axis',(-1.,-4.80633521986646E-10,0.));
#5579=DIRECTION('center_axis',(0.,0.,-1.));
#5580=DIRECTION('ref_axis',(0.00967916597058858,0.999953155775866,0.));
#5581=DIRECTION('center_axis',(0.,0.,-1.));
#5582=DIRECTION('ref_axis',(0.00967916597058858,0.999953155775866,0.));
#5583=DIRECTION('center_axis',(6.93822978085221E-17,1.,0.));
#5584=DIRECTION('ref_axis',(-1.,6.93822978085221E-17,0.));
#5585=DIRECTION('',(-1.,6.93822978085221E-17,0.));
#5586=DIRECTION('',(0.,0.,1.));
#5587=DIRECTION('',(-1.,6.93822978085221E-17,0.));
#5588=DIRECTION('',(0.,0.,1.));
#5589=DIRECTION('center_axis',(0.,0.,1.));
#5590=DIRECTION('ref_axis',(1.,1.08588516376489E-12,0.));
#5591=DIRECTION('center_axis',(0.,0.,-1.));
#5592=DIRECTION('ref_axis',(-8.38939512420048E-5,-0.999999996480903,0.));
#5593=DIRECTION('center_axis',(0.,0.,-1.));
#5594=DIRECTION('ref_axis',(-8.38939512420048E-5,-0.999999996480903,0.));
#5595=DIRECTION('',(0.,0.,1.));
#5596=DIRECTION('center_axis',(0.,-1.,0.));
#5597=DIRECTION('ref_axis',(1.,0.,0.));
#5598=DIRECTION('',(1.,0.,0.));
#5599=DIRECTION('',(1.,0.,0.));
#5600=DIRECTION('',(0.,0.,1.));
#5601=DIRECTION('center_axis',(0.,0.,1.));
#5602=DIRECTION('ref_axis',(-0.999999695751446,-0.000780062187159922,0.));
#5603=DIRECTION('center_axis',(0.,0.,-1.));
#5604=DIRECTION('ref_axis',(0.00673578897321133,0.999977314316134,0.));
#5605=DIRECTION('center_axis',(0.,0.,-1.));
#5606=DIRECTION('ref_axis',(0.00673578897321133,0.999977314316134,0.));
#5607=DIRECTION('center_axis',(0.,0.,1.));
#5608=DIRECTION('ref_axis',(-1.,-4.80631967963532E-10,0.));
#5609=DIRECTION('center_axis',(0.,0.,-1.));
#5610=DIRECTION('ref_axis',(0.00967916597058858,0.999953155775866,0.));
#5611=DIRECTION('',(0.,0.,1.));
#5612=DIRECTION('center_axis',(0.,0.,-1.));
#5613=DIRECTION('ref_axis',(0.00967916597058858,0.999953155775866,0.));
#5614=DIRECTION('',(0.,0.,1.));
#5615=DIRECTION('center_axis',(1.38777807861854E-16,1.,0.));
#5616=DIRECTION('ref_axis',(-1.,1.38777807861854E-16,0.));
#5617=DIRECTION('',(-1.,1.38777807861854E-16,0.));
#5618=DIRECTION('',(-1.,1.38777807861854E-16,0.));
#5619=DIRECTION('',(0.,0.,1.));
#5620=DIRECTION('center_axis',(0.,0.,1.));
#5621=DIRECTION('ref_axis',(0.99999999999909,1.34881445183893E-6,0.));
#5622=DIRECTION('center_axis',(0.,0.,-1.));
#5623=DIRECTION('ref_axis',(-0.0124720293504051,-0.999922221217172,0.));
#5624=DIRECTION('center_axis',(0.,0.,-1.));
#5625=DIRECTION('ref_axis',(-0.0124720293504051,-0.999922221217172,0.));
#5626=DIRECTION('',(0.,0.,1.));
#5627=DIRECTION('center_axis',(0.,-1.,0.));
#5628=DIRECTION('ref_axis',(1.,0.,0.));
#5629=DIRECTION('',(1.,0.,0.));
#5630=DIRECTION('',(1.,0.,0.));
#5631=DIRECTION('center_axis',(0.,-1.,0.));
#5632=DIRECTION('ref_axis',(1.,0.,0.));
#5633=DIRECTION('',(1.,0.,0.));
#5634=DIRECTION('',(0.,0.,1.));
#5635=DIRECTION('',(1.,0.,0.));
#5636=DIRECTION('',(0.,0.,1.));
#5637=DIRECTION('center_axis',(0.,0.,1.));
#5638=DIRECTION('ref_axis',(-0.999999695751446,-0.000780062187161475,0.));
#5639=DIRECTION('center_axis',(0.,0.,-1.));
#5640=DIRECTION('ref_axis',(0.00673578897321133,0.999977314316134,0.));
#5641=DIRECTION('center_axis',(0.,0.,-1.));
#5642=DIRECTION('ref_axis',(0.00673578897321133,0.999977314316134,0.));
#5643=DIRECTION('',(0.,0.,1.));
#5644=DIRECTION('center_axis',(6.93822978085221E-17,1.,0.));
#5645=DIRECTION('ref_axis',(-1.,6.93822978085221E-17,0.));
#5646=DIRECTION('',(-1.,6.93822978085221E-17,0.));
#5647=DIRECTION('',(-1.,6.93822978085221E-17,0.));
#5648=DIRECTION('',(0.,0.,1.));
#5649=DIRECTION('center_axis',(0.,0.,1.));
#5650=DIRECTION('ref_axis',(1.,1.15183241130912E-12,0.));
#5651=DIRECTION('center_axis',(0.,0.,-1.));
#5652=DIRECTION('ref_axis',(-8.38939512420048E-5,-0.999999996480903,0.));
#5653=DIRECTION('center_axis',(0.,0.,-1.));
#5654=DIRECTION('ref_axis',(-8.38939512420048E-5,-0.999999996480903,0.));
#5655=DIRECTION('center_axis',(6.93822978085221E-17,1.,0.));
#5656=DIRECTION('ref_axis',(-1.,6.93822978085221E-17,0.));
#5657=DIRECTION('',(-1.,6.93822978085221E-17,0.));
#5658=DIRECTION('',(0.,0.,1.));
#5659=DIRECTION('',(-1.,6.93822978085221E-17,0.));
#5660=DIRECTION('',(0.,0.,1.));
#5661=DIRECTION('center_axis',(0.,0.,1.));
#5662=DIRECTION('ref_axis',(1.,1.08588516376489E-12,0.));
#5663=DIRECTION('center_axis',(0.,0.,-1.));
#5664=DIRECTION('ref_axis',(-8.38939512420048E-5,-0.999999996480903,0.));
#5665=DIRECTION('center_axis',(0.,0.,-1.));
#5666=DIRECTION('ref_axis',(-8.38939512420048E-5,-0.999999996480903,0.));
#5667=DIRECTION('',(0.,0.,1.));
#5668=DIRECTION('center_axis',(0.,-1.,0.));
#5669=DIRECTION('ref_axis',(1.,0.,0.));
#5670=DIRECTION('',(1.,0.,0.));
#5671=DIRECTION('',(1.,0.,0.));
#5672=DIRECTION('',(0.,0.,1.));
#5673=DIRECTION('center_axis',(0.,0.,1.));
#5674=DIRECTION('ref_axis',(-0.999999695751446,-0.000780062187160143,0.));
#5675=DIRECTION('center_axis',(0.,0.,-1.));
#5676=DIRECTION('ref_axis',(0.00673578897321133,0.999977314316134,0.));
#5677=DIRECTION('center_axis',(0.,0.,-1.));
#5678=DIRECTION('ref_axis',(0.00673578897321133,0.999977314316134,0.));
#5679=DIRECTION('center_axis',(0.,1.,0.));
#5680=DIRECTION('ref_axis',(-1.,0.,0.));
#5681=DIRECTION('',(-1.,0.,0.));
#5682=DIRECTION('',(0.,0.,1.));
#5683=DIRECTION('',(-1.,0.,0.));
#5684=DIRECTION('',(0.,0.,1.));
#5685=DIRECTION('center_axis',(0.,0.,1.));
#5686=DIRECTION('ref_axis',(0.,-1.,0.));
#5687=DIRECTION('center_axis',(0.,0.,-1.));
#5688=DIRECTION('ref_axis',(0.,-1.,0.));
#5689=DIRECTION('center_axis',(0.,0.,-1.));
#5690=DIRECTION('ref_axis',(0.,-1.,0.));
#5691=DIRECTION('',(0.,0.,1.));
#5692=DIRECTION('center_axis',(0.,-1.,0.));
#5693=DIRECTION('ref_axis',(1.,0.,0.));
#5694=DIRECTION('',(1.,0.,0.));
#5695=DIRECTION('',(1.,0.,0.));
#5696=DIRECTION('',(0.,0.,1.));
#5697=DIRECTION('center_axis',(0.,0.,1.));
#5698=DIRECTION('ref_axis',(-1.,-5.83879009955859E-15,0.));
#5699=DIRECTION('center_axis',(0.,0.,-1.));
#5700=DIRECTION('ref_axis',(0.00967667497884385,0.999953179884615,0.));
#5701=DIRECTION('center_axis',(0.,0.,-1.));
#5702=DIRECTION('ref_axis',(0.00967667497884385,0.999953179884615,0.));
#5703=DIRECTION('center_axis',(0.,1.,0.));
#5704=DIRECTION('ref_axis',(-1.,0.,0.));
#5705=DIRECTION('',(-1.,0.,0.));
#5706=DIRECTION('',(0.,0.,1.));
#5707=DIRECTION('',(-1.,0.,0.));
#5708=DIRECTION('',(0.,0.,1.));
#5709=DIRECTION('center_axis',(0.,0.,1.));
#5710=DIRECTION('ref_axis',(0.,-1.,0.));
#5711=DIRECTION('center_axis',(0.,0.,-1.));
#5712=DIRECTION('ref_axis',(0.,-1.,0.));
#5713=DIRECTION('center_axis',(0.,0.,-1.));
#5714=DIRECTION('ref_axis',(0.,-1.,0.));
#5715=DIRECTION('',(0.,0.,1.));
#5716=DIRECTION('center_axis',(0.,-1.,0.));
#5717=DIRECTION('ref_axis',(1.,0.,0.));
#5718=DIRECTION('',(1.,0.,0.));
#5719=DIRECTION('',(1.,0.,0.));
#5720=DIRECTION('',(0.,0.,1.));
#5721=DIRECTION('center_axis',(0.,0.,1.));
#5722=DIRECTION('ref_axis',(-1.,1.56125112837912E-16,0.));
#5723=DIRECTION('center_axis',(0.,0.,-1.));
#5724=DIRECTION('ref_axis',(0.00967667497884385,0.999953179884615,0.));
#5725=DIRECTION('center_axis',(0.,0.,-1.));
#5726=DIRECTION('ref_axis',(0.00967667497884385,0.999953179884615,0.));
#5727=DIRECTION('center_axis',(2.77555615723708E-16,1.,0.));
#5728=DIRECTION('ref_axis',(-1.,2.77555615723708E-16,0.));
#5729=DIRECTION('',(-1.,2.77555615723708E-16,0.));
#5730=DIRECTION('',(0.,0.,1.));
#5731=DIRECTION('',(-1.,2.77555615723708E-16,0.));
#5732=DIRECTION('',(0.,0.,1.));
#5733=DIRECTION('center_axis',(0.,0.,1.));
#5734=DIRECTION('ref_axis',(0.99999999999909,1.3488144518476E-6,0.));
#5735=DIRECTION('center_axis',(0.,0.,-1.));
#5736=DIRECTION('ref_axis',(-0.0124720293504051,-0.999922221217172,0.));
#5737=DIRECTION('center_axis',(0.,0.,-1.));
#5738=DIRECTION('ref_axis',(-0.0124720293504051,-0.999922221217172,0.));
#5739=DIRECTION('',(0.,0.,1.));
#5740=DIRECTION('center_axis',(0.,-1.,0.));
#5741=DIRECTION('ref_axis',(1.,0.,0.));
#5742=DIRECTION('',(1.,0.,0.));
#5743=DIRECTION('',(1.,0.,0.));
#5744=DIRECTION('',(0.,0.,1.));
#5745=DIRECTION('center_axis',(0.,0.,1.));
#5746=DIRECTION('ref_axis',(-1.,-4.80633524877852E-10,0.));
#5747=DIRECTION('center_axis',(0.,0.,-1.));
#5748=DIRECTION('ref_axis',(0.00967916597058858,0.999953155775866,0.));
#5749=DIRECTION('center_axis',(0.,0.,-1.));
#5750=DIRECTION('ref_axis',(0.00967916597058858,0.999953155775866,0.));
#5751=DIRECTION('center_axis',(2.77555615723708E-16,1.,0.));
#5752=DIRECTION('ref_axis',(-1.,2.77555615723708E-16,0.));
#5753=DIRECTION('',(-1.,2.77555615723708E-16,0.));
#5754=DIRECTION('',(0.,0.,1.));
#5755=DIRECTION('',(-1.,2.77555615723708E-16,0.));
#5756=DIRECTION('',(0.,0.,1.));
#5757=DIRECTION('center_axis',(0.,0.,1.));
#5758=DIRECTION('ref_axis',(0.99999999999909,1.3488144518476E-6,0.));
#5759=DIRECTION('center_axis',(0.,0.,-1.));
#5760=DIRECTION('ref_axis',(-0.0124720293504051,-0.999922221217172,0.));
#5761=DIRECTION('center_axis',(0.,0.,-1.));
#5762=DIRECTION('ref_axis',(-0.0124720293504051,-0.999922221217172,0.));
#5763=DIRECTION('',(0.,0.,1.));
#5764=DIRECTION('center_axis',(0.,-1.,0.));
#5765=DIRECTION('ref_axis',(1.,0.,0.));
#5766=DIRECTION('',(1.,0.,0.));
#5767=DIRECTION('',(1.,0.,0.));
#5768=DIRECTION('',(0.,0.,1.));
#5769=DIRECTION('center_axis',(0.,0.,1.));
#5770=DIRECTION('ref_axis',(-1.,-4.80631970854738E-10,0.));
#5771=DIRECTION('center_axis',(0.,0.,-1.));
#5772=DIRECTION('ref_axis',(0.00967916597058858,0.999953155775866,0.));
#5773=DIRECTION('center_axis',(0.,0.,-1.));
#5774=DIRECTION('ref_axis',(0.00967916597058858,0.999953155775866,0.));
#5775=DIRECTION('center_axis',(0.,0.,1.));
#5776=DIRECTION('ref_axis',(-1.,-4.80633521986646E-10,0.));
#5777=DIRECTION('center_axis',(0.,0.,-1.));
#5778=DIRECTION('ref_axis',(0.00967916597058858,0.999953155775866,0.));
#5779=DIRECTION('',(0.,0.,1.));
#5780=DIRECTION('center_axis',(0.,0.,-1.));
#5781=DIRECTION('ref_axis',(0.00967916597058858,0.999953155775866,0.));
#5782=DIRECTION('',(0.,0.,1.));
#5783=DIRECTION('center_axis',(1.38777807861854E-16,1.,0.));
#5784=DIRECTION('ref_axis',(-1.,1.38777807861854E-16,0.));
#5785=DIRECTION('',(-1.,1.38777807861854E-16,0.));
#5786=DIRECTION('',(-1.,1.38777807861854E-16,0.));
#5787=DIRECTION('',(0.,0.,1.));
#5788=DIRECTION('center_axis',(0.,0.,1.));
#5789=DIRECTION('ref_axis',(0.99999999999909,1.34881445183893E-6,0.));
#5790=DIRECTION('center_axis',(0.,0.,-1.));
#5791=DIRECTION('ref_axis',(-0.0124720293504051,-0.999922221217172,0.));
#5792=DIRECTION('center_axis',(0.,0.,-1.));
#5793=DIRECTION('ref_axis',(-0.0124720293504051,-0.999922221217172,0.));
#5794=DIRECTION('',(0.,0.,1.));
#5795=DIRECTION('center_axis',(0.,-1.,0.));
#5796=DIRECTION('ref_axis',(1.,0.,0.));
#5797=DIRECTION('',(1.,0.,0.));
#5798=DIRECTION('',(1.,0.,0.));
#5799=DIRECTION('center_axis',(2.77555615723708E-16,1.,0.));
#5800=DIRECTION('ref_axis',(-1.,2.77555615723708E-16,0.));
#5801=DIRECTION('',(-1.,2.77555615723708E-16,0.));
#5802=DIRECTION('',(0.,0.,1.));
#5803=DIRECTION('',(-1.,2.77555615723708E-16,0.));
#5804=DIRECTION('',(0.,0.,1.));
#5805=DIRECTION('center_axis',(0.,0.,1.));
#5806=DIRECTION('ref_axis',(0.99999999999909,1.3488144518476E-6,0.));
#5807=DIRECTION('center_axis',(0.,0.,-1.));
#5808=DIRECTION('ref_axis',(-0.0124720293504051,-0.999922221217172,0.));
#5809=DIRECTION('center_axis',(0.,0.,-1.));
#5810=DIRECTION('ref_axis',(-0.0124720293504051,-0.999922221217172,0.));
#5811=DIRECTION('',(0.,0.,1.));
#5812=DIRECTION('center_axis',(0.,-1.,0.));
#5813=DIRECTION('ref_axis',(1.,0.,0.));
#5814=DIRECTION('',(1.,0.,0.));
#5815=DIRECTION('',(1.,0.,0.));
#5816=DIRECTION('',(0.,0.,1.));
#5817=DIRECTION('center_axis',(0.,0.,1.));
#5818=DIRECTION('ref_axis',(-1.,-4.80633524877852E-10,0.));
#5819=DIRECTION('center_axis',(0.,0.,-1.));
#5820=DIRECTION('ref_axis',(0.00967916597058858,0.999953155775866,0.));
#5821=DIRECTION('center_axis',(0.,0.,-1.));
#5822=DIRECTION('ref_axis',(0.00967916597058858,0.999953155775866,0.));
#5823=DIRECTION('center_axis',(0.,0.,1.));
#5824=DIRECTION('ref_axis',(-1.,-4.80633521986646E-10,0.));
#5825=DIRECTION('center_axis',(0.,0.,-1.));
#5826=DIRECTION('ref_axis',(0.00967916597058858,0.999953155775866,0.));
#5827=DIRECTION('',(0.,0.,1.));
#5828=DIRECTION('center_axis',(0.,0.,-1.));
#5829=DIRECTION('ref_axis',(0.00967916597058858,0.999953155775866,0.));
#5830=DIRECTION('',(0.,0.,1.));
#5831=DIRECTION('center_axis',(1.38777807861854E-16,1.,0.));
#5832=DIRECTION('ref_axis',(-1.,1.38777807861854E-16,0.));
#5833=DIRECTION('',(-1.,1.38777807861854E-16,0.));
#5834=DIRECTION('',(-1.,1.38777807861854E-16,0.));
#5835=DIRECTION('',(0.,0.,1.));
#5836=DIRECTION('center_axis',(0.,0.,1.));
#5837=DIRECTION('ref_axis',(0.99999999999909,1.34881445183893E-6,0.));
#5838=DIRECTION('center_axis',(0.,0.,-1.));
#5839=DIRECTION('ref_axis',(-0.0124720293504051,-0.999922221217172,0.));
#5840=DIRECTION('center_axis',(0.,0.,-1.));
#5841=DIRECTION('ref_axis',(-0.0124720293504051,-0.999922221217172,0.));
#5842=DIRECTION('',(0.,0.,1.));
#5843=DIRECTION('center_axis',(0.,-1.,0.));
#5844=DIRECTION('ref_axis',(1.,0.,0.));
#5845=DIRECTION('',(1.,0.,0.));
#5846=DIRECTION('',(1.,0.,0.));
#5847=DIRECTION('center_axis',(0.,0.,1.));
#5848=DIRECTION('ref_axis',(1.,0.,0.));
#5849=DIRECTION('center_axis',(0.,0.,-1.));
#5850=DIRECTION('ref_axis',(1.,0.,0.));
#5851=DIRECTION('',(0.,0.,-1.));
#5852=DIRECTION('center_axis',(0.,0.,-1.));
#5853=DIRECTION('ref_axis',(1.,0.,0.));
#5854=DIRECTION('center_axis',(6.93822978085221E-17,1.,0.));
#5855=DIRECTION('ref_axis',(-1.,6.93822978085221E-17,0.));
#5856=DIRECTION('',(-1.,6.93822978085221E-17,0.));
#5857=DIRECTION('',(0.,0.,1.));
#5858=DIRECTION('',(-1.,6.93822978085221E-17,0.));
#5859=DIRECTION('',(0.,0.,1.));
#5860=DIRECTION('center_axis',(0.,0.,1.));
#5861=DIRECTION('ref_axis',(1.,1.08588516376489E-12,0.));
#5862=DIRECTION('center_axis',(0.,0.,-1.));
#5863=DIRECTION('ref_axis',(-8.38939512420048E-5,-0.999999996480903,0.));
#5864=DIRECTION('center_axis',(0.,0.,-1.));
#5865=DIRECTION('ref_axis',(-8.38939512420048E-5,-0.999999996480903,0.));
#5866=DIRECTION('',(0.,0.,1.));
#5867=DIRECTION('center_axis',(0.,-1.,0.));
#5868=DIRECTION('ref_axis',(1.,0.,0.));
#5869=DIRECTION('',(1.,0.,0.));
#5870=DIRECTION('',(1.,0.,0.));
#5871=DIRECTION('',(0.,0.,1.));
#5872=DIRECTION('center_axis',(0.,0.,1.));
#5873=DIRECTION('ref_axis',(-0.999999695751446,-0.000780062187161475,0.));
#5874=DIRECTION('center_axis',(0.,0.,-1.));
#5875=DIRECTION('ref_axis',(0.00673578897321133,0.999977314316134,0.));
#5876=DIRECTION('center_axis',(0.,0.,-1.));
#5877=DIRECTION('ref_axis',(0.00673578897321133,0.999977314316134,0.));
#5878=DIRECTION('center_axis',(0.,0.,1.));
#5879=DIRECTION('ref_axis',(1.,0.,0.));
#5880=DIRECTION('center_axis',(0.,0.,-1.));
#5881=DIRECTION('ref_axis',(1.,0.,0.));
#5882=DIRECTION('',(0.,0.,-1.));
#5883=DIRECTION('center_axis',(0.,0.,-1.));
#5884=DIRECTION('ref_axis',(1.,0.,0.));
#5885=DIRECTION('center_axis',(6.93822978085221E-17,1.,0.));
#5886=DIRECTION('ref_axis',(-1.,6.93822978085221E-17,0.));
#5887=DIRECTION('',(-1.,6.93822978085221E-17,0.));
#5888=DIRECTION('',(0.,0.,1.));
#5889=DIRECTION('',(-1.,6.93822978085221E-17,0.));
#5890=DIRECTION('',(0.,0.,1.));
#5891=DIRECTION('center_axis',(0.,0.,1.));
#5892=DIRECTION('ref_axis',(1.,1.08588516376489E-12,0.));
#5893=DIRECTION('center_axis',(0.,0.,-1.));
#5894=DIRECTION('ref_axis',(-8.38939512420048E-5,-0.999999996480903,0.));
#5895=DIRECTION('center_axis',(0.,0.,-1.));
#5896=DIRECTION('ref_axis',(-8.38939512420048E-5,-0.999999996480903,0.));
#5897=DIRECTION('',(0.,0.,1.));
#5898=DIRECTION('center_axis',(0.,-1.,0.));
#5899=DIRECTION('ref_axis',(1.,0.,0.));
#5900=DIRECTION('',(1.,0.,0.));
#5901=DIRECTION('',(1.,0.,0.));
#5902=DIRECTION('',(0.,0.,1.));
#5903=DIRECTION('center_axis',(0.,0.,1.));
#5904=DIRECTION('ref_axis',(-0.999999695751446,-0.000780062187161475,0.));
#5905=DIRECTION('center_axis',(0.,0.,-1.));
#5906=DIRECTION('ref_axis',(0.00673578897321133,0.999977314316134,0.));
#5907=DIRECTION('center_axis',(0.,0.,-1.));
#5908=DIRECTION('ref_axis',(0.00673578897321133,0.999977314316134,0.));
#5909=DIRECTION('center_axis',(6.93822978085221E-17,1.,0.));
#5910=DIRECTION('ref_axis',(-1.,6.93822978085221E-17,0.));
#5911=DIRECTION('',(-1.,6.93822978085221E-17,0.));
#5912=DIRECTION('',(0.,0.,1.));
#5913=DIRECTION('',(-1.,6.93822978085221E-17,0.));
#5914=DIRECTION('',(0.,0.,1.));
#5915=DIRECTION('center_axis',(0.,0.,1.));
#5916=DIRECTION('ref_axis',(1.,1.08588516376489E-12,0.));
#5917=DIRECTION('center_axis',(0.,0.,-1.));
#5918=DIRECTION('ref_axis',(-8.38939512420048E-5,-0.999999996480903,0.));
#5919=DIRECTION('center_axis',(0.,0.,-1.));
#5920=DIRECTION('ref_axis',(-8.38939512420048E-5,-0.999999996480903,0.));
#5921=DIRECTION('',(0.,0.,1.));
#5922=DIRECTION('center_axis',(0.,-1.,0.));
#5923=DIRECTION('ref_axis',(1.,0.,0.));
#5924=DIRECTION('',(1.,0.,0.));
#5925=DIRECTION('',(1.,0.,0.));
#5926=DIRECTION('',(0.,0.,1.));
#5927=DIRECTION('center_axis',(0.,0.,1.));
#5928=DIRECTION('ref_axis',(-0.999999695751446,-0.000780062187161475,0.));
#5929=DIRECTION('center_axis',(0.,0.,-1.));
#5930=DIRECTION('ref_axis',(0.00673578897321133,0.999977314316134,0.));
#5931=DIRECTION('center_axis',(0.,0.,-1.));
#5932=DIRECTION('ref_axis',(0.00673578897321133,0.999977314316134,0.));
#5933=DIRECTION('center_axis',(6.93822978085221E-17,1.,0.));
#5934=DIRECTION('ref_axis',(-1.,6.93822978085221E-17,0.));
#5935=DIRECTION('',(-1.,6.93822978085221E-17,0.));
#5936=DIRECTION('',(0.,0.,1.));
#5937=DIRECTION('',(-1.,6.93822978085221E-17,0.));
#5938=DIRECTION('',(0.,0.,1.));
#5939=DIRECTION('center_axis',(0.,0.,1.));
#5940=DIRECTION('ref_axis',(1.,1.08588516376489E-12,0.));
#5941=DIRECTION('center_axis',(0.,0.,-1.));
#5942=DIRECTION('ref_axis',(-8.38939512420048E-5,-0.999999996480903,0.));
#5943=DIRECTION('center_axis',(0.,0.,-1.));
#5944=DIRECTION('ref_axis',(-8.38939512420048E-5,-0.999999996480903,0.));
#5945=DIRECTION('',(0.,0.,1.));
#5946=DIRECTION('center_axis',(0.,-1.,0.));
#5947=DIRECTION('ref_axis',(1.,0.,0.));
#5948=DIRECTION('',(1.,0.,0.));
#5949=DIRECTION('',(1.,0.,0.));
#5950=DIRECTION('',(0.,0.,1.));
#5951=DIRECTION('center_axis',(0.,0.,1.));
#5952=DIRECTION('ref_axis',(-0.999999695751446,-0.000780062187160143,0.));
#5953=DIRECTION('center_axis',(0.,0.,-1.));
#5954=DIRECTION('ref_axis',(0.00673578897321133,0.999977314316134,0.));
#5955=DIRECTION('center_axis',(0.,0.,-1.));
#5956=DIRECTION('ref_axis',(0.00673578897321133,0.999977314316134,0.));
#5957=DIRECTION('center_axis',(0.,0.,1.));
#5958=DIRECTION('ref_axis',(-1.,-4.80631967963532E-10,0.));
#5959=DIRECTION('center_axis',(0.,0.,-1.));
#5960=DIRECTION('ref_axis',(0.00967916597058858,0.999953155775866,0.));
#5961=DIRECTION('',(0.,0.,1.));
#5962=DIRECTION('center_axis',(0.,0.,-1.));
#5963=DIRECTION('ref_axis',(0.00967916597058858,0.999953155775866,0.));
#5964=DIRECTION('',(0.,0.,1.));
#5965=DIRECTION('center_axis',(1.38777807861854E-16,1.,0.));
#5966=DIRECTION('ref_axis',(-1.,1.38777807861854E-16,0.));
#5967=DIRECTION('',(-1.,1.38777807861854E-16,0.));
#5968=DIRECTION('',(-1.,1.38777807861854E-16,0.));
#5969=DIRECTION('',(0.,0.,1.));
#5970=DIRECTION('center_axis',(0.,0.,1.));
#5971=DIRECTION('ref_axis',(0.99999999999909,1.34881445183893E-6,0.));
#5972=DIRECTION('center_axis',(0.,0.,-1.));
#5973=DIRECTION('ref_axis',(-0.0124720293504051,-0.999922221217172,0.));
#5974=DIRECTION('center_axis',(0.,0.,-1.));
#5975=DIRECTION('ref_axis',(-0.0124720293504051,-0.999922221217172,0.));
#5976=DIRECTION('',(0.,0.,1.));
#5977=DIRECTION('center_axis',(0.,-1.,0.));
#5978=DIRECTION('ref_axis',(1.,0.,0.));
#5979=DIRECTION('',(1.,0.,0.));
#5980=DIRECTION('',(1.,0.,0.));
#5981=DIRECTION('center_axis',(6.93822978085221E-17,1.,0.));
#5982=DIRECTION('ref_axis',(-1.,6.93822978085221E-17,0.));
#5983=DIRECTION('',(-1.,6.93822978085221E-17,0.));
#5984=DIRECTION('',(0.,0.,1.));
#5985=DIRECTION('',(-1.,6.93822978085221E-17,0.));
#5986=DIRECTION('',(0.,0.,1.));
#5987=DIRECTION('center_axis',(0.,0.,1.));
#5988=DIRECTION('ref_axis',(1.,1.08588516376489E-12,0.));
#5989=DIRECTION('center_axis',(0.,0.,-1.));
#5990=DIRECTION('ref_axis',(-8.38939512420048E-5,-0.999999996480903,0.));
#5991=DIRECTION('center_axis',(0.,0.,-1.));
#5992=DIRECTION('ref_axis',(-8.38939512420048E-5,-0.999999996480903,0.));
#5993=DIRECTION('',(0.,0.,1.));
#5994=DIRECTION('center_axis',(0.,-1.,0.));
#5995=DIRECTION('ref_axis',(1.,0.,0.));
#5996=DIRECTION('',(1.,0.,0.));
#5997=DIRECTION('',(1.,0.,0.));
#5998=DIRECTION('',(0.,0.,1.));
#5999=DIRECTION('center_axis',(0.,0.,1.));
#6000=DIRECTION('ref_axis',(-0.999999695751446,-0.000780062187161475,0.));
#6001=DIRECTION('center_axis',(0.,0.,-1.));
#6002=DIRECTION('ref_axis',(0.00673578897321133,0.999977314316134,0.));
#6003=DIRECTION('center_axis',(0.,0.,-1.));
#6004=DIRECTION('ref_axis',(0.00673578897321133,0.999977314316134,0.));
#6005=DIRECTION('center_axis',(2.77555615723708E-16,1.,0.));
#6006=DIRECTION('ref_axis',(-1.,2.77555615723708E-16,0.));
#6007=DIRECTION('',(-1.,2.77555615723708E-16,0.));
#6008=DIRECTION('',(0.,0.,1.));
#6009=DIRECTION('',(-1.,2.77555615723708E-16,0.));
#6010=DIRECTION('',(0.,0.,1.));
#6011=DIRECTION('center_axis',(0.,0.,1.));
#6012=DIRECTION('ref_axis',(0.99999999999909,1.3488144518476E-6,0.));
#6013=DIRECTION('center_axis',(0.,0.,-1.));
#6014=DIRECTION('ref_axis',(-0.0124720293504051,-0.999922221217172,0.));
#6015=DIRECTION('center_axis',(0.,0.,-1.));
#6016=DIRECTION('ref_axis',(-0.0124720293504051,-0.999922221217172,0.));
#6017=DIRECTION('',(0.,0.,1.));
#6018=DIRECTION('center_axis',(0.,-1.,0.));
#6019=DIRECTION('ref_axis',(1.,0.,0.));
#6020=DIRECTION('',(1.,0.,0.));
#6021=DIRECTION('',(1.,0.,0.));
#6022=DIRECTION('',(0.,0.,1.));
#6023=DIRECTION('center_axis',(0.,0.,1.));
#6024=DIRECTION('ref_axis',(-1.,-4.80633524877852E-10,0.));
#6025=DIRECTION('center_axis',(0.,0.,-1.));
#6026=DIRECTION('ref_axis',(0.00967916597058858,0.999953155775866,0.));
#6027=DIRECTION('center_axis',(0.,0.,-1.));
#6028=DIRECTION('ref_axis',(0.00967916597058858,0.999953155775866,0.));
#6029=DIRECTION('center_axis',(2.77555615723708E-16,1.,0.));
#6030=DIRECTION('ref_axis',(-1.,2.77555615723708E-16,0.));
#6031=DIRECTION('',(-1.,2.77555615723708E-16,0.));
#6032=DIRECTION('',(0.,0.,1.));
#6033=DIRECTION('',(-1.,2.77555615723708E-16,0.));
#6034=DIRECTION('',(0.,0.,1.));
#6035=DIRECTION('center_axis',(0.,0.,1.));
#6036=DIRECTION('ref_axis',(0.99999999999909,1.3488144518476E-6,0.));
#6037=DIRECTION('center_axis',(0.,0.,-1.));
#6038=DIRECTION('ref_axis',(-0.0124720293504051,-0.999922221217172,0.));
#6039=DIRECTION('center_axis',(0.,0.,-1.));
#6040=DIRECTION('ref_axis',(-0.0124720293504051,-0.999922221217172,0.));
#6041=DIRECTION('',(0.,0.,1.));
#6042=DIRECTION('center_axis',(0.,-1.,0.));
#6043=DIRECTION('ref_axis',(1.,0.,0.));
#6044=DIRECTION('',(1.,0.,0.));
#6045=DIRECTION('',(1.,0.,0.));
#6046=DIRECTION('',(0.,0.,1.));
#6047=DIRECTION('center_axis',(0.,0.,1.));
#6048=DIRECTION('ref_axis',(-1.,-4.80633524877852E-10,0.));
#6049=DIRECTION('center_axis',(0.,0.,-1.));
#6050=DIRECTION('ref_axis',(0.00967916597058858,0.999953155775866,0.));
#6051=DIRECTION('center_axis',(0.,0.,-1.));
#6052=DIRECTION('ref_axis',(0.00967916597058858,0.999953155775866,0.));
#6053=DIRECTION('center_axis',(0.,0.,1.));
#6054=DIRECTION('ref_axis',(-1.,-4.80633521986646E-10,0.));
#6055=DIRECTION('center_axis',(0.,0.,-1.));
#6056=DIRECTION('ref_axis',(0.00967916597058858,0.999953155775866,0.));
#6057=DIRECTION('',(0.,0.,1.));
#6058=DIRECTION('center_axis',(0.,0.,-1.));
#6059=DIRECTION('ref_axis',(0.00967916597058858,0.999953155775866,0.));
#6060=DIRECTION('',(0.,0.,1.));
#6061=DIRECTION('center_axis',(1.38777807861854E-16,1.,0.));
#6062=DIRECTION('ref_axis',(-1.,1.38777807861854E-16,0.));
#6063=DIRECTION('',(-1.,1.38777807861854E-16,0.));
#6064=DIRECTION('',(-1.,1.38777807861854E-16,0.));
#6065=DIRECTION('',(0.,0.,1.));
#6066=DIRECTION('center_axis',(0.,0.,1.));
#6067=DIRECTION('ref_axis',(0.99999999999909,1.34881445183893E-6,0.));
#6068=DIRECTION('center_axis',(0.,0.,-1.));
#6069=DIRECTION('ref_axis',(-0.0124720293504051,-0.999922221217172,0.));
#6070=DIRECTION('center_axis',(0.,0.,-1.));
#6071=DIRECTION('ref_axis',(-0.0124720293504051,-0.999922221217172,0.));
#6072=DIRECTION('',(0.,0.,1.));
#6073=DIRECTION('center_axis',(0.,-1.,0.));
#6074=DIRECTION('ref_axis',(1.,0.,0.));
#6075=DIRECTION('',(1.,0.,0.));
#6076=DIRECTION('',(1.,0.,0.));
#6077=DIRECTION('center_axis',(0.,1.,0.));
#6078=DIRECTION('ref_axis',(-1.,0.,0.));
#6079=DIRECTION('',(-1.,0.,0.));
#6080=DIRECTION('',(0.,0.,1.));
#6081=DIRECTION('',(-1.,0.,0.));
#6082=DIRECTION('',(0.,0.,1.));
#6083=DIRECTION('center_axis',(0.,0.,1.));
#6084=DIRECTION('ref_axis',(0.,-1.,0.));
#6085=DIRECTION('center_axis',(0.,0.,-1.));
#6086=DIRECTION('ref_axis',(0.,-1.,0.));
#6087=DIRECTION('center_axis',(0.,0.,-1.));
#6088=DIRECTION('ref_axis',(0.,-1.,0.));
#6089=DIRECTION('',(0.,0.,1.));
#6090=DIRECTION('center_axis',(0.,-1.,0.));
#6091=DIRECTION('ref_axis',(1.,0.,0.));
#6092=DIRECTION('',(1.,0.,0.));
#6093=DIRECTION('',(1.,0.,0.));
#6094=DIRECTION('',(0.,0.,1.));
#6095=DIRECTION('center_axis',(0.,0.,1.));
#6096=DIRECTION('ref_axis',(-1.,1.56125112837912E-16,0.));
#6097=DIRECTION('center_axis',(0.,0.,-1.));
#6098=DIRECTION('ref_axis',(0.00967667497884385,0.999953179884615,0.));
#6099=DIRECTION('center_axis',(0.,0.,-1.));
#6100=DIRECTION('ref_axis',(0.00967667497884385,0.999953179884615,0.));
#6101=DIRECTION('center_axis',(0.,0.,1.));
#6102=DIRECTION('ref_axis',(-1.,-4.80631967963532E-10,0.));
#6103=DIRECTION('center_axis',(0.,0.,-1.));
#6104=DIRECTION('ref_axis',(0.00967916597058858,0.999953155775866,0.));
#6105=DIRECTION('',(0.,0.,1.));
#6106=DIRECTION('center_axis',(0.,0.,-1.));
#6107=DIRECTION('ref_axis',(0.00967916597058858,0.999953155775866,0.));
#6108=DIRECTION('',(0.,0.,1.));
#6109=DIRECTION('center_axis',(1.38777807861854E-16,1.,0.));
#6110=DIRECTION('ref_axis',(-1.,1.38777807861854E-16,0.));
#6111=DIRECTION('',(-1.,1.38777807861854E-16,0.));
#6112=DIRECTION('',(-1.,1.38777807861854E-16,0.));
#6113=DIRECTION('',(0.,0.,1.));
#6114=DIRECTION('center_axis',(0.,0.,1.));
#6115=DIRECTION('ref_axis',(0.99999999999909,1.34881445183893E-6,0.));
#6116=DIRECTION('center_axis',(0.,0.,-1.));
#6117=DIRECTION('ref_axis',(-0.0124720293504051,-0.999922221217172,0.));
#6118=DIRECTION('center_axis',(0.,0.,-1.));
#6119=DIRECTION('ref_axis',(-0.0124720293504051,-0.999922221217172,0.));
#6120=DIRECTION('',(0.,0.,1.));
#6121=DIRECTION('center_axis',(0.,-1.,0.));
#6122=DIRECTION('ref_axis',(1.,0.,0.));
#6123=DIRECTION('',(1.,0.,0.));
#6124=DIRECTION('',(1.,0.,0.));
#6125=DIRECTION('center_axis',(0.,0.,1.));
#6126=DIRECTION('ref_axis',(-1.,-4.80633521986646E-10,0.));
#6127=DIRECTION('center_axis',(0.,0.,-1.));
#6128=DIRECTION('ref_axis',(0.00967916597058858,0.999953155775866,0.));
#6129=DIRECTION('',(0.,0.,1.));
#6130=DIRECTION('center_axis',(0.,0.,-1.));
#6131=DIRECTION('ref_axis',(0.00967916597058858,0.999953155775866,0.));
#6132=DIRECTION('',(0.,0.,1.));
#6133=DIRECTION('center_axis',(1.38777807861854E-16,1.,0.));
#6134=DIRECTION('ref_axis',(-1.,1.38777807861854E-16,0.));
#6135=DIRECTION('',(-1.,1.38777807861854E-16,0.));
#6136=DIRECTION('',(-1.,1.38777807861854E-16,0.));
#6137=DIRECTION('',(0.,0.,1.));
#6138=DIRECTION('center_axis',(0.,0.,1.));
#6139=DIRECTION('ref_axis',(0.99999999999909,1.34881445183893E-6,0.));
#6140=DIRECTION('center_axis',(0.,0.,-1.));
#6141=DIRECTION('ref_axis',(-0.0124720293504051,-0.999922221217172,0.));
#6142=DIRECTION('center_axis',(0.,0.,-1.));
#6143=DIRECTION('ref_axis',(-0.0124720293504051,-0.999922221217172,0.));
#6144=DIRECTION('',(0.,0.,1.));
#6145=DIRECTION('center_axis',(0.,-1.,0.));
#6146=DIRECTION('ref_axis',(1.,0.,0.));
#6147=DIRECTION('',(1.,0.,0.));
#6148=DIRECTION('',(1.,0.,0.));
#6149=DIRECTION('center_axis',(0.,1.,0.));
#6150=DIRECTION('ref_axis',(-1.,0.,0.));
#6151=DIRECTION('',(-1.,0.,0.));
#6152=DIRECTION('',(0.,0.,1.));
#6153=DIRECTION('',(-1.,0.,0.));
#6154=DIRECTION('',(0.,0.,1.));
#6155=DIRECTION('center_axis',(0.,0.,1.));
#6156=DIRECTION('ref_axis',(0.,-1.,0.));
#6157=DIRECTION('center_axis',(0.,0.,-1.));
#6158=DIRECTION('ref_axis',(0.,-1.,0.));
#6159=DIRECTION('center_axis',(0.,0.,-1.));
#6160=DIRECTION('ref_axis',(0.,-1.,0.));
#6161=DIRECTION('',(0.,0.,1.));
#6162=DIRECTION('center_axis',(0.,-1.,0.));
#6163=DIRECTION('ref_axis',(1.,0.,0.));
#6164=DIRECTION('',(1.,0.,0.));
#6165=DIRECTION('',(1.,0.,0.));
#6166=DIRECTION('',(0.,0.,1.));
#6167=DIRECTION('center_axis',(0.,0.,1.));
#6168=DIRECTION('ref_axis',(-1.,1.56125112837912E-16,0.));
#6169=DIRECTION('center_axis',(0.,0.,-1.));
#6170=DIRECTION('ref_axis',(0.00967667497884385,0.999953179884615,0.));
#6171=DIRECTION('center_axis',(0.,0.,-1.));
#6172=DIRECTION('ref_axis',(0.00967667497884385,0.999953179884615,0.));
#6173=DIRECTION('center_axis',(6.93822978085221E-17,1.,0.));
#6174=DIRECTION('ref_axis',(-1.,6.93822978085221E-17,0.));
#6175=DIRECTION('',(-1.,6.93822978085221E-17,0.));
#6176=DIRECTION('',(0.,0.,1.));
#6177=DIRECTION('',(-1.,6.93822978085221E-17,0.));
#6178=DIRECTION('',(0.,0.,1.));
#6179=DIRECTION('center_axis',(0.,0.,1.));
#6180=DIRECTION('ref_axis',(1.,1.08588516376489E-12,0.));
#6181=DIRECTION('center_axis',(0.,0.,-1.));
#6182=DIRECTION('ref_axis',(-8.38939512420048E-5,-0.999999996480903,0.));
#6183=DIRECTION('center_axis',(0.,0.,-1.));
#6184=DIRECTION('ref_axis',(-8.38939512420048E-5,-0.999999996480903,0.));
#6185=DIRECTION('',(0.,0.,1.));
#6186=DIRECTION('center_axis',(0.,-1.,0.));
#6187=DIRECTION('ref_axis',(1.,0.,0.));
#6188=DIRECTION('',(1.,0.,0.));
#6189=DIRECTION('',(1.,0.,0.));
#6190=DIRECTION('',(0.,0.,1.));
#6191=DIRECTION('center_axis',(0.,0.,1.));
#6192=DIRECTION('ref_axis',(-0.999999695751446,-0.000780062187159477,0.));
#6193=DIRECTION('center_axis',(0.,0.,-1.));
#6194=DIRECTION('ref_axis',(0.00673578897321133,0.999977314316134,0.));
#6195=DIRECTION('center_axis',(0.,0.,-1.));
#6196=DIRECTION('ref_axis',(0.00673578897321133,0.999977314316134,0.));
#6197=DIRECTION('center_axis',(6.93822978085221E-17,1.,0.));
#6198=DIRECTION('ref_axis',(-1.,6.93822978085221E-17,0.));
#6199=DIRECTION('',(-1.,6.93822978085221E-17,0.));
#6200=DIRECTION('',(0.,0.,1.));
#6201=DIRECTION('',(-1.,6.93822978085221E-17,0.));
#6202=DIRECTION('',(0.,0.,1.));
#6203=DIRECTION('center_axis',(0.,0.,1.));
#6204=DIRECTION('ref_axis',(1.,1.08588516376489E-12,0.));
#6205=DIRECTION('center_axis',(0.,0.,-1.));
#6206=DIRECTION('ref_axis',(-8.38939512420048E-5,-0.999999996480903,0.));
#6207=DIRECTION('center_axis',(0.,0.,-1.));
#6208=DIRECTION('ref_axis',(-8.38939512420048E-5,-0.999999996480903,0.));
#6209=DIRECTION('',(0.,0.,1.));
#6210=DIRECTION('center_axis',(0.,-1.,0.));
#6211=DIRECTION('ref_axis',(1.,0.,0.));
#6212=DIRECTION('',(1.,0.,0.));
#6213=DIRECTION('',(1.,0.,0.));
#6214=DIRECTION('',(0.,0.,1.));
#6215=DIRECTION('center_axis',(0.,0.,1.));
#6216=DIRECTION('ref_axis',(-0.999999695751446,-0.000780062187161475,0.));
#6217=DIRECTION('center_axis',(0.,0.,-1.));
#6218=DIRECTION('ref_axis',(0.00673578897321133,0.999977314316134,0.));
#6219=DIRECTION('center_axis',(0.,0.,-1.));
#6220=DIRECTION('ref_axis',(0.00673578897321133,0.999977314316134,0.));
#6221=DIRECTION('center_axis',(2.77555615723708E-16,1.,0.));
#6222=DIRECTION('ref_axis',(-1.,2.77555615723708E-16,0.));
#6223=DIRECTION('',(-1.,2.77555615723708E-16,0.));
#6224=DIRECTION('',(0.,0.,1.));
#6225=DIRECTION('',(-1.,2.77555615723708E-16,0.));
#6226=DIRECTION('',(0.,0.,1.));
#6227=DIRECTION('center_axis',(0.,0.,1.));
#6228=DIRECTION('ref_axis',(0.99999999999909,1.3488144518476E-6,0.));
#6229=DIRECTION('center_axis',(0.,0.,-1.));
#6230=DIRECTION('ref_axis',(-0.0124720293504051,-0.999922221217172,0.));
#6231=DIRECTION('center_axis',(0.,0.,-1.));
#6232=DIRECTION('ref_axis',(-0.0124720293504051,-0.999922221217172,0.));
#6233=DIRECTION('',(0.,0.,1.));
#6234=DIRECTION('center_axis',(0.,-1.,0.));
#6235=DIRECTION('ref_axis',(1.,0.,0.));
#6236=DIRECTION('',(1.,0.,0.));
#6237=DIRECTION('',(1.,0.,0.));
#6238=DIRECTION('',(0.,0.,1.));
#6239=DIRECTION('center_axis',(0.,0.,1.));
#6240=DIRECTION('ref_axis',(-1.,-4.80633524877852E-10,0.));
#6241=DIRECTION('center_axis',(0.,0.,-1.));
#6242=DIRECTION('ref_axis',(0.00967916597058858,0.999953155775866,0.));
#6243=DIRECTION('center_axis',(0.,0.,-1.));
#6244=DIRECTION('ref_axis',(0.00967916597058858,0.999953155775866,0.));
#6245=DIRECTION('center_axis',(0.,0.,1.));
#6246=DIRECTION('ref_axis',(-1.,-4.80633521986646E-10,0.));
#6247=DIRECTION('center_axis',(0.,0.,-1.));
#6248=DIRECTION('ref_axis',(0.00967916597058858,0.999953155775866,0.));
#6249=DIRECTION('',(0.,0.,1.));
#6250=DIRECTION('center_axis',(0.,0.,-1.));
#6251=DIRECTION('ref_axis',(0.00967916597058858,0.999953155775866,0.));
#6252=DIRECTION('',(0.,0.,1.));
#6253=DIRECTION('center_axis',(1.38777807861854E-16,1.,0.));
#6254=DIRECTION('ref_axis',(-1.,1.38777807861854E-16,0.));
#6255=DIRECTION('',(-1.,1.38777807861854E-16,0.));
#6256=DIRECTION('',(-1.,1.38777807861854E-16,0.));
#6257=DIRECTION('',(0.,0.,1.));
#6258=DIRECTION('center_axis',(0.,0.,1.));
#6259=DIRECTION('ref_axis',(0.99999999999909,1.34881445183893E-6,0.));
#6260=DIRECTION('center_axis',(0.,0.,-1.));
#6261=DIRECTION('ref_axis',(-0.0124720293504051,-0.999922221217172,0.));
#6262=DIRECTION('center_axis',(0.,0.,-1.));
#6263=DIRECTION('ref_axis',(-0.0124720293504051,-0.999922221217172,0.));
#6264=DIRECTION('',(0.,0.,1.));
#6265=DIRECTION('center_axis',(0.,-1.,0.));
#6266=DIRECTION('ref_axis',(1.,0.,0.));
#6267=DIRECTION('',(1.,0.,0.));
#6268=DIRECTION('',(1.,0.,0.));
#6269=DIRECTION('center_axis',(2.77555615723708E-16,1.,0.));
#6270=DIRECTION('ref_axis',(-1.,2.77555615723708E-16,0.));
#6271=DIRECTION('',(-1.,2.77555615723708E-16,0.));
#6272=DIRECTION('',(0.,0.,1.));
#6273=DIRECTION('',(-1.,2.77555615723708E-16,0.));
#6274=DIRECTION('',(0.,0.,1.));
#6275=DIRECTION('center_axis',(0.,0.,1.));
#6276=DIRECTION('ref_axis',(0.99999999999909,1.3488144518476E-6,0.));
#6277=DIRECTION('center_axis',(0.,0.,-1.));
#6278=DIRECTION('ref_axis',(-0.0124720293504051,-0.999922221217172,0.));
#6279=DIRECTION('center_axis',(0.,0.,-1.));
#6280=DIRECTION('ref_axis',(-0.0124720293504051,-0.999922221217172,0.));
#6281=DIRECTION('',(0.,0.,1.));
#6282=DIRECTION('center_axis',(0.,-1.,0.));
#6283=DIRECTION('ref_axis',(1.,0.,0.));
#6284=DIRECTION('',(1.,0.,0.));
#6285=DIRECTION('',(1.,0.,0.));
#6286=DIRECTION('',(0.,0.,1.));
#6287=DIRECTION('center_axis',(0.,0.,1.));
#6288=DIRECTION('ref_axis',(-1.,-4.80631970854738E-10,0.));
#6289=DIRECTION('center_axis',(0.,0.,-1.));
#6290=DIRECTION('ref_axis',(0.00967916597058858,0.999953155775866,0.));
#6291=DIRECTION('center_axis',(0.,0.,-1.));
#6292=DIRECTION('ref_axis',(0.00967916597058858,0.999953155775866,0.));
#6293=DIRECTION('center_axis',(-1.,0.,0.));
#6294=DIRECTION('ref_axis',(0.,-1.,0.));
#6295=DIRECTION('',(0.,1.,0.));
#6296=DIRECTION('',(0.,0.,1.));
#6297=DIRECTION('',(0.,-1.,0.));
#6298=DIRECTION('',(0.,0.,1.));
#6299=DIRECTION('center_axis',(0.,1.,0.));
#6300=DIRECTION('ref_axis',(-1.,0.,0.));
#6301=DIRECTION('',(1.,0.,0.));
#6302=DIRECTION('',(-1.,0.,0.));
#6303=DIRECTION('',(0.,0.,1.));
#6304=DIRECTION('center_axis',(1.,0.,0.));
#6305=DIRECTION('ref_axis',(0.,1.,0.));
#6306=DIRECTION('',(0.,-1.,0.));
#6307=DIRECTION('',(0.,1.,0.));
#6308=DIRECTION('',(0.,0.,1.));
#6309=DIRECTION('center_axis',(0.,-1.,0.));
#6310=DIRECTION('ref_axis',(1.,0.,0.));
#6311=DIRECTION('',(-1.,0.,0.));
#6312=DIRECTION('',(1.,0.,0.));
#6313=DIRECTION('center_axis',(0.,0.,1.));
#6314=DIRECTION('ref_axis',(1.,0.,0.));
#6315=DIRECTION('center_axis',(0.,0.,1.));
#6316=DIRECTION('ref_axis',(1.,0.,0.));
#6317=CARTESIAN_POINT('',(0.,0.,0.));
#6318=CARTESIAN_POINT('Origin',(-30.0145165472879,-11.0105496466904,0.));
#6319=CARTESIAN_POINT('',(-30.0145165472879,-11.0105496466904,0.));
#6320=CARTESIAN_POINT('',(-37.9854865223514,-11.0105496466904,0.));
#6321=CARTESIAN_POINT('',(-38.0145165472879,-11.0105496466904,0.));
#6322=CARTESIAN_POINT('',(-37.9854865223514,-11.0105496466904,3.));
#6323=CARTESIAN_POINT('',(-37.9854865223514,-11.0105496466904,0.));
#6324=CARTESIAN_POINT('',(-30.0145165472879,-11.0105496466904,3.));
#6325=CARTESIAN_POINT('',(-38.0145165472879,-11.0105496466904,3.));
#6326=CARTESIAN_POINT('',(-30.0145165472879,-11.0105496466904,0.));
#6327=CARTESIAN_POINT('Origin',(-30.0145165472879,-9.51061987686349,0.));
#6328=CARTESIAN_POINT('',(-30.0145165472879,-8.01069010703657,0.));
#6329=CARTESIAN_POINT('Origin',(-30.0145165472879,-9.51061987686349,0.));
#6330=CARTESIAN_POINT('',(-30.0145165472879,-8.01069010703657,3.));
#6331=CARTESIAN_POINT('Origin',(-30.0145165472879,-9.51061987686349,3.));
#6332=CARTESIAN_POINT('',(-30.0145165472879,-8.01069010703657,0.));
#6333=CARTESIAN_POINT('Origin',(-37.9854865223514,-8.01069010703657,0.));
#6334=CARTESIAN_POINT('',(-37.9854865223514,-8.01069010703657,0.));
#6335=CARTESIAN_POINT('',(-30.0145165472879,-8.01069010703657,0.));
#6336=CARTESIAN_POINT('',(-37.9854865223514,-8.01069010703657,3.));
#6337=CARTESIAN_POINT('',(-30.0145165472879,-8.01069010703657,3.));
#6338=CARTESIAN_POINT('',(-37.9854865223514,-8.01069010703657,0.));
#6339=CARTESIAN_POINT('Origin',(-38.0000015348196,-9.51061987686349,0.));
#6340=CARTESIAN_POINT('Origin',(-38.0000015348196,-9.51061987686349,0.));
#6341=CARTESIAN_POINT('Origin',(-38.0000015348196,-9.51061987686349,3.));
#6342=CARTESIAN_POINT('Origin',(99.9854834527121,-11.0105496466904,0.));
#6343=CARTESIAN_POINT('',(99.9854834527121,-11.0105496466904,0.));
#6344=CARTESIAN_POINT('',(92.0145134776486,-11.0105496466904,0.));
#6345=CARTESIAN_POINT('',(91.9854834527121,-11.0105496466904,0.));
#6346=CARTESIAN_POINT('',(92.0145134776486,-11.0105496466904,3.));
#6347=CARTESIAN_POINT('',(92.0145134776486,-11.0105496466904,0.));
#6348=CARTESIAN_POINT('',(99.9854834527121,-11.0105496466904,3.));
#6349=CARTESIAN_POINT('',(91.9854834527121,-11.0105496466904,3.));
#6350=CARTESIAN_POINT('',(99.9854834527121,-11.0105496466904,0.));
#6351=CARTESIAN_POINT('Origin',(99.9854834527121,-9.51061987686349,0.));
#6352=CARTESIAN_POINT('',(99.9854834527121,-8.01069010703657,0.));
#6353=CARTESIAN_POINT('Origin',(99.9854834527121,-9.51061987686349,0.));
#6354=CARTESIAN_POINT('',(99.9854834527121,-8.01069010703657,3.));
#6355=CARTESIAN_POINT('Origin',(99.9854834527121,-9.51061987686349,3.));
#6356=CARTESIAN_POINT('',(99.9854834527121,-8.01069010703657,0.));
#6357=CARTESIAN_POINT('Origin',(92.0145134776486,-8.01069010703657,0.));
#6358=CARTESIAN_POINT('',(92.0145134776486,-8.01069010703657,0.));
#6359=CARTESIAN_POINT('',(99.9854834527121,-8.01069010703657,0.));
#6360=CARTESIAN_POINT('',(92.0145134776486,-8.01069010703657,3.));
#6361=CARTESIAN_POINT('',(99.9854834527121,-8.01069010703657,3.));
#6362=CARTESIAN_POINT('',(92.0145134776486,-8.01069010703657,0.));
#6363=CARTESIAN_POINT('Origin',(91.9999984651804,-9.51061987686349,0.));
#6364=CARTESIAN_POINT('Origin',(91.9999984651804,-9.51061987686349,0.));
#6365=CARTESIAN_POINT('Origin',(91.9999984651804,-9.51061987686349,3.));
#6366=CARTESIAN_POINT('Origin',(34.9854834527146,-1.01097272391035,0.));
#6367=CARTESIAN_POINT('',(34.9854834527146,-1.01097272391035,0.));
#6368=CARTESIAN_POINT('',(27.013756996364,-1.01097272391035,0.));
#6369=CARTESIAN_POINT('',(26.9847176976722,-1.01097272391035,0.));
#6370=CARTESIAN_POINT('',(27.013756996364,-1.01097272391035,3.));
#6371=CARTESIAN_POINT('',(27.013756996364,-1.01097272391035,0.));
#6372=CARTESIAN_POINT('',(34.9854834527146,-1.01097272391035,3.));
#6373=CARTESIAN_POINT('',(26.9847176976722,-1.01097272391035,3.));
#6374=CARTESIAN_POINT('',(34.9854834527146,-1.01097272391035,0.));
#6375=CARTESIAN_POINT('Origin',(34.9856302819307,0.739203699613077,0.));
#6376=CARTESIAN_POINT('',(34.9854834527108,2.48938012313651,0.));
#6377=CARTESIAN_POINT('Origin',(34.9856302819307,0.739203699613077,0.));
#6378=CARTESIAN_POINT('',(34.9854834527108,2.48938012313651,3.));
#6379=CARTESIAN_POINT('Origin',(34.9856302819307,0.739203699613077,3.));
#6380=CARTESIAN_POINT('',(34.9854834527108,2.48938012313651,0.));
#6381=CARTESIAN_POINT('Origin',(27.0110265026356,2.48938012313651,0.));
#6382=CARTESIAN_POINT('',(27.0110265026356,2.48938012313651,0.));
#6383=CARTESIAN_POINT('',(34.9854834527108,2.48938012313651,0.));
#6384=CARTESIAN_POINT('',(27.0110265026356,2.48938012313651,3.));
#6385=CARTESIAN_POINT('',(34.9854834527108,2.48938012313651,3.));
#6386=CARTESIAN_POINT('',(27.0110265026356,2.48938012313651,0.));
#6387=CARTESIAN_POINT('Origin',(26.9992373470181,0.739193438357984,0.));
#6388=CARTESIAN_POINT('Origin',(26.9992373470181,0.739193438357984,0.));
#6389=CARTESIAN_POINT('Origin',(26.9992373470181,0.739193438357984,3.));
#6390=CARTESIAN_POINT('Origin',(83.7354834527146,-1.01097272391035,0.));
#6391=CARTESIAN_POINT('',(83.7354834527146,-1.01097272391035,0.));
#6392=CARTESIAN_POINT('',(75.763756996364,-1.01097272391035,0.));
#6393=CARTESIAN_POINT('',(75.7347176976722,-1.01097272391035,0.));
#6394=CARTESIAN_POINT('',(75.763756996364,-1.01097272391035,3.));
#6395=CARTESIAN_POINT('',(75.763756996364,-1.01097272391035,0.));
#6396=CARTESIAN_POINT('',(83.7354834527146,-1.01097272391035,3.));
#6397=CARTESIAN_POINT('',(75.7347176976722,-1.01097272391035,3.));
#6398=CARTESIAN_POINT('',(83.7354834527146,-1.01097272391035,0.));
#6399=CARTESIAN_POINT('Origin',(83.7356302819307,0.739203699613077,0.));
#6400=CARTESIAN_POINT('',(83.7354834527108,2.48938012313651,0.));
#6401=CARTESIAN_POINT('Origin',(83.7356302819307,0.739203699613077,0.));
#6402=CARTESIAN_POINT('',(83.7354834527108,2.48938012313651,3.));
#6403=CARTESIAN_POINT('Origin',(83.7356302819307,0.739203699613077,3.));
#6404=CARTESIAN_POINT('',(83.7354834527108,2.48938012313651,0.));
#6405=CARTESIAN_POINT('Origin',(75.7610265026356,2.48938012313651,0.));
#6406=CARTESIAN_POINT('',(75.7610265026356,2.48938012313651,0.));
#6407=CARTESIAN_POINT('',(83.7354834527108,2.48938012313651,0.));
#6408=CARTESIAN_POINT('',(75.7610265026356,2.48938012313651,3.));
#6409=CARTESIAN_POINT('',(83.7354834527108,2.48938012313651,3.));
#6410=CARTESIAN_POINT('',(75.7610265026356,2.48938012313651,0.));
#6411=CARTESIAN_POINT('Origin',(75.7492373470181,0.739193438357984,0.));
#6412=CARTESIAN_POINT('Origin',(75.7492373470181,0.739193438357984,0.));
#6413=CARTESIAN_POINT('Origin',(75.7492373470181,0.739193438357984,3.));
#6414=CARTESIAN_POINT('Origin',(83.7354834527121,-11.0105496466904,0.));
#6415=CARTESIAN_POINT('',(83.7354834527121,-11.0105496466904,0.));
#6416=CARTESIAN_POINT('',(75.7645134776486,-11.0105496466904,0.));
#6417=CARTESIAN_POINT('',(75.7354834527121,-11.0105496466904,0.));
#6418=CARTESIAN_POINT('',(75.7645134776486,-11.0105496466904,3.));
#6419=CARTESIAN_POINT('',(75.7645134776486,-11.0105496466904,0.));
#6420=CARTESIAN_POINT('',(83.7354834527121,-11.0105496466904,3.));
#6421=CARTESIAN_POINT('',(75.7354834527121,-11.0105496466904,3.));
#6422=CARTESIAN_POINT('',(83.7354834527121,-11.0105496466904,0.));
#6423=CARTESIAN_POINT('Origin',(83.7354834527121,-9.51061987686349,0.));
#6424=CARTESIAN_POINT('',(83.7354834527121,-8.01069010703657,0.));
#6425=CARTESIAN_POINT('Origin',(83.7354834527121,-9.51061987686349,0.));
#6426=CARTESIAN_POINT('',(83.7354834527121,-8.01069010703657,3.));
#6427=CARTESIAN_POINT('Origin',(83.7354834527121,-9.51061987686349,3.));
#6428=CARTESIAN_POINT('',(83.7354834527121,-8.01069010703657,0.));
#6429=CARTESIAN_POINT('Origin',(75.7645134776486,-8.01069010703657,0.));
#6430=CARTESIAN_POINT('',(75.7645134776486,-8.01069010703657,0.));
#6431=CARTESIAN_POINT('',(83.7354834527121,-8.01069010703657,0.));
#6432=CARTESIAN_POINT('',(75.7645134776486,-8.01069010703657,3.));
#6433=CARTESIAN_POINT('',(83.7354834527121,-8.01069010703657,3.));
#6434=CARTESIAN_POINT('',(75.7645134776486,-8.01069010703657,0.));
#6435=CARTESIAN_POINT('Origin',(75.7499984651804,-9.51061987686349,0.));
#6436=CARTESIAN_POINT('Origin',(75.7499984651804,-9.51061987686349,0.));
#6437=CARTESIAN_POINT('Origin',(75.7499984651804,-9.51061987686349,3.));
#6438=CARTESIAN_POINT('Origin',(-19.2500005994026,-4.51047938035422,0.));
#6439=CARTESIAN_POINT('',(-19.2354818490048,-6.01040911400407,0.));
#6440=CARTESIAN_POINT('',(-19.2354818504467,-3.01054964669042,0.));
#6441=CARTESIAN_POINT('Origin',(-19.2500005994026,-4.51047938035422,0.));
#6442=CARTESIAN_POINT('',(-19.2354818504467,-3.01054964669042,3.));
#6443=CARTESIAN_POINT('',(-19.2354818504467,-3.01054964669042,0.));
#6444=CARTESIAN_POINT('',(-19.2354818490048,-6.01040911400407,3.));
#6445=CARTESIAN_POINT('Origin',(-19.2500005994026,-4.51047938035422,3.));
#6446=CARTESIAN_POINT('',(-19.2354818490048,-6.01040911400407,0.));
#6447=CARTESIAN_POINT('Origin',(-11.2645153021046,-6.01040911400407,0.));
#6448=CARTESIAN_POINT('',(-11.2645153021046,-6.01040911400407,0.));
#6449=CARTESIAN_POINT('',(-19.2645193498003,-6.01040911400407,0.));
#6450=CARTESIAN_POINT('',(-11.2645153021046,-6.01040911400407,3.));
#6451=CARTESIAN_POINT('',(-19.2645193498003,-6.01040911400407,3.));
#6452=CARTESIAN_POINT('',(-11.2645153021046,-6.01040911400407,0.));
#6453=CARTESIAN_POINT('Origin',(-11.2458066789942,-4.51047935511006,0.));
#6454=CARTESIAN_POINT('',(-11.2645193483584,-3.01054964669042,0.));
#6455=CARTESIAN_POINT('Origin',(-11.2458066789942,-4.51047935511006,0.));
#6456=CARTESIAN_POINT('',(-11.2645193483584,-3.01054964669042,3.));
#6457=CARTESIAN_POINT('Origin',(-11.2458066789942,-4.51047935511006,3.));
#6458=CARTESIAN_POINT('',(-11.2645193483584,-3.01054964669042,0.));
#6459=CARTESIAN_POINT('Origin',(-19.2354818504467,-3.01054964669042,0.));
#6460=CARTESIAN_POINT('',(-11.2645193483584,-3.01054964669042,0.));
#6461=CARTESIAN_POINT('',(-11.2645193483584,-3.01054964669042,3.));
#6462=CARTESIAN_POINT('Origin',(2.4854834527121,-11.0105496466904,0.));
#6463=CARTESIAN_POINT('',(2.4854834527121,-11.0105496466904,0.));
#6464=CARTESIAN_POINT('',(-5.48548652235137,-11.0105496466904,0.));
#6465=CARTESIAN_POINT('',(-5.5145165472879,-11.0105496466904,0.));
#6466=CARTESIAN_POINT('',(-5.48548652235137,-11.0105496466904,3.));
#6467=CARTESIAN_POINT('',(-5.48548652235137,-11.0105496466904,0.));
#6468=CARTESIAN_POINT('',(2.4854834527121,-11.0105496466904,3.));
#6469=CARTESIAN_POINT('',(-5.5145165472879,-11.0105496466904,3.));
#6470=CARTESIAN_POINT('',(2.4854834527121,-11.0105496466904,0.));
#6471=CARTESIAN_POINT('Origin',(2.4854834527121,-9.51061987686349,0.));
#6472=CARTESIAN_POINT('',(2.4854834527121,-8.01069010703657,0.));
#6473=CARTESIAN_POINT('Origin',(2.4854834527121,-9.51061987686349,0.));
#6474=CARTESIAN_POINT('',(2.4854834527121,-8.01069010703657,3.));
#6475=CARTESIAN_POINT('Origin',(2.4854834527121,-9.51061987686349,3.));
#6476=CARTESIAN_POINT('',(2.4854834527121,-8.01069010703657,0.));
#6477=CARTESIAN_POINT('Origin',(-5.48548652235137,-8.01069010703657,0.));
#6478=CARTESIAN_POINT('',(-5.48548652235137,-8.01069010703657,0.));
#6479=CARTESIAN_POINT('',(2.4854834527121,-8.01069010703657,0.));
#6480=CARTESIAN_POINT('',(-5.48548652235137,-8.01069010703657,3.));
#6481=CARTESIAN_POINT('',(2.4854834527121,-8.01069010703657,3.));
#6482=CARTESIAN_POINT('',(-5.48548652235137,-8.01069010703657,0.));
#6483=CARTESIAN_POINT('Origin',(-5.50000153481964,-9.51061987686349,0.));
#6484=CARTESIAN_POINT('Origin',(-5.50000153481964,-9.51061987686349,0.));
#6485=CARTESIAN_POINT('Origin',(-5.50000153481964,-9.51061987686349,3.));
#6486=CARTESIAN_POINT('Origin',(4.98548469789537,-16.0104091140041,0.));
#6487=CARTESIAN_POINT('',(4.98548469789537,-16.0104091140041,0.));
#6488=CARTESIAN_POINT('',(-2.98548184900485,-16.0104091140041,0.));
#6489=CARTESIAN_POINT('',(-3.01451934980026,-16.0104091140041,0.));
#6490=CARTESIAN_POINT('',(-2.98548184900485,-16.0104091140041,3.));
#6491=CARTESIAN_POINT('',(-2.98548184900485,-16.0104091140041,0.));
#6492=CARTESIAN_POINT('',(4.98548469789537,-16.0104091140041,3.));
#6493=CARTESIAN_POINT('',(-3.01451934980026,-16.0104091140041,3.));
#6494=CARTESIAN_POINT('',(4.98548469789537,-16.0104091140041,0.));
#6495=CARTESIAN_POINT('Origin',(5.00419332100577,-14.5104793551101,0.));
#6496=CARTESIAN_POINT('',(4.98548065164156,-13.0105496466904,0.));
#6497=CARTESIAN_POINT('Origin',(5.00419332100577,-14.5104793551101,0.));
#6498=CARTESIAN_POINT('',(4.98548065164156,-13.0105496466904,3.));
#6499=CARTESIAN_POINT('Origin',(5.00419332100577,-14.5104793551101,3.));
#6500=CARTESIAN_POINT('',(4.98548065164156,-13.0105496466904,0.));
#6501=CARTESIAN_POINT('Origin',(-2.98548185044668,-13.0105496466904,0.));
#6502=CARTESIAN_POINT('',(-2.98548185044668,-13.0105496466904,0.));
#6503=CARTESIAN_POINT('',(4.98548065164156,-13.0105496466904,0.));
#6504=CARTESIAN_POINT('',(-2.98548185044668,-13.0105496466904,3.));
#6505=CARTESIAN_POINT('',(4.98548065164156,-13.0105496466904,3.));
#6506=CARTESIAN_POINT('',(-2.98548185044668,-13.0105496466904,0.));
#6507=CARTESIAN_POINT('Origin',(-3.00000059940256,-14.5104793803542,0.));
#6508=CARTESIAN_POINT('Origin',(-3.00000059940256,-14.5104793803542,0.));
#6509=CARTESIAN_POINT('Origin',(-3.00000059940256,-14.5104793803542,3.));
#6510=CARTESIAN_POINT('Origin',(45.7499994005974,-4.51047938035422,0.));
#6511=CARTESIAN_POINT('',(45.7645181509952,-6.01040911400407,0.));
#6512=CARTESIAN_POINT('',(45.7645181495533,-3.01054964669042,0.));
#6513=CARTESIAN_POINT('Origin',(45.7499994005974,-4.51047938035422,0.));
#6514=CARTESIAN_POINT('',(45.7645181495533,-3.01054964669042,3.));
#6515=CARTESIAN_POINT('',(45.7645181495533,-3.01054964669042,0.));
#6516=CARTESIAN_POINT('',(45.7645181509952,-6.01040911400407,3.));
#6517=CARTESIAN_POINT('Origin',(45.7499994005974,-4.51047938035422,3.));
#6518=CARTESIAN_POINT('',(45.7645181509952,-6.01040911400407,0.));
#6519=CARTESIAN_POINT('Origin',(53.7354846978954,-6.01040911400407,0.));
#6520=CARTESIAN_POINT('',(53.7354846978954,-6.01040911400407,0.));
#6521=CARTESIAN_POINT('',(45.7354806501997,-6.01040911400407,0.));
#6522=CARTESIAN_POINT('',(53.7354846978954,-6.01040911400407,3.));
#6523=CARTESIAN_POINT('',(45.7354806501997,-6.01040911400407,3.));
#6524=CARTESIAN_POINT('',(53.7354846978954,-6.01040911400407,0.));
#6525=CARTESIAN_POINT('Origin',(53.7541933210058,-4.51047935511006,0.));
#6526=CARTESIAN_POINT('',(53.7354806516416,-3.01054964669042,0.));
#6527=CARTESIAN_POINT('Origin',(53.7541933210058,-4.51047935511006,0.));
#6528=CARTESIAN_POINT('',(53.7354806516416,-3.01054964669042,3.));
#6529=CARTESIAN_POINT('Origin',(53.7541933210058,-4.51047935511006,3.));
#6530=CARTESIAN_POINT('',(53.7354806516416,-3.01054964669042,0.));
#6531=CARTESIAN_POINT('Origin',(45.7645181495533,-3.01054964669042,0.));
#6532=CARTESIAN_POINT('',(53.7354806516416,-3.01054964669042,0.));
#6533=CARTESIAN_POINT('',(53.7354806516416,-3.01054964669042,3.));
#6534=CARTESIAN_POINT('Origin',(21.2354846978954,-16.0104091140041,0.));
#6535=CARTESIAN_POINT('',(21.2354846978954,-16.0104091140041,0.));
#6536=CARTESIAN_POINT('',(13.2645181509952,-16.0104091140041,0.));
#6537=CARTESIAN_POINT('',(13.2354806501997,-16.0104091140041,0.));
#6538=CARTESIAN_POINT('',(13.2645181509952,-16.0104091140041,3.));
#6539=CARTESIAN_POINT('',(13.2645181509952,-16.0104091140041,0.));
#6540=CARTESIAN_POINT('',(21.2354846978954,-16.0104091140041,3.));
#6541=CARTESIAN_POINT('',(13.2354806501997,-16.0104091140041,3.));
#6542=CARTESIAN_POINT('',(21.2354846978954,-16.0104091140041,0.));
#6543=CARTESIAN_POINT('Origin',(21.2541933210058,-14.5104793551101,0.));
#6544=CARTESIAN_POINT('',(21.2354806516416,-13.0105496466904,0.));
#6545=CARTESIAN_POINT('Origin',(21.2541933210058,-14.5104793551101,0.));
#6546=CARTESIAN_POINT('',(21.2354806516416,-13.0105496466904,3.));
#6547=CARTESIAN_POINT('Origin',(21.2541933210058,-14.5104793551101,3.));
#6548=CARTESIAN_POINT('',(21.2354806516416,-13.0105496466904,0.));
#6549=CARTESIAN_POINT('Origin',(13.2645181495533,-13.0105496466904,0.));
#6550=CARTESIAN_POINT('',(13.2645181495533,-13.0105496466904,0.));
#6551=CARTESIAN_POINT('',(21.2354806516416,-13.0105496466904,0.));
#6552=CARTESIAN_POINT('',(13.2645181495533,-13.0105496466904,3.));
#6553=CARTESIAN_POINT('',(21.2354806516416,-13.0105496466904,3.));
#6554=CARTESIAN_POINT('',(13.2645181495533,-13.0105496466904,0.));
#6555=CARTESIAN_POINT('Origin',(13.2499994005974,-14.5104793803542,0.));
#6556=CARTESIAN_POINT('Origin',(13.2499994005974,-14.5104793803542,0.));
#6557=CARTESIAN_POINT('Origin',(13.2499994005974,-14.5104793803542,3.));
#6558=CARTESIAN_POINT('Origin',(18.7354834527121,-11.0105496466904,0.));
#6559=CARTESIAN_POINT('',(18.7354834527121,-11.0105496466904,0.));
#6560=CARTESIAN_POINT('',(10.7645134776486,-11.0105496466904,0.));
#6561=CARTESIAN_POINT('',(10.7354834527121,-11.0105496466904,0.));
#6562=CARTESIAN_POINT('',(10.7645134776486,-11.0105496466904,3.));
#6563=CARTESIAN_POINT('',(10.7645134776486,-11.0105496466904,0.));
#6564=CARTESIAN_POINT('',(18.7354834527121,-11.0105496466904,3.));
#6565=CARTESIAN_POINT('',(10.7354834527121,-11.0105496466904,3.));
#6566=CARTESIAN_POINT('',(18.7354834527121,-11.0105496466904,0.));
#6567=CARTESIAN_POINT('Origin',(18.7354834527121,-9.51061987686349,0.));
#6568=CARTESIAN_POINT('',(18.7354834527121,-8.01069010703657,0.));
#6569=CARTESIAN_POINT('Origin',(18.7354834527121,-9.51061987686349,0.));
#6570=CARTESIAN_POINT('',(18.7354834527121,-8.01069010703657,3.));
#6571=CARTESIAN_POINT('Origin',(18.7354834527121,-9.51061987686349,3.));
#6572=CARTESIAN_POINT('',(18.7354834527121,-8.01069010703657,0.));
#6573=CARTESIAN_POINT('Origin',(10.7645134776486,-8.01069010703657,0.));
#6574=CARTESIAN_POINT('',(10.7645134776486,-8.01069010703657,0.));
#6575=CARTESIAN_POINT('',(18.7354834527121,-8.01069010703657,0.));
#6576=CARTESIAN_POINT('',(10.7645134776486,-8.01069010703657,3.));
#6577=CARTESIAN_POINT('',(18.7354834527121,-8.01069010703657,3.));
#6578=CARTESIAN_POINT('',(10.7645134776486,-8.01069010703657,0.));
#6579=CARTESIAN_POINT('Origin',(10.7499984651804,-9.51061987686349,0.));
#6580=CARTESIAN_POINT('Origin',(10.7499984651804,-9.51061987686349,0.));
#6581=CARTESIAN_POINT('Origin',(10.7499984651804,-9.51061987686349,3.));
#6582=CARTESIAN_POINT('Origin',(-46.2645165472854,-1.01097272391035,0.));
#6583=CARTESIAN_POINT('',(-46.2645165472854,-1.01097272391035,0.));
#6584=CARTESIAN_POINT('',(-54.236243003636,-1.01097272391035,0.));
#6585=CARTESIAN_POINT('',(-54.2652823023278,-1.01097272391035,0.));
#6586=CARTESIAN_POINT('',(-54.236243003636,-1.01097272391035,3.));
#6587=CARTESIAN_POINT('',(-54.236243003636,-1.01097272391035,0.));
#6588=CARTESIAN_POINT('',(-46.2645165472854,-1.01097272391035,3.));
#6589=CARTESIAN_POINT('',(-54.2652823023278,-1.01097272391035,3.));
#6590=CARTESIAN_POINT('',(-46.2645165472854,-1.01097272391035,0.));
#6591=CARTESIAN_POINT('Origin',(-46.2643697180693,0.739203699613077,0.));
#6592=CARTESIAN_POINT('',(-46.2645165472892,2.48938012313651,0.));
#6593=CARTESIAN_POINT('Origin',(-46.2643697180693,0.739203699613077,0.));
#6594=CARTESIAN_POINT('',(-46.2645165472892,2.48938012313651,3.));
#6595=CARTESIAN_POINT('Origin',(-46.2643697180693,0.739203699613077,3.));
#6596=CARTESIAN_POINT('',(-46.2645165472892,2.48938012313651,0.));
#6597=CARTESIAN_POINT('Origin',(-54.2389734973644,2.48938012313651,0.));
#6598=CARTESIAN_POINT('',(-54.2389734973644,2.48938012313651,0.));
#6599=CARTESIAN_POINT('',(-46.2645165472892,2.48938012313651,0.));
#6600=CARTESIAN_POINT('',(-54.2389734973644,2.48938012313651,3.));
#6601=CARTESIAN_POINT('',(-46.2645165472892,2.48938012313651,3.));
#6602=CARTESIAN_POINT('',(-54.2389734973644,2.48938012313651,0.));
#6603=CARTESIAN_POINT('Origin',(-54.2507626529819,0.739193438357984,0.));
#6604=CARTESIAN_POINT('Origin',(-54.2507626529819,0.739193438357984,0.));
#6605=CARTESIAN_POINT('Origin',(-54.2507626529819,0.739193438357984,3.));
#6606=CARTESIAN_POINT('Origin',(-13.7645165472879,-11.0105496466904,0.));
#6607=CARTESIAN_POINT('',(-13.7645165472879,-11.0105496466904,0.));
#6608=CARTESIAN_POINT('',(-21.7354865223514,-11.0105496466904,0.));
#6609=CARTESIAN_POINT('',(-21.7645165472879,-11.0105496466904,0.));
#6610=CARTESIAN_POINT('',(-21.7354865223514,-11.0105496466904,3.));
#6611=CARTESIAN_POINT('',(-21.7354865223514,-11.0105496466904,0.));
#6612=CARTESIAN_POINT('',(-13.7645165472879,-11.0105496466904,3.));
#6613=CARTESIAN_POINT('',(-21.7645165472879,-11.0105496466904,3.));
#6614=CARTESIAN_POINT('',(-13.7645165472879,-11.0105496466904,0.));
#6615=CARTESIAN_POINT('Origin',(-13.7645165472879,-9.51061987686349,0.));
#6616=CARTESIAN_POINT('',(-13.7645165472879,-8.01069010703657,0.));
#6617=CARTESIAN_POINT('Origin',(-13.7645165472879,-9.51061987686349,0.));
#6618=CARTESIAN_POINT('',(-13.7645165472879,-8.01069010703657,3.));
#6619=CARTESIAN_POINT('Origin',(-13.7645165472879,-9.51061987686349,3.));
#6620=CARTESIAN_POINT('',(-13.7645165472879,-8.01069010703657,0.));
#6621=CARTESIAN_POINT('Origin',(-21.7354865223514,-8.01069010703657,0.));
#6622=CARTESIAN_POINT('',(-21.7354865223514,-8.01069010703657,0.));
#6623=CARTESIAN_POINT('',(-13.7645165472879,-8.01069010703657,0.));
#6624=CARTESIAN_POINT('',(-21.7354865223514,-8.01069010703657,3.));
#6625=CARTESIAN_POINT('',(-13.7645165472879,-8.01069010703657,3.));
#6626=CARTESIAN_POINT('',(-21.7354865223514,-8.01069010703657,0.));
#6627=CARTESIAN_POINT('Origin',(-21.7500015348196,-9.51061987686349,0.));
#6628=CARTESIAN_POINT('Origin',(-21.7500015348196,-9.51061987686349,0.));
#6629=CARTESIAN_POINT('Origin',(-21.7500015348196,-9.51061987686349,3.));
#6630=CARTESIAN_POINT('Origin',(-62.5145165472879,-11.0105496466904,0.));
#6631=CARTESIAN_POINT('',(-62.5145165472879,-11.0105496466904,0.));
#6632=CARTESIAN_POINT('',(-70.4854865223514,-11.0105496466904,0.));
#6633=CARTESIAN_POINT('',(-70.5145165472879,-11.0105496466904,0.));
#6634=CARTESIAN_POINT('',(-70.4854865223514,-11.0105496466904,3.));
#6635=CARTESIAN_POINT('',(-70.4854865223514,-11.0105496466904,0.));
#6636=CARTESIAN_POINT('',(-62.5145165472879,-11.0105496466904,3.));
#6637=CARTESIAN_POINT('',(-70.5145165472879,-11.0105496466904,3.));
#6638=CARTESIAN_POINT('',(-62.5145165472879,-11.0105496466904,0.));
#6639=CARTESIAN_POINT('Origin',(-62.5145165472879,-9.51061987686349,0.));
#6640=CARTESIAN_POINT('',(-62.5145165472879,-8.01069010703657,0.));
#6641=CARTESIAN_POINT('Origin',(-62.5145165472879,-9.51061987686349,0.));
#6642=CARTESIAN_POINT('',(-62.5145165472879,-8.01069010703657,3.));
#6643=CARTESIAN_POINT('Origin',(-62.5145165472879,-9.51061987686349,3.));
#6644=CARTESIAN_POINT('',(-62.5145165472879,-8.01069010703657,0.));
#6645=CARTESIAN_POINT('Origin',(-70.4854865223514,-8.01069010703657,0.));
#6646=CARTESIAN_POINT('',(-70.4854865223514,-8.01069010703657,0.));
#6647=CARTESIAN_POINT('',(-62.5145165472879,-8.01069010703657,0.));
#6648=CARTESIAN_POINT('',(-70.4854865223514,-8.01069010703657,3.));
#6649=CARTESIAN_POINT('',(-62.5145165472879,-8.01069010703657,3.));
#6650=CARTESIAN_POINT('',(-70.4854865223514,-8.01069010703657,0.));
#6651=CARTESIAN_POINT('Origin',(-70.5000015348196,-9.51061987686349,0.));
#6652=CARTESIAN_POINT('Origin',(-70.5000015348196,-9.51061987686349,0.));
#6653=CARTESIAN_POINT('Origin',(-70.5000015348196,-9.51061987686349,3.));
#6654=CARTESIAN_POINT('Origin',(-95.0145165472879,-11.0105496466904,0.));
#6655=CARTESIAN_POINT('',(-95.0145165472879,-11.0105496466904,0.));
#6656=CARTESIAN_POINT('',(-102.985486522351,-11.0105496466904,0.));
#6657=CARTESIAN_POINT('',(-103.014516547288,-11.0105496466904,0.));
#6658=CARTESIAN_POINT('',(-102.985486522351,-11.0105496466904,3.));
#6659=CARTESIAN_POINT('',(-102.985486522351,-11.0105496466904,0.));
#6660=CARTESIAN_POINT('',(-95.0145165472879,-11.0105496466904,3.));
#6661=CARTESIAN_POINT('',(-103.014516547288,-11.0105496466904,3.));
#6662=CARTESIAN_POINT('',(-95.0145165472879,-11.0105496466904,0.));
#6663=CARTESIAN_POINT('Origin',(-95.0145165472879,-9.51061987686349,0.));
#6664=CARTESIAN_POINT('',(-95.0145165472879,-8.01069010703657,0.));
#6665=CARTESIAN_POINT('Origin',(-95.0145165472879,-9.51061987686349,0.));
#6666=CARTESIAN_POINT('',(-95.0145165472879,-8.01069010703657,3.));
#6667=CARTESIAN_POINT('Origin',(-95.0145165472879,-9.51061987686349,3.));
#6668=CARTESIAN_POINT('',(-95.0145165472879,-8.01069010703657,0.));
#6669=CARTESIAN_POINT('Origin',(-102.985486522351,-8.01069010703657,0.));
#6670=CARTESIAN_POINT('',(-102.985486522351,-8.01069010703657,0.));
#6671=CARTESIAN_POINT('',(-95.0145165472879,-8.01069010703657,0.));
#6672=CARTESIAN_POINT('',(-102.985486522351,-8.01069010703657,3.));
#6673=CARTESIAN_POINT('',(-95.0145165472879,-8.01069010703657,3.));
#6674=CARTESIAN_POINT('',(-102.985486522351,-8.01069010703657,0.));
#6675=CARTESIAN_POINT('Origin',(-103.00000153482,-9.51061987686349,0.));
#6676=CARTESIAN_POINT('Origin',(-103.00000153482,-9.51061987686349,0.));
#6677=CARTESIAN_POINT('Origin',(-103.00000153482,-9.51061987686349,3.));
#6678=CARTESIAN_POINT('Origin',(-43.7645153021046,-16.0104091140041,0.));
#6679=CARTESIAN_POINT('',(-43.7645153021046,-16.0104091140041,0.));
#6680=CARTESIAN_POINT('',(-51.7354818490048,-16.0104091140041,0.));
#6681=CARTESIAN_POINT('',(-51.7645193498003,-16.0104091140041,0.));
#6682=CARTESIAN_POINT('',(-51.7354818490048,-16.0104091140041,3.));
#6683=CARTESIAN_POINT('',(-51.7354818490048,-16.0104091140041,0.));
#6684=CARTESIAN_POINT('',(-43.7645153021046,-16.0104091140041,3.));
#6685=CARTESIAN_POINT('',(-51.7645193498003,-16.0104091140041,3.));
#6686=CARTESIAN_POINT('',(-43.7645153021046,-16.0104091140041,0.));
#6687=CARTESIAN_POINT('Origin',(-43.7458066789942,-14.5104793551101,0.));
#6688=CARTESIAN_POINT('',(-43.7645193483584,-13.0105496466904,0.));
#6689=CARTESIAN_POINT('Origin',(-43.7458066789942,-14.5104793551101,0.));
#6690=CARTESIAN_POINT('',(-43.7645193483584,-13.0105496466904,3.));
#6691=CARTESIAN_POINT('Origin',(-43.7458066789942,-14.5104793551101,3.));
#6692=CARTESIAN_POINT('',(-43.7645193483584,-13.0105496466904,0.));
#6693=CARTESIAN_POINT('Origin',(-51.7354818504467,-13.0105496466904,0.));
#6694=CARTESIAN_POINT('',(-51.7354818504467,-13.0105496466904,0.));
#6695=CARTESIAN_POINT('',(-43.7645193483584,-13.0105496466904,0.));
#6696=CARTESIAN_POINT('',(-51.7354818504467,-13.0105496466904,3.));
#6697=CARTESIAN_POINT('',(-43.7645193483584,-13.0105496466904,3.));
#6698=CARTESIAN_POINT('',(-51.7354818504467,-13.0105496466904,0.));
#6699=CARTESIAN_POINT('Origin',(-51.7500005994026,-14.5104793803542,0.));
#6700=CARTESIAN_POINT('Origin',(-51.7500005994026,-14.5104793803542,0.));
#6701=CARTESIAN_POINT('Origin',(-51.7500005994026,-14.5104793803542,3.));
#6702=CARTESIAN_POINT('Origin',(-92.5145153021046,-16.0104091140041,0.));
#6703=CARTESIAN_POINT('',(-92.5145153021046,-16.0104091140041,0.));
#6704=CARTESIAN_POINT('',(-100.485481849005,-16.0104091140041,0.));
#6705=CARTESIAN_POINT('',(-100.5145193498,-16.0104091140041,0.));
#6706=CARTESIAN_POINT('',(-100.485481849005,-16.0104091140041,3.));
#6707=CARTESIAN_POINT('',(-100.485481849005,-16.0104091140041,0.));
#6708=CARTESIAN_POINT('',(-92.5145153021046,-16.0104091140041,3.));
#6709=CARTESIAN_POINT('',(-100.5145193498,-16.0104091140041,3.));
#6710=CARTESIAN_POINT('',(-92.5145153021046,-16.0104091140041,0.));
#6711=CARTESIAN_POINT('Origin',(-92.4958066789942,-14.5104793551101,0.));
#6712=CARTESIAN_POINT('',(-92.5145193483584,-13.0105496466904,0.));
#6713=CARTESIAN_POINT('Origin',(-92.4958066789942,-14.5104793551101,0.));
#6714=CARTESIAN_POINT('',(-92.5145193483584,-13.0105496466904,3.));
#6715=CARTESIAN_POINT('Origin',(-92.4958066789942,-14.5104793551101,3.));
#6716=CARTESIAN_POINT('',(-92.5145193483584,-13.0105496466904,0.));
#6717=CARTESIAN_POINT('Origin',(-100.485481850447,-13.0105496466904,0.));
#6718=CARTESIAN_POINT('',(-100.485481850447,-13.0105496466904,0.));
#6719=CARTESIAN_POINT('',(-92.5145193483584,-13.0105496466904,0.));
#6720=CARTESIAN_POINT('',(-100.485481850447,-13.0105496466904,3.));
#6721=CARTESIAN_POINT('',(-92.5145193483584,-13.0105496466904,3.));
#6722=CARTESIAN_POINT('',(-100.485481850447,-13.0105496466904,0.));
#6723=CARTESIAN_POINT('Origin',(-100.500000599403,-14.5104793803542,0.));
#6724=CARTESIAN_POINT('Origin',(-100.500000599403,-14.5104793803542,0.));
#6725=CARTESIAN_POINT('Origin',(-100.500000599403,-14.5104793803542,3.));
#6726=CARTESIAN_POINT('Origin',(117.5,-15.875,0.));
#6727=CARTESIAN_POINT('',(114.75,-15.875,3.));
#6728=CARTESIAN_POINT('Origin',(117.5,-15.875,3.));
#6729=CARTESIAN_POINT('',(114.75,-15.875,0.));
#6730=CARTESIAN_POINT('',(114.75,-15.875,0.));
#6731=CARTESIAN_POINT('Origin',(117.5,-15.875,0.));
#6732=CARTESIAN_POINT('Origin',(37.4854846978954,-16.0104091140041,0.));
#6733=CARTESIAN_POINT('',(37.4854846978954,-16.0104091140041,0.));
#6734=CARTESIAN_POINT('',(29.5145181509952,-16.0104091140041,0.));
#6735=CARTESIAN_POINT('',(29.4854806501997,-16.0104091140041,0.));
#6736=CARTESIAN_POINT('',(29.5145181509952,-16.0104091140041,3.));
#6737=CARTESIAN_POINT('',(29.5145181509952,-16.0104091140041,0.));
#6738=CARTESIAN_POINT('',(37.4854846978954,-16.0104091140041,3.));
#6739=CARTESIAN_POINT('',(29.4854806501997,-16.0104091140041,3.));
#6740=CARTESIAN_POINT('',(37.4854846978954,-16.0104091140041,0.));
#6741=CARTESIAN_POINT('Origin',(37.5041933210058,-14.5104793551101,0.));
#6742=CARTESIAN_POINT('',(37.4854806516416,-13.0105496466904,0.));
#6743=CARTESIAN_POINT('Origin',(37.5041933210058,-14.5104793551101,0.));
#6744=CARTESIAN_POINT('',(37.4854806516416,-13.0105496466904,3.));
#6745=CARTESIAN_POINT('Origin',(37.5041933210058,-14.5104793551101,3.));
#6746=CARTESIAN_POINT('',(37.4854806516416,-13.0105496466904,0.));
#6747=CARTESIAN_POINT('Origin',(29.5145181495533,-13.0105496466904,0.));
#6748=CARTESIAN_POINT('',(29.5145181495533,-13.0105496466904,0.));
#6749=CARTESIAN_POINT('',(37.4854806516416,-13.0105496466904,0.));
#6750=CARTESIAN_POINT('',(29.5145181495533,-13.0105496466904,3.));
#6751=CARTESIAN_POINT('',(37.4854806516416,-13.0105496466904,3.));
#6752=CARTESIAN_POINT('',(29.5145181495533,-13.0105496466904,0.));
#6753=CARTESIAN_POINT('Origin',(29.4999994005974,-14.5104793803542,0.));
#6754=CARTESIAN_POINT('Origin',(29.4999994005974,-14.5104793803542,0.));
#6755=CARTESIAN_POINT('Origin',(29.4999994005974,-14.5104793803542,3.));
#6756=CARTESIAN_POINT('Origin',(-46.2645165472879,-11.0105496466904,0.));
#6757=CARTESIAN_POINT('',(-46.2645165472879,-11.0105496466904,0.));
#6758=CARTESIAN_POINT('',(-54.2354865223514,-11.0105496466904,0.));
#6759=CARTESIAN_POINT('',(-54.2645165472879,-11.0105496466904,0.));
#6760=CARTESIAN_POINT('',(-54.2354865223514,-11.0105496466904,3.));
#6761=CARTESIAN_POINT('',(-54.2354865223514,-11.0105496466904,0.));
#6762=CARTESIAN_POINT('',(-46.2645165472879,-11.0105496466904,3.));
#6763=CARTESIAN_POINT('',(-54.2645165472879,-11.0105496466904,3.));
#6764=CARTESIAN_POINT('',(-46.2645165472879,-11.0105496466904,0.));
#6765=CARTESIAN_POINT('Origin',(-46.2645165472879,-9.51061987686349,0.));
#6766=CARTESIAN_POINT('',(-46.2645165472879,-8.01069010703657,0.));
#6767=CARTESIAN_POINT('Origin',(-46.2645165472879,-9.51061987686349,0.));
#6768=CARTESIAN_POINT('',(-46.2645165472879,-8.01069010703657,3.));
#6769=CARTESIAN_POINT('Origin',(-46.2645165472879,-9.51061987686349,3.));
#6770=CARTESIAN_POINT('',(-46.2645165472879,-8.01069010703657,0.));
#6771=CARTESIAN_POINT('Origin',(-54.2354865223514,-8.01069010703657,0.));
#6772=CARTESIAN_POINT('',(-54.2354865223514,-8.01069010703657,0.));
#6773=CARTESIAN_POINT('',(-46.2645165472879,-8.01069010703657,0.));
#6774=CARTESIAN_POINT('',(-54.2354865223514,-8.01069010703657,3.));
#6775=CARTESIAN_POINT('',(-46.2645165472879,-8.01069010703657,3.));
#6776=CARTESIAN_POINT('',(-54.2354865223514,-8.01069010703657,0.));
#6777=CARTESIAN_POINT('Origin',(-54.2500015348196,-9.51061987686349,0.));
#6778=CARTESIAN_POINT('Origin',(-54.2500015348196,-9.51061987686349,0.));
#6779=CARTESIAN_POINT('Origin',(-54.2500015348196,-9.51061987686349,3.));
#6780=CARTESIAN_POINT('Origin',(-68.0000005994026,-4.51047938035422,0.));
#6781=CARTESIAN_POINT('',(-67.9854818490048,-6.01040911400407,0.));
#6782=CARTESIAN_POINT('',(-67.9854818504467,-3.01054964669042,0.));
#6783=CARTESIAN_POINT('Origin',(-68.0000005994026,-4.51047938035422,0.));
#6784=CARTESIAN_POINT('',(-67.9854818504467,-3.01054964669042,3.));
#6785=CARTESIAN_POINT('',(-67.9854818504467,-3.01054964669042,0.));
#6786=CARTESIAN_POINT('',(-67.9854818490048,-6.01040911400407,3.));
#6787=CARTESIAN_POINT('Origin',(-68.0000005994026,-4.51047938035422,3.));
#6788=CARTESIAN_POINT('',(-67.9854818490048,-6.01040911400407,0.));
#6789=CARTESIAN_POINT('Origin',(-60.0145153021046,-6.01040911400407,0.));
#6790=CARTESIAN_POINT('',(-60.0145153021046,-6.01040911400407,0.));
#6791=CARTESIAN_POINT('',(-68.0145193498003,-6.01040911400407,0.));
#6792=CARTESIAN_POINT('',(-60.0145153021046,-6.01040911400407,3.));
#6793=CARTESIAN_POINT('',(-68.0145193498003,-6.01040911400407,3.));
#6794=CARTESIAN_POINT('',(-60.0145153021046,-6.01040911400407,0.));
#6795=CARTESIAN_POINT('Origin',(-59.9958066789942,-4.51047935511006,0.));
#6796=CARTESIAN_POINT('',(-60.0145193483584,-3.01054964669042,0.));
#6797=CARTESIAN_POINT('Origin',(-59.9958066789942,-4.51047935511006,0.));
#6798=CARTESIAN_POINT('',(-60.0145193483584,-3.01054964669042,3.));
#6799=CARTESIAN_POINT('Origin',(-59.9958066789942,-4.51047935511006,3.));
#6800=CARTESIAN_POINT('',(-60.0145193483584,-3.01054964669042,0.));
#6801=CARTESIAN_POINT('Origin',(-67.9854818504467,-3.01054964669042,0.));
#6802=CARTESIAN_POINT('',(-60.0145193483584,-3.01054964669042,0.));
#6803=CARTESIAN_POINT('',(-60.0145193483584,-3.01054964669042,3.));
#6804=CARTESIAN_POINT('Origin',(-3.00000059940256,-4.51047938035422,0.));
#6805=CARTESIAN_POINT('',(-2.98548184900485,-6.01040911400407,0.));
#6806=CARTESIAN_POINT('',(-2.98548185044668,-3.01054964669042,0.));
#6807=CARTESIAN_POINT('Origin',(-3.00000059940256,-4.51047938035422,0.));
#6808=CARTESIAN_POINT('',(-2.98548185044668,-3.01054964669042,3.));
#6809=CARTESIAN_POINT('',(-2.98548185044668,-3.01054964669042,0.));
#6810=CARTESIAN_POINT('',(-2.98548184900485,-6.01040911400407,3.));
#6811=CARTESIAN_POINT('Origin',(-3.00000059940256,-4.51047938035422,3.));
#6812=CARTESIAN_POINT('',(-2.98548184900485,-6.01040911400407,0.));
#6813=CARTESIAN_POINT('Origin',(4.98548469789537,-6.01040911400407,0.));
#6814=CARTESIAN_POINT('',(4.98548469789537,-6.01040911400407,0.));
#6815=CARTESIAN_POINT('',(-3.01451934980026,-6.01040911400407,0.));
#6816=CARTESIAN_POINT('',(4.98548469789537,-6.01040911400407,3.));
#6817=CARTESIAN_POINT('',(-3.01451934980026,-6.01040911400407,3.));
#6818=CARTESIAN_POINT('',(4.98548469789537,-6.01040911400407,0.));
#6819=CARTESIAN_POINT('Origin',(5.00419332100577,-4.51047935511006,0.));
#6820=CARTESIAN_POINT('',(4.98548065164156,-3.01054964669042,0.));
#6821=CARTESIAN_POINT('Origin',(5.00419332100577,-4.51047935511006,0.));
#6822=CARTESIAN_POINT('',(4.98548065164156,-3.01054964669042,3.));
#6823=CARTESIAN_POINT('Origin',(5.00419332100577,-4.51047935511006,3.));
#6824=CARTESIAN_POINT('',(4.98548065164156,-3.01054964669042,0.));
#6825=CARTESIAN_POINT('Origin',(-2.98548185044668,-3.01054964669042,0.));
#6826=CARTESIAN_POINT('',(4.98548065164156,-3.01054964669042,0.));
#6827=CARTESIAN_POINT('',(4.98548065164156,-3.01054964669042,3.));
#6828=CARTESIAN_POINT('Origin',(102.485484697895,-16.0104091140041,0.));
#6829=CARTESIAN_POINT('',(102.485484697895,-16.0104091140041,0.));
#6830=CARTESIAN_POINT('',(94.5145181509952,-16.0104091140041,0.));
#6831=CARTESIAN_POINT('',(94.4854806501997,-16.0104091140041,0.));
#6832=CARTESIAN_POINT('',(94.5145181509952,-16.0104091140041,3.));
#6833=CARTESIAN_POINT('',(94.5145181509952,-16.0104091140041,0.));
#6834=CARTESIAN_POINT('',(102.485484697895,-16.0104091140041,3.));
#6835=CARTESIAN_POINT('',(94.4854806501997,-16.0104091140041,3.));
#6836=CARTESIAN_POINT('',(102.485484697895,-16.0104091140041,0.));
#6837=CARTESIAN_POINT('Origin',(102.504193321006,-14.5104793551101,0.));
#6838=CARTESIAN_POINT('',(102.485480651642,-13.0105496466904,0.));
#6839=CARTESIAN_POINT('Origin',(102.504193321006,-14.5104793551101,0.));
#6840=CARTESIAN_POINT('',(102.485480651642,-13.0105496466904,3.));
#6841=CARTESIAN_POINT('Origin',(102.504193321006,-14.5104793551101,3.));
#6842=CARTESIAN_POINT('',(102.485480651642,-13.0105496466904,0.));
#6843=CARTESIAN_POINT('Origin',(94.5145181495533,-13.0105496466904,0.));
#6844=CARTESIAN_POINT('',(94.5145181495533,-13.0105496466904,0.));
#6845=CARTESIAN_POINT('',(102.485480651642,-13.0105496466904,0.));
#6846=CARTESIAN_POINT('',(94.5145181495533,-13.0105496466904,3.));
#6847=CARTESIAN_POINT('',(102.485480651642,-13.0105496466904,3.));
#6848=CARTESIAN_POINT('',(94.5145181495533,-13.0105496466904,0.));
#6849=CARTESIAN_POINT('Origin',(94.4999994005974,-14.5104793803542,0.));
#6850=CARTESIAN_POINT('Origin',(94.4999994005974,-14.5104793803542,0.));
#6851=CARTESIAN_POINT('Origin',(94.4999994005974,-14.5104793803542,3.));
#6852=CARTESIAN_POINT('Origin',(-117.5,-15.875,0.));
#6853=CARTESIAN_POINT('',(-120.25,-15.875,3.));
#6854=CARTESIAN_POINT('Origin',(-117.5,-15.875,3.));
#6855=CARTESIAN_POINT('',(-120.25,-15.875,0.));
#6856=CARTESIAN_POINT('',(-120.25,-15.875,0.));
#6857=CARTESIAN_POINT('Origin',(-117.5,-15.875,0.));
#6858=CARTESIAN_POINT('Origin',(-92.5145153021046,-6.01040911400407,0.));
#6859=CARTESIAN_POINT('',(-92.5145153021046,-6.01040911400407,0.));
#6860=CARTESIAN_POINT('',(-100.485481849005,-6.01040911400407,0.));
#6861=CARTESIAN_POINT('',(-100.5145193498,-6.01040911400407,0.));
#6862=CARTESIAN_POINT('',(-100.485481849005,-6.01040911400407,3.));
#6863=CARTESIAN_POINT('',(-100.485481849005,-6.01040911400407,0.));
#6864=CARTESIAN_POINT('',(-92.5145153021046,-6.01040911400407,3.));
#6865=CARTESIAN_POINT('',(-100.5145193498,-6.01040911400407,3.));
#6866=CARTESIAN_POINT('',(-92.5145153021046,-6.01040911400407,0.));
#6867=CARTESIAN_POINT('Origin',(-92.4958066789942,-4.51047935511006,0.));
#6868=CARTESIAN_POINT('',(-92.5145193483584,-3.01054964669042,0.));
#6869=CARTESIAN_POINT('Origin',(-92.4958066789942,-4.51047935511006,0.));
#6870=CARTESIAN_POINT('',(-92.5145193483584,-3.01054964669042,3.));
#6871=CARTESIAN_POINT('Origin',(-92.4958066789942,-4.51047935511006,3.));
#6872=CARTESIAN_POINT('',(-92.5145193483584,-3.01054964669042,0.));
#6873=CARTESIAN_POINT('Origin',(-100.485481850447,-3.01054964669042,0.));
#6874=CARTESIAN_POINT('',(-100.485481850447,-3.01054964669042,0.));
#6875=CARTESIAN_POINT('',(-92.5145193483584,-3.01054964669042,0.));
#6876=CARTESIAN_POINT('',(-100.485481850447,-3.01054964669042,3.));
#6877=CARTESIAN_POINT('',(-92.5145193483584,-3.01054964669042,3.));
#6878=CARTESIAN_POINT('',(-100.485481850447,-3.01054964669042,0.));
#6879=CARTESIAN_POINT('Origin',(-100.500000599403,-4.51047938035422,0.));
#6880=CARTESIAN_POINT('Origin',(-100.500000599403,-4.51047938035422,0.));
#6881=CARTESIAN_POINT('Origin',(-100.500000599403,-4.51047938035422,3.));
#6882=CARTESIAN_POINT('Origin',(2.48548345271463,-1.01097272391035,0.));
#6883=CARTESIAN_POINT('',(2.48548345271463,-1.01097272391035,0.));
#6884=CARTESIAN_POINT('',(-5.486243003636,-1.01097272391035,0.));
#6885=CARTESIAN_POINT('',(-5.5152823023278,-1.01097272391035,0.));
#6886=CARTESIAN_POINT('',(-5.486243003636,-1.01097272391035,3.));
#6887=CARTESIAN_POINT('',(-5.486243003636,-1.01097272391035,0.));
#6888=CARTESIAN_POINT('',(2.48548345271463,-1.01097272391035,3.));
#6889=CARTESIAN_POINT('',(-5.5152823023278,-1.01097272391035,3.));
#6890=CARTESIAN_POINT('',(2.48548345271463,-1.01097272391035,0.));
#6891=CARTESIAN_POINT('Origin',(2.48563028193068,0.739203699613077,0.));
#6892=CARTESIAN_POINT('',(2.48548345271082,2.48938012313651,0.));
#6893=CARTESIAN_POINT('Origin',(2.48563028193068,0.739203699613077,0.));
#6894=CARTESIAN_POINT('',(2.48548345271082,2.48938012313651,3.));
#6895=CARTESIAN_POINT('Origin',(2.48563028193068,0.739203699613077,3.));
#6896=CARTESIAN_POINT('',(2.48548345271082,2.48938012313651,0.));
#6897=CARTESIAN_POINT('Origin',(-5.48897349736444,2.48938012313651,0.));
#6898=CARTESIAN_POINT('',(-5.48897349736444,2.48938012313651,0.));
#6899=CARTESIAN_POINT('',(2.48548345271082,2.48938012313651,0.));
#6900=CARTESIAN_POINT('',(-5.48897349736444,2.48938012313651,3.));
#6901=CARTESIAN_POINT('',(2.48548345271082,2.48938012313651,3.));
#6902=CARTESIAN_POINT('',(-5.48897349736444,2.48938012313651,0.));
#6903=CARTESIAN_POINT('Origin',(-5.50076265298189,0.739193438357984,0.));
#6904=CARTESIAN_POINT('Origin',(-5.50076265298189,0.739193438357984,0.));
#6905=CARTESIAN_POINT('Origin',(-5.50076265298189,0.739193438357984,3.));
#6906=CARTESIAN_POINT('Origin',(13.2499994005974,-4.51047938035422,0.));
#6907=CARTESIAN_POINT('',(13.2645181509952,-6.01040911400407,0.));
#6908=CARTESIAN_POINT('',(13.2645181495533,-3.01054964669042,0.));
#6909=CARTESIAN_POINT('Origin',(13.2499994005974,-4.51047938035422,0.));
#6910=CARTESIAN_POINT('',(13.2645181495533,-3.01054964669042,3.));
#6911=CARTESIAN_POINT('',(13.2645181495533,-3.01054964669042,0.));
#6912=CARTESIAN_POINT('',(13.2645181509952,-6.01040911400407,3.));
#6913=CARTESIAN_POINT('Origin',(13.2499994005974,-4.51047938035422,3.));
#6914=CARTESIAN_POINT('',(13.2645181509952,-6.01040911400407,0.));
#6915=CARTESIAN_POINT('Origin',(21.2354846978954,-6.01040911400407,0.));
#6916=CARTESIAN_POINT('',(21.2354846978954,-6.01040911400407,0.));
#6917=CARTESIAN_POINT('',(13.2354806501997,-6.01040911400407,0.));
#6918=CARTESIAN_POINT('',(21.2354846978954,-6.01040911400407,3.));
#6919=CARTESIAN_POINT('',(13.2354806501997,-6.01040911400407,3.));
#6920=CARTESIAN_POINT('',(21.2354846978954,-6.01040911400407,0.));
#6921=CARTESIAN_POINT('Origin',(21.2541933210058,-4.51047935511006,0.));
#6922=CARTESIAN_POINT('',(21.2354806516416,-3.01054964669042,0.));
#6923=CARTESIAN_POINT('Origin',(21.2541933210058,-4.51047935511006,0.));
#6924=CARTESIAN_POINT('',(21.2354806516416,-3.01054964669042,3.));
#6925=CARTESIAN_POINT('Origin',(21.2541933210058,-4.51047935511006,3.));
#6926=CARTESIAN_POINT('',(21.2354806516416,-3.01054964669042,0.));
#6927=CARTESIAN_POINT('Origin',(13.2645181495533,-3.01054964669042,0.));
#6928=CARTESIAN_POINT('',(21.2354806516416,-3.01054964669042,0.));
#6929=CARTESIAN_POINT('',(21.2354806516416,-3.01054964669042,3.));
#6930=CARTESIAN_POINT('Origin',(-102.988973497364,2.48938012313651,0.));
#6931=CARTESIAN_POINT('',(-102.988973497364,2.48938012313651,0.));
#6932=CARTESIAN_POINT('',(-95.0145165472894,2.48938012313651,0.));
#6933=CARTESIAN_POINT('',(-95.0145165472892,2.48938012313651,0.));
#6934=CARTESIAN_POINT('',(-95.0145165472894,2.48938012313651,3.));
#6935=CARTESIAN_POINT('',(-95.0145165472894,2.48938012313651,0.));
#6936=CARTESIAN_POINT('',(-102.988973497364,2.48938012313651,3.));
#6937=CARTESIAN_POINT('',(-95.0145165472892,2.48938012313651,3.));
#6938=CARTESIAN_POINT('',(-102.988973497364,2.48938012313651,0.));
#6939=CARTESIAN_POINT('Origin',(-103.000762652982,0.739193438357984,0.));
#6940=CARTESIAN_POINT('',(-102.986243003636,-1.01097272391035,0.));
#6941=CARTESIAN_POINT('Origin',(-103.000762652982,0.739193438357984,0.));
#6942=CARTESIAN_POINT('',(-102.986243003636,-1.01097272391035,3.));
#6943=CARTESIAN_POINT('Origin',(-103.000762652982,0.739193438357984,3.));
#6944=CARTESIAN_POINT('',(-102.986243003636,-1.01097272391035,0.));
#6945=CARTESIAN_POINT('Origin',(-95.0145165472854,-1.01097272391035,0.));
#6946=CARTESIAN_POINT('',(-95.0145165472854,-1.01097272391035,0.));
#6947=CARTESIAN_POINT('',(-103.015282302328,-1.01097272391035,0.));
#6948=CARTESIAN_POINT('',(-95.0145165472854,-1.01097272391035,3.));
#6949=CARTESIAN_POINT('',(-103.015282302328,-1.01097272391035,3.));
#6950=CARTESIAN_POINT('',(-95.0145165472854,-1.01097272391035,0.));
#6951=CARTESIAN_POINT('Origin',(-95.0143697180693,0.739203699613077,0.));
#6952=CARTESIAN_POINT('Origin',(-95.0143697180693,0.739203699613077,0.));
#6953=CARTESIAN_POINT('Origin',(-95.0143697180693,0.739203699613077,3.));
#6954=CARTESIAN_POINT('Origin',(-13.7645165472854,-1.01097272391035,0.));
#6955=CARTESIAN_POINT('',(-13.7645165472854,-1.01097272391035,0.));
#6956=CARTESIAN_POINT('',(-21.736243003636,-1.01097272391035,0.));
#6957=CARTESIAN_POINT('',(-21.7652823023278,-1.01097272391035,0.));
#6958=CARTESIAN_POINT('',(-21.736243003636,-1.01097272391035,3.));
#6959=CARTESIAN_POINT('',(-21.736243003636,-1.01097272391035,0.));
#6960=CARTESIAN_POINT('',(-13.7645165472854,-1.01097272391035,3.));
#6961=CARTESIAN_POINT('',(-21.7652823023278,-1.01097272391035,3.));
#6962=CARTESIAN_POINT('',(-13.7645165472854,-1.01097272391035,0.));
#6963=CARTESIAN_POINT('Origin',(-13.7643697180693,0.739203699613077,0.));
#6964=CARTESIAN_POINT('',(-13.7645165472892,2.48938012313651,0.));
#6965=CARTESIAN_POINT('Origin',(-13.7643697180693,0.739203699613077,0.));
#6966=CARTESIAN_POINT('',(-13.7645165472892,2.48938012313651,3.));
#6967=CARTESIAN_POINT('Origin',(-13.7643697180693,0.739203699613077,3.));
#6968=CARTESIAN_POINT('',(-13.7645165472892,2.48938012313651,0.));
#6969=CARTESIAN_POINT('Origin',(-21.7389734973644,2.48938012313651,0.));
#6970=CARTESIAN_POINT('',(-21.7389734973644,2.48938012313651,0.));
#6971=CARTESIAN_POINT('',(-13.7645165472892,2.48938012313651,0.));
#6972=CARTESIAN_POINT('',(-21.7389734973644,2.48938012313651,3.));
#6973=CARTESIAN_POINT('',(-13.7645165472892,2.48938012313651,3.));
#6974=CARTESIAN_POINT('',(-21.7389734973644,2.48938012313651,0.));
#6975=CARTESIAN_POINT('Origin',(-21.7507626529819,0.739193438357984,0.));
#6976=CARTESIAN_POINT('Origin',(-21.7507626529819,0.739193438357984,0.));
#6977=CARTESIAN_POINT('Origin',(-21.7507626529819,0.739193438357984,3.));
#6978=CARTESIAN_POINT('Origin',(-78.7645165472879,-11.0105496466904,0.));
#6979=CARTESIAN_POINT('',(-78.7645165472879,-11.0105496466904,0.));
#6980=CARTESIAN_POINT('',(-86.7354865223514,-11.0105496466904,0.));
#6981=CARTESIAN_POINT('',(-86.7645165472879,-11.0105496466904,0.));
#6982=CARTESIAN_POINT('',(-86.7354865223514,-11.0105496466904,3.));
#6983=CARTESIAN_POINT('',(-86.7354865223514,-11.0105496466904,0.));
#6984=CARTESIAN_POINT('',(-78.7645165472879,-11.0105496466904,3.));
#6985=CARTESIAN_POINT('',(-86.7645165472879,-11.0105496466904,3.));
#6986=CARTESIAN_POINT('',(-78.7645165472879,-11.0105496466904,0.));
#6987=CARTESIAN_POINT('Origin',(-78.7645165472879,-9.51061987686349,0.));
#6988=CARTESIAN_POINT('',(-78.7645165472879,-8.01069010703657,0.));
#6989=CARTESIAN_POINT('Origin',(-78.7645165472879,-9.51061987686349,0.));
#6990=CARTESIAN_POINT('',(-78.7645165472879,-8.01069010703657,3.));
#6991=CARTESIAN_POINT('Origin',(-78.7645165472879,-9.51061987686349,3.));
#6992=CARTESIAN_POINT('',(-78.7645165472879,-8.01069010703657,0.));
#6993=CARTESIAN_POINT('Origin',(-86.7354865223514,-8.01069010703657,0.));
#6994=CARTESIAN_POINT('',(-86.7354865223514,-8.01069010703657,0.));
#6995=CARTESIAN_POINT('',(-78.7645165472879,-8.01069010703657,0.));
#6996=CARTESIAN_POINT('',(-86.7354865223514,-8.01069010703657,3.));
#6997=CARTESIAN_POINT('',(-78.7645165472879,-8.01069010703657,3.));
#6998=CARTESIAN_POINT('',(-86.7354865223514,-8.01069010703657,0.));
#6999=CARTESIAN_POINT('Origin',(-86.7500015348196,-9.51061987686349,0.));
#7000=CARTESIAN_POINT('Origin',(-86.7500015348196,-9.51061987686349,0.));
#7001=CARTESIAN_POINT('Origin',(-86.7500015348196,-9.51061987686349,3.));
#7002=CARTESIAN_POINT('Origin',(34.9854834527121,-11.0105496466904,0.));
#7003=CARTESIAN_POINT('',(34.9854834527121,-11.0105496466904,0.));
#7004=CARTESIAN_POINT('',(27.0145134776486,-11.0105496466904,0.));
#7005=CARTESIAN_POINT('',(26.9854834527121,-11.0105496466904,0.));
#7006=CARTESIAN_POINT('',(27.0145134776486,-11.0105496466904,3.));
#7007=CARTESIAN_POINT('',(27.0145134776486,-11.0105496466904,0.));
#7008=CARTESIAN_POINT('',(34.9854834527121,-11.0105496466904,3.));
#7009=CARTESIAN_POINT('',(26.9854834527121,-11.0105496466904,3.));
#7010=CARTESIAN_POINT('',(34.9854834527121,-11.0105496466904,0.));
#7011=CARTESIAN_POINT('Origin',(34.9854834527121,-9.51061987686349,0.));
#7012=CARTESIAN_POINT('',(34.9854834527121,-8.01069010703657,0.));
#7013=CARTESIAN_POINT('Origin',(34.9854834527121,-9.51061987686349,0.));
#7014=CARTESIAN_POINT('',(34.9854834527121,-8.01069010703657,3.));
#7015=CARTESIAN_POINT('Origin',(34.9854834527121,-9.51061987686349,3.));
#7016=CARTESIAN_POINT('',(34.9854834527121,-8.01069010703657,0.));
#7017=CARTESIAN_POINT('Origin',(27.0145134776486,-8.01069010703657,0.));
#7018=CARTESIAN_POINT('',(27.0145134776486,-8.01069010703657,0.));
#7019=CARTESIAN_POINT('',(34.9854834527121,-8.01069010703657,0.));
#7020=CARTESIAN_POINT('',(27.0145134776486,-8.01069010703657,3.));
#7021=CARTESIAN_POINT('',(34.9854834527121,-8.01069010703657,3.));
#7022=CARTESIAN_POINT('',(27.0145134776486,-8.01069010703657,0.));
#7023=CARTESIAN_POINT('Origin',(26.9999984651804,-9.51061987686349,0.));
#7024=CARTESIAN_POINT('Origin',(26.9999984651804,-9.51061987686349,0.));
#7025=CARTESIAN_POINT('Origin',(26.9999984651804,-9.51061987686349,3.));
#7026=CARTESIAN_POINT('Origin',(-60.0145153021046,-16.0104091140041,0.));
#7027=CARTESIAN_POINT('',(-60.0145153021046,-16.0104091140041,0.));
#7028=CARTESIAN_POINT('',(-67.9854818490048,-16.0104091140041,0.));
#7029=CARTESIAN_POINT('',(-68.0145193498003,-16.0104091140041,0.));
#7030=CARTESIAN_POINT('',(-67.9854818490048,-16.0104091140041,3.));
#7031=CARTESIAN_POINT('',(-67.9854818490048,-16.0104091140041,0.));
#7032=CARTESIAN_POINT('',(-60.0145153021046,-16.0104091140041,3.));
#7033=CARTESIAN_POINT('',(-68.0145193498003,-16.0104091140041,3.));
#7034=CARTESIAN_POINT('',(-60.0145153021046,-16.0104091140041,0.));
#7035=CARTESIAN_POINT('Origin',(-59.9958066789942,-14.5104793551101,0.));
#7036=CARTESIAN_POINT('',(-60.0145193483584,-13.0105496466904,0.));
#7037=CARTESIAN_POINT('Origin',(-59.9958066789942,-14.5104793551101,0.));
#7038=CARTESIAN_POINT('',(-60.0145193483584,-13.0105496466904,3.));
#7039=CARTESIAN_POINT('Origin',(-59.9958066789942,-14.5104793551101,3.));
#7040=CARTESIAN_POINT('',(-60.0145193483584,-13.0105496466904,0.));
#7041=CARTESIAN_POINT('Origin',(-67.9854818504467,-13.0105496466904,0.));
#7042=CARTESIAN_POINT('',(-67.9854818504467,-13.0105496466904,0.));
#7043=CARTESIAN_POINT('',(-60.0145193483584,-13.0105496466904,0.));
#7044=CARTESIAN_POINT('',(-67.9854818504467,-13.0105496466904,3.));
#7045=CARTESIAN_POINT('',(-60.0145193483584,-13.0105496466904,3.));
#7046=CARTESIAN_POINT('',(-67.9854818504467,-13.0105496466904,0.));
#7047=CARTESIAN_POINT('Origin',(-68.0000005994026,-14.5104793803542,0.));
#7048=CARTESIAN_POINT('Origin',(-68.0000005994026,-14.5104793803542,0.));
#7049=CARTESIAN_POINT('Origin',(-68.0000005994026,-14.5104793803542,3.));
#7050=CARTESIAN_POINT('Origin',(-27.5145153021046,-16.0104091140041,0.));
#7051=CARTESIAN_POINT('',(-27.5145153021046,-16.0104091140041,0.));
#7052=CARTESIAN_POINT('',(-35.4854818490048,-16.0104091140041,0.));
#7053=CARTESIAN_POINT('',(-35.5145193498003,-16.0104091140041,0.));
#7054=CARTESIAN_POINT('',(-35.4854818490048,-16.0104091140041,3.));
#7055=CARTESIAN_POINT('',(-35.4854818490048,-16.0104091140041,0.));
#7056=CARTESIAN_POINT('',(-27.5145153021046,-16.0104091140041,3.));
#7057=CARTESIAN_POINT('',(-35.5145193498003,-16.0104091140041,3.));
#7058=CARTESIAN_POINT('',(-27.5145153021046,-16.0104091140041,0.));
#7059=CARTESIAN_POINT('Origin',(-27.4958066789942,-14.5104793551101,0.));
#7060=CARTESIAN_POINT('',(-27.5145193483584,-13.0105496466904,0.));
#7061=CARTESIAN_POINT('Origin',(-27.4958066789942,-14.5104793551101,0.));
#7062=CARTESIAN_POINT('',(-27.5145193483584,-13.0105496466904,3.));
#7063=CARTESIAN_POINT('Origin',(-27.4958066789942,-14.5104793551101,3.));
#7064=CARTESIAN_POINT('',(-27.5145193483584,-13.0105496466904,0.));
#7065=CARTESIAN_POINT('Origin',(-35.4854818504467,-13.0105496466904,0.));
#7066=CARTESIAN_POINT('',(-35.4854818504467,-13.0105496466904,0.));
#7067=CARTESIAN_POINT('',(-27.5145193483584,-13.0105496466904,0.));
#7068=CARTESIAN_POINT('',(-35.4854818504467,-13.0105496466904,3.));
#7069=CARTESIAN_POINT('',(-27.5145193483584,-13.0105496466904,3.));
#7070=CARTESIAN_POINT('',(-35.4854818504467,-13.0105496466904,0.));
#7071=CARTESIAN_POINT('Origin',(-35.5000005994026,-14.5104793803542,0.));
#7072=CARTESIAN_POINT('Origin',(-35.5000005994026,-14.5104793803542,0.));
#7073=CARTESIAN_POINT('Origin',(-35.5000005994026,-14.5104793803542,3.));
#7074=CARTESIAN_POINT('Origin',(94.4999994005974,-4.51047938035422,0.));
#7075=CARTESIAN_POINT('',(94.5145181509952,-6.01040911400407,0.));
#7076=CARTESIAN_POINT('',(94.5145181495533,-3.01054964669042,0.));
#7077=CARTESIAN_POINT('Origin',(94.4999994005974,-4.51047938035422,0.));
#7078=CARTESIAN_POINT('',(94.5145181495533,-3.01054964669042,3.));
#7079=CARTESIAN_POINT('',(94.5145181495533,-3.01054964669042,0.));
#7080=CARTESIAN_POINT('',(94.5145181509952,-6.01040911400407,3.));
#7081=CARTESIAN_POINT('Origin',(94.4999994005974,-4.51047938035422,3.));
#7082=CARTESIAN_POINT('',(94.5145181509952,-6.01040911400407,0.));
#7083=CARTESIAN_POINT('Origin',(102.485484697895,-6.01040911400407,0.));
#7084=CARTESIAN_POINT('',(102.485484697895,-6.01040911400407,0.));
#7085=CARTESIAN_POINT('',(94.4854806501997,-6.01040911400407,0.));
#7086=CARTESIAN_POINT('',(102.485484697895,-6.01040911400407,3.));
#7087=CARTESIAN_POINT('',(94.4854806501997,-6.01040911400407,3.));
#7088=CARTESIAN_POINT('',(102.485484697895,-6.01040911400407,0.));
#7089=CARTESIAN_POINT('Origin',(102.504193321006,-4.51047935511006,0.));
#7090=CARTESIAN_POINT('',(102.485480651642,-3.01054964669042,0.));
#7091=CARTESIAN_POINT('Origin',(102.504193321006,-4.51047935511006,0.));
#7092=CARTESIAN_POINT('',(102.485480651642,-3.01054964669042,3.));
#7093=CARTESIAN_POINT('Origin',(102.504193321006,-4.51047935511006,3.));
#7094=CARTESIAN_POINT('',(102.485480651642,-3.01054964669042,0.));
#7095=CARTESIAN_POINT('Origin',(94.5145181495533,-3.01054964669042,0.));
#7096=CARTESIAN_POINT('',(102.485480651642,-3.01054964669042,0.));
#7097=CARTESIAN_POINT('',(102.485480651642,-3.01054964669042,3.));
#7098=CARTESIAN_POINT('Origin',(86.2354846978954,-16.0104091140041,0.));
#7099=CARTESIAN_POINT('',(86.2354846978954,-16.0104091140041,0.));
#7100=CARTESIAN_POINT('',(78.2645181509952,-16.0104091140041,0.));
#7101=CARTESIAN_POINT('',(78.2354806501997,-16.0104091140041,0.));
#7102=CARTESIAN_POINT('',(78.2645181509952,-16.0104091140041,3.));
#7103=CARTESIAN_POINT('',(78.2645181509952,-16.0104091140041,0.));
#7104=CARTESIAN_POINT('',(86.2354846978954,-16.0104091140041,3.));
#7105=CARTESIAN_POINT('',(78.2354806501997,-16.0104091140041,3.));
#7106=CARTESIAN_POINT('',(86.2354846978954,-16.0104091140041,0.));
#7107=CARTESIAN_POINT('Origin',(86.2541933210058,-14.5104793551101,0.));
#7108=CARTESIAN_POINT('',(86.2354806516416,-13.0105496466904,0.));
#7109=CARTESIAN_POINT('Origin',(86.2541933210058,-14.5104793551101,0.));
#7110=CARTESIAN_POINT('',(86.2354806516416,-13.0105496466904,3.));
#7111=CARTESIAN_POINT('Origin',(86.2541933210058,-14.5104793551101,3.));
#7112=CARTESIAN_POINT('',(86.2354806516416,-13.0105496466904,0.));
#7113=CARTESIAN_POINT('Origin',(78.2645181495533,-13.0105496466904,0.));
#7114=CARTESIAN_POINT('',(78.2645181495533,-13.0105496466904,0.));
#7115=CARTESIAN_POINT('',(86.2354806516416,-13.0105496466904,0.));
#7116=CARTESIAN_POINT('',(78.2645181495533,-13.0105496466904,3.));
#7117=CARTESIAN_POINT('',(86.2354806516416,-13.0105496466904,3.));
#7118=CARTESIAN_POINT('',(78.2645181495533,-13.0105496466904,0.));
#7119=CARTESIAN_POINT('Origin',(78.2499994005974,-14.5104793803542,0.));
#7120=CARTESIAN_POINT('Origin',(78.2499994005974,-14.5104793803542,0.));
#7121=CARTESIAN_POINT('Origin',(78.2499994005974,-14.5104793803542,3.));
#7122=CARTESIAN_POINT('Origin',(-84.2500005994026,-4.51047938035422,0.));
#7123=CARTESIAN_POINT('',(-84.2354818490048,-6.01040911400407,0.));
#7124=CARTESIAN_POINT('',(-84.2354818504467,-3.01054964669042,0.));
#7125=CARTESIAN_POINT('Origin',(-84.2500005994026,-4.51047938035422,0.));
#7126=CARTESIAN_POINT('',(-84.2354818504467,-3.01054964669042,3.));
#7127=CARTESIAN_POINT('',(-84.2354818504467,-3.01054964669042,0.));
#7128=CARTESIAN_POINT('',(-84.2354818490048,-6.01040911400407,3.));
#7129=CARTESIAN_POINT('Origin',(-84.2500005994026,-4.51047938035422,3.));
#7130=CARTESIAN_POINT('',(-84.2354818490048,-6.01040911400407,0.));
#7131=CARTESIAN_POINT('Origin',(-76.2645153021046,-6.01040911400407,0.));
#7132=CARTESIAN_POINT('',(-76.2645153021046,-6.01040911400407,0.));
#7133=CARTESIAN_POINT('',(-84.2645193498003,-6.01040911400407,0.));
#7134=CARTESIAN_POINT('',(-76.2645153021046,-6.01040911400407,3.));
#7135=CARTESIAN_POINT('',(-84.2645193498003,-6.01040911400407,3.));
#7136=CARTESIAN_POINT('',(-76.2645153021046,-6.01040911400407,0.));
#7137=CARTESIAN_POINT('Origin',(-76.2458066789942,-4.51047935511006,0.));
#7138=CARTESIAN_POINT('',(-76.2645193483584,-3.01054964669042,0.));
#7139=CARTESIAN_POINT('Origin',(-76.2458066789942,-4.51047935511006,0.));
#7140=CARTESIAN_POINT('',(-76.2645193483584,-3.01054964669042,3.));
#7141=CARTESIAN_POINT('Origin',(-76.2458066789942,-4.51047935511006,3.));
#7142=CARTESIAN_POINT('',(-76.2645193483584,-3.01054964669042,0.));
#7143=CARTESIAN_POINT('Origin',(-84.2354818504467,-3.01054964669042,0.));
#7144=CARTESIAN_POINT('',(-76.2645193483584,-3.01054964669042,0.));
#7145=CARTESIAN_POINT('',(-76.2645193483584,-3.01054964669042,3.));
#7146=CARTESIAN_POINT('Origin',(-117.5,15.875,0.));
#7147=CARTESIAN_POINT('',(-120.25,15.875,3.));
#7148=CARTESIAN_POINT('Origin',(-117.5,15.875,3.));
#7149=CARTESIAN_POINT('',(-120.25,15.875,0.));
#7150=CARTESIAN_POINT('',(-120.25,15.875,0.));
#7151=CARTESIAN_POINT('Origin',(-117.5,15.875,0.));
#7152=CARTESIAN_POINT('Origin',(-62.5145165472854,-1.01097272391035,0.));
#7153=CARTESIAN_POINT('',(-62.5145165472854,-1.01097272391035,0.));
#7154=CARTESIAN_POINT('',(-70.486243003636,-1.01097272391035,0.));
#7155=CARTESIAN_POINT('',(-70.5152823023278,-1.01097272391035,0.));
#7156=CARTESIAN_POINT('',(-70.486243003636,-1.01097272391035,3.));
#7157=CARTESIAN_POINT('',(-70.486243003636,-1.01097272391035,0.));
#7158=CARTESIAN_POINT('',(-62.5145165472854,-1.01097272391035,3.));
#7159=CARTESIAN_POINT('',(-70.5152823023278,-1.01097272391035,3.));
#7160=CARTESIAN_POINT('',(-62.5145165472854,-1.01097272391035,0.));
#7161=CARTESIAN_POINT('Origin',(-62.5143697180693,0.739203699613077,0.));
#7162=CARTESIAN_POINT('',(-62.5145165472892,2.48938012313651,0.));
#7163=CARTESIAN_POINT('Origin',(-62.5143697180693,0.739203699613077,0.));
#7164=CARTESIAN_POINT('',(-62.5145165472892,2.48938012313651,3.));
#7165=CARTESIAN_POINT('Origin',(-62.5143697180693,0.739203699613077,3.));
#7166=CARTESIAN_POINT('',(-62.5145165472892,2.48938012313651,0.));
#7167=CARTESIAN_POINT('Origin',(-70.4889734973644,2.48938012313651,0.));
#7168=CARTESIAN_POINT('',(-70.4889734973644,2.48938012313651,0.));
#7169=CARTESIAN_POINT('',(-62.5145165472892,2.48938012313651,0.));
#7170=CARTESIAN_POINT('',(-70.4889734973644,2.48938012313651,3.));
#7171=CARTESIAN_POINT('',(-62.5145165472892,2.48938012313651,3.));
#7172=CARTESIAN_POINT('',(-70.4889734973644,2.48938012313651,0.));
#7173=CARTESIAN_POINT('Origin',(-70.5007626529819,0.739193438357984,0.));
#7174=CARTESIAN_POINT('Origin',(-70.5007626529819,0.739193438357984,0.));
#7175=CARTESIAN_POINT('Origin',(-70.5007626529819,0.739193438357984,3.));
#7176=CARTESIAN_POINT('Origin',(117.5,15.875,0.));
#7177=CARTESIAN_POINT('',(114.75,15.875,3.));
#7178=CARTESIAN_POINT('Origin',(117.5,15.875,3.));
#7179=CARTESIAN_POINT('',(114.75,15.875,0.));
#7180=CARTESIAN_POINT('',(114.75,15.875,0.));
#7181=CARTESIAN_POINT('Origin',(117.5,15.875,0.));
#7182=CARTESIAN_POINT('Origin',(67.4854834527146,-1.01097272391035,0.));
#7183=CARTESIAN_POINT('',(67.4854834527146,-1.01097272391035,0.));
#7184=CARTESIAN_POINT('',(59.513756996364,-1.01097272391035,0.));
#7185=CARTESIAN_POINT('',(59.4847176976722,-1.01097272391035,0.));
#7186=CARTESIAN_POINT('',(59.513756996364,-1.01097272391035,3.));
#7187=CARTESIAN_POINT('',(59.513756996364,-1.01097272391035,0.));
#7188=CARTESIAN_POINT('',(67.4854834527146,-1.01097272391035,3.));
#7189=CARTESIAN_POINT('',(59.4847176976722,-1.01097272391035,3.));
#7190=CARTESIAN_POINT('',(67.4854834527146,-1.01097272391035,0.));
#7191=CARTESIAN_POINT('Origin',(67.4856302819307,0.739203699613077,0.));
#7192=CARTESIAN_POINT('',(67.4854834527108,2.48938012313651,0.));
#7193=CARTESIAN_POINT('Origin',(67.4856302819307,0.739203699613077,0.));
#7194=CARTESIAN_POINT('',(67.4854834527108,2.48938012313651,3.));
#7195=CARTESIAN_POINT('Origin',(67.4856302819307,0.739203699613077,3.));
#7196=CARTESIAN_POINT('',(67.4854834527108,2.48938012313651,0.));
#7197=CARTESIAN_POINT('Origin',(59.5110265026356,2.48938012313651,0.));
#7198=CARTESIAN_POINT('',(59.5110265026356,2.48938012313651,0.));
#7199=CARTESIAN_POINT('',(67.4854834527108,2.48938012313651,0.));
#7200=CARTESIAN_POINT('',(59.5110265026356,2.48938012313651,3.));
#7201=CARTESIAN_POINT('',(67.4854834527108,2.48938012313651,3.));
#7202=CARTESIAN_POINT('',(59.5110265026356,2.48938012313651,0.));
#7203=CARTESIAN_POINT('Origin',(59.4992373470181,0.739193438357984,0.));
#7204=CARTESIAN_POINT('Origin',(59.4992373470181,0.739193438357984,0.));
#7205=CARTESIAN_POINT('Origin',(59.4992373470181,0.739193438357984,3.));
#7206=CARTESIAN_POINT('Origin',(51.2354834527146,-1.01097272391035,0.));
#7207=CARTESIAN_POINT('',(51.2354834527146,-1.01097272391035,0.));
#7208=CARTESIAN_POINT('',(43.263756996364,-1.01097272391035,0.));
#7209=CARTESIAN_POINT('',(43.2347176976722,-1.01097272391035,0.));
#7210=CARTESIAN_POINT('',(43.263756996364,-1.01097272391035,3.));
#7211=CARTESIAN_POINT('',(43.263756996364,-1.01097272391035,0.));
#7212=CARTESIAN_POINT('',(51.2354834527146,-1.01097272391035,3.));
#7213=CARTESIAN_POINT('',(43.2347176976722,-1.01097272391035,3.));
#7214=CARTESIAN_POINT('',(51.2354834527146,-1.01097272391035,0.));
#7215=CARTESIAN_POINT('Origin',(51.2356302819307,0.739203699613077,0.));
#7216=CARTESIAN_POINT('',(51.2354834527108,2.48938012313651,0.));
#7217=CARTESIAN_POINT('Origin',(51.2356302819307,0.739203699613077,0.));
#7218=CARTESIAN_POINT('',(51.2354834527108,2.48938012313651,3.));
#7219=CARTESIAN_POINT('Origin',(51.2356302819307,0.739203699613077,3.));
#7220=CARTESIAN_POINT('',(51.2354834527108,2.48938012313651,0.));
#7221=CARTESIAN_POINT('Origin',(43.2610265026356,2.48938012313651,0.));
#7222=CARTESIAN_POINT('',(43.2610265026356,2.48938012313651,0.));
#7223=CARTESIAN_POINT('',(51.2354834527108,2.48938012313651,0.));
#7224=CARTESIAN_POINT('',(43.2610265026356,2.48938012313651,3.));
#7225=CARTESIAN_POINT('',(51.2354834527108,2.48938012313651,3.));
#7226=CARTESIAN_POINT('',(43.2610265026356,2.48938012313651,0.));
#7227=CARTESIAN_POINT('Origin',(43.2492373470181,0.739193438357984,0.));
#7228=CARTESIAN_POINT('Origin',(43.2492373470181,0.739193438357984,0.));
#7229=CARTESIAN_POINT('Origin',(43.2492373470181,0.739193438357984,3.));
#7230=CARTESIAN_POINT('Origin',(-30.0145165472854,-1.01097272391035,0.));
#7231=CARTESIAN_POINT('',(-30.0145165472854,-1.01097272391035,0.));
#7232=CARTESIAN_POINT('',(-37.986243003636,-1.01097272391035,0.));
#7233=CARTESIAN_POINT('',(-38.0152823023278,-1.01097272391035,0.));
#7234=CARTESIAN_POINT('',(-37.986243003636,-1.01097272391035,3.));
#7235=CARTESIAN_POINT('',(-37.986243003636,-1.01097272391035,0.));
#7236=CARTESIAN_POINT('',(-30.0145165472854,-1.01097272391035,3.));
#7237=CARTESIAN_POINT('',(-38.0152823023278,-1.01097272391035,3.));
#7238=CARTESIAN_POINT('',(-30.0145165472854,-1.01097272391035,0.));
#7239=CARTESIAN_POINT('Origin',(-30.0143697180693,0.739203699613077,0.));
#7240=CARTESIAN_POINT('',(-30.0145165472892,2.48938012313651,0.));
#7241=CARTESIAN_POINT('Origin',(-30.0143697180693,0.739203699613077,0.));
#7242=CARTESIAN_POINT('',(-30.0145165472892,2.48938012313651,3.));
#7243=CARTESIAN_POINT('Origin',(-30.0143697180693,0.739203699613077,3.));
#7244=CARTESIAN_POINT('',(-30.0145165472892,2.48938012313651,0.));
#7245=CARTESIAN_POINT('Origin',(-37.9889734973644,2.48938012313651,0.));
#7246=CARTESIAN_POINT('',(-37.9889734973644,2.48938012313651,0.));
#7247=CARTESIAN_POINT('',(-30.0145165472892,2.48938012313651,0.));
#7248=CARTESIAN_POINT('',(-37.9889734973644,2.48938012313651,3.));
#7249=CARTESIAN_POINT('',(-30.0145165472892,2.48938012313651,3.));
#7250=CARTESIAN_POINT('',(-37.9889734973644,2.48938012313651,0.));
#7251=CARTESIAN_POINT('Origin',(-38.0007626529819,0.739193438357984,0.));
#7252=CARTESIAN_POINT('Origin',(-38.0007626529819,0.739193438357984,0.));
#7253=CARTESIAN_POINT('Origin',(-38.0007626529819,0.739193438357984,3.));
#7254=CARTESIAN_POINT('Origin',(-35.5000005994026,-4.51047938035422,0.));
#7255=CARTESIAN_POINT('',(-35.4854818490048,-6.01040911400407,0.));
#7256=CARTESIAN_POINT('',(-35.4854818504467,-3.01054964669042,0.));
#7257=CARTESIAN_POINT('Origin',(-35.5000005994026,-4.51047938035422,0.));
#7258=CARTESIAN_POINT('',(-35.4854818504467,-3.01054964669042,3.));
#7259=CARTESIAN_POINT('',(-35.4854818504467,-3.01054964669042,0.));
#7260=CARTESIAN_POINT('',(-35.4854818490048,-6.01040911400407,3.));
#7261=CARTESIAN_POINT('Origin',(-35.5000005994026,-4.51047938035422,3.));
#7262=CARTESIAN_POINT('',(-35.4854818490048,-6.01040911400407,0.));
#7263=CARTESIAN_POINT('Origin',(-27.5145153021046,-6.01040911400407,0.));
#7264=CARTESIAN_POINT('',(-27.5145153021046,-6.01040911400407,0.));
#7265=CARTESIAN_POINT('',(-35.5145193498003,-6.01040911400407,0.));
#7266=CARTESIAN_POINT('',(-27.5145153021046,-6.01040911400407,3.));
#7267=CARTESIAN_POINT('',(-35.5145193498003,-6.01040911400407,3.));
#7268=CARTESIAN_POINT('',(-27.5145153021046,-6.01040911400407,0.));
#7269=CARTESIAN_POINT('Origin',(-27.4958066789942,-4.51047935511006,0.));
#7270=CARTESIAN_POINT('',(-27.5145193483584,-3.01054964669042,0.));
#7271=CARTESIAN_POINT('Origin',(-27.4958066789942,-4.51047935511006,0.));
#7272=CARTESIAN_POINT('',(-27.5145193483584,-3.01054964669042,3.));
#7273=CARTESIAN_POINT('Origin',(-27.4958066789942,-4.51047935511006,3.));
#7274=CARTESIAN_POINT('',(-27.5145193483584,-3.01054964669042,0.));
#7275=CARTESIAN_POINT('Origin',(-35.4854818504467,-3.01054964669042,0.));
#7276=CARTESIAN_POINT('',(-27.5145193483584,-3.01054964669042,0.));
#7277=CARTESIAN_POINT('',(-27.5145193483584,-3.01054964669042,3.));
#7278=CARTESIAN_POINT('Origin',(-78.7645165472854,-1.01097272391035,0.));
#7279=CARTESIAN_POINT('',(-78.7645165472854,-1.01097272391035,0.));
#7280=CARTESIAN_POINT('',(-86.736243003636,-1.01097272391035,0.));
#7281=CARTESIAN_POINT('',(-86.7652823023278,-1.01097272391035,0.));
#7282=CARTESIAN_POINT('',(-86.736243003636,-1.01097272391035,3.));
#7283=CARTESIAN_POINT('',(-86.736243003636,-1.01097272391035,0.));
#7284=CARTESIAN_POINT('',(-78.7645165472854,-1.01097272391035,3.));
#7285=CARTESIAN_POINT('',(-86.7652823023278,-1.01097272391035,3.));
#7286=CARTESIAN_POINT('',(-78.7645165472854,-1.01097272391035,0.));
#7287=CARTESIAN_POINT('Origin',(-78.7643697180693,0.739203699613077,0.));
#7288=CARTESIAN_POINT('',(-78.7645165472892,2.48938012313651,0.));
#7289=CARTESIAN_POINT('Origin',(-78.7643697180693,0.739203699613077,0.));
#7290=CARTESIAN_POINT('',(-78.7645165472892,2.48938012313651,3.));
#7291=CARTESIAN_POINT('Origin',(-78.7643697180693,0.739203699613077,3.));
#7292=CARTESIAN_POINT('',(-78.7645165472892,2.48938012313651,0.));
#7293=CARTESIAN_POINT('Origin',(-86.7389734973644,2.48938012313651,0.));
#7294=CARTESIAN_POINT('',(-86.7389734973644,2.48938012313651,0.));
#7295=CARTESIAN_POINT('',(-78.7645165472892,2.48938012313651,0.));
#7296=CARTESIAN_POINT('',(-86.7389734973644,2.48938012313651,3.));
#7297=CARTESIAN_POINT('',(-78.7645165472892,2.48938012313651,3.));
#7298=CARTESIAN_POINT('',(-86.7389734973644,2.48938012313651,0.));
#7299=CARTESIAN_POINT('Origin',(-86.7507626529819,0.739193438357984,0.));
#7300=CARTESIAN_POINT('Origin',(-86.7507626529819,0.739193438357984,0.));
#7301=CARTESIAN_POINT('Origin',(-86.7507626529819,0.739193438357984,3.));
#7302=CARTESIAN_POINT('Origin',(-76.2645153021046,-16.0104091140041,0.));
#7303=CARTESIAN_POINT('',(-76.2645153021046,-16.0104091140041,0.));
#7304=CARTESIAN_POINT('',(-84.2354818490048,-16.0104091140041,0.));
#7305=CARTESIAN_POINT('',(-84.2645193498003,-16.0104091140041,0.));
#7306=CARTESIAN_POINT('',(-84.2354818490048,-16.0104091140041,3.));
#7307=CARTESIAN_POINT('',(-84.2354818490048,-16.0104091140041,0.));
#7308=CARTESIAN_POINT('',(-76.2645153021046,-16.0104091140041,3.));
#7309=CARTESIAN_POINT('',(-84.2645193498003,-16.0104091140041,3.));
#7310=CARTESIAN_POINT('',(-76.2645153021046,-16.0104091140041,0.));
#7311=CARTESIAN_POINT('Origin',(-76.2458066789942,-14.5104793551101,0.));
#7312=CARTESIAN_POINT('',(-76.2645193483584,-13.0105496466904,0.));
#7313=CARTESIAN_POINT('Origin',(-76.2458066789942,-14.5104793551101,0.));
#7314=CARTESIAN_POINT('',(-76.2645193483584,-13.0105496466904,3.));
#7315=CARTESIAN_POINT('Origin',(-76.2458066789942,-14.5104793551101,3.));
#7316=CARTESIAN_POINT('',(-76.2645193483584,-13.0105496466904,0.));
#7317=CARTESIAN_POINT('Origin',(-84.2354818504467,-13.0105496466904,0.));
#7318=CARTESIAN_POINT('',(-84.2354818504467,-13.0105496466904,0.));
#7319=CARTESIAN_POINT('',(-76.2645193483584,-13.0105496466904,0.));
#7320=CARTESIAN_POINT('',(-84.2354818504467,-13.0105496466904,3.));
#7321=CARTESIAN_POINT('',(-76.2645193483584,-13.0105496466904,3.));
#7322=CARTESIAN_POINT('',(-84.2354818504467,-13.0105496466904,0.));
#7323=CARTESIAN_POINT('Origin',(-84.2500005994026,-14.5104793803542,0.));
#7324=CARTESIAN_POINT('Origin',(-84.2500005994026,-14.5104793803542,0.));
#7325=CARTESIAN_POINT('Origin',(-84.2500005994026,-14.5104793803542,3.));
#7326=CARTESIAN_POINT('Origin',(53.7354846978954,-16.0104091140041,0.));
#7327=CARTESIAN_POINT('',(53.7354846978954,-16.0104091140041,0.));
#7328=CARTESIAN_POINT('',(45.7645181509952,-16.0104091140041,0.));
#7329=CARTESIAN_POINT('',(45.7354806501997,-16.0104091140041,0.));
#7330=CARTESIAN_POINT('',(45.7645181509952,-16.0104091140041,3.));
#7331=CARTESIAN_POINT('',(45.7645181509952,-16.0104091140041,0.));
#7332=CARTESIAN_POINT('',(53.7354846978954,-16.0104091140041,3.));
#7333=CARTESIAN_POINT('',(45.7354806501997,-16.0104091140041,3.));
#7334=CARTESIAN_POINT('',(53.7354846978954,-16.0104091140041,0.));
#7335=CARTESIAN_POINT('Origin',(53.7541933210058,-14.5104793551101,0.));
#7336=CARTESIAN_POINT('',(53.7354806516416,-13.0105496466904,0.));
#7337=CARTESIAN_POINT('Origin',(53.7541933210058,-14.5104793551101,0.));
#7338=CARTESIAN_POINT('',(53.7354806516416,-13.0105496466904,3.));
#7339=CARTESIAN_POINT('Origin',(53.7541933210058,-14.5104793551101,3.));
#7340=CARTESIAN_POINT('',(53.7354806516416,-13.0105496466904,0.));
#7341=CARTESIAN_POINT('Origin',(45.7645181495533,-13.0105496466904,0.));
#7342=CARTESIAN_POINT('',(45.7645181495533,-13.0105496466904,0.));
#7343=CARTESIAN_POINT('',(53.7354806516416,-13.0105496466904,0.));
#7344=CARTESIAN_POINT('',(45.7645181495533,-13.0105496466904,3.));
#7345=CARTESIAN_POINT('',(53.7354806516416,-13.0105496466904,3.));
#7346=CARTESIAN_POINT('',(45.7645181495533,-13.0105496466904,0.));
#7347=CARTESIAN_POINT('Origin',(45.7499994005974,-14.5104793803542,0.));
#7348=CARTESIAN_POINT('Origin',(45.7499994005974,-14.5104793803542,0.));
#7349=CARTESIAN_POINT('Origin',(45.7499994005974,-14.5104793803542,3.));
#7350=CARTESIAN_POINT('Origin',(61.9999994005974,-4.51047938035422,0.));
#7351=CARTESIAN_POINT('',(62.0145181509952,-6.01040911400407,0.));
#7352=CARTESIAN_POINT('',(62.0145181495533,-3.01054964669042,0.));
#7353=CARTESIAN_POINT('Origin',(61.9999994005974,-4.51047938035422,0.));
#7354=CARTESIAN_POINT('',(62.0145181495533,-3.01054964669042,3.));
#7355=CARTESIAN_POINT('',(62.0145181495533,-3.01054964669042,0.));
#7356=CARTESIAN_POINT('',(62.0145181509952,-6.01040911400407,3.));
#7357=CARTESIAN_POINT('Origin',(61.9999994005974,-4.51047938035422,3.));
#7358=CARTESIAN_POINT('',(62.0145181509952,-6.01040911400407,0.));
#7359=CARTESIAN_POINT('Origin',(69.9854846978954,-6.01040911400407,0.));
#7360=CARTESIAN_POINT('',(69.9854846978954,-6.01040911400407,0.));
#7361=CARTESIAN_POINT('',(61.9854806501997,-6.01040911400407,0.));
#7362=CARTESIAN_POINT('',(69.9854846978954,-6.01040911400407,3.));
#7363=CARTESIAN_POINT('',(61.9854806501997,-6.01040911400407,3.));
#7364=CARTESIAN_POINT('',(69.9854846978954,-6.01040911400407,0.));
#7365=CARTESIAN_POINT('Origin',(70.0041933210058,-4.51047935511006,0.));
#7366=CARTESIAN_POINT('',(69.9854806516416,-3.01054964669042,0.));
#7367=CARTESIAN_POINT('Origin',(70.0041933210058,-4.51047935511006,0.));
#7368=CARTESIAN_POINT('',(69.9854806516416,-3.01054964669042,3.));
#7369=CARTESIAN_POINT('Origin',(70.0041933210058,-4.51047935511006,3.));
#7370=CARTESIAN_POINT('',(69.9854806516416,-3.01054964669042,0.));
#7371=CARTESIAN_POINT('Origin',(62.0145181495533,-3.01054964669042,0.));
#7372=CARTESIAN_POINT('',(69.9854806516416,-3.01054964669042,0.));
#7373=CARTESIAN_POINT('',(69.9854806516416,-3.01054964669042,3.));
#7374=CARTESIAN_POINT('Origin',(67.4854834527121,-11.0105496466904,0.));
#7375=CARTESIAN_POINT('',(67.4854834527121,-11.0105496466904,0.));
#7376=CARTESIAN_POINT('',(59.5145134776486,-11.0105496466904,0.));
#7377=CARTESIAN_POINT('',(59.4854834527121,-11.0105496466904,0.));
#7378=CARTESIAN_POINT('',(59.5145134776486,-11.0105496466904,3.));
#7379=CARTESIAN_POINT('',(59.5145134776486,-11.0105496466904,0.));
#7380=CARTESIAN_POINT('',(67.4854834527121,-11.0105496466904,3.));
#7381=CARTESIAN_POINT('',(59.4854834527121,-11.0105496466904,3.));
#7382=CARTESIAN_POINT('',(67.4854834527121,-11.0105496466904,0.));
#7383=CARTESIAN_POINT('Origin',(67.4854834527121,-9.51061987686349,0.));
#7384=CARTESIAN_POINT('',(67.4854834527121,-8.01069010703657,0.));
#7385=CARTESIAN_POINT('Origin',(67.4854834527121,-9.51061987686349,0.));
#7386=CARTESIAN_POINT('',(67.4854834527121,-8.01069010703657,3.));
#7387=CARTESIAN_POINT('Origin',(67.4854834527121,-9.51061987686349,3.));
#7388=CARTESIAN_POINT('',(67.4854834527121,-8.01069010703657,0.));
#7389=CARTESIAN_POINT('Origin',(59.5145134776486,-8.01069010703657,0.));
#7390=CARTESIAN_POINT('',(59.5145134776486,-8.01069010703657,0.));
#7391=CARTESIAN_POINT('',(67.4854834527121,-8.01069010703657,0.));
#7392=CARTESIAN_POINT('',(59.5145134776486,-8.01069010703657,3.));
#7393=CARTESIAN_POINT('',(67.4854834527121,-8.01069010703657,3.));
#7394=CARTESIAN_POINT('',(59.5145134776486,-8.01069010703657,0.));
#7395=CARTESIAN_POINT('Origin',(59.4999984651804,-9.51061987686349,0.));
#7396=CARTESIAN_POINT('Origin',(59.4999984651804,-9.51061987686349,0.));
#7397=CARTESIAN_POINT('Origin',(59.4999984651804,-9.51061987686349,3.));
#7398=CARTESIAN_POINT('Origin',(29.4999994005974,-4.51047938035422,0.));
#7399=CARTESIAN_POINT('',(29.5145181509952,-6.01040911400407,0.));
#7400=CARTESIAN_POINT('',(29.5145181495533,-3.01054964669042,0.));
#7401=CARTESIAN_POINT('Origin',(29.4999994005974,-4.51047938035422,0.));
#7402=CARTESIAN_POINT('',(29.5145181495533,-3.01054964669042,3.));
#7403=CARTESIAN_POINT('',(29.5145181495533,-3.01054964669042,0.));
#7404=CARTESIAN_POINT('',(29.5145181509952,-6.01040911400407,3.));
#7405=CARTESIAN_POINT('Origin',(29.4999994005974,-4.51047938035422,3.));
#7406=CARTESIAN_POINT('',(29.5145181509952,-6.01040911400407,0.));
#7407=CARTESIAN_POINT('Origin',(37.4854846978954,-6.01040911400407,0.));
#7408=CARTESIAN_POINT('',(37.4854846978954,-6.01040911400407,0.));
#7409=CARTESIAN_POINT('',(29.4854806501997,-6.01040911400407,0.));
#7410=CARTESIAN_POINT('',(37.4854846978954,-6.01040911400407,3.));
#7411=CARTESIAN_POINT('',(29.4854806501997,-6.01040911400407,3.));
#7412=CARTESIAN_POINT('',(37.4854846978954,-6.01040911400407,0.));
#7413=CARTESIAN_POINT('Origin',(37.5041933210058,-4.51047935511006,0.));
#7414=CARTESIAN_POINT('',(37.4854806516416,-3.01054964669042,0.));
#7415=CARTESIAN_POINT('Origin',(37.5041933210058,-4.51047935511006,0.));
#7416=CARTESIAN_POINT('',(37.4854806516416,-3.01054964669042,3.));
#7417=CARTESIAN_POINT('Origin',(37.5041933210058,-4.51047935511006,3.));
#7418=CARTESIAN_POINT('',(37.4854806516416,-3.01054964669042,0.));
#7419=CARTESIAN_POINT('Origin',(29.5145181495533,-3.01054964669042,0.));
#7420=CARTESIAN_POINT('',(37.4854806516416,-3.01054964669042,0.));
#7421=CARTESIAN_POINT('',(37.4854806516416,-3.01054964669042,3.));
#7422=CARTESIAN_POINT('Origin',(-51.7500005994026,-4.51047938035422,0.));
#7423=CARTESIAN_POINT('',(-51.7354818490048,-6.01040911400407,0.));
#7424=CARTESIAN_POINT('',(-51.7354818504467,-3.01054964669042,0.));
#7425=CARTESIAN_POINT('Origin',(-51.7500005994026,-4.51047938035422,0.));
#7426=CARTESIAN_POINT('',(-51.7354818504467,-3.01054964669042,3.));
#7427=CARTESIAN_POINT('',(-51.7354818504467,-3.01054964669042,0.));
#7428=CARTESIAN_POINT('',(-51.7354818490048,-6.01040911400407,3.));
#7429=CARTESIAN_POINT('Origin',(-51.7500005994026,-4.51047938035422,3.));
#7430=CARTESIAN_POINT('',(-51.7354818490048,-6.01040911400407,0.));
#7431=CARTESIAN_POINT('Origin',(-43.7645153021046,-6.01040911400407,0.));
#7432=CARTESIAN_POINT('',(-43.7645153021046,-6.01040911400407,0.));
#7433=CARTESIAN_POINT('',(-51.7645193498003,-6.01040911400407,0.));
#7434=CARTESIAN_POINT('',(-43.7645153021046,-6.01040911400407,3.));
#7435=CARTESIAN_POINT('',(-51.7645193498003,-6.01040911400407,3.));
#7436=CARTESIAN_POINT('',(-43.7645153021046,-6.01040911400407,0.));
#7437=CARTESIAN_POINT('Origin',(-43.7458066789942,-4.51047935511006,0.));
#7438=CARTESIAN_POINT('',(-43.7645193483584,-3.01054964669042,0.));
#7439=CARTESIAN_POINT('Origin',(-43.7458066789942,-4.51047935511006,0.));
#7440=CARTESIAN_POINT('',(-43.7645193483584,-3.01054964669042,3.));
#7441=CARTESIAN_POINT('Origin',(-43.7458066789942,-4.51047935511006,3.));
#7442=CARTESIAN_POINT('',(-43.7645193483584,-3.01054964669042,0.));
#7443=CARTESIAN_POINT('Origin',(-51.7354818504467,-3.01054964669042,0.));
#7444=CARTESIAN_POINT('',(-43.7645193483584,-3.01054964669042,0.));
#7445=CARTESIAN_POINT('',(-43.7645193483584,-3.01054964669042,3.));
#7446=CARTESIAN_POINT('Origin',(51.2354834527121,-11.0105496466904,0.));
#7447=CARTESIAN_POINT('',(51.2354834527121,-11.0105496466904,0.));
#7448=CARTESIAN_POINT('',(43.2645134776486,-11.0105496466904,0.));
#7449=CARTESIAN_POINT('',(43.2354834527121,-11.0105496466904,0.));
#7450=CARTESIAN_POINT('',(43.2645134776486,-11.0105496466904,3.));
#7451=CARTESIAN_POINT('',(43.2645134776486,-11.0105496466904,0.));
#7452=CARTESIAN_POINT('',(51.2354834527121,-11.0105496466904,3.));
#7453=CARTESIAN_POINT('',(43.2354834527121,-11.0105496466904,3.));
#7454=CARTESIAN_POINT('',(51.2354834527121,-11.0105496466904,0.));
#7455=CARTESIAN_POINT('Origin',(51.2354834527121,-9.51061987686349,0.));
#7456=CARTESIAN_POINT('',(51.2354834527121,-8.01069010703657,0.));
#7457=CARTESIAN_POINT('Origin',(51.2354834527121,-9.51061987686349,0.));
#7458=CARTESIAN_POINT('',(51.2354834527121,-8.01069010703657,3.));
#7459=CARTESIAN_POINT('Origin',(51.2354834527121,-9.51061987686349,3.));
#7460=CARTESIAN_POINT('',(51.2354834527121,-8.01069010703657,0.));
#7461=CARTESIAN_POINT('Origin',(43.2645134776486,-8.01069010703657,0.));
#7462=CARTESIAN_POINT('',(43.2645134776486,-8.01069010703657,0.));
#7463=CARTESIAN_POINT('',(51.2354834527121,-8.01069010703657,0.));
#7464=CARTESIAN_POINT('',(43.2645134776486,-8.01069010703657,3.));
#7465=CARTESIAN_POINT('',(51.2354834527121,-8.01069010703657,3.));
#7466=CARTESIAN_POINT('',(43.2645134776486,-8.01069010703657,0.));
#7467=CARTESIAN_POINT('Origin',(43.2499984651804,-9.51061987686349,0.));
#7468=CARTESIAN_POINT('Origin',(43.2499984651804,-9.51061987686349,0.));
#7469=CARTESIAN_POINT('Origin',(43.2499984651804,-9.51061987686349,3.));
#7470=CARTESIAN_POINT('Origin',(18.7354834527146,-1.01097272391035,0.));
#7471=CARTESIAN_POINT('',(18.7354834527146,-1.01097272391035,0.));
#7472=CARTESIAN_POINT('',(10.763756996364,-1.01097272391035,0.));
#7473=CARTESIAN_POINT('',(10.7347176976722,-1.01097272391035,0.));
#7474=CARTESIAN_POINT('',(10.763756996364,-1.01097272391035,3.));
#7475=CARTESIAN_POINT('',(10.763756996364,-1.01097272391035,0.));
#7476=CARTESIAN_POINT('',(18.7354834527146,-1.01097272391035,3.));
#7477=CARTESIAN_POINT('',(10.7347176976722,-1.01097272391035,3.));
#7478=CARTESIAN_POINT('',(18.7354834527146,-1.01097272391035,0.));
#7479=CARTESIAN_POINT('Origin',(18.7356302819307,0.739203699613077,0.));
#7480=CARTESIAN_POINT('',(18.7354834527108,2.48938012313651,0.));
#7481=CARTESIAN_POINT('Origin',(18.7356302819307,0.739203699613077,0.));
#7482=CARTESIAN_POINT('',(18.7354834527108,2.48938012313651,3.));
#7483=CARTESIAN_POINT('Origin',(18.7356302819307,0.739203699613077,3.));
#7484=CARTESIAN_POINT('',(18.7354834527108,2.48938012313651,0.));
#7485=CARTESIAN_POINT('Origin',(10.7610265026356,2.48938012313651,0.));
#7486=CARTESIAN_POINT('',(10.7610265026356,2.48938012313651,0.));
#7487=CARTESIAN_POINT('',(18.7354834527108,2.48938012313651,0.));
#7488=CARTESIAN_POINT('',(10.7610265026356,2.48938012313651,3.));
#7489=CARTESIAN_POINT('',(18.7354834527108,2.48938012313651,3.));
#7490=CARTESIAN_POINT('',(10.7610265026356,2.48938012313651,0.));
#7491=CARTESIAN_POINT('Origin',(10.7492373470181,0.739193438357984,0.));
#7492=CARTESIAN_POINT('Origin',(10.7492373470181,0.739193438357984,0.));
#7493=CARTESIAN_POINT('Origin',(10.7492373470181,0.739193438357984,3.));
#7494=CARTESIAN_POINT('Origin',(99.9854834527146,-1.01097272391035,0.));
#7495=CARTESIAN_POINT('',(99.9854834527146,-1.01097272391035,0.));
#7496=CARTESIAN_POINT('',(92.013756996364,-1.01097272391035,0.));
#7497=CARTESIAN_POINT('',(91.9847176976722,-1.01097272391035,0.));
#7498=CARTESIAN_POINT('',(92.013756996364,-1.01097272391035,3.));
#7499=CARTESIAN_POINT('',(92.013756996364,-1.01097272391035,0.));
#7500=CARTESIAN_POINT('',(99.9854834527146,-1.01097272391035,3.));
#7501=CARTESIAN_POINT('',(91.9847176976722,-1.01097272391035,3.));
#7502=CARTESIAN_POINT('',(99.9854834527146,-1.01097272391035,0.));
#7503=CARTESIAN_POINT('Origin',(99.9856302819307,0.739203699613077,0.));
#7504=CARTESIAN_POINT('',(99.9854834527108,2.48938012313651,0.));
#7505=CARTESIAN_POINT('Origin',(99.9856302819307,0.739203699613077,0.));
#7506=CARTESIAN_POINT('',(99.9854834527108,2.48938012313651,3.));
#7507=CARTESIAN_POINT('Origin',(99.9856302819307,0.739203699613077,3.));
#7508=CARTESIAN_POINT('',(99.9854834527108,2.48938012313651,0.));
#7509=CARTESIAN_POINT('Origin',(92.0110265026356,2.48938012313651,0.));
#7510=CARTESIAN_POINT('',(92.0110265026356,2.48938012313651,0.));
#7511=CARTESIAN_POINT('',(99.9854834527108,2.48938012313651,0.));
#7512=CARTESIAN_POINT('',(92.0110265026356,2.48938012313651,3.));
#7513=CARTESIAN_POINT('',(99.9854834527108,2.48938012313651,3.));
#7514=CARTESIAN_POINT('',(92.0110265026356,2.48938012313651,0.));
#7515=CARTESIAN_POINT('Origin',(91.9992373470181,0.739193438357984,0.));
#7516=CARTESIAN_POINT('Origin',(91.9992373470181,0.739193438357984,0.));
#7517=CARTESIAN_POINT('Origin',(91.9992373470181,0.739193438357984,3.));
#7518=CARTESIAN_POINT('Origin',(69.9854846978954,-16.0104091140041,0.));
#7519=CARTESIAN_POINT('',(69.9854846978954,-16.0104091140041,0.));
#7520=CARTESIAN_POINT('',(62.0145181509952,-16.0104091140041,0.));
#7521=CARTESIAN_POINT('',(61.9854806501997,-16.0104091140041,0.));
#7522=CARTESIAN_POINT('',(62.0145181509952,-16.0104091140041,3.));
#7523=CARTESIAN_POINT('',(62.0145181509952,-16.0104091140041,0.));
#7524=CARTESIAN_POINT('',(69.9854846978954,-16.0104091140041,3.));
#7525=CARTESIAN_POINT('',(61.9854806501997,-16.0104091140041,3.));
#7526=CARTESIAN_POINT('',(69.9854846978954,-16.0104091140041,0.));
#7527=CARTESIAN_POINT('Origin',(70.0041933210058,-14.5104793551101,0.));
#7528=CARTESIAN_POINT('',(69.9854806516416,-13.0105496466904,0.));
#7529=CARTESIAN_POINT('Origin',(70.0041933210058,-14.5104793551101,0.));
#7530=CARTESIAN_POINT('',(69.9854806516416,-13.0105496466904,3.));
#7531=CARTESIAN_POINT('Origin',(70.0041933210058,-14.5104793551101,3.));
#7532=CARTESIAN_POINT('',(69.9854806516416,-13.0105496466904,0.));
#7533=CARTESIAN_POINT('Origin',(62.0145181495533,-13.0105496466904,0.));
#7534=CARTESIAN_POINT('',(62.0145181495533,-13.0105496466904,0.));
#7535=CARTESIAN_POINT('',(69.9854806516416,-13.0105496466904,0.));
#7536=CARTESIAN_POINT('',(62.0145181495533,-13.0105496466904,3.));
#7537=CARTESIAN_POINT('',(69.9854806516416,-13.0105496466904,3.));
#7538=CARTESIAN_POINT('',(62.0145181495533,-13.0105496466904,0.));
#7539=CARTESIAN_POINT('Origin',(61.9999994005974,-14.5104793803542,0.));
#7540=CARTESIAN_POINT('Origin',(61.9999994005974,-14.5104793803542,0.));
#7541=CARTESIAN_POINT('Origin',(61.9999994005974,-14.5104793803542,3.));
#7542=CARTESIAN_POINT('Origin',(78.2499994005974,-4.51047938035422,0.));
#7543=CARTESIAN_POINT('',(78.2645181509952,-6.01040911400407,0.));
#7544=CARTESIAN_POINT('',(78.2645181495533,-3.01054964669042,0.));
#7545=CARTESIAN_POINT('Origin',(78.2499994005974,-4.51047938035422,0.));
#7546=CARTESIAN_POINT('',(78.2645181495533,-3.01054964669042,3.));
#7547=CARTESIAN_POINT('',(78.2645181495533,-3.01054964669042,0.));
#7548=CARTESIAN_POINT('',(78.2645181509952,-6.01040911400407,3.));
#7549=CARTESIAN_POINT('Origin',(78.2499994005974,-4.51047938035422,3.));
#7550=CARTESIAN_POINT('',(78.2645181509952,-6.01040911400407,0.));
#7551=CARTESIAN_POINT('Origin',(86.2354846978954,-6.01040911400407,0.));
#7552=CARTESIAN_POINT('',(86.2354846978954,-6.01040911400407,0.));
#7553=CARTESIAN_POINT('',(78.2354806501997,-6.01040911400407,0.));
#7554=CARTESIAN_POINT('',(86.2354846978954,-6.01040911400407,3.));
#7555=CARTESIAN_POINT('',(78.2354806501997,-6.01040911400407,3.));
#7556=CARTESIAN_POINT('',(86.2354846978954,-6.01040911400407,0.));
#7557=CARTESIAN_POINT('Origin',(86.2541933210058,-4.51047935511006,0.));
#7558=CARTESIAN_POINT('',(86.2354806516416,-3.01054964669042,0.));
#7559=CARTESIAN_POINT('Origin',(86.2541933210058,-4.51047935511006,0.));
#7560=CARTESIAN_POINT('',(86.2354806516416,-3.01054964669042,3.));
#7561=CARTESIAN_POINT('Origin',(86.2541933210058,-4.51047935511006,3.));
#7562=CARTESIAN_POINT('',(86.2354806516416,-3.01054964669042,0.));
#7563=CARTESIAN_POINT('Origin',(78.2645181495533,-3.01054964669042,0.));
#7564=CARTESIAN_POINT('',(86.2354806516416,-3.01054964669042,0.));
#7565=CARTESIAN_POINT('',(86.2354806516416,-3.01054964669042,3.));
#7566=CARTESIAN_POINT('Origin',(-11.2645153021046,-16.0104091140041,0.));
#7567=CARTESIAN_POINT('',(-11.2645153021046,-16.0104091140041,0.));
#7568=CARTESIAN_POINT('',(-19.2354818490048,-16.0104091140041,0.));
#7569=CARTESIAN_POINT('',(-19.2645193498003,-16.0104091140041,0.));
#7570=CARTESIAN_POINT('',(-19.2354818490048,-16.0104091140041,3.));
#7571=CARTESIAN_POINT('',(-19.2354818490048,-16.0104091140041,0.));
#7572=CARTESIAN_POINT('',(-11.2645153021046,-16.0104091140041,3.));
#7573=CARTESIAN_POINT('',(-19.2645193498003,-16.0104091140041,3.));
#7574=CARTESIAN_POINT('',(-11.2645153021046,-16.0104091140041,0.));
#7575=CARTESIAN_POINT('Origin',(-11.2458066789942,-14.5104793551101,0.));
#7576=CARTESIAN_POINT('',(-11.2645193483584,-13.0105496466904,0.));
#7577=CARTESIAN_POINT('Origin',(-11.2458066789942,-14.5104793551101,0.));
#7578=CARTESIAN_POINT('',(-11.2645193483584,-13.0105496466904,3.));
#7579=CARTESIAN_POINT('Origin',(-11.2458066789942,-14.5104793551101,3.));
#7580=CARTESIAN_POINT('',(-11.2645193483584,-13.0105496466904,0.));
#7581=CARTESIAN_POINT('Origin',(-19.2354818504467,-13.0105496466904,0.));
#7582=CARTESIAN_POINT('',(-19.2354818504467,-13.0105496466904,0.));
#7583=CARTESIAN_POINT('',(-11.2645193483584,-13.0105496466904,0.));
#7584=CARTESIAN_POINT('',(-19.2354818504467,-13.0105496466904,3.));
#7585=CARTESIAN_POINT('',(-11.2645193483584,-13.0105496466904,3.));
#7586=CARTESIAN_POINT('',(-19.2354818504467,-13.0105496466904,0.));
#7587=CARTESIAN_POINT('Origin',(-19.2500005994026,-14.5104793803542,0.));
#7588=CARTESIAN_POINT('Origin',(-19.2500005994026,-14.5104793803542,0.));
#7589=CARTESIAN_POINT('Origin',(-19.2500005994026,-14.5104793803542,3.));
#7590=CARTESIAN_POINT('Origin',(-127.5,22.225,0.));
#7591=CARTESIAN_POINT('',(-127.5,-22.225,0.));
#7592=CARTESIAN_POINT('',(-127.5,22.225,0.));
#7593=CARTESIAN_POINT('',(-127.5,-22.225,0.));
#7594=CARTESIAN_POINT('',(-127.5,-22.225,3.));
#7595=CARTESIAN_POINT('',(-127.5,-22.225,0.));
#7596=CARTESIAN_POINT('',(-127.5,22.225,3.));
#7597=CARTESIAN_POINT('',(-127.5,-22.225,3.));
#7598=CARTESIAN_POINT('',(-127.5,22.225,0.));
#7599=CARTESIAN_POINT('Origin',(127.5,22.225,0.));
#7600=CARTESIAN_POINT('',(127.5,22.225,0.));
#7601=CARTESIAN_POINT('',(-127.5,22.225,0.));
#7602=CARTESIAN_POINT('',(127.5,22.225,3.));
#7603=CARTESIAN_POINT('',(-127.5,22.225,3.));
#7604=CARTESIAN_POINT('',(127.5,22.225,0.));
#7605=CARTESIAN_POINT('Origin',(127.5,-22.225,0.));
#7606=CARTESIAN_POINT('',(127.5,-22.225,0.));
#7607=CARTESIAN_POINT('',(127.5,22.225,0.));
#7608=CARTESIAN_POINT('',(127.5,-22.225,3.));
#7609=CARTESIAN_POINT('',(127.5,22.225,3.));
#7610=CARTESIAN_POINT('',(127.5,-22.225,0.));
#7611=CARTESIAN_POINT('Origin',(-127.5,-22.225,0.));
#7612=CARTESIAN_POINT('',(127.5,-22.225,0.));
#7613=CARTESIAN_POINT('',(127.5,-22.225,3.));
#7614=CARTESIAN_POINT('Origin',(0.,0.,3.));
#7615=CARTESIAN_POINT('Origin',(0.,0.,0.));
#7616=UNCERTAINTY_MEASURE_WITH_UNIT(LENGTH_MEASURE(0.01),#7620,
'DISTANCE_ACCURACY_VALUE',
'Maximum model space distance between geometric entities at asserted c
onnectivities');
#7617=UNCERTAINTY_MEASURE_WITH_UNIT(LENGTH_MEASURE(0.01),#7620,
'DISTANCE_ACCURACY_VALUE',
'Maximum model space distance between geometric entities at asserted c
onnectivities');
#7618=(
GEOMETRIC_REPRESENTATION_CONTEXT(3)
GLOBAL_UNCERTAINTY_ASSIGNED_CONTEXT((#7616))
GLOBAL_UNIT_ASSIGNED_CONTEXT((#7620,#7622,#7623))
REPRESENTATION_CONTEXT('','3D')
);
#7619=(
GEOMETRIC_REPRESENTATION_CONTEXT(3)
GLOBAL_UNCERTAINTY_ASSIGNED_CONTEXT((#7617))
GLOBAL_UNIT_ASSIGNED_CONTEXT((#7620,#7622,#7623))
REPRESENTATION_CONTEXT('','3D')
);
#7620=(
LENGTH_UNIT()
NAMED_UNIT(*)
SI_UNIT(.MILLI.,.METRE.)
);
#7621=(
LENGTH_UNIT()
NAMED_UNIT(*)
SI_UNIT($,.METRE.)
);
#7622=(
NAMED_UNIT(*)
PLANE_ANGLE_UNIT()
SI_UNIT($,.RADIAN.)
);
#7623=(
NAMED_UNIT(*)
SI_UNIT($,.STERADIAN.)
SOLID_ANGLE_UNIT()
);
#7624=SHAPE_DEFINITION_REPRESENTATION(#7625,#7626);
#7625=PRODUCT_DEFINITION_SHAPE('',$,#7628);
#7626=SHAPE_REPRESENTATION('',(#4580),#7618);
#7627=PRODUCT_DEFINITION_CONTEXT('part definition',#7632,'design');
#7628=PRODUCT_DEFINITION('1U Blank','1U Blank v1',#7629,#7627);
#7629=PRODUCT_DEFINITION_FORMATION('',$,#7634);
#7630=PRODUCT_RELATED_PRODUCT_CATEGORY('1U Blank v1','1U Blank v1',(#7634));
#7631=APPLICATION_PROTOCOL_DEFINITION('international standard',
'automotive_design',2009,#7632);
#7632=APPLICATION_CONTEXT(
'Core Data for Automotive Mechanical Design Process');
#7633=PRODUCT_CONTEXT('part definition',#7632,'mechanical');
#7634=PRODUCT('1U Blank','1U Blank v1',$,(#7633));
#7635=PRESENTATION_STYLE_ASSIGNMENT((#7636));
#7636=SURFACE_STYLE_USAGE(.BOTH.,#7637);
#7637=SURFACE_SIDE_STYLE('',(#7638));
#7638=SURFACE_STYLE_FILL_AREA(#7639);
#7639=FILL_AREA_STYLE('Steel - Satin',(#7640));
#7640=FILL_AREA_STYLE_COLOUR('Steel - Satin',#7641);
#7641=COLOUR_RGB('Steel - Satin',0.627450980392157,0.627450980392157,0.627450980392157);
ENDSEC;
END-ISO-10303-21;
