ISO-10303-21;
HEADER;
/* Generated by software containing ST-Developer
 * from STEP Tools, Inc. (www.steptools.com) 
 */

FILE_DESCRIPTION(
/* description */ (''),
/* implementation_level */ '2;1');

FILE_NAME(
/* name */ '2 Raspberry Pi holders + Oled.step',
/* time_stamp */ '2026-08-30T16:49:11+05:30',
/* author */ (''),
/* organization */ (''),
/* preprocessor_version */ 'ST-DEVELOPER v20.1',
/* originating_system */ 'Autodesk Translation Framework v15.8.0.0',
/* authorisation */ '');

FILE_SCHEMA (('AUTOMOTIVE_DESIGN { 1 0 10303 214 3 1 1 }'));
ENDSEC;

DATA;
#10=MECHANICAL_DESIGN_GEOMETRIC_PRESENTATION_REPRESENTATION('',(#13),#3808);
#11=SHAPE_REPRESENTATION_RELATIONSHIP('SRR','None',#3814,#12);
#12=ADVANCED_BREP_SHAPE_REPRESENTATION('',(#14),#3807);
#13=STYLED_ITEM('',(#3823),#14);
#14=MANIFOLD_SOLID_BREP('no filet (1)',#2349);
#15=FACE_BOUND('',#285,.T.);
#16=FACE_BOUND('',#289,.T.);
#17=FACE_BOUND('',#291,.T.);
#18=FACE_BOUND('',#296,.T.);
#19=FACE_BOUND('',#342,.T.);
#20=FACE_BOUND('',#343,.T.);
#21=FACE_BOUND('',#344,.T.);
#22=FACE_BOUND('',#345,.T.);
#23=FACE_BOUND('',#346,.T.);
#24=FACE_BOUND('',#347,.T.);
#25=FACE_BOUND('',#351,.T.);
#26=FACE_BOUND('',#353,.T.);
#27=FACE_BOUND('',#369,.T.);
#28=FACE_BOUND('',#391,.T.);
#29=FACE_BOUND('',#392,.T.);
#30=FACE_BOUND('',#393,.T.);
#31=FACE_BOUND('',#394,.T.);
#32=FACE_BOUND('',#410,.T.);
#33=FACE_BOUND('',#411,.T.);
#34=FACE_BOUND('',#412,.T.);
#35=FACE_BOUND('',#413,.T.);
#36=FACE_BOUND('',#414,.T.);
#37=FACE_BOUND('',#415,.T.);
#38=FACE_BOUND('',#416,.T.);
#39=FACE_BOUND('',#417,.T.);
#40=FACE_BOUND('',#418,.T.);
#41=FACE_BOUND('',#419,.T.);
#42=FACE_BOUND('',#420,.T.);
#43=FACE_BOUND('',#421,.T.);
#44=FACE_BOUND('',#422,.T.);
#45=FACE_BOUND('',#423,.T.);
#46=FACE_BOUND('',#425,.T.);
#47=FACE_BOUND('',#426,.T.);
#48=FACE_BOUND('',#427,.T.);
#49=FACE_BOUND('',#428,.T.);
#50=FACE_BOUND('',#429,.T.);
#51=FACE_BOUND('',#430,.T.);
#52=FACE_BOUND('',#431,.T.);
#53=FACE_BOUND('',#432,.T.);
#54=FACE_BOUND('',#433,.T.);
#55=PLANE('',#2368);
#56=PLANE('',#2380);
#57=PLANE('',#2381);
#58=PLANE('',#2382);
#59=PLANE('',#2383);
#60=PLANE('',#2384);
#61=PLANE('',#2385);
#62=PLANE('',#2386);
#63=PLANE('',#2387);
#64=PLANE('',#2388);
#65=PLANE('',#2389);
#66=PLANE('',#2390);
#67=PLANE('',#2391);
#68=PLANE('',#2392);
#69=PLANE('',#2393);
#70=PLANE('',#2394);
#71=PLANE('',#2395);
#72=PLANE('',#2396);
#73=PLANE('',#2397);
#74=PLANE('',#2398);
#75=PLANE('',#2399);
#76=PLANE('',#2400);
#77=PLANE('',#2401);
#78=PLANE('',#2402);
#79=PLANE('',#2424);
#80=PLANE('',#2428);
#81=PLANE('',#2432);
#82=PLANE('',#2436);
#83=PLANE('',#2437);
#84=PLANE('',#2438);
#85=PLANE('',#2439);
#86=PLANE('',#2440);
#87=PLANE('',#2441);
#88=PLANE('',#2442);
#89=PLANE('',#2443);
#90=PLANE('',#2444);
#91=PLANE('',#2445);
#92=PLANE('',#2446);
#93=PLANE('',#2447);
#94=PLANE('',#2448);
#95=PLANE('',#2449);
#96=PLANE('',#2450);
#97=PLANE('',#2451);
#98=PLANE('',#2452);
#99=PLANE('',#2453);
#100=PLANE('',#2454);
#101=PLANE('',#2456);
#102=PLANE('',#2457);
#103=PLANE('',#2458);
#104=PLANE('',#2459);
#105=PLANE('',#2460);
#106=PLANE('',#2461);
#107=PLANE('',#2462);
#108=PLANE('',#2463);
#109=PLANE('',#2464);
#110=PLANE('',#2465);
#111=PLANE('',#2466);
#112=PLANE('',#2467);
#113=PLANE('',#2468);
#114=PLANE('',#2469);
#115=PLANE('',#2470);
#116=PLANE('',#2471);
#117=PLANE('',#2472);
#118=PLANE('',#2473);
#119=PLANE('',#2474);
#120=PLANE('',#2475);
#121=PLANE('',#2476);
#122=PLANE('',#2477);
#123=PLANE('',#2478);
#124=PLANE('',#2479);
#125=PLANE('',#2480);
#126=PLANE('',#2481);
#127=PLANE('',#2482);
#128=PLANE('',#2483);
#129=PLANE('',#2484);
#130=PLANE('',#2485);
#131=PLANE('',#2486);
#132=PLANE('',#2487);
#133=PLANE('',#2488);
#134=PLANE('',#2489);
#135=PLANE('',#2490);
#136=PLANE('',#2491);
#137=PLANE('',#2492);
#138=PLANE('',#2493);
#139=PLANE('',#2494);
#140=PLANE('',#2495);
#141=PLANE('',#2498);
#142=PLANE('',#2499);
#143=PLANE('',#2500);
#144=PLANE('',#2501);
#145=PLANE('',#2502);
#146=PLANE('',#2503);
#147=PLANE('',#2504);
#148=PLANE('',#2505);
#149=PLANE('',#2506);
#150=PLANE('',#2507);
#151=PLANE('',#2508);
#152=PLANE('',#2509);
#153=B_SPLINE_CURVE_WITH_KNOTS('',3,(#3134,#3135,#3136,#3137),
 .UNSPECIFIED.,.F.,.F.,(4,4),(6.69226348953109,6.74966512485442),
 .UNSPECIFIED.);
#154=B_SPLINE_CURVE_WITH_KNOTS('',3,(#3145,#3146,#3147,#3148,#3149,#3150,
#3151,#3152,#3153,#3154,#3155),.UNSPECIFIED.,.F.,.F.,(4,2,3,2,4),(-0.28929732933398,
-0.280874695370964,0.,0.280874695370964,0.405218776199751),
 .UNSPECIFIED.);
#155=B_SPLINE_CURVE_WITH_KNOTS('',3,(#3187,#3188,#3189,#3190,#3191,#3192,
#3193,#3194,#3195,#3196,#3197,#3198,#3199,#3200,#3201,#3202,#3203,#3204),
 .UNSPECIFIED.,.F.,.F.,(4,2,2,2,2,2,2,2,4),(-0.21868842181155,-0.211672957425797,
-0.205166383147113,-0.147221456528464,-0.105836478713043,-0.0644515008976124,
-0.00650657427881207,0.,0.00701546438594343),.UNSPECIFIED.);
#156=B_SPLINE_CURVE_WITH_KNOTS('',3,(#3756,#3757,#3758,#3759,#3760,#3761),
 .UNSPECIFIED.,.F.,.F.,(4,2,4),(-0.289834721907912,-0.28087820450124,0.),
 .UNSPECIFIED.);
#157=B_SPLINE_CURVE_WITH_KNOTS('',3,(#3763,#3764,#3765,#3766,#3767,#3768),
 .UNSPECIFIED.,.F.,.F.,(4,2,4),(0.,0.280878204501241,0.405224042206392),
 .UNSPECIFIED.);
#158=B_SPLINE_CURVE_WITH_KNOTS('',3,(#3769,#3770,#3771,#3772),
 .UNSPECIFIED.,.F.,.F.,(4,4),(6.69104870404245,6.74825071088379),
 .UNSPECIFIED.);
#159=TOROIDAL_SURFACE('',#2363,8.65556264653804,7.);
#160=TOROIDAL_SURFACE('',#2374,8.65556264653804,7.);
#161=TOROIDAL_SURFACE('',#2377,8.65559070164419,7.);
#162=TOROIDAL_SURFACE('',#2496,8.6555906186375,7.);
#163=FACE_OUTER_BOUND('',#279,.T.);
#164=FACE_OUTER_BOUND('',#280,.T.);
#165=FACE_OUTER_BOUND('',#281,.T.);
#166=FACE_OUTER_BOUND('',#282,.T.);
#167=FACE_OUTER_BOUND('',#283,.T.);
#168=FACE_OUTER_BOUND('',#284,.T.);
#169=FACE_OUTER_BOUND('',#286,.T.);
#170=FACE_OUTER_BOUND('',#287,.T.);
#171=FACE_OUTER_BOUND('',#288,.T.);
#172=FACE_OUTER_BOUND('',#290,.T.);
#173=FACE_OUTER_BOUND('',#292,.T.);
#174=FACE_OUTER_BOUND('',#293,.T.);
#175=FACE_OUTER_BOUND('',#294,.T.);
#176=FACE_OUTER_BOUND('',#295,.T.);
#177=FACE_OUTER_BOUND('',#297,.T.);
#178=FACE_OUTER_BOUND('',#298,.T.);
#179=FACE_OUTER_BOUND('',#299,.T.);
#180=FACE_OUTER_BOUND('',#300,.T.);
#181=FACE_OUTER_BOUND('',#301,.T.);
#182=FACE_OUTER_BOUND('',#302,.T.);
#183=FACE_OUTER_BOUND('',#303,.T.);
#184=FACE_OUTER_BOUND('',#304,.T.);
#185=FACE_OUTER_BOUND('',#305,.T.);
#186=FACE_OUTER_BOUND('',#306,.T.);
#187=FACE_OUTER_BOUND('',#307,.T.);
#188=FACE_OUTER_BOUND('',#308,.T.);
#189=FACE_OUTER_BOUND('',#309,.T.);
#190=FACE_OUTER_BOUND('',#310,.T.);
#191=FACE_OUTER_BOUND('',#311,.T.);
#192=FACE_OUTER_BOUND('',#312,.T.);
#193=FACE_OUTER_BOUND('',#313,.T.);
#194=FACE_OUTER_BOUND('',#314,.T.);
#195=FACE_OUTER_BOUND('',#315,.T.);
#196=FACE_OUTER_BOUND('',#316,.T.);
#197=FACE_OUTER_BOUND('',#317,.T.);
#198=FACE_OUTER_BOUND('',#318,.T.);
#199=FACE_OUTER_BOUND('',#319,.T.);
#200=FACE_OUTER_BOUND('',#320,.T.);
#201=FACE_OUTER_BOUND('',#321,.T.);
#202=FACE_OUTER_BOUND('',#322,.T.);
#203=FACE_OUTER_BOUND('',#323,.T.);
#204=FACE_OUTER_BOUND('',#324,.T.);
#205=FACE_OUTER_BOUND('',#325,.T.);
#206=FACE_OUTER_BOUND('',#326,.T.);
#207=FACE_OUTER_BOUND('',#327,.T.);
#208=FACE_OUTER_BOUND('',#328,.T.);
#209=FACE_OUTER_BOUND('',#329,.T.);
#210=FACE_OUTER_BOUND('',#330,.T.);
#211=FACE_OUTER_BOUND('',#331,.T.);
#212=FACE_OUTER_BOUND('',#332,.T.);
#213=FACE_OUTER_BOUND('',#333,.T.);
#214=FACE_OUTER_BOUND('',#334,.T.);
#215=FACE_OUTER_BOUND('',#335,.T.);
#216=FACE_OUTER_BOUND('',#336,.T.);
#217=FACE_OUTER_BOUND('',#337,.T.);
#218=FACE_OUTER_BOUND('',#338,.T.);
#219=FACE_OUTER_BOUND('',#339,.T.);
#220=FACE_OUTER_BOUND('',#340,.T.);
#221=FACE_OUTER_BOUND('',#341,.T.);
#222=FACE_OUTER_BOUND('',#348,.T.);
#223=FACE_OUTER_BOUND('',#349,.T.);
#224=FACE_OUTER_BOUND('',#350,.T.);
#225=FACE_OUTER_BOUND('',#352,.T.);
#226=FACE_OUTER_BOUND('',#354,.T.);
#227=FACE_OUTER_BOUND('',#355,.T.);
#228=FACE_OUTER_BOUND('',#356,.T.);
#229=FACE_OUTER_BOUND('',#357,.T.);
#230=FACE_OUTER_BOUND('',#358,.T.);
#231=FACE_OUTER_BOUND('',#359,.T.);
#232=FACE_OUTER_BOUND('',#360,.T.);
#233=FACE_OUTER_BOUND('',#361,.T.);
#234=FACE_OUTER_BOUND('',#362,.T.);
#235=FACE_OUTER_BOUND('',#363,.T.);
#236=FACE_OUTER_BOUND('',#364,.T.);
#237=FACE_OUTER_BOUND('',#365,.T.);
#238=FACE_OUTER_BOUND('',#366,.T.);
#239=FACE_OUTER_BOUND('',#367,.T.);
#240=FACE_OUTER_BOUND('',#368,.T.);
#241=FACE_OUTER_BOUND('',#370,.T.);
#242=FACE_OUTER_BOUND('',#371,.T.);
#243=FACE_OUTER_BOUND('',#372,.T.);
#244=FACE_OUTER_BOUND('',#373,.T.);
#245=FACE_OUTER_BOUND('',#374,.T.);
#246=FACE_OUTER_BOUND('',#375,.T.);
#247=FACE_OUTER_BOUND('',#376,.T.);
#248=FACE_OUTER_BOUND('',#377,.T.);
#249=FACE_OUTER_BOUND('',#378,.T.);
#250=FACE_OUTER_BOUND('',#379,.T.);
#251=FACE_OUTER_BOUND('',#380,.T.);
#252=FACE_OUTER_BOUND('',#381,.T.);
#253=FACE_OUTER_BOUND('',#382,.T.);
#254=FACE_OUTER_BOUND('',#383,.T.);
#255=FACE_OUTER_BOUND('',#384,.T.);
#256=FACE_OUTER_BOUND('',#385,.T.);
#257=FACE_OUTER_BOUND('',#386,.T.);
#258=FACE_OUTER_BOUND('',#387,.T.);
#259=FACE_OUTER_BOUND('',#388,.T.);
#260=FACE_OUTER_BOUND('',#389,.T.);
#261=FACE_OUTER_BOUND('',#390,.T.);
#262=FACE_OUTER_BOUND('',#395,.T.);
#263=FACE_OUTER_BOUND('',#396,.T.);
#264=FACE_OUTER_BOUND('',#397,.T.);
#265=FACE_OUTER_BOUND('',#398,.T.);
#266=FACE_OUTER_BOUND('',#399,.T.);
#267=FACE_OUTER_BOUND('',#400,.T.);
#268=FACE_OUTER_BOUND('',#401,.T.);
#269=FACE_OUTER_BOUND('',#402,.T.);
#270=FACE_OUTER_BOUND('',#403,.T.);
#271=FACE_OUTER_BOUND('',#404,.T.);
#272=FACE_OUTER_BOUND('',#405,.T.);
#273=FACE_OUTER_BOUND('',#406,.T.);
#274=FACE_OUTER_BOUND('',#407,.T.);
#275=FACE_OUTER_BOUND('',#408,.T.);
#276=FACE_OUTER_BOUND('',#409,.T.);
#277=FACE_OUTER_BOUND('',#424,.T.);
#278=FACE_OUTER_BOUND('',#434,.T.);
#279=EDGE_LOOP('',(#1569,#1570,#1571,#1572));
#280=EDGE_LOOP('',(#1573,#1574,#1575,#1576));
#281=EDGE_LOOP('',(#1577,#1578,#1579,#1580));
#282=EDGE_LOOP('',(#1581,#1582,#1583,#1584));
#283=EDGE_LOOP('',(#1585,#1586,#1587,#1588,#1589,#1590,#1591));
#284=EDGE_LOOP('',(#1592,#1593,#1594,#1595,#1596,#1597,#1598,#1599,#1600,
#1601,#1602,#1603,#1604));
#285=EDGE_LOOP('',(#1605,#1606,#1607,#1608));
#286=EDGE_LOOP('',(#1609,#1610,#1611,#1612,#1613,#1614));
#287=EDGE_LOOP('',(#1615,#1616,#1617,#1618,#1619,#1620));
#288=EDGE_LOOP('',(#1621));
#289=EDGE_LOOP('',(#1622));
#290=EDGE_LOOP('',(#1623));
#291=EDGE_LOOP('',(#1624));
#292=EDGE_LOOP('',(#1625,#1626,#1627,#1628));
#293=EDGE_LOOP('',(#1629,#1630,#1631,#1632));
#294=EDGE_LOOP('',(#1633,#1634,#1635,#1636));
#295=EDGE_LOOP('',(#1637,#1638,#1639,#1640,#1641,#1642,#1643,#1644,#1645,
#1646,#1647,#1648));
#296=EDGE_LOOP('',(#1649,#1650,#1651,#1652));
#297=EDGE_LOOP('',(#1653,#1654,#1655,#1656));
#298=EDGE_LOOP('',(#1657,#1658,#1659,#1660));
#299=EDGE_LOOP('',(#1661,#1662,#1663,#1664));
#300=EDGE_LOOP('',(#1665,#1666,#1667,#1668,#1669,#1670,#1671,#1672));
#301=EDGE_LOOP('',(#1673,#1674,#1675,#1676));
#302=EDGE_LOOP('',(#1677,#1678,#1679,#1680));
#303=EDGE_LOOP('',(#1681,#1682,#1683,#1684));
#304=EDGE_LOOP('',(#1685,#1686,#1687,#1688,#1689,#1690,#1691,#1692));
#305=EDGE_LOOP('',(#1693,#1694,#1695,#1696));
#306=EDGE_LOOP('',(#1697,#1698,#1699,#1700));
#307=EDGE_LOOP('',(#1701,#1702,#1703,#1704));
#308=EDGE_LOOP('',(#1705,#1706,#1707,#1708,#1709,#1710,#1711,#1712));
#309=EDGE_LOOP('',(#1713,#1714,#1715,#1716));
#310=EDGE_LOOP('',(#1717,#1718,#1719,#1720));
#311=EDGE_LOOP('',(#1721,#1722,#1723,#1724));
#312=EDGE_LOOP('',(#1725,#1726,#1727,#1728));
#313=EDGE_LOOP('',(#1729,#1730,#1731,#1732));
#314=EDGE_LOOP('',(#1733,#1734,#1735,#1736));
#315=EDGE_LOOP('',(#1737,#1738,#1739,#1740));
#316=EDGE_LOOP('',(#1741,#1742,#1743,#1744));
#317=EDGE_LOOP('',(#1745,#1746,#1747,#1748));
#318=EDGE_LOOP('',(#1749,#1750,#1751,#1752));
#319=EDGE_LOOP('',(#1753,#1754,#1755,#1756));
#320=EDGE_LOOP('',(#1757,#1758,#1759,#1760));
#321=EDGE_LOOP('',(#1761,#1762,#1763,#1764));
#322=EDGE_LOOP('',(#1765,#1766,#1767,#1768));
#323=EDGE_LOOP('',(#1769,#1770,#1771,#1772));
#324=EDGE_LOOP('',(#1773,#1774,#1775,#1776));
#325=EDGE_LOOP('',(#1777,#1778,#1779,#1780));
#326=EDGE_LOOP('',(#1781,#1782,#1783,#1784));
#327=EDGE_LOOP('',(#1785,#1786,#1787,#1788));
#328=EDGE_LOOP('',(#1789,#1790,#1791,#1792));
#329=EDGE_LOOP('',(#1793,#1794,#1795,#1796));
#330=EDGE_LOOP('',(#1797,#1798,#1799,#1800));
#331=EDGE_LOOP('',(#1801,#1802,#1803,#1804));
#332=EDGE_LOOP('',(#1805,#1806,#1807,#1808));
#333=EDGE_LOOP('',(#1809,#1810,#1811,#1812));
#334=EDGE_LOOP('',(#1813,#1814,#1815,#1816));
#335=EDGE_LOOP('',(#1817,#1818,#1819,#1820));
#336=EDGE_LOOP('',(#1821,#1822,#1823,#1824));
#337=EDGE_LOOP('',(#1825,#1826,#1827,#1828));
#338=EDGE_LOOP('',(#1829,#1830,#1831,#1832));
#339=EDGE_LOOP('',(#1833,#1834,#1835,#1836));
#340=EDGE_LOOP('',(#1837,#1838,#1839,#1840));
#341=EDGE_LOOP('',(#1841,#1842,#1843,#1844,#1845,#1846,#1847,#1848));
#342=EDGE_LOOP('',(#1849,#1850,#1851,#1852));
#343=EDGE_LOOP('',(#1853,#1854,#1855,#1856));
#344=EDGE_LOOP('',(#1857,#1858,#1859,#1860));
#345=EDGE_LOOP('',(#1861,#1862,#1863,#1864));
#346=EDGE_LOOP('',(#1865,#1866,#1867,#1868));
#347=EDGE_LOOP('',(#1869,#1870,#1871,#1872));
#348=EDGE_LOOP('',(#1873,#1874,#1875,#1876,#1877,#1878));
#349=EDGE_LOOP('',(#1879,#1880,#1881,#1882));
#350=EDGE_LOOP('',(#1883));
#351=EDGE_LOOP('',(#1884));
#352=EDGE_LOOP('',(#1885));
#353=EDGE_LOOP('',(#1886));
#354=EDGE_LOOP('',(#1887,#1888,#1889,#1890,#1891));
#355=EDGE_LOOP('',(#1892,#1893,#1894,#1895,#1896,#1897,#1898,#1899));
#356=EDGE_LOOP('',(#1900,#1901,#1902,#1903));
#357=EDGE_LOOP('',(#1904,#1905,#1906,#1907));
#358=EDGE_LOOP('',(#1908,#1909,#1910,#1911));
#359=EDGE_LOOP('',(#1912,#1913,#1914,#1915,#1916,#1917,#1918,#1919));
#360=EDGE_LOOP('',(#1920,#1921,#1922,#1923,#1924,#1925,#1926,#1927));
#361=EDGE_LOOP('',(#1928,#1929,#1930,#1931));
#362=EDGE_LOOP('',(#1932,#1933,#1934,#1935));
#363=EDGE_LOOP('',(#1936,#1937,#1938,#1939));
#364=EDGE_LOOP('',(#1940,#1941,#1942,#1943,#1944,#1945,#1946,#1947));
#365=EDGE_LOOP('',(#1948,#1949,#1950,#1951));
#366=EDGE_LOOP('',(#1952,#1953,#1954,#1955));
#367=EDGE_LOOP('',(#1956,#1957,#1958,#1959));
#368=EDGE_LOOP('',(#1960,#1961,#1962,#1963,#1964,#1965,#1966,#1967,#1968,
#1969,#1970,#1971));
#369=EDGE_LOOP('',(#1972,#1973,#1974,#1975));
#370=EDGE_LOOP('',(#1976,#1977,#1978,#1979));
#371=EDGE_LOOP('',(#1980,#1981,#1982,#1983));
#372=EDGE_LOOP('',(#1984,#1985,#1986,#1987));
#373=EDGE_LOOP('',(#1988,#1989,#1990,#1991));
#374=EDGE_LOOP('',(#1992,#1993,#1994,#1995));
#375=EDGE_LOOP('',(#1996,#1997,#1998,#1999));
#376=EDGE_LOOP('',(#2000,#2001,#2002,#2003));
#377=EDGE_LOOP('',(#2004,#2005,#2006,#2007));
#378=EDGE_LOOP('',(#2008,#2009,#2010,#2011));
#379=EDGE_LOOP('',(#2012,#2013,#2014,#2015));
#380=EDGE_LOOP('',(#2016,#2017,#2018,#2019));
#381=EDGE_LOOP('',(#2020,#2021,#2022,#2023));
#382=EDGE_LOOP('',(#2024,#2025,#2026,#2027));
#383=EDGE_LOOP('',(#2028,#2029,#2030,#2031));
#384=EDGE_LOOP('',(#2032,#2033,#2034,#2035));
#385=EDGE_LOOP('',(#2036,#2037,#2038,#2039));
#386=EDGE_LOOP('',(#2040,#2041,#2042,#2043));
#387=EDGE_LOOP('',(#2044,#2045,#2046,#2047));
#388=EDGE_LOOP('',(#2048,#2049,#2050,#2051));
#389=EDGE_LOOP('',(#2052,#2053,#2054,#2055));
#390=EDGE_LOOP('',(#2056,#2057,#2058,#2059));
#391=EDGE_LOOP('',(#2060));
#392=EDGE_LOOP('',(#2061));
#393=EDGE_LOOP('',(#2062));
#394=EDGE_LOOP('',(#2063));
#395=EDGE_LOOP('',(#2064,#2065,#2066,#2067));
#396=EDGE_LOOP('',(#2068,#2069,#2070,#2071,#2072));
#397=EDGE_LOOP('',(#2073,#2074,#2075,#2076,#2077,#2078));
#398=EDGE_LOOP('',(#2079,#2080,#2081));
#399=EDGE_LOOP('',(#2082,#2083,#2084,#2085,#2086,#2087,#2088));
#400=EDGE_LOOP('',(#2089,#2090,#2091,#2092));
#401=EDGE_LOOP('',(#2093,#2094,#2095,#2096,#2097,#2098));
#402=EDGE_LOOP('',(#2099,#2100,#2101,#2102,#2103));
#403=EDGE_LOOP('',(#2104,#2105,#2106,#2107,#2108));
#404=EDGE_LOOP('',(#2109,#2110,#2111,#2112,#2113));
#405=EDGE_LOOP('',(#2114,#2115,#2116,#2117));
#406=EDGE_LOOP('',(#2118,#2119,#2120,#2121,#2122,#2123,#2124));
#407=EDGE_LOOP('',(#2125,#2126,#2127,#2128,#2129));
#408=EDGE_LOOP('',(#2130,#2131,#2132,#2133));
#409=EDGE_LOOP('',(#2134,#2135,#2136,#2137,#2138,#2139,#2140,#2141));
#410=EDGE_LOOP('',(#2142,#2143,#2144,#2145));
#411=EDGE_LOOP('',(#2146,#2147,#2148,#2149));
#412=EDGE_LOOP('',(#2150,#2151,#2152,#2153));
#413=EDGE_LOOP('',(#2154,#2155,#2156,#2157));
#414=EDGE_LOOP('',(#2158,#2159,#2160,#2161));
#415=EDGE_LOOP('',(#2162,#2163,#2164,#2165));
#416=EDGE_LOOP('',(#2166));
#417=EDGE_LOOP('',(#2167));
#418=EDGE_LOOP('',(#2168));
#419=EDGE_LOOP('',(#2169));
#420=EDGE_LOOP('',(#2170));
#421=EDGE_LOOP('',(#2171));
#422=EDGE_LOOP('',(#2172,#2173,#2174,#2175));
#423=EDGE_LOOP('',(#2176,#2177,#2178,#2179));
#424=EDGE_LOOP('',(#2180,#2181,#2182,#2183,#2184,#2185,#2186,#2187));
#425=EDGE_LOOP('',(#2188,#2189,#2190,#2191,#2192,#2193,#2194,#2195,#2196));
#426=EDGE_LOOP('',(#2197,#2198,#2199,#2200));
#427=EDGE_LOOP('',(#2201));
#428=EDGE_LOOP('',(#2202));
#429=EDGE_LOOP('',(#2203));
#430=EDGE_LOOP('',(#2204));
#431=EDGE_LOOP('',(#2205));
#432=EDGE_LOOP('',(#2206));
#433=EDGE_LOOP('',(#2207,#2208,#2209,#2210));
#434=EDGE_LOOP('',(#2211,#2212,#2213,#2214,#2215,#2216,#2217,#2218));
#435=LINE('',#3111,#711);
#436=LINE('',#3117,#712);
#437=LINE('',#3123,#713);
#438=LINE('',#3129,#714);
#439=LINE('',#3158,#715);
#440=LINE('',#3160,#716);
#441=LINE('',#3162,#717);
#442=LINE('',#3164,#718);
#443=LINE('',#3166,#719);
#444=LINE('',#3168,#720);
#445=LINE('',#3170,#721);
#446=LINE('',#3174,#722);
#447=LINE('',#3176,#723);
#448=LINE('',#3177,#724);
#449=LINE('',#3217,#725);
#450=LINE('',#3219,#726);
#451=LINE('',#3221,#727);
#452=LINE('',#3222,#728);
#453=LINE('',#3225,#729);
#454=LINE('',#3227,#730);
#455=LINE('',#3228,#731);
#456=LINE('',#3231,#732);
#457=LINE('',#3232,#733);
#458=LINE('',#3235,#734);
#459=LINE('',#3237,#735);
#460=LINE('',#3239,#736);
#461=LINE('',#3241,#737);
#462=LINE('',#3243,#738);
#463=LINE('',#3245,#739);
#464=LINE('',#3247,#740);
#465=LINE('',#3249,#741);
#466=LINE('',#3251,#742);
#467=LINE('',#3252,#743);
#468=LINE('',#3255,#744);
#469=LINE('',#3257,#745);
#470=LINE('',#3259,#746);
#471=LINE('',#3260,#747);
#472=LINE('',#3263,#748);
#473=LINE('',#3265,#749);
#474=LINE('',#3266,#750);
#475=LINE('',#3269,#751);
#476=LINE('',#3270,#752);
#477=LINE('',#3273,#753);
#478=LINE('',#3274,#754);
#479=LINE('',#3277,#755);
#480=LINE('',#3279,#756);
#481=LINE('',#3280,#757);
#482=LINE('',#3283,#758);
#483=LINE('',#3285,#759);
#484=LINE('',#3286,#760);
#485=LINE('',#3289,#761);
#486=LINE('',#3290,#762);
#487=LINE('',#3293,#763);
#488=LINE('',#3294,#764);
#489=LINE('',#3297,#765);
#490=LINE('',#3299,#766);
#491=LINE('',#3301,#767);
#492=LINE('',#3303,#768);
#493=LINE('',#3304,#769);
#494=LINE('',#3307,#770);
#495=LINE('',#3309,#771);
#496=LINE('',#3310,#772);
#497=LINE('',#3312,#773);
#498=LINE('',#3314,#774);
#499=LINE('',#3316,#775);
#500=LINE('',#3320,#776);
#501=LINE('',#3321,#777);
#502=LINE('',#3322,#778);
#503=LINE('',#3325,#779);
#504=LINE('',#3326,#780);
#505=LINE('',#3329,#781);
#506=LINE('',#3330,#782);
#507=LINE('',#3332,#783);
#508=LINE('',#3336,#784);
#509=LINE('',#3338,#785);
#510=LINE('',#3340,#786);
#511=LINE('',#3341,#787);
#512=LINE('',#3346,#788);
#513=LINE('',#3352,#789);
#514=LINE('',#3358,#790);
#515=LINE('',#3364,#791);
#516=LINE('',#3370,#792);
#517=LINE('',#3376,#793);
#518=LINE('',#3382,#794);
#519=LINE('',#3387,#795);
#520=LINE('',#3389,#796);
#521=LINE('',#3391,#797);
#522=LINE('',#3392,#798);
#523=LINE('',#3399,#799);
#524=LINE('',#3400,#800);
#525=LINE('',#3401,#801);
#526=LINE('',#3406,#802);
#527=LINE('',#3411,#803);
#528=LINE('',#3412,#804);
#529=LINE('',#3413,#805);
#530=LINE('',#3420,#806);
#531=LINE('',#3422,#807);
#532=LINE('',#3424,#808);
#533=LINE('',#3425,#809);
#534=LINE('',#3428,#810);
#535=LINE('',#3430,#811);
#536=LINE('',#3431,#812);
#537=LINE('',#3435,#813);
#538=LINE('',#3437,#814);
#539=LINE('',#3439,#815);
#540=LINE('',#3440,#816);
#541=LINE('',#3443,#817);
#542=LINE('',#3445,#818);
#543=LINE('',#3446,#819);
#544=LINE('',#3449,#820);
#545=LINE('',#3451,#821);
#546=LINE('',#3452,#822);
#547=LINE('',#3454,#823);
#548=LINE('',#3455,#824);
#549=LINE('',#3459,#825);
#550=LINE('',#3461,#826);
#551=LINE('',#3463,#827);
#552=LINE('',#3464,#828);
#553=LINE('',#3467,#829);
#554=LINE('',#3469,#830);
#555=LINE('',#3470,#831);
#556=LINE('',#3473,#832);
#557=LINE('',#3475,#833);
#558=LINE('',#3476,#834);
#559=LINE('',#3478,#835);
#560=LINE('',#3479,#836);
#561=LINE('',#3483,#837);
#562=LINE('',#3485,#838);
#563=LINE('',#3487,#839);
#564=LINE('',#3488,#840);
#565=LINE('',#3491,#841);
#566=LINE('',#3493,#842);
#567=LINE('',#3494,#843);
#568=LINE('',#3497,#844);
#569=LINE('',#3499,#845);
#570=LINE('',#3500,#846);
#571=LINE('',#3502,#847);
#572=LINE('',#3503,#848);
#573=LINE('',#3506,#849);
#574=LINE('',#3508,#850);
#575=LINE('',#3510,#851);
#576=LINE('',#3511,#852);
#577=LINE('',#3512,#853);
#578=LINE('',#3515,#854);
#579=LINE('',#3517,#855);
#580=LINE('',#3519,#856);
#581=LINE('',#3520,#857);
#582=LINE('',#3523,#858);
#583=LINE('',#3525,#859);
#584=LINE('',#3527,#860);
#585=LINE('',#3528,#861);
#586=LINE('',#3531,#862);
#587=LINE('',#3533,#863);
#588=LINE('',#3535,#864);
#589=LINE('',#3536,#865);
#590=LINE('',#3539,#866);
#591=LINE('',#3541,#867);
#592=LINE('',#3543,#868);
#593=LINE('',#3545,#869);
#594=LINE('',#3546,#870);
#595=LINE('',#3549,#871);
#596=LINE('',#3551,#872);
#597=LINE('',#3552,#873);
#598=LINE('',#3559,#874);
#599=LINE('',#3560,#875);
#600=LINE('',#3564,#876);
#601=LINE('',#3566,#877);
#602=LINE('',#3568,#878);
#603=LINE('',#3570,#879);
#604=LINE('',#3572,#880);
#605=LINE('',#3574,#881);
#606=LINE('',#3576,#882);
#607=LINE('',#3577,#883);
#608=LINE('',#3581,#884);
#609=LINE('',#3582,#885);
#610=LINE('',#3583,#886);
#611=LINE('',#3587,#887);
#612=LINE('',#3588,#888);
#613=LINE('',#3589,#889);
#614=LINE('',#3591,#890);
#615=LINE('',#3595,#891);
#616=LINE('',#3597,#892);
#617=LINE('',#3598,#893);
#618=LINE('',#3600,#894);
#619=LINE('',#3601,#895);
#620=LINE('',#3605,#896);
#621=LINE('',#3607,#897);
#622=LINE('',#3609,#898);
#623=LINE('',#3610,#899);
#624=LINE('',#3612,#900);
#625=LINE('',#3614,#901);
#626=LINE('',#3615,#902);
#627=LINE('',#3618,#903);
#628=LINE('',#3619,#904);
#629=LINE('',#3622,#905);
#630=LINE('',#3623,#906);
#631=LINE('',#3625,#907);
#632=LINE('',#3628,#908);
#633=LINE('',#3629,#909);
#634=LINE('',#3631,#910);
#635=LINE('',#3633,#911);
#636=LINE('',#3635,#912);
#637=LINE('',#3636,#913);
#638=LINE('',#3639,#914);
#639=LINE('',#3640,#915);
#640=LINE('',#3643,#916);
#641=LINE('',#3644,#917);
#642=LINE('',#3646,#918);
#643=LINE('',#3649,#919);
#644=LINE('',#3650,#920);
#645=LINE('',#3653,#921);
#646=LINE('',#3655,#922);
#647=LINE('',#3657,#923);
#648=LINE('',#3658,#924);
#649=LINE('',#3661,#925);
#650=LINE('',#3662,#926);
#651=LINE('',#3664,#927);
#652=LINE('',#3668,#928);
#653=LINE('',#3670,#929);
#654=LINE('',#3671,#930);
#655=LINE('',#3674,#931);
#656=LINE('',#3675,#932);
#657=LINE('',#3678,#933);
#658=LINE('',#3679,#934);
#659=LINE('',#3681,#935);
#660=LINE('',#3684,#936);
#661=LINE('',#3685,#937);
#662=LINE('',#3688,#938);
#663=LINE('',#3690,#939);
#664=LINE('',#3691,#940);
#665=LINE('',#3695,#941);
#666=LINE('',#3696,#942);
#667=LINE('',#3697,#943);
#668=LINE('',#3700,#944);
#669=LINE('',#3701,#945);
#670=LINE('',#3704,#946);
#671=LINE('',#3705,#947);
#672=LINE('',#3708,#948);
#673=LINE('',#3709,#949);
#674=LINE('',#3712,#950);
#675=LINE('',#3713,#951);
#676=LINE('',#3717,#952);
#677=LINE('',#3718,#953);
#678=LINE('',#3719,#954);
#679=LINE('',#3722,#955);
#680=LINE('',#3723,#956);
#681=LINE('',#3726,#957);
#682=LINE('',#3727,#958);
#683=LINE('',#3729,#959);
#684=LINE('',#3731,#960);
#685=LINE('',#3733,#961);
#686=LINE('',#3736,#962);
#687=LINE('',#3737,#963);
#688=LINE('',#3739,#964);
#689=LINE('',#3742,#965);
#690=LINE('',#3744,#966);
#691=LINE('',#3745,#967);
#692=LINE('',#3748,#968);
#693=LINE('',#3749,#969);
#694=LINE('',#3751,#970);
#695=LINE('',#3752,#971);
#696=LINE('',#3774,#972);
#697=LINE('',#3778,#973);
#698=LINE('',#3779,#974);
#699=LINE('',#3780,#975);
#700=LINE('',#3781,#976);
#701=LINE('',#3784,#977);
#702=LINE('',#3785,#978);
#703=LINE('',#3788,#979);
#704=LINE('',#3789,#980);
#705=LINE('',#3791,#981);
#706=LINE('',#3792,#982);
#707=LINE('',#3796,#983);
#708=LINE('',#3797,#984);
#709=LINE('',#3799,#985);
#710=LINE('',#3803,#986);
#711=VECTOR('',#2516,1.99999999999999);
#712=VECTOR('',#2523,2.00000000000001);
#713=VECTOR('',#2530,1.99999999999999);
#714=VECTOR('',#2537,1.99999999999999);
#715=VECTOR('',#2552,10.);
#716=VECTOR('',#2553,10.);
#717=VECTOR('',#2554,10.);
#718=VECTOR('',#2555,10.);
#719=VECTOR('',#2556,10.);
#720=VECTOR('',#2557,10.);
#721=VECTOR('',#2558,10.);
#722=VECTOR('',#2561,10.);
#723=VECTOR('',#2562,10.);
#724=VECTOR('',#2563,10.);
#725=VECTOR('',#2590,10.);
#726=VECTOR('',#2591,10.);
#727=VECTOR('',#2592,10.);
#728=VECTOR('',#2593,10.);
#729=VECTOR('',#2596,10.);
#730=VECTOR('',#2597,10.);
#731=VECTOR('',#2598,10.);
#732=VECTOR('',#2601,10.);
#733=VECTOR('',#2602,10.);
#734=VECTOR('',#2605,10.);
#735=VECTOR('',#2606,10.);
#736=VECTOR('',#2607,10.);
#737=VECTOR('',#2608,10.);
#738=VECTOR('',#2609,10.);
#739=VECTOR('',#2610,10.);
#740=VECTOR('',#2611,10.);
#741=VECTOR('',#2612,10.);
#742=VECTOR('',#2613,10.);
#743=VECTOR('',#2614,10.);
#744=VECTOR('',#2615,10.);
#745=VECTOR('',#2616,10.);
#746=VECTOR('',#2617,10.);
#747=VECTOR('',#2618,10.);
#748=VECTOR('',#2621,10.);
#749=VECTOR('',#2622,10.);
#750=VECTOR('',#2623,10.);
#751=VECTOR('',#2626,10.);
#752=VECTOR('',#2627,10.);
#753=VECTOR('',#2630,10.);
#754=VECTOR('',#2631,10.);
#755=VECTOR('',#2634,10.);
#756=VECTOR('',#2635,10.);
#757=VECTOR('',#2636,10.);
#758=VECTOR('',#2639,10.);
#759=VECTOR('',#2640,10.);
#760=VECTOR('',#2641,10.);
#761=VECTOR('',#2644,10.);
#762=VECTOR('',#2645,10.);
#763=VECTOR('',#2648,10.);
#764=VECTOR('',#2649,10.);
#765=VECTOR('',#2652,10.);
#766=VECTOR('',#2653,10.);
#767=VECTOR('',#2654,10.);
#768=VECTOR('',#2655,10.);
#769=VECTOR('',#2656,10.);
#770=VECTOR('',#2659,10.);
#771=VECTOR('',#2660,10.);
#772=VECTOR('',#2661,10.);
#773=VECTOR('',#2664,10.);
#774=VECTOR('',#2667,10.);
#775=VECTOR('',#2670,10.);
#776=VECTOR('',#2673,10.);
#777=VECTOR('',#2674,10.);
#778=VECTOR('',#2675,10.);
#779=VECTOR('',#2678,10.);
#780=VECTOR('',#2679,10.);
#781=VECTOR('',#2682,10.);
#782=VECTOR('',#2683,10.);
#783=VECTOR('',#2686,10.);
#784=VECTOR('',#2689,10.);
#785=VECTOR('',#2690,10.);
#786=VECTOR('',#2691,10.);
#787=VECTOR('',#2692,10.);
#788=VECTOR('',#2697,2.8);
#789=VECTOR('',#2704,2.8);
#790=VECTOR('',#2711,2.8);
#791=VECTOR('',#2718,2.80000000000001);
#792=VECTOR('',#2725,2.80000000000001);
#793=VECTOR('',#2732,2.80000000000001);
#794=VECTOR('',#2739,10.);
#795=VECTOR('',#2744,10.);
#796=VECTOR('',#2745,10.);
#797=VECTOR('',#2746,10.);
#798=VECTOR('',#2747,10.);
#799=VECTOR('',#2756,10.);
#800=VECTOR('',#2757,10.);
#801=VECTOR('',#2758,10.);
#802=VECTOR('',#2763,10.);
#803=VECTOR('',#2768,10.);
#804=VECTOR('',#2769,10.);
#805=VECTOR('',#2770,10.);
#806=VECTOR('',#2779,10.);
#807=VECTOR('',#2780,10.);
#808=VECTOR('',#2781,10.);
#809=VECTOR('',#2782,10.);
#810=VECTOR('',#2785,10.);
#811=VECTOR('',#2786,10.);
#812=VECTOR('',#2787,10.);
#813=VECTOR('',#2790,10.);
#814=VECTOR('',#2791,10.);
#815=VECTOR('',#2792,10.);
#816=VECTOR('',#2793,10.);
#817=VECTOR('',#2796,10.);
#818=VECTOR('',#2797,10.);
#819=VECTOR('',#2798,10.);
#820=VECTOR('',#2801,10.);
#821=VECTOR('',#2802,10.);
#822=VECTOR('',#2803,10.);
#823=VECTOR('',#2806,10.);
#824=VECTOR('',#2807,10.);
#825=VECTOR('',#2810,10.);
#826=VECTOR('',#2811,10.);
#827=VECTOR('',#2812,10.);
#828=VECTOR('',#2813,10.);
#829=VECTOR('',#2816,10.);
#830=VECTOR('',#2817,10.);
#831=VECTOR('',#2818,10.);
#832=VECTOR('',#2821,10.);
#833=VECTOR('',#2822,10.);
#834=VECTOR('',#2823,10.);
#835=VECTOR('',#2826,10.);
#836=VECTOR('',#2827,10.);
#837=VECTOR('',#2830,10.);
#838=VECTOR('',#2831,10.);
#839=VECTOR('',#2832,10.);
#840=VECTOR('',#2833,10.);
#841=VECTOR('',#2836,10.);
#842=VECTOR('',#2837,10.);
#843=VECTOR('',#2838,10.);
#844=VECTOR('',#2841,10.);
#845=VECTOR('',#2842,10.);
#846=VECTOR('',#2843,10.);
#847=VECTOR('',#2846,10.);
#848=VECTOR('',#2847,10.);
#849=VECTOR('',#2850,10.);
#850=VECTOR('',#2851,10.);
#851=VECTOR('',#2852,10.);
#852=VECTOR('',#2853,10.);
#853=VECTOR('',#2854,10.);
#854=VECTOR('',#2855,10.);
#855=VECTOR('',#2856,10.);
#856=VECTOR('',#2857,10.);
#857=VECTOR('',#2858,10.);
#858=VECTOR('',#2859,10.);
#859=VECTOR('',#2860,10.);
#860=VECTOR('',#2861,10.);
#861=VECTOR('',#2862,10.);
#862=VECTOR('',#2863,10.);
#863=VECTOR('',#2864,10.);
#864=VECTOR('',#2865,10.);
#865=VECTOR('',#2866,10.);
#866=VECTOR('',#2869,10.);
#867=VECTOR('',#2870,10.);
#868=VECTOR('',#2871,10.);
#869=VECTOR('',#2872,10.);
#870=VECTOR('',#2873,10.);
#871=VECTOR('',#2876,10.);
#872=VECTOR('',#2877,10.);
#873=VECTOR('',#2878,10.);
#874=VECTOR('',#2887,10.);
#875=VECTOR('',#2888,10.);
#876=VECTOR('',#2891,10.);
#877=VECTOR('',#2892,10.);
#878=VECTOR('',#2893,10.);
#879=VECTOR('',#2894,10.);
#880=VECTOR('',#2895,10.);
#881=VECTOR('',#2896,10.);
#882=VECTOR('',#2897,10.);
#883=VECTOR('',#2898,10.);
#884=VECTOR('',#2901,10.);
#885=VECTOR('',#2902,10.);
#886=VECTOR('',#2903,10.);
#887=VECTOR('',#2906,10.);
#888=VECTOR('',#2907,10.);
#889=VECTOR('',#2908,10.);
#890=VECTOR('',#2911,10.);
#891=VECTOR('',#2914,10.);
#892=VECTOR('',#2915,10.);
#893=VECTOR('',#2916,10.);
#894=VECTOR('',#2917,10.);
#895=VECTOR('',#2918,10.);
#896=VECTOR('',#2921,10.);
#897=VECTOR('',#2922,10.);
#898=VECTOR('',#2923,10.);
#899=VECTOR('',#2924,10.);
#900=VECTOR('',#2925,10.);
#901=VECTOR('',#2926,10.);
#902=VECTOR('',#2927,10.);
#903=VECTOR('',#2930,10.);
#904=VECTOR('',#2931,10.);
#905=VECTOR('',#2934,10.);
#906=VECTOR('',#2935,10.);
#907=VECTOR('',#2938,10.);
#908=VECTOR('',#2941,10.);
#909=VECTOR('',#2942,10.);
#910=VECTOR('',#2943,10.);
#911=VECTOR('',#2944,10.);
#912=VECTOR('',#2945,10.);
#913=VECTOR('',#2946,10.);
#914=VECTOR('',#2949,10.);
#915=VECTOR('',#2950,10.);
#916=VECTOR('',#2953,10.);
#917=VECTOR('',#2954,10.);
#918=VECTOR('',#2957,10.);
#919=VECTOR('',#2960,10.);
#920=VECTOR('',#2961,10.);
#921=VECTOR('',#2962,10.);
#922=VECTOR('',#2963,10.);
#923=VECTOR('',#2964,10.);
#924=VECTOR('',#2965,10.);
#925=VECTOR('',#2968,10.);
#926=VECTOR('',#2969,10.);
#927=VECTOR('',#2972,10.);
#928=VECTOR('',#2977,10.);
#929=VECTOR('',#2978,10.);
#930=VECTOR('',#2979,10.);
#931=VECTOR('',#2982,10.);
#932=VECTOR('',#2983,10.);
#933=VECTOR('',#2986,10.);
#934=VECTOR('',#2987,10.);
#935=VECTOR('',#2990,10.);
#936=VECTOR('',#2993,10.);
#937=VECTOR('',#2994,10.);
#938=VECTOR('',#2997,10.);
#939=VECTOR('',#2998,10.);
#940=VECTOR('',#2999,10.);
#941=VECTOR('',#3002,10.);
#942=VECTOR('',#3003,10.);
#943=VECTOR('',#3004,10.);
#944=VECTOR('',#3007,10.);
#945=VECTOR('',#3008,10.);
#946=VECTOR('',#3011,10.);
#947=VECTOR('',#3012,10.);
#948=VECTOR('',#3015,10.);
#949=VECTOR('',#3016,10.);
#950=VECTOR('',#3019,10.);
#951=VECTOR('',#3020,10.);
#952=VECTOR('',#3023,10.);
#953=VECTOR('',#3024,10.);
#954=VECTOR('',#3025,10.);
#955=VECTOR('',#3028,10.);
#956=VECTOR('',#3029,10.);
#957=VECTOR('',#3032,10.);
#958=VECTOR('',#3033,10.);
#959=VECTOR('',#3036,10.);
#960=VECTOR('',#3039,10.);
#961=VECTOR('',#3042,10.);
#962=VECTOR('',#3045,10.);
#963=VECTOR('',#3046,10.);
#964=VECTOR('',#3049,10.);
#965=VECTOR('',#3052,10.);
#966=VECTOR('',#3053,10.);
#967=VECTOR('',#3054,10.);
#968=VECTOR('',#3057,10.);
#969=VECTOR('',#3058,10.);
#970=VECTOR('',#3061,10.);
#971=VECTOR('',#3062,10.);
#972=VECTOR('',#3069,10.);
#973=VECTOR('',#3072,10.);
#974=VECTOR('',#3073,10.);
#975=VECTOR('',#3074,10.);
#976=VECTOR('',#3075,10.);
#977=VECTOR('',#3078,10.);
#978=VECTOR('',#3079,10.);
#979=VECTOR('',#3082,10.);
#980=VECTOR('',#3083,10.);
#981=VECTOR('',#3086,10.);
#982=VECTOR('',#3087,10.);
#983=VECTOR('',#3092,10.);
#984=VECTOR('',#3093,10.);
#985=VECTOR('',#3096,10.);
#986=VECTOR('',#3103,10.);
#987=CIRCLE('',#2352,1.99999999999999);
#988=CIRCLE('',#2353,1.99999999999999);
#989=CIRCLE('',#2355,2.00000000000001);
#990=CIRCLE('',#2356,2.00000000000001);
#991=CIRCLE('',#2358,1.99999999999999);
#992=CIRCLE('',#2359,1.99999999999999);
#993=CIRCLE('',#2361,1.99999999999999);
#994=CIRCLE('',#2362,1.99999999999999);
#995=CIRCLE('',#2364,8.65556264653804);
#996=CIRCLE('',#2365,7.);
#997=CIRCLE('',#2366,2.911);
#998=CIRCLE('',#2367,8.65556264653804);
#999=CIRCLE('',#2369,8.6555906186375);
#1000=CIRCLE('',#2370,8.65556264653804);
#1001=CIRCLE('',#2371,8.65559070164419);
#1002=CIRCLE('',#2372,8.65559070164419);
#1003=CIRCLE('',#2373,8.65556264653804);
#1004=CIRCLE('',#2375,7.);
#1005=CIRCLE('',#2376,2.911);
#1006=CIRCLE('',#2378,7.);
#1007=CIRCLE('',#2379,2.91102797209946);
#1008=CIRCLE('',#2404,2.8);
#1009=CIRCLE('',#2405,2.8);
#1010=CIRCLE('',#2407,2.8);
#1011=CIRCLE('',#2408,2.8);
#1012=CIRCLE('',#2410,2.8);
#1013=CIRCLE('',#2411,2.8);
#1014=CIRCLE('',#2413,2.80000000000001);
#1015=CIRCLE('',#2414,2.80000000000001);
#1016=CIRCLE('',#2416,2.80000000000001);
#1017=CIRCLE('',#2417,2.80000000000001);
#1018=CIRCLE('',#2419,2.80000000000001);
#1019=CIRCLE('',#2420,2.80000000000001);
#1020=CIRCLE('',#2422,5.);
#1021=CIRCLE('',#2423,5.);
#1022=CIRCLE('',#2426,5.);
#1023=CIRCLE('',#2427,5.);
#1024=CIRCLE('',#2430,5.);
#1025=CIRCLE('',#2431,5.);
#1026=CIRCLE('',#2434,5.);
#1027=CIRCLE('',#2435,5.);
#1028=CIRCLE('',#2455,2.91102797209946);
#1029=CIRCLE('',#2497,7.);
#1030=VERTEX_POINT('',#3108);
#1031=VERTEX_POINT('',#3110);
#1032=VERTEX_POINT('',#3114);
#1033=VERTEX_POINT('',#3116);
#1034=VERTEX_POINT('',#3120);
#1035=VERTEX_POINT('',#3122);
#1036=VERTEX_POINT('',#3126);
#1037=VERTEX_POINT('',#3128);
#1038=VERTEX_POINT('',#3132);
#1039=VERTEX_POINT('',#3133);
#1040=VERTEX_POINT('',#3138);
#1041=VERTEX_POINT('',#3140);
#1042=VERTEX_POINT('',#3143);
#1043=VERTEX_POINT('',#3157);
#1044=VERTEX_POINT('',#3159);
#1045=VERTEX_POINT('',#3161);
#1046=VERTEX_POINT('',#3163);
#1047=VERTEX_POINT('',#3165);
#1048=VERTEX_POINT('',#3167);
#1049=VERTEX_POINT('',#3169);
#1050=VERTEX_POINT('',#3171);
#1051=VERTEX_POINT('',#3173);
#1052=VERTEX_POINT('',#3175);
#1053=VERTEX_POINT('',#3178);
#1054=VERTEX_POINT('',#3179);
#1055=VERTEX_POINT('',#3181);
#1056=VERTEX_POINT('',#3183);
#1057=VERTEX_POINT('',#3205);
#1058=VERTEX_POINT('',#3209);
#1059=VERTEX_POINT('',#3215);
#1060=VERTEX_POINT('',#3216);
#1061=VERTEX_POINT('',#3218);
#1062=VERTEX_POINT('',#3220);
#1063=VERTEX_POINT('',#3224);
#1064=VERTEX_POINT('',#3226);
#1065=VERTEX_POINT('',#3230);
#1066=VERTEX_POINT('',#3234);
#1067=VERTEX_POINT('',#3236);
#1068=VERTEX_POINT('',#3238);
#1069=VERTEX_POINT('',#3240);
#1070=VERTEX_POINT('',#3242);
#1071=VERTEX_POINT('',#3244);
#1072=VERTEX_POINT('',#3246);
#1073=VERTEX_POINT('',#3248);
#1074=VERTEX_POINT('',#3250);
#1075=VERTEX_POINT('',#3253);
#1076=VERTEX_POINT('',#3254);
#1077=VERTEX_POINT('',#3256);
#1078=VERTEX_POINT('',#3258);
#1079=VERTEX_POINT('',#3262);
#1080=VERTEX_POINT('',#3264);
#1081=VERTEX_POINT('',#3268);
#1082=VERTEX_POINT('',#3272);
#1083=VERTEX_POINT('',#3276);
#1084=VERTEX_POINT('',#3278);
#1085=VERTEX_POINT('',#3282);
#1086=VERTEX_POINT('',#3284);
#1087=VERTEX_POINT('',#3288);
#1088=VERTEX_POINT('',#3292);
#1089=VERTEX_POINT('',#3296);
#1090=VERTEX_POINT('',#3298);
#1091=VERTEX_POINT('',#3300);
#1092=VERTEX_POINT('',#3302);
#1093=VERTEX_POINT('',#3306);
#1094=VERTEX_POINT('',#3308);
#1095=VERTEX_POINT('',#3318);
#1096=VERTEX_POINT('',#3319);
#1097=VERTEX_POINT('',#3324);
#1098=VERTEX_POINT('',#3328);
#1099=VERTEX_POINT('',#3334);
#1100=VERTEX_POINT('',#3335);
#1101=VERTEX_POINT('',#3337);
#1102=VERTEX_POINT('',#3339);
#1103=VERTEX_POINT('',#3343);
#1104=VERTEX_POINT('',#3345);
#1105=VERTEX_POINT('',#3349);
#1106=VERTEX_POINT('',#3351);
#1107=VERTEX_POINT('',#3355);
#1108=VERTEX_POINT('',#3357);
#1109=VERTEX_POINT('',#3361);
#1110=VERTEX_POINT('',#3363);
#1111=VERTEX_POINT('',#3367);
#1112=VERTEX_POINT('',#3369);
#1113=VERTEX_POINT('',#3373);
#1114=VERTEX_POINT('',#3375);
#1115=VERTEX_POINT('',#3379);
#1116=VERTEX_POINT('',#3381);
#1117=VERTEX_POINT('',#3385);
#1118=VERTEX_POINT('',#3386);
#1119=VERTEX_POINT('',#3388);
#1120=VERTEX_POINT('',#3390);
#1121=VERTEX_POINT('',#3397);
#1122=VERTEX_POINT('',#3398);
#1123=VERTEX_POINT('',#3403);
#1124=VERTEX_POINT('',#3405);
#1125=VERTEX_POINT('',#3409);
#1126=VERTEX_POINT('',#3410);
#1127=VERTEX_POINT('',#3418);
#1128=VERTEX_POINT('',#3419);
#1129=VERTEX_POINT('',#3421);
#1130=VERTEX_POINT('',#3423);
#1131=VERTEX_POINT('',#3427);
#1132=VERTEX_POINT('',#3429);
#1133=VERTEX_POINT('',#3433);
#1134=VERTEX_POINT('',#3434);
#1135=VERTEX_POINT('',#3436);
#1136=VERTEX_POINT('',#3438);
#1137=VERTEX_POINT('',#3442);
#1138=VERTEX_POINT('',#3444);
#1139=VERTEX_POINT('',#3448);
#1140=VERTEX_POINT('',#3450);
#1141=VERTEX_POINT('',#3457);
#1142=VERTEX_POINT('',#3458);
#1143=VERTEX_POINT('',#3460);
#1144=VERTEX_POINT('',#3462);
#1145=VERTEX_POINT('',#3466);
#1146=VERTEX_POINT('',#3468);
#1147=VERTEX_POINT('',#3472);
#1148=VERTEX_POINT('',#3474);
#1149=VERTEX_POINT('',#3481);
#1150=VERTEX_POINT('',#3482);
#1151=VERTEX_POINT('',#3484);
#1152=VERTEX_POINT('',#3486);
#1153=VERTEX_POINT('',#3490);
#1154=VERTEX_POINT('',#3492);
#1155=VERTEX_POINT('',#3496);
#1156=VERTEX_POINT('',#3498);
#1157=VERTEX_POINT('',#3505);
#1158=VERTEX_POINT('',#3507);
#1159=VERTEX_POINT('',#3509);
#1160=VERTEX_POINT('',#3513);
#1161=VERTEX_POINT('',#3514);
#1162=VERTEX_POINT('',#3516);
#1163=VERTEX_POINT('',#3518);
#1164=VERTEX_POINT('',#3521);
#1165=VERTEX_POINT('',#3522);
#1166=VERTEX_POINT('',#3524);
#1167=VERTEX_POINT('',#3526);
#1168=VERTEX_POINT('',#3529);
#1169=VERTEX_POINT('',#3530);
#1170=VERTEX_POINT('',#3532);
#1171=VERTEX_POINT('',#3534);
#1172=VERTEX_POINT('',#3538);
#1173=VERTEX_POINT('',#3540);
#1174=VERTEX_POINT('',#3542);
#1175=VERTEX_POINT('',#3544);
#1176=VERTEX_POINT('',#3548);
#1177=VERTEX_POINT('',#3550);
#1178=VERTEX_POINT('',#3555);
#1179=VERTEX_POINT('',#3558);
#1180=VERTEX_POINT('',#3562);
#1181=VERTEX_POINT('',#3563);
#1182=VERTEX_POINT('',#3565);
#1183=VERTEX_POINT('',#3567);
#1184=VERTEX_POINT('',#3569);
#1185=VERTEX_POINT('',#3571);
#1186=VERTEX_POINT('',#3573);
#1187=VERTEX_POINT('',#3575);
#1188=VERTEX_POINT('',#3579);
#1189=VERTEX_POINT('',#3580);
#1190=VERTEX_POINT('',#3585);
#1191=VERTEX_POINT('',#3586);
#1192=VERTEX_POINT('',#3593);
#1193=VERTEX_POINT('',#3594);
#1194=VERTEX_POINT('',#3596);
#1195=VERTEX_POINT('',#3599);
#1196=VERTEX_POINT('',#3603);
#1197=VERTEX_POINT('',#3604);
#1198=VERTEX_POINT('',#3606);
#1199=VERTEX_POINT('',#3608);
#1200=VERTEX_POINT('',#3611);
#1201=VERTEX_POINT('',#3613);
#1202=VERTEX_POINT('',#3617);
#1203=VERTEX_POINT('',#3621);
#1204=VERTEX_POINT('',#3627);
#1205=VERTEX_POINT('',#3630);
#1206=VERTEX_POINT('',#3632);
#1207=VERTEX_POINT('',#3634);
#1208=VERTEX_POINT('',#3638);
#1209=VERTEX_POINT('',#3642);
#1210=VERTEX_POINT('',#3648);
#1211=VERTEX_POINT('',#3651);
#1212=VERTEX_POINT('',#3652);
#1213=VERTEX_POINT('',#3654);
#1214=VERTEX_POINT('',#3656);
#1215=VERTEX_POINT('',#3660);
#1216=VERTEX_POINT('',#3667);
#1217=VERTEX_POINT('',#3669);
#1218=VERTEX_POINT('',#3673);
#1219=VERTEX_POINT('',#3677);
#1220=VERTEX_POINT('',#3683);
#1221=VERTEX_POINT('',#3687);
#1222=VERTEX_POINT('',#3689);
#1223=VERTEX_POINT('',#3693);
#1224=VERTEX_POINT('',#3694);
#1225=VERTEX_POINT('',#3699);
#1226=VERTEX_POINT('',#3703);
#1227=VERTEX_POINT('',#3707);
#1228=VERTEX_POINT('',#3711);
#1229=VERTEX_POINT('',#3715);
#1230=VERTEX_POINT('',#3716);
#1231=VERTEX_POINT('',#3721);
#1232=VERTEX_POINT('',#3725);
#1233=VERTEX_POINT('',#3735);
#1234=VERTEX_POINT('',#3741);
#1235=VERTEX_POINT('',#3743);
#1236=VERTEX_POINT('',#3747);
#1237=VERTEX_POINT('',#3754);
#1238=VERTEX_POINT('',#3755);
#1239=VERTEX_POINT('',#3776);
#1240=VERTEX_POINT('',#3777);
#1241=VERTEX_POINT('',#3783);
#1242=VERTEX_POINT('',#3787);
#1243=VERTEX_POINT('',#3795);
#1244=EDGE_CURVE('',#1030,#1030,#987,.T.);
#1245=EDGE_CURVE('',#1030,#1031,#435,.T.);
#1246=EDGE_CURVE('',#1031,#1031,#988,.T.);
#1247=EDGE_CURVE('',#1032,#1032,#989,.T.);
#1248=EDGE_CURVE('',#1032,#1033,#436,.T.);
#1249=EDGE_CURVE('',#1033,#1033,#990,.T.);
#1250=EDGE_CURVE('',#1034,#1034,#991,.T.);
#1251=EDGE_CURVE('',#1034,#1035,#437,.T.);
#1252=EDGE_CURVE('',#1035,#1035,#992,.T.);
#1253=EDGE_CURVE('',#1036,#1036,#993,.T.);
#1254=EDGE_CURVE('',#1036,#1037,#438,.T.);
#1255=EDGE_CURVE('',#1037,#1037,#994,.T.);
#1256=EDGE_CURVE('',#1038,#1039,#153,.T.);
#1257=EDGE_CURVE('',#1038,#1040,#995,.T.);
#1258=EDGE_CURVE('',#1040,#1041,#996,.T.);
#1259=EDGE_CURVE('',#1041,#1041,#997,.T.);
#1260=EDGE_CURVE('',#1040,#1042,#998,.T.);
#1261=EDGE_CURVE('',#1039,#1042,#154,.T.);
#1262=EDGE_CURVE('',#1038,#1043,#439,.T.);
#1263=EDGE_CURVE('',#1043,#1044,#440,.T.);
#1264=EDGE_CURVE('',#1045,#1044,#441,.T.);
#1265=EDGE_CURVE('',#1045,#1046,#442,.T.);
#1266=EDGE_CURVE('',#1046,#1047,#443,.T.);
#1267=EDGE_CURVE('',#1048,#1047,#444,.T.);
#1268=EDGE_CURVE('',#1048,#1049,#445,.T.);
#1269=EDGE_CURVE('',#1050,#1049,#999,.T.);
#1270=EDGE_CURVE('',#1050,#1051,#446,.T.);
#1271=EDGE_CURVE('',#1051,#1052,#447,.T.);
#1272=EDGE_CURVE('',#1052,#1042,#448,.T.);
#1273=EDGE_CURVE('',#1053,#1054,#1000,.T.);
#1274=EDGE_CURVE('',#1055,#1053,#1001,.T.);
#1275=EDGE_CURVE('',#1056,#1055,#1002,.T.);
#1276=EDGE_CURVE('',#1054,#1056,#1003,.T.);
#1277=EDGE_CURVE('',#1053,#1056,#155,.T.);
#1278=EDGE_CURVE('',#1054,#1057,#1004,.T.);
#1279=EDGE_CURVE('',#1057,#1057,#1005,.T.);
#1280=EDGE_CURVE('',#1055,#1058,#1006,.T.);
#1281=EDGE_CURVE('',#1058,#1058,#1007,.T.);
#1282=EDGE_CURVE('',#1059,#1060,#449,.T.);
#1283=EDGE_CURVE('',#1059,#1061,#450,.T.);
#1284=EDGE_CURVE('',#1062,#1061,#451,.T.);
#1285=EDGE_CURVE('',#1060,#1062,#452,.T.);
#1286=EDGE_CURVE('',#1063,#1059,#453,.T.);
#1287=EDGE_CURVE('',#1064,#1063,#454,.T.);
#1288=EDGE_CURVE('',#1061,#1064,#455,.T.);
#1289=EDGE_CURVE('',#1065,#1064,#456,.T.);
#1290=EDGE_CURVE('',#1062,#1065,#457,.T.);
#1291=EDGE_CURVE('',#1066,#1060,#458,.T.);
#1292=EDGE_CURVE('',#1066,#1067,#459,.T.);
#1293=EDGE_CURVE('',#1067,#1068,#460,.T.);
#1294=EDGE_CURVE('',#1069,#1068,#461,.T.);
#1295=EDGE_CURVE('',#1069,#1070,#462,.T.);
#1296=EDGE_CURVE('',#1070,#1071,#463,.T.);
#1297=EDGE_CURVE('',#1072,#1071,#464,.T.);
#1298=EDGE_CURVE('',#1072,#1073,#465,.T.);
#1299=EDGE_CURVE('',#1073,#1074,#466,.T.);
#1300=EDGE_CURVE('',#1063,#1074,#467,.T.);
#1301=EDGE_CURVE('',#1075,#1076,#468,.T.);
#1302=EDGE_CURVE('',#1076,#1077,#469,.T.);
#1303=EDGE_CURVE('',#1077,#1078,#470,.T.);
#1304=EDGE_CURVE('',#1078,#1075,#471,.T.);
#1305=EDGE_CURVE('',#1079,#1066,#472,.T.);
#1306=EDGE_CURVE('',#1080,#1079,#473,.T.);
#1307=EDGE_CURVE('',#1067,#1080,#474,.T.);
#1308=EDGE_CURVE('',#1081,#1080,#475,.T.);
#1309=EDGE_CURVE('',#1068,#1081,#476,.T.);
#1310=EDGE_CURVE('',#1082,#1079,#477,.T.);
#1311=EDGE_CURVE('',#1081,#1082,#478,.T.);
#1312=EDGE_CURVE('',#1065,#1083,#479,.T.);
#1313=EDGE_CURVE('',#1084,#1083,#480,.T.);
#1314=EDGE_CURVE('',#1082,#1084,#481,.T.);
#1315=EDGE_CURVE('',#1073,#1085,#482,.T.);
#1316=EDGE_CURVE('',#1086,#1085,#483,.T.);
#1317=EDGE_CURVE('',#1074,#1086,#484,.T.);
#1318=EDGE_CURVE('',#1087,#1072,#485,.T.);
#1319=EDGE_CURVE('',#1085,#1087,#486,.T.);
#1320=EDGE_CURVE('',#1088,#1087,#487,.T.);
#1321=EDGE_CURVE('',#1086,#1088,#488,.T.);
#1322=EDGE_CURVE('',#1071,#1089,#489,.T.);
#1323=EDGE_CURVE('',#1089,#1090,#490,.T.);
#1324=EDGE_CURVE('',#1090,#1091,#491,.T.);
#1325=EDGE_CURVE('',#1092,#1091,#492,.T.);
#1326=EDGE_CURVE('',#1088,#1092,#493,.T.);
#1327=EDGE_CURVE('',#1093,#1069,#494,.T.);
#1328=EDGE_CURVE('',#1094,#1093,#495,.T.);
#1329=EDGE_CURVE('',#1070,#1094,#496,.T.);
#1330=EDGE_CURVE('',#1089,#1094,#497,.T.);
#1331=EDGE_CURVE('',#1090,#1093,#498,.T.);
#1332=EDGE_CURVE('',#1091,#1084,#499,.T.);
#1333=EDGE_CURVE('',#1095,#1096,#500,.T.);
#1334=EDGE_CURVE('',#1095,#1075,#501,.T.);
#1335=EDGE_CURVE('',#1096,#1078,#502,.T.);
#1336=EDGE_CURVE('',#1096,#1097,#503,.T.);
#1337=EDGE_CURVE('',#1097,#1077,#504,.T.);
#1338=EDGE_CURVE('',#1097,#1098,#505,.T.);
#1339=EDGE_CURVE('',#1098,#1076,#506,.T.);
#1340=EDGE_CURVE('',#1098,#1095,#507,.T.);
#1341=EDGE_CURVE('',#1099,#1100,#508,.T.);
#1342=EDGE_CURVE('',#1101,#1099,#509,.T.);
#1343=EDGE_CURVE('',#1102,#1101,#510,.T.);
#1344=EDGE_CURVE('',#1100,#1102,#511,.T.);
#1345=EDGE_CURVE('',#1103,#1103,#1008,.T.);
#1346=EDGE_CURVE('',#1103,#1104,#512,.T.);
#1347=EDGE_CURVE('',#1104,#1104,#1009,.T.);
#1348=EDGE_CURVE('',#1105,#1105,#1010,.T.);
#1349=EDGE_CURVE('',#1105,#1106,#513,.T.);
#1350=EDGE_CURVE('',#1106,#1106,#1011,.T.);
#1351=EDGE_CURVE('',#1107,#1107,#1012,.T.);
#1352=EDGE_CURVE('',#1107,#1108,#514,.T.);
#1353=EDGE_CURVE('',#1108,#1108,#1013,.T.);
#1354=EDGE_CURVE('',#1109,#1109,#1014,.T.);
#1355=EDGE_CURVE('',#1109,#1110,#515,.T.);
#1356=EDGE_CURVE('',#1110,#1110,#1015,.T.);
#1357=EDGE_CURVE('',#1111,#1111,#1016,.T.);
#1358=EDGE_CURVE('',#1111,#1112,#516,.T.);
#1359=EDGE_CURVE('',#1112,#1112,#1017,.T.);
#1360=EDGE_CURVE('',#1113,#1113,#1018,.T.);
#1361=EDGE_CURVE('',#1113,#1114,#517,.T.);
#1362=EDGE_CURVE('',#1114,#1114,#1019,.T.);
#1363=EDGE_CURVE('',#1101,#1115,#1020,.T.);
#1364=EDGE_CURVE('',#1115,#1116,#518,.T.);
#1365=EDGE_CURVE('',#1116,#1102,#1021,.T.);
#1366=EDGE_CURVE('',#1117,#1118,#519,.T.);
#1367=EDGE_CURVE('',#1119,#1117,#520,.T.);
#1368=EDGE_CURVE('',#1120,#1119,#521,.T.);
#1369=EDGE_CURVE('',#1118,#1120,#522,.T.);
#1370=EDGE_CURVE('',#1119,#1099,#1022,.T.);
#1371=EDGE_CURVE('',#1100,#1120,#1023,.T.);
#1372=EDGE_CURVE('',#1121,#1122,#523,.T.);
#1373=EDGE_CURVE('',#1116,#1121,#524,.T.);
#1374=EDGE_CURVE('',#1122,#1115,#525,.T.);
#1375=EDGE_CURVE('',#1122,#1123,#1024,.T.);
#1376=EDGE_CURVE('',#1123,#1124,#526,.T.);
#1377=EDGE_CURVE('',#1124,#1121,#1025,.T.);
#1378=EDGE_CURVE('',#1125,#1126,#527,.T.);
#1379=EDGE_CURVE('',#1124,#1125,#528,.T.);
#1380=EDGE_CURVE('',#1126,#1123,#529,.T.);
#1381=EDGE_CURVE('',#1126,#1117,#1026,.T.);
#1382=EDGE_CURVE('',#1118,#1125,#1027,.T.);
#1383=EDGE_CURVE('',#1127,#1128,#530,.T.);
#1384=EDGE_CURVE('',#1129,#1128,#531,.T.);
#1385=EDGE_CURVE('',#1130,#1129,#532,.T.);
#1386=EDGE_CURVE('',#1130,#1127,#533,.T.);
#1387=EDGE_CURVE('',#1131,#1130,#534,.T.);
#1388=EDGE_CURVE('',#1132,#1129,#535,.T.);
#1389=EDGE_CURVE('',#1131,#1132,#536,.T.);
#1390=EDGE_CURVE('',#1133,#1134,#537,.T.);
#1391=EDGE_CURVE('',#1133,#1135,#538,.T.);
#1392=EDGE_CURVE('',#1136,#1135,#539,.T.);
#1393=EDGE_CURVE('',#1134,#1136,#540,.T.);
#1394=EDGE_CURVE('',#1137,#1133,#541,.T.);
#1395=EDGE_CURVE('',#1137,#1138,#542,.T.);
#1396=EDGE_CURVE('',#1135,#1138,#543,.T.);
#1397=EDGE_CURVE('',#1139,#1137,#544,.T.);
#1398=EDGE_CURVE('',#1139,#1140,#545,.T.);
#1399=EDGE_CURVE('',#1138,#1140,#546,.T.);
#1400=EDGE_CURVE('',#1134,#1139,#547,.T.);
#1401=EDGE_CURVE('',#1140,#1136,#548,.T.);
#1402=EDGE_CURVE('',#1141,#1142,#549,.T.);
#1403=EDGE_CURVE('',#1141,#1143,#550,.T.);
#1404=EDGE_CURVE('',#1144,#1143,#551,.T.);
#1405=EDGE_CURVE('',#1142,#1144,#552,.T.);
#1406=EDGE_CURVE('',#1145,#1141,#553,.T.);
#1407=EDGE_CURVE('',#1145,#1146,#554,.T.);
#1408=EDGE_CURVE('',#1143,#1146,#555,.T.);
#1409=EDGE_CURVE('',#1147,#1145,#556,.T.);
#1410=EDGE_CURVE('',#1147,#1148,#557,.T.);
#1411=EDGE_CURVE('',#1146,#1148,#558,.T.);
#1412=EDGE_CURVE('',#1142,#1147,#559,.T.);
#1413=EDGE_CURVE('',#1148,#1144,#560,.T.);
#1414=EDGE_CURVE('',#1149,#1150,#561,.T.);
#1415=EDGE_CURVE('',#1149,#1151,#562,.T.);
#1416=EDGE_CURVE('',#1152,#1151,#563,.T.);
#1417=EDGE_CURVE('',#1150,#1152,#564,.T.);
#1418=EDGE_CURVE('',#1153,#1149,#565,.T.);
#1419=EDGE_CURVE('',#1153,#1154,#566,.T.);
#1420=EDGE_CURVE('',#1151,#1154,#567,.T.);
#1421=EDGE_CURVE('',#1155,#1153,#568,.T.);
#1422=EDGE_CURVE('',#1155,#1156,#569,.T.);
#1423=EDGE_CURVE('',#1154,#1156,#570,.T.);
#1424=EDGE_CURVE('',#1150,#1155,#571,.T.);
#1425=EDGE_CURVE('',#1156,#1152,#572,.T.);
#1426=EDGE_CURVE('',#1157,#1127,#573,.T.);
#1427=EDGE_CURVE('',#1158,#1131,#574,.T.);
#1428=EDGE_CURVE('',#1158,#1159,#575,.T.);
#1429=EDGE_CURVE('',#1159,#1052,#576,.T.);
#1430=EDGE_CURVE('',#1051,#1157,#577,.T.);
#1431=EDGE_CURVE('',#1160,#1161,#578,.T.);
#1432=EDGE_CURVE('',#1161,#1162,#579,.T.);
#1433=EDGE_CURVE('',#1162,#1163,#580,.T.);
#1434=EDGE_CURVE('',#1160,#1163,#581,.T.);
#1435=EDGE_CURVE('',#1164,#1165,#582,.T.);
#1436=EDGE_CURVE('',#1165,#1166,#583,.T.);
#1437=EDGE_CURVE('',#1166,#1167,#584,.T.);
#1438=EDGE_CURVE('',#1167,#1164,#585,.T.);
#1439=EDGE_CURVE('',#1168,#1169,#586,.T.);
#1440=EDGE_CURVE('',#1170,#1169,#587,.T.);
#1441=EDGE_CURVE('',#1170,#1171,#588,.T.);
#1442=EDGE_CURVE('',#1171,#1168,#589,.T.);
#1443=EDGE_CURVE('',#1047,#1172,#590,.T.);
#1444=EDGE_CURVE('',#1173,#1172,#591,.T.);
#1445=EDGE_CURVE('',#1174,#1173,#592,.T.);
#1446=EDGE_CURVE('',#1175,#1174,#593,.T.);
#1447=EDGE_CURVE('',#1175,#1048,#594,.T.);
#1448=EDGE_CURVE('',#1172,#1176,#595,.T.);
#1449=EDGE_CURVE('',#1177,#1176,#596,.T.);
#1450=EDGE_CURVE('',#1173,#1177,#597,.T.);
#1451=EDGE_CURVE('',#1178,#1178,#1028,.T.);
#1452=EDGE_CURVE('',#1176,#1179,#598,.T.);
#1453=EDGE_CURVE('',#1179,#1046,#599,.T.);
#1454=EDGE_CURVE('',#1180,#1181,#600,.T.);
#1455=EDGE_CURVE('',#1181,#1182,#601,.T.);
#1456=EDGE_CURVE('',#1183,#1182,#602,.T.);
#1457=EDGE_CURVE('',#1184,#1183,#603,.T.);
#1458=EDGE_CURVE('',#1184,#1185,#604,.T.);
#1459=EDGE_CURVE('',#1185,#1186,#605,.T.);
#1460=EDGE_CURVE('',#1186,#1187,#606,.T.);
#1461=EDGE_CURVE('',#1187,#1180,#607,.T.);
#1462=EDGE_CURVE('',#1188,#1189,#608,.T.);
#1463=EDGE_CURVE('',#1189,#1185,#609,.T.);
#1464=EDGE_CURVE('',#1188,#1184,#610,.T.);
#1465=EDGE_CURVE('',#1190,#1191,#611,.T.);
#1466=EDGE_CURVE('',#1190,#1189,#612,.T.);
#1467=EDGE_CURVE('',#1191,#1188,#613,.T.);
#1468=EDGE_CURVE('',#1186,#1190,#614,.T.);
#1469=EDGE_CURVE('',#1192,#1193,#615,.T.);
#1470=EDGE_CURVE('',#1193,#1194,#616,.T.);
#1471=EDGE_CURVE('',#1194,#1191,#617,.T.);
#1472=EDGE_CURVE('',#1195,#1183,#618,.T.);
#1473=EDGE_CURVE('',#1192,#1195,#619,.T.);
#1474=EDGE_CURVE('',#1196,#1197,#620,.T.);
#1475=EDGE_CURVE('',#1197,#1198,#621,.T.);
#1476=EDGE_CURVE('',#1198,#1199,#622,.T.);
#1477=EDGE_CURVE('',#1199,#1192,#623,.T.);
#1478=EDGE_CURVE('',#1200,#1195,#624,.T.);
#1479=EDGE_CURVE('',#1201,#1200,#625,.T.);
#1480=EDGE_CURVE('',#1201,#1196,#626,.T.);
#1481=EDGE_CURVE('',#1199,#1202,#627,.T.);
#1482=EDGE_CURVE('',#1202,#1193,#628,.T.);
#1483=EDGE_CURVE('',#1194,#1203,#629,.T.);
#1484=EDGE_CURVE('',#1203,#1202,#630,.T.);
#1485=EDGE_CURVE('',#1203,#1198,#631,.T.);
#1486=EDGE_CURVE('',#1204,#1201,#632,.T.);
#1487=EDGE_CURVE('',#1182,#1200,#633,.T.);
#1488=EDGE_CURVE('',#1181,#1205,#634,.T.);
#1489=EDGE_CURVE('',#1205,#1206,#635,.T.);
#1490=EDGE_CURVE('',#1206,#1207,#636,.T.);
#1491=EDGE_CURVE('',#1207,#1204,#637,.T.);
#1492=EDGE_CURVE('',#1180,#1208,#638,.T.);
#1493=EDGE_CURVE('',#1208,#1205,#639,.T.);
#1494=EDGE_CURVE('',#1209,#1187,#640,.T.);
#1495=EDGE_CURVE('',#1209,#1208,#641,.T.);
#1496=EDGE_CURVE('',#1206,#1209,#642,.T.);
#1497=EDGE_CURVE('',#1197,#1210,#643,.T.);
#1498=EDGE_CURVE('',#1210,#1207,#644,.T.);
#1499=EDGE_CURVE('',#1211,#1212,#645,.T.);
#1500=EDGE_CURVE('',#1212,#1213,#646,.T.);
#1501=EDGE_CURVE('',#1213,#1214,#647,.T.);
#1502=EDGE_CURVE('',#1214,#1211,#648,.T.);
#1503=EDGE_CURVE('',#1204,#1215,#649,.T.);
#1504=EDGE_CURVE('',#1215,#1196,#650,.T.);
#1505=EDGE_CURVE('',#1210,#1215,#651,.T.);
#1506=EDGE_CURVE('',#1216,#1212,#652,.T.);
#1507=EDGE_CURVE('',#1217,#1216,#653,.T.);
#1508=EDGE_CURVE('',#1217,#1213,#654,.T.);
#1509=EDGE_CURVE('',#1218,#1211,#655,.T.);
#1510=EDGE_CURVE('',#1216,#1218,#656,.T.);
#1511=EDGE_CURVE('',#1219,#1214,#657,.T.);
#1512=EDGE_CURVE('',#1218,#1219,#658,.T.);
#1513=EDGE_CURVE('',#1219,#1217,#659,.T.);
#1514=EDGE_CURVE('',#1220,#1132,#660,.T.);
#1515=EDGE_CURVE('',#1158,#1220,#661,.T.);
#1516=EDGE_CURVE('',#1221,#1169,#662,.T.);
#1517=EDGE_CURVE('',#1222,#1221,#663,.T.);
#1518=EDGE_CURVE('',#1222,#1170,#664,.T.);
#1519=EDGE_CURVE('',#1223,#1224,#665,.T.);
#1520=EDGE_CURVE('',#1224,#1161,#666,.T.);
#1521=EDGE_CURVE('',#1223,#1160,#667,.T.);
#1522=EDGE_CURVE('',#1224,#1225,#668,.T.);
#1523=EDGE_CURVE('',#1225,#1162,#669,.T.);
#1524=EDGE_CURVE('',#1225,#1226,#670,.T.);
#1525=EDGE_CURVE('',#1163,#1226,#671,.T.);
#1526=EDGE_CURVE('',#1227,#1168,#672,.T.);
#1527=EDGE_CURVE('',#1221,#1227,#673,.T.);
#1528=EDGE_CURVE('',#1227,#1228,#674,.T.);
#1529=EDGE_CURVE('',#1228,#1171,#675,.T.);
#1530=EDGE_CURVE('',#1229,#1230,#676,.T.);
#1531=EDGE_CURVE('',#1229,#1165,#677,.T.);
#1532=EDGE_CURVE('',#1230,#1164,#678,.T.);
#1533=EDGE_CURVE('',#1231,#1229,#679,.T.);
#1534=EDGE_CURVE('',#1231,#1166,#680,.T.);
#1535=EDGE_CURVE('',#1232,#1231,#681,.T.);
#1536=EDGE_CURVE('',#1232,#1167,#682,.T.);
#1537=EDGE_CURVE('',#1230,#1232,#683,.T.);
#1538=EDGE_CURVE('',#1228,#1222,#684,.T.);
#1539=EDGE_CURVE('',#1223,#1226,#685,.T.);
#1540=EDGE_CURVE('',#1233,#1179,#686,.T.);
#1541=EDGE_CURVE('',#1177,#1233,#687,.T.);
#1542=EDGE_CURVE('',#1233,#1045,#688,.T.);
#1543=EDGE_CURVE('',#1039,#1234,#689,.T.);
#1544=EDGE_CURVE('',#1235,#1234,#690,.T.);
#1545=EDGE_CURVE('',#1235,#1043,#691,.T.);
#1546=EDGE_CURVE('',#1159,#1236,#692,.T.);
#1547=EDGE_CURVE('',#1234,#1236,#693,.T.);
#1548=EDGE_CURVE('',#1127,#1175,#694,.T.);
#1549=EDGE_CURVE('',#1127,#1174,#695,.T.);
#1550=EDGE_CURVE('',#1237,#1238,#156,.T.);
#1551=EDGE_CURVE('',#1238,#1178,#1029,.T.);
#1552=EDGE_CURVE('',#1238,#1050,#157,.T.);
#1553=EDGE_CURVE('',#1049,#1237,#158,.T.);
#1554=EDGE_CURVE('',#1128,#1173,#696,.T.);
#1555=EDGE_CURVE('',#1239,#1240,#697,.T.);
#1556=EDGE_CURVE('',#1048,#1239,#698,.T.);
#1557=EDGE_CURVE('',#1127,#1128,#699,.T.);
#1558=EDGE_CURVE('',#1128,#1240,#700,.T.);
#1559=EDGE_CURVE('',#1240,#1241,#701,.T.);
#1560=EDGE_CURVE('',#1157,#1241,#702,.T.);
#1561=EDGE_CURVE('',#1236,#1242,#703,.T.);
#1562=EDGE_CURVE('',#1220,#1242,#704,.T.);
#1563=EDGE_CURVE('',#1242,#1235,#705,.T.);
#1564=EDGE_CURVE('',#1044,#1220,#706,.T.);
#1565=EDGE_CURVE('',#1241,#1243,#707,.T.);
#1566=EDGE_CURVE('',#1243,#1237,#708,.T.);
#1567=EDGE_CURVE('',#1243,#1239,#709,.T.);
#1568=EDGE_CURVE('',#1083,#1092,#710,.T.);
#1569=ORIENTED_EDGE('',*,*,#1244,.F.);
#1570=ORIENTED_EDGE('',*,*,#1245,.T.);
#1571=ORIENTED_EDGE('',*,*,#1246,.F.);
#1572=ORIENTED_EDGE('',*,*,#1245,.F.);
#1573=ORIENTED_EDGE('',*,*,#1247,.F.);
#1574=ORIENTED_EDGE('',*,*,#1248,.T.);
#1575=ORIENTED_EDGE('',*,*,#1249,.F.);
#1576=ORIENTED_EDGE('',*,*,#1248,.F.);
#1577=ORIENTED_EDGE('',*,*,#1250,.F.);
#1578=ORIENTED_EDGE('',*,*,#1251,.T.);
#1579=ORIENTED_EDGE('',*,*,#1252,.F.);
#1580=ORIENTED_EDGE('',*,*,#1251,.F.);
#1581=ORIENTED_EDGE('',*,*,#1253,.F.);
#1582=ORIENTED_EDGE('',*,*,#1254,.T.);
#1583=ORIENTED_EDGE('',*,*,#1255,.F.);
#1584=ORIENTED_EDGE('',*,*,#1254,.F.);
#1585=ORIENTED_EDGE('',*,*,#1256,.F.);
#1586=ORIENTED_EDGE('',*,*,#1257,.T.);
#1587=ORIENTED_EDGE('',*,*,#1258,.T.);
#1588=ORIENTED_EDGE('',*,*,#1259,.F.);
#1589=ORIENTED_EDGE('',*,*,#1258,.F.);
#1590=ORIENTED_EDGE('',*,*,#1260,.T.);
#1591=ORIENTED_EDGE('',*,*,#1261,.F.);
#1592=ORIENTED_EDGE('',*,*,#1257,.F.);
#1593=ORIENTED_EDGE('',*,*,#1262,.T.);
#1594=ORIENTED_EDGE('',*,*,#1263,.T.);
#1595=ORIENTED_EDGE('',*,*,#1264,.F.);
#1596=ORIENTED_EDGE('',*,*,#1265,.T.);
#1597=ORIENTED_EDGE('',*,*,#1266,.T.);
#1598=ORIENTED_EDGE('',*,*,#1267,.F.);
#1599=ORIENTED_EDGE('',*,*,#1268,.T.);
#1600=ORIENTED_EDGE('',*,*,#1269,.F.);
#1601=ORIENTED_EDGE('',*,*,#1270,.T.);
#1602=ORIENTED_EDGE('',*,*,#1271,.T.);
#1603=ORIENTED_EDGE('',*,*,#1272,.T.);
#1604=ORIENTED_EDGE('',*,*,#1260,.F.);
#1605=ORIENTED_EDGE('',*,*,#1273,.F.);
#1606=ORIENTED_EDGE('',*,*,#1274,.F.);
#1607=ORIENTED_EDGE('',*,*,#1275,.F.);
#1608=ORIENTED_EDGE('',*,*,#1276,.F.);
#1609=ORIENTED_EDGE('',*,*,#1277,.F.);
#1610=ORIENTED_EDGE('',*,*,#1273,.T.);
#1611=ORIENTED_EDGE('',*,*,#1278,.T.);
#1612=ORIENTED_EDGE('',*,*,#1279,.F.);
#1613=ORIENTED_EDGE('',*,*,#1278,.F.);
#1614=ORIENTED_EDGE('',*,*,#1276,.T.);
#1615=ORIENTED_EDGE('',*,*,#1277,.T.);
#1616=ORIENTED_EDGE('',*,*,#1275,.T.);
#1617=ORIENTED_EDGE('',*,*,#1280,.T.);
#1618=ORIENTED_EDGE('',*,*,#1281,.F.);
#1619=ORIENTED_EDGE('',*,*,#1280,.F.);
#1620=ORIENTED_EDGE('',*,*,#1274,.T.);
#1621=ORIENTED_EDGE('',*,*,#1259,.T.);
#1622=ORIENTED_EDGE('',*,*,#1252,.T.);
#1623=ORIENTED_EDGE('',*,*,#1279,.T.);
#1624=ORIENTED_EDGE('',*,*,#1246,.T.);
#1625=ORIENTED_EDGE('',*,*,#1282,.F.);
#1626=ORIENTED_EDGE('',*,*,#1283,.T.);
#1627=ORIENTED_EDGE('',*,*,#1284,.F.);
#1628=ORIENTED_EDGE('',*,*,#1285,.F.);
#1629=ORIENTED_EDGE('',*,*,#1286,.F.);
#1630=ORIENTED_EDGE('',*,*,#1287,.F.);
#1631=ORIENTED_EDGE('',*,*,#1288,.F.);
#1632=ORIENTED_EDGE('',*,*,#1283,.F.);
#1633=ORIENTED_EDGE('',*,*,#1288,.T.);
#1634=ORIENTED_EDGE('',*,*,#1289,.F.);
#1635=ORIENTED_EDGE('',*,*,#1290,.F.);
#1636=ORIENTED_EDGE('',*,*,#1284,.T.);
#1637=ORIENTED_EDGE('',*,*,#1286,.T.);
#1638=ORIENTED_EDGE('',*,*,#1282,.T.);
#1639=ORIENTED_EDGE('',*,*,#1291,.F.);
#1640=ORIENTED_EDGE('',*,*,#1292,.T.);
#1641=ORIENTED_EDGE('',*,*,#1293,.T.);
#1642=ORIENTED_EDGE('',*,*,#1294,.F.);
#1643=ORIENTED_EDGE('',*,*,#1295,.T.);
#1644=ORIENTED_EDGE('',*,*,#1296,.T.);
#1645=ORIENTED_EDGE('',*,*,#1297,.F.);
#1646=ORIENTED_EDGE('',*,*,#1298,.T.);
#1647=ORIENTED_EDGE('',*,*,#1299,.T.);
#1648=ORIENTED_EDGE('',*,*,#1300,.F.);
#1649=ORIENTED_EDGE('',*,*,#1301,.T.);
#1650=ORIENTED_EDGE('',*,*,#1302,.T.);
#1651=ORIENTED_EDGE('',*,*,#1303,.T.);
#1652=ORIENTED_EDGE('',*,*,#1304,.T.);
#1653=ORIENTED_EDGE('',*,*,#1292,.F.);
#1654=ORIENTED_EDGE('',*,*,#1305,.F.);
#1655=ORIENTED_EDGE('',*,*,#1306,.F.);
#1656=ORIENTED_EDGE('',*,*,#1307,.F.);
#1657=ORIENTED_EDGE('',*,*,#1293,.F.);
#1658=ORIENTED_EDGE('',*,*,#1307,.T.);
#1659=ORIENTED_EDGE('',*,*,#1308,.F.);
#1660=ORIENTED_EDGE('',*,*,#1309,.F.);
#1661=ORIENTED_EDGE('',*,*,#1308,.T.);
#1662=ORIENTED_EDGE('',*,*,#1306,.T.);
#1663=ORIENTED_EDGE('',*,*,#1310,.F.);
#1664=ORIENTED_EDGE('',*,*,#1311,.F.);
#1665=ORIENTED_EDGE('',*,*,#1290,.T.);
#1666=ORIENTED_EDGE('',*,*,#1312,.T.);
#1667=ORIENTED_EDGE('',*,*,#1313,.F.);
#1668=ORIENTED_EDGE('',*,*,#1314,.F.);
#1669=ORIENTED_EDGE('',*,*,#1310,.T.);
#1670=ORIENTED_EDGE('',*,*,#1305,.T.);
#1671=ORIENTED_EDGE('',*,*,#1291,.T.);
#1672=ORIENTED_EDGE('',*,*,#1285,.T.);
#1673=ORIENTED_EDGE('',*,*,#1299,.F.);
#1674=ORIENTED_EDGE('',*,*,#1315,.T.);
#1675=ORIENTED_EDGE('',*,*,#1316,.F.);
#1676=ORIENTED_EDGE('',*,*,#1317,.F.);
#1677=ORIENTED_EDGE('',*,*,#1298,.F.);
#1678=ORIENTED_EDGE('',*,*,#1318,.F.);
#1679=ORIENTED_EDGE('',*,*,#1319,.F.);
#1680=ORIENTED_EDGE('',*,*,#1315,.F.);
#1681=ORIENTED_EDGE('',*,*,#1320,.F.);
#1682=ORIENTED_EDGE('',*,*,#1321,.F.);
#1683=ORIENTED_EDGE('',*,*,#1316,.T.);
#1684=ORIENTED_EDGE('',*,*,#1319,.T.);
#1685=ORIENTED_EDGE('',*,*,#1320,.T.);
#1686=ORIENTED_EDGE('',*,*,#1318,.T.);
#1687=ORIENTED_EDGE('',*,*,#1297,.T.);
#1688=ORIENTED_EDGE('',*,*,#1322,.T.);
#1689=ORIENTED_EDGE('',*,*,#1323,.T.);
#1690=ORIENTED_EDGE('',*,*,#1324,.T.);
#1691=ORIENTED_EDGE('',*,*,#1325,.F.);
#1692=ORIENTED_EDGE('',*,*,#1326,.F.);
#1693=ORIENTED_EDGE('',*,*,#1295,.F.);
#1694=ORIENTED_EDGE('',*,*,#1327,.F.);
#1695=ORIENTED_EDGE('',*,*,#1328,.F.);
#1696=ORIENTED_EDGE('',*,*,#1329,.F.);
#1697=ORIENTED_EDGE('',*,*,#1296,.F.);
#1698=ORIENTED_EDGE('',*,*,#1329,.T.);
#1699=ORIENTED_EDGE('',*,*,#1330,.F.);
#1700=ORIENTED_EDGE('',*,*,#1322,.F.);
#1701=ORIENTED_EDGE('',*,*,#1330,.T.);
#1702=ORIENTED_EDGE('',*,*,#1328,.T.);
#1703=ORIENTED_EDGE('',*,*,#1331,.F.);
#1704=ORIENTED_EDGE('',*,*,#1323,.F.);
#1705=ORIENTED_EDGE('',*,*,#1311,.T.);
#1706=ORIENTED_EDGE('',*,*,#1314,.T.);
#1707=ORIENTED_EDGE('',*,*,#1332,.F.);
#1708=ORIENTED_EDGE('',*,*,#1324,.F.);
#1709=ORIENTED_EDGE('',*,*,#1331,.T.);
#1710=ORIENTED_EDGE('',*,*,#1327,.T.);
#1711=ORIENTED_EDGE('',*,*,#1294,.T.);
#1712=ORIENTED_EDGE('',*,*,#1309,.T.);
#1713=ORIENTED_EDGE('',*,*,#1333,.F.);
#1714=ORIENTED_EDGE('',*,*,#1334,.T.);
#1715=ORIENTED_EDGE('',*,*,#1304,.F.);
#1716=ORIENTED_EDGE('',*,*,#1335,.F.);
#1717=ORIENTED_EDGE('',*,*,#1336,.F.);
#1718=ORIENTED_EDGE('',*,*,#1335,.T.);
#1719=ORIENTED_EDGE('',*,*,#1303,.F.);
#1720=ORIENTED_EDGE('',*,*,#1337,.F.);
#1721=ORIENTED_EDGE('',*,*,#1338,.F.);
#1722=ORIENTED_EDGE('',*,*,#1337,.T.);
#1723=ORIENTED_EDGE('',*,*,#1302,.F.);
#1724=ORIENTED_EDGE('',*,*,#1339,.F.);
#1725=ORIENTED_EDGE('',*,*,#1340,.F.);
#1726=ORIENTED_EDGE('',*,*,#1339,.T.);
#1727=ORIENTED_EDGE('',*,*,#1301,.F.);
#1728=ORIENTED_EDGE('',*,*,#1334,.F.);
#1729=ORIENTED_EDGE('',*,*,#1341,.F.);
#1730=ORIENTED_EDGE('',*,*,#1342,.F.);
#1731=ORIENTED_EDGE('',*,*,#1343,.F.);
#1732=ORIENTED_EDGE('',*,*,#1344,.F.);
#1733=ORIENTED_EDGE('',*,*,#1345,.F.);
#1734=ORIENTED_EDGE('',*,*,#1346,.T.);
#1735=ORIENTED_EDGE('',*,*,#1347,.T.);
#1736=ORIENTED_EDGE('',*,*,#1346,.F.);
#1737=ORIENTED_EDGE('',*,*,#1348,.F.);
#1738=ORIENTED_EDGE('',*,*,#1349,.T.);
#1739=ORIENTED_EDGE('',*,*,#1350,.T.);
#1740=ORIENTED_EDGE('',*,*,#1349,.F.);
#1741=ORIENTED_EDGE('',*,*,#1351,.F.);
#1742=ORIENTED_EDGE('',*,*,#1352,.T.);
#1743=ORIENTED_EDGE('',*,*,#1353,.T.);
#1744=ORIENTED_EDGE('',*,*,#1352,.F.);
#1745=ORIENTED_EDGE('',*,*,#1354,.F.);
#1746=ORIENTED_EDGE('',*,*,#1355,.T.);
#1747=ORIENTED_EDGE('',*,*,#1356,.F.);
#1748=ORIENTED_EDGE('',*,*,#1355,.F.);
#1749=ORIENTED_EDGE('',*,*,#1357,.F.);
#1750=ORIENTED_EDGE('',*,*,#1358,.T.);
#1751=ORIENTED_EDGE('',*,*,#1359,.F.);
#1752=ORIENTED_EDGE('',*,*,#1358,.F.);
#1753=ORIENTED_EDGE('',*,*,#1360,.F.);
#1754=ORIENTED_EDGE('',*,*,#1361,.T.);
#1755=ORIENTED_EDGE('',*,*,#1362,.F.);
#1756=ORIENTED_EDGE('',*,*,#1361,.F.);
#1757=ORIENTED_EDGE('',*,*,#1363,.T.);
#1758=ORIENTED_EDGE('',*,*,#1364,.T.);
#1759=ORIENTED_EDGE('',*,*,#1365,.T.);
#1760=ORIENTED_EDGE('',*,*,#1343,.T.);
#1761=ORIENTED_EDGE('',*,*,#1366,.F.);
#1762=ORIENTED_EDGE('',*,*,#1367,.F.);
#1763=ORIENTED_EDGE('',*,*,#1368,.F.);
#1764=ORIENTED_EDGE('',*,*,#1369,.F.);
#1765=ORIENTED_EDGE('',*,*,#1370,.T.);
#1766=ORIENTED_EDGE('',*,*,#1341,.T.);
#1767=ORIENTED_EDGE('',*,*,#1371,.T.);
#1768=ORIENTED_EDGE('',*,*,#1368,.T.);
#1769=ORIENTED_EDGE('',*,*,#1372,.F.);
#1770=ORIENTED_EDGE('',*,*,#1373,.F.);
#1771=ORIENTED_EDGE('',*,*,#1364,.F.);
#1772=ORIENTED_EDGE('',*,*,#1374,.F.);
#1773=ORIENTED_EDGE('',*,*,#1375,.T.);
#1774=ORIENTED_EDGE('',*,*,#1376,.T.);
#1775=ORIENTED_EDGE('',*,*,#1377,.T.);
#1776=ORIENTED_EDGE('',*,*,#1372,.T.);
#1777=ORIENTED_EDGE('',*,*,#1378,.F.);
#1778=ORIENTED_EDGE('',*,*,#1379,.F.);
#1779=ORIENTED_EDGE('',*,*,#1376,.F.);
#1780=ORIENTED_EDGE('',*,*,#1380,.F.);
#1781=ORIENTED_EDGE('',*,*,#1381,.T.);
#1782=ORIENTED_EDGE('',*,*,#1366,.T.);
#1783=ORIENTED_EDGE('',*,*,#1382,.T.);
#1784=ORIENTED_EDGE('',*,*,#1378,.T.);
#1785=ORIENTED_EDGE('',*,*,#1383,.T.);
#1786=ORIENTED_EDGE('',*,*,#1384,.F.);
#1787=ORIENTED_EDGE('',*,*,#1385,.F.);
#1788=ORIENTED_EDGE('',*,*,#1386,.T.);
#1789=ORIENTED_EDGE('',*,*,#1387,.T.);
#1790=ORIENTED_EDGE('',*,*,#1385,.T.);
#1791=ORIENTED_EDGE('',*,*,#1388,.F.);
#1792=ORIENTED_EDGE('',*,*,#1389,.F.);
#1793=ORIENTED_EDGE('',*,*,#1390,.F.);
#1794=ORIENTED_EDGE('',*,*,#1391,.T.);
#1795=ORIENTED_EDGE('',*,*,#1392,.F.);
#1796=ORIENTED_EDGE('',*,*,#1393,.F.);
#1797=ORIENTED_EDGE('',*,*,#1394,.F.);
#1798=ORIENTED_EDGE('',*,*,#1395,.T.);
#1799=ORIENTED_EDGE('',*,*,#1396,.F.);
#1800=ORIENTED_EDGE('',*,*,#1391,.F.);
#1801=ORIENTED_EDGE('',*,*,#1397,.F.);
#1802=ORIENTED_EDGE('',*,*,#1398,.T.);
#1803=ORIENTED_EDGE('',*,*,#1399,.F.);
#1804=ORIENTED_EDGE('',*,*,#1395,.F.);
#1805=ORIENTED_EDGE('',*,*,#1400,.F.);
#1806=ORIENTED_EDGE('',*,*,#1393,.T.);
#1807=ORIENTED_EDGE('',*,*,#1401,.F.);
#1808=ORIENTED_EDGE('',*,*,#1398,.F.);
#1809=ORIENTED_EDGE('',*,*,#1402,.F.);
#1810=ORIENTED_EDGE('',*,*,#1403,.T.);
#1811=ORIENTED_EDGE('',*,*,#1404,.F.);
#1812=ORIENTED_EDGE('',*,*,#1405,.F.);
#1813=ORIENTED_EDGE('',*,*,#1406,.F.);
#1814=ORIENTED_EDGE('',*,*,#1407,.T.);
#1815=ORIENTED_EDGE('',*,*,#1408,.F.);
#1816=ORIENTED_EDGE('',*,*,#1403,.F.);
#1817=ORIENTED_EDGE('',*,*,#1409,.F.);
#1818=ORIENTED_EDGE('',*,*,#1410,.T.);
#1819=ORIENTED_EDGE('',*,*,#1411,.F.);
#1820=ORIENTED_EDGE('',*,*,#1407,.F.);
#1821=ORIENTED_EDGE('',*,*,#1412,.F.);
#1822=ORIENTED_EDGE('',*,*,#1405,.T.);
#1823=ORIENTED_EDGE('',*,*,#1413,.F.);
#1824=ORIENTED_EDGE('',*,*,#1410,.F.);
#1825=ORIENTED_EDGE('',*,*,#1414,.F.);
#1826=ORIENTED_EDGE('',*,*,#1415,.T.);
#1827=ORIENTED_EDGE('',*,*,#1416,.F.);
#1828=ORIENTED_EDGE('',*,*,#1417,.F.);
#1829=ORIENTED_EDGE('',*,*,#1418,.F.);
#1830=ORIENTED_EDGE('',*,*,#1419,.T.);
#1831=ORIENTED_EDGE('',*,*,#1420,.F.);
#1832=ORIENTED_EDGE('',*,*,#1415,.F.);
#1833=ORIENTED_EDGE('',*,*,#1421,.F.);
#1834=ORIENTED_EDGE('',*,*,#1422,.T.);
#1835=ORIENTED_EDGE('',*,*,#1423,.F.);
#1836=ORIENTED_EDGE('',*,*,#1419,.F.);
#1837=ORIENTED_EDGE('',*,*,#1424,.F.);
#1838=ORIENTED_EDGE('',*,*,#1417,.T.);
#1839=ORIENTED_EDGE('',*,*,#1425,.F.);
#1840=ORIENTED_EDGE('',*,*,#1422,.F.);
#1841=ORIENTED_EDGE('',*,*,#1426,.T.);
#1842=ORIENTED_EDGE('',*,*,#1386,.F.);
#1843=ORIENTED_EDGE('',*,*,#1387,.F.);
#1844=ORIENTED_EDGE('',*,*,#1427,.F.);
#1845=ORIENTED_EDGE('',*,*,#1428,.T.);
#1846=ORIENTED_EDGE('',*,*,#1429,.T.);
#1847=ORIENTED_EDGE('',*,*,#1271,.F.);
#1848=ORIENTED_EDGE('',*,*,#1430,.T.);
#1849=ORIENTED_EDGE('',*,*,#1431,.T.);
#1850=ORIENTED_EDGE('',*,*,#1432,.T.);
#1851=ORIENTED_EDGE('',*,*,#1433,.T.);
#1852=ORIENTED_EDGE('',*,*,#1434,.F.);
#1853=ORIENTED_EDGE('',*,*,#1435,.T.);
#1854=ORIENTED_EDGE('',*,*,#1436,.T.);
#1855=ORIENTED_EDGE('',*,*,#1437,.T.);
#1856=ORIENTED_EDGE('',*,*,#1438,.T.);
#1857=ORIENTED_EDGE('',*,*,#1439,.T.);
#1858=ORIENTED_EDGE('',*,*,#1440,.F.);
#1859=ORIENTED_EDGE('',*,*,#1441,.T.);
#1860=ORIENTED_EDGE('',*,*,#1442,.T.);
#1861=ORIENTED_EDGE('',*,*,#1416,.T.);
#1862=ORIENTED_EDGE('',*,*,#1420,.T.);
#1863=ORIENTED_EDGE('',*,*,#1423,.T.);
#1864=ORIENTED_EDGE('',*,*,#1425,.T.);
#1865=ORIENTED_EDGE('',*,*,#1404,.T.);
#1866=ORIENTED_EDGE('',*,*,#1408,.T.);
#1867=ORIENTED_EDGE('',*,*,#1411,.T.);
#1868=ORIENTED_EDGE('',*,*,#1413,.T.);
#1869=ORIENTED_EDGE('',*,*,#1392,.T.);
#1870=ORIENTED_EDGE('',*,*,#1396,.T.);
#1871=ORIENTED_EDGE('',*,*,#1399,.T.);
#1872=ORIENTED_EDGE('',*,*,#1401,.T.);
#1873=ORIENTED_EDGE('',*,*,#1443,.T.);
#1874=ORIENTED_EDGE('',*,*,#1444,.F.);
#1875=ORIENTED_EDGE('',*,*,#1445,.F.);
#1876=ORIENTED_EDGE('',*,*,#1446,.F.);
#1877=ORIENTED_EDGE('',*,*,#1447,.T.);
#1878=ORIENTED_EDGE('',*,*,#1267,.T.);
#1879=ORIENTED_EDGE('',*,*,#1448,.T.);
#1880=ORIENTED_EDGE('',*,*,#1449,.F.);
#1881=ORIENTED_EDGE('',*,*,#1450,.F.);
#1882=ORIENTED_EDGE('',*,*,#1444,.T.);
#1883=ORIENTED_EDGE('',*,*,#1281,.T.);
#1884=ORIENTED_EDGE('',*,*,#1249,.T.);
#1885=ORIENTED_EDGE('',*,*,#1451,.T.);
#1886=ORIENTED_EDGE('',*,*,#1255,.T.);
#1887=ORIENTED_EDGE('',*,*,#1452,.F.);
#1888=ORIENTED_EDGE('',*,*,#1448,.F.);
#1889=ORIENTED_EDGE('',*,*,#1443,.F.);
#1890=ORIENTED_EDGE('',*,*,#1266,.F.);
#1891=ORIENTED_EDGE('',*,*,#1453,.F.);
#1892=ORIENTED_EDGE('',*,*,#1454,.T.);
#1893=ORIENTED_EDGE('',*,*,#1455,.T.);
#1894=ORIENTED_EDGE('',*,*,#1456,.F.);
#1895=ORIENTED_EDGE('',*,*,#1457,.F.);
#1896=ORIENTED_EDGE('',*,*,#1458,.T.);
#1897=ORIENTED_EDGE('',*,*,#1459,.T.);
#1898=ORIENTED_EDGE('',*,*,#1460,.T.);
#1899=ORIENTED_EDGE('',*,*,#1461,.T.);
#1900=ORIENTED_EDGE('',*,*,#1462,.T.);
#1901=ORIENTED_EDGE('',*,*,#1463,.T.);
#1902=ORIENTED_EDGE('',*,*,#1458,.F.);
#1903=ORIENTED_EDGE('',*,*,#1464,.F.);
#1904=ORIENTED_EDGE('',*,*,#1465,.F.);
#1905=ORIENTED_EDGE('',*,*,#1466,.T.);
#1906=ORIENTED_EDGE('',*,*,#1462,.F.);
#1907=ORIENTED_EDGE('',*,*,#1467,.F.);
#1908=ORIENTED_EDGE('',*,*,#1468,.F.);
#1909=ORIENTED_EDGE('',*,*,#1459,.F.);
#1910=ORIENTED_EDGE('',*,*,#1463,.F.);
#1911=ORIENTED_EDGE('',*,*,#1466,.F.);
#1912=ORIENTED_EDGE('',*,*,#1469,.T.);
#1913=ORIENTED_EDGE('',*,*,#1470,.T.);
#1914=ORIENTED_EDGE('',*,*,#1471,.T.);
#1915=ORIENTED_EDGE('',*,*,#1467,.T.);
#1916=ORIENTED_EDGE('',*,*,#1464,.T.);
#1917=ORIENTED_EDGE('',*,*,#1457,.T.);
#1918=ORIENTED_EDGE('',*,*,#1472,.F.);
#1919=ORIENTED_EDGE('',*,*,#1473,.F.);
#1920=ORIENTED_EDGE('',*,*,#1474,.T.);
#1921=ORIENTED_EDGE('',*,*,#1475,.T.);
#1922=ORIENTED_EDGE('',*,*,#1476,.T.);
#1923=ORIENTED_EDGE('',*,*,#1477,.T.);
#1924=ORIENTED_EDGE('',*,*,#1473,.T.);
#1925=ORIENTED_EDGE('',*,*,#1478,.F.);
#1926=ORIENTED_EDGE('',*,*,#1479,.F.);
#1927=ORIENTED_EDGE('',*,*,#1480,.T.);
#1928=ORIENTED_EDGE('',*,*,#1477,.F.);
#1929=ORIENTED_EDGE('',*,*,#1481,.T.);
#1930=ORIENTED_EDGE('',*,*,#1482,.T.);
#1931=ORIENTED_EDGE('',*,*,#1469,.F.);
#1932=ORIENTED_EDGE('',*,*,#1483,.F.);
#1933=ORIENTED_EDGE('',*,*,#1470,.F.);
#1934=ORIENTED_EDGE('',*,*,#1482,.F.);
#1935=ORIENTED_EDGE('',*,*,#1484,.F.);
#1936=ORIENTED_EDGE('',*,*,#1485,.F.);
#1937=ORIENTED_EDGE('',*,*,#1484,.T.);
#1938=ORIENTED_EDGE('',*,*,#1481,.F.);
#1939=ORIENTED_EDGE('',*,*,#1476,.F.);
#1940=ORIENTED_EDGE('',*,*,#1486,.T.);
#1941=ORIENTED_EDGE('',*,*,#1479,.T.);
#1942=ORIENTED_EDGE('',*,*,#1487,.F.);
#1943=ORIENTED_EDGE('',*,*,#1455,.F.);
#1944=ORIENTED_EDGE('',*,*,#1488,.T.);
#1945=ORIENTED_EDGE('',*,*,#1489,.T.);
#1946=ORIENTED_EDGE('',*,*,#1490,.T.);
#1947=ORIENTED_EDGE('',*,*,#1491,.T.);
#1948=ORIENTED_EDGE('',*,*,#1492,.T.);
#1949=ORIENTED_EDGE('',*,*,#1493,.T.);
#1950=ORIENTED_EDGE('',*,*,#1488,.F.);
#1951=ORIENTED_EDGE('',*,*,#1454,.F.);
#1952=ORIENTED_EDGE('',*,*,#1494,.F.);
#1953=ORIENTED_EDGE('',*,*,#1495,.T.);
#1954=ORIENTED_EDGE('',*,*,#1492,.F.);
#1955=ORIENTED_EDGE('',*,*,#1461,.F.);
#1956=ORIENTED_EDGE('',*,*,#1496,.F.);
#1957=ORIENTED_EDGE('',*,*,#1489,.F.);
#1958=ORIENTED_EDGE('',*,*,#1493,.F.);
#1959=ORIENTED_EDGE('',*,*,#1495,.F.);
#1960=ORIENTED_EDGE('',*,*,#1497,.T.);
#1961=ORIENTED_EDGE('',*,*,#1498,.T.);
#1962=ORIENTED_EDGE('',*,*,#1490,.F.);
#1963=ORIENTED_EDGE('',*,*,#1496,.T.);
#1964=ORIENTED_EDGE('',*,*,#1494,.T.);
#1965=ORIENTED_EDGE('',*,*,#1460,.F.);
#1966=ORIENTED_EDGE('',*,*,#1468,.T.);
#1967=ORIENTED_EDGE('',*,*,#1465,.T.);
#1968=ORIENTED_EDGE('',*,*,#1471,.F.);
#1969=ORIENTED_EDGE('',*,*,#1483,.T.);
#1970=ORIENTED_EDGE('',*,*,#1485,.T.);
#1971=ORIENTED_EDGE('',*,*,#1475,.F.);
#1972=ORIENTED_EDGE('',*,*,#1499,.T.);
#1973=ORIENTED_EDGE('',*,*,#1500,.T.);
#1974=ORIENTED_EDGE('',*,*,#1501,.T.);
#1975=ORIENTED_EDGE('',*,*,#1502,.T.);
#1976=ORIENTED_EDGE('',*,*,#1486,.F.);
#1977=ORIENTED_EDGE('',*,*,#1503,.T.);
#1978=ORIENTED_EDGE('',*,*,#1504,.T.);
#1979=ORIENTED_EDGE('',*,*,#1480,.F.);
#1980=ORIENTED_EDGE('',*,*,#1498,.F.);
#1981=ORIENTED_EDGE('',*,*,#1505,.T.);
#1982=ORIENTED_EDGE('',*,*,#1503,.F.);
#1983=ORIENTED_EDGE('',*,*,#1491,.F.);
#1984=ORIENTED_EDGE('',*,*,#1497,.F.);
#1985=ORIENTED_EDGE('',*,*,#1474,.F.);
#1986=ORIENTED_EDGE('',*,*,#1504,.F.);
#1987=ORIENTED_EDGE('',*,*,#1505,.F.);
#1988=ORIENTED_EDGE('',*,*,#1500,.F.);
#1989=ORIENTED_EDGE('',*,*,#1506,.F.);
#1990=ORIENTED_EDGE('',*,*,#1507,.F.);
#1991=ORIENTED_EDGE('',*,*,#1508,.T.);
#1992=ORIENTED_EDGE('',*,*,#1499,.F.);
#1993=ORIENTED_EDGE('',*,*,#1509,.F.);
#1994=ORIENTED_EDGE('',*,*,#1510,.F.);
#1995=ORIENTED_EDGE('',*,*,#1506,.T.);
#1996=ORIENTED_EDGE('',*,*,#1502,.F.);
#1997=ORIENTED_EDGE('',*,*,#1511,.F.);
#1998=ORIENTED_EDGE('',*,*,#1512,.F.);
#1999=ORIENTED_EDGE('',*,*,#1509,.T.);
#2000=ORIENTED_EDGE('',*,*,#1501,.F.);
#2001=ORIENTED_EDGE('',*,*,#1508,.F.);
#2002=ORIENTED_EDGE('',*,*,#1513,.F.);
#2003=ORIENTED_EDGE('',*,*,#1511,.T.);
#2004=ORIENTED_EDGE('',*,*,#1427,.T.);
#2005=ORIENTED_EDGE('',*,*,#1389,.T.);
#2006=ORIENTED_EDGE('',*,*,#1514,.F.);
#2007=ORIENTED_EDGE('',*,*,#1515,.F.);
#2008=ORIENTED_EDGE('',*,*,#1440,.T.);
#2009=ORIENTED_EDGE('',*,*,#1516,.F.);
#2010=ORIENTED_EDGE('',*,*,#1517,.F.);
#2011=ORIENTED_EDGE('',*,*,#1518,.T.);
#2012=ORIENTED_EDGE('',*,*,#1519,.T.);
#2013=ORIENTED_EDGE('',*,*,#1520,.T.);
#2014=ORIENTED_EDGE('',*,*,#1431,.F.);
#2015=ORIENTED_EDGE('',*,*,#1521,.F.);
#2016=ORIENTED_EDGE('',*,*,#1522,.T.);
#2017=ORIENTED_EDGE('',*,*,#1523,.T.);
#2018=ORIENTED_EDGE('',*,*,#1432,.F.);
#2019=ORIENTED_EDGE('',*,*,#1520,.F.);
#2020=ORIENTED_EDGE('',*,*,#1524,.T.);
#2021=ORIENTED_EDGE('',*,*,#1525,.F.);
#2022=ORIENTED_EDGE('',*,*,#1433,.F.);
#2023=ORIENTED_EDGE('',*,*,#1523,.F.);
#2024=ORIENTED_EDGE('',*,*,#1516,.T.);
#2025=ORIENTED_EDGE('',*,*,#1439,.F.);
#2026=ORIENTED_EDGE('',*,*,#1526,.F.);
#2027=ORIENTED_EDGE('',*,*,#1527,.F.);
#2028=ORIENTED_EDGE('',*,*,#1528,.F.);
#2029=ORIENTED_EDGE('',*,*,#1526,.T.);
#2030=ORIENTED_EDGE('',*,*,#1442,.F.);
#2031=ORIENTED_EDGE('',*,*,#1529,.F.);
#2032=ORIENTED_EDGE('',*,*,#1530,.F.);
#2033=ORIENTED_EDGE('',*,*,#1531,.T.);
#2034=ORIENTED_EDGE('',*,*,#1435,.F.);
#2035=ORIENTED_EDGE('',*,*,#1532,.F.);
#2036=ORIENTED_EDGE('',*,*,#1533,.F.);
#2037=ORIENTED_EDGE('',*,*,#1534,.T.);
#2038=ORIENTED_EDGE('',*,*,#1436,.F.);
#2039=ORIENTED_EDGE('',*,*,#1531,.F.);
#2040=ORIENTED_EDGE('',*,*,#1535,.F.);
#2041=ORIENTED_EDGE('',*,*,#1536,.T.);
#2042=ORIENTED_EDGE('',*,*,#1437,.F.);
#2043=ORIENTED_EDGE('',*,*,#1534,.F.);
#2044=ORIENTED_EDGE('',*,*,#1537,.F.);
#2045=ORIENTED_EDGE('',*,*,#1532,.T.);
#2046=ORIENTED_EDGE('',*,*,#1438,.F.);
#2047=ORIENTED_EDGE('',*,*,#1536,.F.);
#2048=ORIENTED_EDGE('',*,*,#1518,.F.);
#2049=ORIENTED_EDGE('',*,*,#1538,.F.);
#2050=ORIENTED_EDGE('',*,*,#1529,.T.);
#2051=ORIENTED_EDGE('',*,*,#1441,.F.);
#2052=ORIENTED_EDGE('',*,*,#1434,.T.);
#2053=ORIENTED_EDGE('',*,*,#1525,.T.);
#2054=ORIENTED_EDGE('',*,*,#1539,.F.);
#2055=ORIENTED_EDGE('',*,*,#1521,.T.);
#2056=ORIENTED_EDGE('',*,*,#1452,.T.);
#2057=ORIENTED_EDGE('',*,*,#1540,.F.);
#2058=ORIENTED_EDGE('',*,*,#1541,.F.);
#2059=ORIENTED_EDGE('',*,*,#1449,.T.);
#2060=ORIENTED_EDGE('',*,*,#1244,.T.);
#2061=ORIENTED_EDGE('',*,*,#1247,.T.);
#2062=ORIENTED_EDGE('',*,*,#1250,.T.);
#2063=ORIENTED_EDGE('',*,*,#1253,.T.);
#2064=ORIENTED_EDGE('',*,*,#1453,.T.);
#2065=ORIENTED_EDGE('',*,*,#1265,.F.);
#2066=ORIENTED_EDGE('',*,*,#1542,.F.);
#2067=ORIENTED_EDGE('',*,*,#1540,.T.);
#2068=ORIENTED_EDGE('',*,*,#1256,.T.);
#2069=ORIENTED_EDGE('',*,*,#1543,.T.);
#2070=ORIENTED_EDGE('',*,*,#1544,.F.);
#2071=ORIENTED_EDGE('',*,*,#1545,.T.);
#2072=ORIENTED_EDGE('',*,*,#1262,.F.);
#2073=ORIENTED_EDGE('',*,*,#1261,.T.);
#2074=ORIENTED_EDGE('',*,*,#1272,.F.);
#2075=ORIENTED_EDGE('',*,*,#1429,.F.);
#2076=ORIENTED_EDGE('',*,*,#1546,.T.);
#2077=ORIENTED_EDGE('',*,*,#1547,.F.);
#2078=ORIENTED_EDGE('',*,*,#1543,.F.);
#2079=ORIENTED_EDGE('',*,*,#1548,.T.);
#2080=ORIENTED_EDGE('',*,*,#1446,.T.);
#2081=ORIENTED_EDGE('',*,*,#1549,.F.);
#2082=ORIENTED_EDGE('',*,*,#1550,.T.);
#2083=ORIENTED_EDGE('',*,*,#1551,.T.);
#2084=ORIENTED_EDGE('',*,*,#1451,.F.);
#2085=ORIENTED_EDGE('',*,*,#1551,.F.);
#2086=ORIENTED_EDGE('',*,*,#1552,.T.);
#2087=ORIENTED_EDGE('',*,*,#1269,.T.);
#2088=ORIENTED_EDGE('',*,*,#1553,.T.);
#2089=ORIENTED_EDGE('',*,*,#1383,.F.);
#2090=ORIENTED_EDGE('',*,*,#1549,.T.);
#2091=ORIENTED_EDGE('',*,*,#1445,.T.);
#2092=ORIENTED_EDGE('',*,*,#1554,.F.);
#2093=ORIENTED_EDGE('',*,*,#1555,.F.);
#2094=ORIENTED_EDGE('',*,*,#1556,.F.);
#2095=ORIENTED_EDGE('',*,*,#1447,.F.);
#2096=ORIENTED_EDGE('',*,*,#1548,.F.);
#2097=ORIENTED_EDGE('',*,*,#1557,.T.);
#2098=ORIENTED_EDGE('',*,*,#1558,.T.);
#2099=ORIENTED_EDGE('',*,*,#1559,.F.);
#2100=ORIENTED_EDGE('',*,*,#1558,.F.);
#2101=ORIENTED_EDGE('',*,*,#1557,.F.);
#2102=ORIENTED_EDGE('',*,*,#1426,.F.);
#2103=ORIENTED_EDGE('',*,*,#1560,.T.);
#2104=ORIENTED_EDGE('',*,*,#1561,.F.);
#2105=ORIENTED_EDGE('',*,*,#1546,.F.);
#2106=ORIENTED_EDGE('',*,*,#1428,.F.);
#2107=ORIENTED_EDGE('',*,*,#1515,.T.);
#2108=ORIENTED_EDGE('',*,*,#1562,.T.);
#2109=ORIENTED_EDGE('',*,*,#1563,.F.);
#2110=ORIENTED_EDGE('',*,*,#1562,.F.);
#2111=ORIENTED_EDGE('',*,*,#1564,.F.);
#2112=ORIENTED_EDGE('',*,*,#1263,.F.);
#2113=ORIENTED_EDGE('',*,*,#1545,.F.);
#2114=ORIENTED_EDGE('',*,*,#1563,.T.);
#2115=ORIENTED_EDGE('',*,*,#1544,.T.);
#2116=ORIENTED_EDGE('',*,*,#1547,.T.);
#2117=ORIENTED_EDGE('',*,*,#1561,.T.);
#2118=ORIENTED_EDGE('',*,*,#1565,.F.);
#2119=ORIENTED_EDGE('',*,*,#1560,.F.);
#2120=ORIENTED_EDGE('',*,*,#1430,.F.);
#2121=ORIENTED_EDGE('',*,*,#1270,.F.);
#2122=ORIENTED_EDGE('',*,*,#1552,.F.);
#2123=ORIENTED_EDGE('',*,*,#1550,.F.);
#2124=ORIENTED_EDGE('',*,*,#1566,.F.);
#2125=ORIENTED_EDGE('',*,*,#1567,.F.);
#2126=ORIENTED_EDGE('',*,*,#1566,.T.);
#2127=ORIENTED_EDGE('',*,*,#1553,.F.);
#2128=ORIENTED_EDGE('',*,*,#1268,.F.);
#2129=ORIENTED_EDGE('',*,*,#1556,.T.);
#2130=ORIENTED_EDGE('',*,*,#1565,.T.);
#2131=ORIENTED_EDGE('',*,*,#1567,.T.);
#2132=ORIENTED_EDGE('',*,*,#1555,.T.);
#2133=ORIENTED_EDGE('',*,*,#1559,.T.);
#2134=ORIENTED_EDGE('',*,*,#1382,.F.);
#2135=ORIENTED_EDGE('',*,*,#1369,.T.);
#2136=ORIENTED_EDGE('',*,*,#1371,.F.);
#2137=ORIENTED_EDGE('',*,*,#1344,.T.);
#2138=ORIENTED_EDGE('',*,*,#1365,.F.);
#2139=ORIENTED_EDGE('',*,*,#1373,.T.);
#2140=ORIENTED_EDGE('',*,*,#1377,.F.);
#2141=ORIENTED_EDGE('',*,*,#1379,.T.);
#2142=ORIENTED_EDGE('',*,*,#1340,.T.);
#2143=ORIENTED_EDGE('',*,*,#1333,.T.);
#2144=ORIENTED_EDGE('',*,*,#1336,.T.);
#2145=ORIENTED_EDGE('',*,*,#1338,.T.);
#2146=ORIENTED_EDGE('',*,*,#1539,.T.);
#2147=ORIENTED_EDGE('',*,*,#1524,.F.);
#2148=ORIENTED_EDGE('',*,*,#1522,.F.);
#2149=ORIENTED_EDGE('',*,*,#1519,.F.);
#2150=ORIENTED_EDGE('',*,*,#1510,.T.);
#2151=ORIENTED_EDGE('',*,*,#1512,.T.);
#2152=ORIENTED_EDGE('',*,*,#1513,.T.);
#2153=ORIENTED_EDGE('',*,*,#1507,.T.);
#2154=ORIENTED_EDGE('',*,*,#1414,.T.);
#2155=ORIENTED_EDGE('',*,*,#1424,.T.);
#2156=ORIENTED_EDGE('',*,*,#1421,.T.);
#2157=ORIENTED_EDGE('',*,*,#1418,.T.);
#2158=ORIENTED_EDGE('',*,*,#1402,.T.);
#2159=ORIENTED_EDGE('',*,*,#1412,.T.);
#2160=ORIENTED_EDGE('',*,*,#1409,.T.);
#2161=ORIENTED_EDGE('',*,*,#1406,.T.);
#2162=ORIENTED_EDGE('',*,*,#1390,.T.);
#2163=ORIENTED_EDGE('',*,*,#1400,.T.);
#2164=ORIENTED_EDGE('',*,*,#1397,.T.);
#2165=ORIENTED_EDGE('',*,*,#1394,.T.);
#2166=ORIENTED_EDGE('',*,*,#1360,.T.);
#2167=ORIENTED_EDGE('',*,*,#1357,.T.);
#2168=ORIENTED_EDGE('',*,*,#1354,.T.);
#2169=ORIENTED_EDGE('',*,*,#1347,.F.);
#2170=ORIENTED_EDGE('',*,*,#1350,.F.);
#2171=ORIENTED_EDGE('',*,*,#1353,.F.);
#2172=ORIENTED_EDGE('',*,*,#1530,.T.);
#2173=ORIENTED_EDGE('',*,*,#1537,.T.);
#2174=ORIENTED_EDGE('',*,*,#1535,.T.);
#2175=ORIENTED_EDGE('',*,*,#1533,.T.);
#2176=ORIENTED_EDGE('',*,*,#1517,.T.);
#2177=ORIENTED_EDGE('',*,*,#1527,.T.);
#2178=ORIENTED_EDGE('',*,*,#1528,.T.);
#2179=ORIENTED_EDGE('',*,*,#1538,.T.);
#2180=ORIENTED_EDGE('',*,*,#1381,.F.);
#2181=ORIENTED_EDGE('',*,*,#1380,.T.);
#2182=ORIENTED_EDGE('',*,*,#1375,.F.);
#2183=ORIENTED_EDGE('',*,*,#1374,.T.);
#2184=ORIENTED_EDGE('',*,*,#1363,.F.);
#2185=ORIENTED_EDGE('',*,*,#1342,.T.);
#2186=ORIENTED_EDGE('',*,*,#1370,.F.);
#2187=ORIENTED_EDGE('',*,*,#1367,.T.);
#2188=ORIENTED_EDGE('',*,*,#1541,.T.);
#2189=ORIENTED_EDGE('',*,*,#1542,.T.);
#2190=ORIENTED_EDGE('',*,*,#1264,.T.);
#2191=ORIENTED_EDGE('',*,*,#1564,.T.);
#2192=ORIENTED_EDGE('',*,*,#1514,.T.);
#2193=ORIENTED_EDGE('',*,*,#1388,.T.);
#2194=ORIENTED_EDGE('',*,*,#1384,.T.);
#2195=ORIENTED_EDGE('',*,*,#1554,.T.);
#2196=ORIENTED_EDGE('',*,*,#1450,.T.);
#2197=ORIENTED_EDGE('',*,*,#1456,.T.);
#2198=ORIENTED_EDGE('',*,*,#1487,.T.);
#2199=ORIENTED_EDGE('',*,*,#1478,.T.);
#2200=ORIENTED_EDGE('',*,*,#1472,.T.);
#2201=ORIENTED_EDGE('',*,*,#1362,.T.);
#2202=ORIENTED_EDGE('',*,*,#1359,.T.);
#2203=ORIENTED_EDGE('',*,*,#1356,.T.);
#2204=ORIENTED_EDGE('',*,*,#1345,.T.);
#2205=ORIENTED_EDGE('',*,*,#1348,.T.);
#2206=ORIENTED_EDGE('',*,*,#1351,.T.);
#2207=ORIENTED_EDGE('',*,*,#1332,.T.);
#2208=ORIENTED_EDGE('',*,*,#1313,.T.);
#2209=ORIENTED_EDGE('',*,*,#1568,.T.);
#2210=ORIENTED_EDGE('',*,*,#1325,.T.);
#2211=ORIENTED_EDGE('',*,*,#1287,.T.);
#2212=ORIENTED_EDGE('',*,*,#1300,.T.);
#2213=ORIENTED_EDGE('',*,*,#1317,.T.);
#2214=ORIENTED_EDGE('',*,*,#1321,.T.);
#2215=ORIENTED_EDGE('',*,*,#1326,.T.);
#2216=ORIENTED_EDGE('',*,*,#1568,.F.);
#2217=ORIENTED_EDGE('',*,*,#1312,.F.);
#2218=ORIENTED_EDGE('',*,*,#1289,.T.);
#2219=CYLINDRICAL_SURFACE('',#2351,1.99999999999999);
#2220=CYLINDRICAL_SURFACE('',#2354,2.00000000000001);
#2221=CYLINDRICAL_SURFACE('',#2357,1.99999999999999);
#2222=CYLINDRICAL_SURFACE('',#2360,1.99999999999999);
#2223=CYLINDRICAL_SURFACE('',#2403,2.8);
#2224=CYLINDRICAL_SURFACE('',#2406,2.8);
#2225=CYLINDRICAL_SURFACE('',#2409,2.8);
#2226=CYLINDRICAL_SURFACE('',#2412,2.80000000000001);
#2227=CYLINDRICAL_SURFACE('',#2415,2.80000000000001);
#2228=CYLINDRICAL_SURFACE('',#2418,2.80000000000001);
#2229=CYLINDRICAL_SURFACE('',#2421,5.);
#2230=CYLINDRICAL_SURFACE('',#2425,5.);
#2231=CYLINDRICAL_SURFACE('',#2429,5.);
#2232=CYLINDRICAL_SURFACE('',#2433,5.);
#2233=ADVANCED_FACE('',(#163),#2219,.F.);
#2234=ADVANCED_FACE('',(#164),#2220,.F.);
#2235=ADVANCED_FACE('',(#165),#2221,.F.);
#2236=ADVANCED_FACE('',(#166),#2222,.F.);
#2237=ADVANCED_FACE('',(#167),#159,.F.);
#2238=ADVANCED_FACE('',(#168,#15),#55,.F.);
#2239=ADVANCED_FACE('',(#169),#160,.F.);
#2240=ADVANCED_FACE('',(#170),#161,.F.);
#2241=ADVANCED_FACE('',(#171,#16),#56,.T.);
#2242=ADVANCED_FACE('',(#172,#17),#57,.T.);
#2243=ADVANCED_FACE('',(#173),#58,.T.);
#2244=ADVANCED_FACE('',(#174),#59,.T.);
#2245=ADVANCED_FACE('',(#175),#60,.T.);
#2246=ADVANCED_FACE('',(#176,#18),#61,.T.);
#2247=ADVANCED_FACE('',(#177),#62,.T.);
#2248=ADVANCED_FACE('',(#178),#63,.T.);
#2249=ADVANCED_FACE('',(#179),#64,.T.);
#2250=ADVANCED_FACE('',(#180),#65,.F.);
#2251=ADVANCED_FACE('',(#181),#66,.T.);
#2252=ADVANCED_FACE('',(#182),#67,.T.);
#2253=ADVANCED_FACE('',(#183),#68,.T.);
#2254=ADVANCED_FACE('',(#184),#69,.F.);
#2255=ADVANCED_FACE('',(#185),#70,.T.);
#2256=ADVANCED_FACE('',(#186),#71,.T.);
#2257=ADVANCED_FACE('',(#187),#72,.T.);
#2258=ADVANCED_FACE('',(#188),#73,.F.);
#2259=ADVANCED_FACE('',(#189),#74,.T.);
#2260=ADVANCED_FACE('',(#190),#75,.T.);
#2261=ADVANCED_FACE('',(#191),#76,.T.);
#2262=ADVANCED_FACE('',(#192),#77,.T.);
#2263=ADVANCED_FACE('',(#193),#78,.T.);
#2264=ADVANCED_FACE('',(#194),#2223,.F.);
#2265=ADVANCED_FACE('',(#195),#2224,.F.);
#2266=ADVANCED_FACE('',(#196),#2225,.F.);
#2267=ADVANCED_FACE('',(#197),#2226,.F.);
#2268=ADVANCED_FACE('',(#198),#2227,.F.);
#2269=ADVANCED_FACE('',(#199),#2228,.F.);
#2270=ADVANCED_FACE('',(#200),#2229,.T.);
#2271=ADVANCED_FACE('',(#201),#79,.T.);
#2272=ADVANCED_FACE('',(#202),#2230,.T.);
#2273=ADVANCED_FACE('',(#203),#80,.T.);
#2274=ADVANCED_FACE('',(#204),#2231,.T.);
#2275=ADVANCED_FACE('',(#205),#81,.T.);
#2276=ADVANCED_FACE('',(#206),#2232,.T.);
#2277=ADVANCED_FACE('',(#207),#82,.F.);
#2278=ADVANCED_FACE('',(#208),#83,.F.);
#2279=ADVANCED_FACE('',(#209),#84,.T.);
#2280=ADVANCED_FACE('',(#210),#85,.T.);
#2281=ADVANCED_FACE('',(#211),#86,.T.);
#2282=ADVANCED_FACE('',(#212),#87,.T.);
#2283=ADVANCED_FACE('',(#213),#88,.T.);
#2284=ADVANCED_FACE('',(#214),#89,.T.);
#2285=ADVANCED_FACE('',(#215),#90,.T.);
#2286=ADVANCED_FACE('',(#216),#91,.T.);
#2287=ADVANCED_FACE('',(#217),#92,.T.);
#2288=ADVANCED_FACE('',(#218),#93,.T.);
#2289=ADVANCED_FACE('',(#219),#94,.T.);
#2290=ADVANCED_FACE('',(#220),#95,.T.);
#2291=ADVANCED_FACE('',(#221,#19,#20,#21,#22,#23,#24),#96,.T.);
#2292=ADVANCED_FACE('',(#222),#97,.T.);
#2293=ADVANCED_FACE('',(#223),#98,.T.);
#2294=ADVANCED_FACE('',(#224,#25),#99,.F.);
#2295=ADVANCED_FACE('',(#225,#26),#100,.T.);
#2296=ADVANCED_FACE('',(#226),#101,.F.);
#2297=ADVANCED_FACE('',(#227),#102,.T.);
#2298=ADVANCED_FACE('',(#228),#103,.T.);
#2299=ADVANCED_FACE('',(#229),#104,.T.);
#2300=ADVANCED_FACE('',(#230),#105,.T.);
#2301=ADVANCED_FACE('',(#231),#106,.T.);
#2302=ADVANCED_FACE('',(#232),#107,.T.);
#2303=ADVANCED_FACE('',(#233),#108,.T.);
#2304=ADVANCED_FACE('',(#234),#109,.T.);
#2305=ADVANCED_FACE('',(#235),#110,.T.);
#2306=ADVANCED_FACE('',(#236),#111,.T.);
#2307=ADVANCED_FACE('',(#237),#112,.T.);
#2308=ADVANCED_FACE('',(#238),#113,.T.);
#2309=ADVANCED_FACE('',(#239),#114,.T.);
#2310=ADVANCED_FACE('',(#240,#27),#115,.T.);
#2311=ADVANCED_FACE('',(#241),#116,.T.);
#2312=ADVANCED_FACE('',(#242),#117,.T.);
#2313=ADVANCED_FACE('',(#243),#118,.T.);
#2314=ADVANCED_FACE('',(#244),#119,.F.);
#2315=ADVANCED_FACE('',(#245),#120,.F.);
#2316=ADVANCED_FACE('',(#246),#121,.F.);
#2317=ADVANCED_FACE('',(#247),#122,.F.);
#2318=ADVANCED_FACE('',(#248),#123,.F.);
#2319=ADVANCED_FACE('',(#249),#124,.F.);
#2320=ADVANCED_FACE('',(#250),#125,.T.);
#2321=ADVANCED_FACE('',(#251),#126,.T.);
#2322=ADVANCED_FACE('',(#252),#127,.T.);
#2323=ADVANCED_FACE('',(#253),#128,.T.);
#2324=ADVANCED_FACE('',(#254),#129,.T.);
#2325=ADVANCED_FACE('',(#255),#130,.T.);
#2326=ADVANCED_FACE('',(#256),#131,.T.);
#2327=ADVANCED_FACE('',(#257),#132,.T.);
#2328=ADVANCED_FACE('',(#258),#133,.T.);
#2329=ADVANCED_FACE('',(#259),#134,.T.);
#2330=ADVANCED_FACE('',(#260),#135,.F.);
#2331=ADVANCED_FACE('',(#261,#28,#29,#30,#31),#136,.T.);
#2332=ADVANCED_FACE('',(#262),#137,.T.);
#2333=ADVANCED_FACE('',(#263),#138,.T.);
#2334=ADVANCED_FACE('',(#264),#139,.T.);
#2335=ADVANCED_FACE('',(#265),#140,.T.);
#2336=ADVANCED_FACE('',(#266),#162,.F.);
#2337=ADVANCED_FACE('',(#267),#141,.F.);
#2338=ADVANCED_FACE('',(#268),#142,.T.);
#2339=ADVANCED_FACE('',(#269),#143,.T.);
#2340=ADVANCED_FACE('',(#270),#144,.T.);
#2341=ADVANCED_FACE('',(#271),#145,.T.);
#2342=ADVANCED_FACE('',(#272),#146,.T.);
#2343=ADVANCED_FACE('',(#273),#147,.T.);
#2344=ADVANCED_FACE('',(#274),#148,.T.);
#2345=ADVANCED_FACE('',(#275),#149,.T.);
#2346=ADVANCED_FACE('',(#276,#32,#33,#34,#35,#36,#37,#38,#39,#40,#41,#42,
#43,#44,#45),#150,.F.);
#2347=ADVANCED_FACE('',(#277,#46,#47,#48,#49,#50,#51,#52,#53,#54),#151,
 .T.);
#2348=ADVANCED_FACE('',(#278),#152,.F.);
#2349=CLOSED_SHELL('',(#2233,#2234,#2235,#2236,#2237,#2238,#2239,#2240,
#2241,#2242,#2243,#2244,#2245,#2246,#2247,#2248,#2249,#2250,#2251,#2252,
#2253,#2254,#2255,#2256,#2257,#2258,#2259,#2260,#2261,#2262,#2263,#2264,
#2265,#2266,#2267,#2268,#2269,#2270,#2271,#2272,#2273,#2274,#2275,#2276,
#2277,#2278,#2279,#2280,#2281,#2282,#2283,#2284,#2285,#2286,#2287,#2288,
#2289,#2290,#2291,#2292,#2293,#2294,#2295,#2296,#2297,#2298,#2299,#2300,
#2301,#2302,#2303,#2304,#2305,#2306,#2307,#2308,#2309,#2310,#2311,#2312,
#2313,#2314,#2315,#2316,#2317,#2318,#2319,#2320,#2321,#2322,#2323,#2324,
#2325,#2326,#2327,#2328,#2329,#2330,#2331,#2332,#2333,#2334,#2335,#2336,
#2337,#2338,#2339,#2340,#2341,#2342,#2343,#2344,#2345,#2346,#2347,#2348));
#2350=AXIS2_PLACEMENT_3D('',#3106,#2510,#2511);
#2351=AXIS2_PLACEMENT_3D('',#3107,#2512,#2513);
#2352=AXIS2_PLACEMENT_3D('',#3109,#2514,#2515);
#2353=AXIS2_PLACEMENT_3D('',#3112,#2517,#2518);
#2354=AXIS2_PLACEMENT_3D('',#3113,#2519,#2520);
#2355=AXIS2_PLACEMENT_3D('',#3115,#2521,#2522);
#2356=AXIS2_PLACEMENT_3D('',#3118,#2524,#2525);
#2357=AXIS2_PLACEMENT_3D('',#3119,#2526,#2527);
#2358=AXIS2_PLACEMENT_3D('',#3121,#2528,#2529);
#2359=AXIS2_PLACEMENT_3D('',#3124,#2531,#2532);
#2360=AXIS2_PLACEMENT_3D('',#3125,#2533,#2534);
#2361=AXIS2_PLACEMENT_3D('',#3127,#2535,#2536);
#2362=AXIS2_PLACEMENT_3D('',#3130,#2538,#2539);
#2363=AXIS2_PLACEMENT_3D('',#3131,#2540,#2541);
#2364=AXIS2_PLACEMENT_3D('',#3139,#2542,#2543);
#2365=AXIS2_PLACEMENT_3D('',#3141,#2544,#2545);
#2366=AXIS2_PLACEMENT_3D('',#3142,#2546,#2547);
#2367=AXIS2_PLACEMENT_3D('',#3144,#2548,#2549);
#2368=AXIS2_PLACEMENT_3D('',#3156,#2550,#2551);
#2369=AXIS2_PLACEMENT_3D('',#3172,#2559,#2560);
#2370=AXIS2_PLACEMENT_3D('',#3180,#2564,#2565);
#2371=AXIS2_PLACEMENT_3D('',#3182,#2566,#2567);
#2372=AXIS2_PLACEMENT_3D('',#3184,#2568,#2569);
#2373=AXIS2_PLACEMENT_3D('',#3185,#2570,#2571);
#2374=AXIS2_PLACEMENT_3D('',#3186,#2572,#2573);
#2375=AXIS2_PLACEMENT_3D('',#3206,#2574,#2575);
#2376=AXIS2_PLACEMENT_3D('',#3207,#2576,#2577);
#2377=AXIS2_PLACEMENT_3D('',#3208,#2578,#2579);
#2378=AXIS2_PLACEMENT_3D('',#3210,#2580,#2581);
#2379=AXIS2_PLACEMENT_3D('',#3211,#2582,#2583);
#2380=AXIS2_PLACEMENT_3D('',#3212,#2584,#2585);
#2381=AXIS2_PLACEMENT_3D('',#3213,#2586,#2587);
#2382=AXIS2_PLACEMENT_3D('',#3214,#2588,#2589);
#2383=AXIS2_PLACEMENT_3D('',#3223,#2594,#2595);
#2384=AXIS2_PLACEMENT_3D('',#3229,#2599,#2600);
#2385=AXIS2_PLACEMENT_3D('',#3233,#2603,#2604);
#2386=AXIS2_PLACEMENT_3D('',#3261,#2619,#2620);
#2387=AXIS2_PLACEMENT_3D('',#3267,#2624,#2625);
#2388=AXIS2_PLACEMENT_3D('',#3271,#2628,#2629);
#2389=AXIS2_PLACEMENT_3D('',#3275,#2632,#2633);
#2390=AXIS2_PLACEMENT_3D('',#3281,#2637,#2638);
#2391=AXIS2_PLACEMENT_3D('',#3287,#2642,#2643);
#2392=AXIS2_PLACEMENT_3D('',#3291,#2646,#2647);
#2393=AXIS2_PLACEMENT_3D('',#3295,#2650,#2651);
#2394=AXIS2_PLACEMENT_3D('',#3305,#2657,#2658);
#2395=AXIS2_PLACEMENT_3D('',#3311,#2662,#2663);
#2396=AXIS2_PLACEMENT_3D('',#3313,#2665,#2666);
#2397=AXIS2_PLACEMENT_3D('',#3315,#2668,#2669);
#2398=AXIS2_PLACEMENT_3D('',#3317,#2671,#2672);
#2399=AXIS2_PLACEMENT_3D('',#3323,#2676,#2677);
#2400=AXIS2_PLACEMENT_3D('',#3327,#2680,#2681);
#2401=AXIS2_PLACEMENT_3D('',#3331,#2684,#2685);
#2402=AXIS2_PLACEMENT_3D('',#3333,#2687,#2688);
#2403=AXIS2_PLACEMENT_3D('',#3342,#2693,#2694);
#2404=AXIS2_PLACEMENT_3D('',#3344,#2695,#2696);
#2405=AXIS2_PLACEMENT_3D('',#3347,#2698,#2699);
#2406=AXIS2_PLACEMENT_3D('',#3348,#2700,#2701);
#2407=AXIS2_PLACEMENT_3D('',#3350,#2702,#2703);
#2408=AXIS2_PLACEMENT_3D('',#3353,#2705,#2706);
#2409=AXIS2_PLACEMENT_3D('',#3354,#2707,#2708);
#2410=AXIS2_PLACEMENT_3D('',#3356,#2709,#2710);
#2411=AXIS2_PLACEMENT_3D('',#3359,#2712,#2713);
#2412=AXIS2_PLACEMENT_3D('',#3360,#2714,#2715);
#2413=AXIS2_PLACEMENT_3D('',#3362,#2716,#2717);
#2414=AXIS2_PLACEMENT_3D('',#3365,#2719,#2720);
#2415=AXIS2_PLACEMENT_3D('',#3366,#2721,#2722);
#2416=AXIS2_PLACEMENT_3D('',#3368,#2723,#2724);
#2417=AXIS2_PLACEMENT_3D('',#3371,#2726,#2727);
#2418=AXIS2_PLACEMENT_3D('',#3372,#2728,#2729);
#2419=AXIS2_PLACEMENT_3D('',#3374,#2730,#2731);
#2420=AXIS2_PLACEMENT_3D('',#3377,#2733,#2734);
#2421=AXIS2_PLACEMENT_3D('',#3378,#2735,#2736);
#2422=AXIS2_PLACEMENT_3D('',#3380,#2737,#2738);
#2423=AXIS2_PLACEMENT_3D('',#3383,#2740,#2741);
#2424=AXIS2_PLACEMENT_3D('',#3384,#2742,#2743);
#2425=AXIS2_PLACEMENT_3D('',#3393,#2748,#2749);
#2426=AXIS2_PLACEMENT_3D('',#3394,#2750,#2751);
#2427=AXIS2_PLACEMENT_3D('',#3395,#2752,#2753);
#2428=AXIS2_PLACEMENT_3D('',#3396,#2754,#2755);
#2429=AXIS2_PLACEMENT_3D('',#3402,#2759,#2760);
#2430=AXIS2_PLACEMENT_3D('',#3404,#2761,#2762);
#2431=AXIS2_PLACEMENT_3D('',#3407,#2764,#2765);
#2432=AXIS2_PLACEMENT_3D('',#3408,#2766,#2767);
#2433=AXIS2_PLACEMENT_3D('',#3414,#2771,#2772);
#2434=AXIS2_PLACEMENT_3D('',#3415,#2773,#2774);
#2435=AXIS2_PLACEMENT_3D('',#3416,#2775,#2776);
#2436=AXIS2_PLACEMENT_3D('',#3417,#2777,#2778);
#2437=AXIS2_PLACEMENT_3D('',#3426,#2783,#2784);
#2438=AXIS2_PLACEMENT_3D('',#3432,#2788,#2789);
#2439=AXIS2_PLACEMENT_3D('',#3441,#2794,#2795);
#2440=AXIS2_PLACEMENT_3D('',#3447,#2799,#2800);
#2441=AXIS2_PLACEMENT_3D('',#3453,#2804,#2805);
#2442=AXIS2_PLACEMENT_3D('',#3456,#2808,#2809);
#2443=AXIS2_PLACEMENT_3D('',#3465,#2814,#2815);
#2444=AXIS2_PLACEMENT_3D('',#3471,#2819,#2820);
#2445=AXIS2_PLACEMENT_3D('',#3477,#2824,#2825);
#2446=AXIS2_PLACEMENT_3D('',#3480,#2828,#2829);
#2447=AXIS2_PLACEMENT_3D('',#3489,#2834,#2835);
#2448=AXIS2_PLACEMENT_3D('',#3495,#2839,#2840);
#2449=AXIS2_PLACEMENT_3D('',#3501,#2844,#2845);
#2450=AXIS2_PLACEMENT_3D('',#3504,#2848,#2849);
#2451=AXIS2_PLACEMENT_3D('',#3537,#2867,#2868);
#2452=AXIS2_PLACEMENT_3D('',#3547,#2874,#2875);
#2453=AXIS2_PLACEMENT_3D('',#3553,#2879,#2880);
#2454=AXIS2_PLACEMENT_3D('',#3554,#2881,#2882);
#2455=AXIS2_PLACEMENT_3D('',#3556,#2883,#2884);
#2456=AXIS2_PLACEMENT_3D('',#3557,#2885,#2886);
#2457=AXIS2_PLACEMENT_3D('',#3561,#2889,#2890);
#2458=AXIS2_PLACEMENT_3D('',#3578,#2899,#2900);
#2459=AXIS2_PLACEMENT_3D('',#3584,#2904,#2905);
#2460=AXIS2_PLACEMENT_3D('',#3590,#2909,#2910);
#2461=AXIS2_PLACEMENT_3D('',#3592,#2912,#2913);
#2462=AXIS2_PLACEMENT_3D('',#3602,#2919,#2920);
#2463=AXIS2_PLACEMENT_3D('',#3616,#2928,#2929);
#2464=AXIS2_PLACEMENT_3D('',#3620,#2932,#2933);
#2465=AXIS2_PLACEMENT_3D('',#3624,#2936,#2937);
#2466=AXIS2_PLACEMENT_3D('',#3626,#2939,#2940);
#2467=AXIS2_PLACEMENT_3D('',#3637,#2947,#2948);
#2468=AXIS2_PLACEMENT_3D('',#3641,#2951,#2952);
#2469=AXIS2_PLACEMENT_3D('',#3645,#2955,#2956);
#2470=AXIS2_PLACEMENT_3D('',#3647,#2958,#2959);
#2471=AXIS2_PLACEMENT_3D('',#3659,#2966,#2967);
#2472=AXIS2_PLACEMENT_3D('',#3663,#2970,#2971);
#2473=AXIS2_PLACEMENT_3D('',#3665,#2973,#2974);
#2474=AXIS2_PLACEMENT_3D('',#3666,#2975,#2976);
#2475=AXIS2_PLACEMENT_3D('',#3672,#2980,#2981);
#2476=AXIS2_PLACEMENT_3D('',#3676,#2984,#2985);
#2477=AXIS2_PLACEMENT_3D('',#3680,#2988,#2989);
#2478=AXIS2_PLACEMENT_3D('',#3682,#2991,#2992);
#2479=AXIS2_PLACEMENT_3D('',#3686,#2995,#2996);
#2480=AXIS2_PLACEMENT_3D('',#3692,#3000,#3001);
#2481=AXIS2_PLACEMENT_3D('',#3698,#3005,#3006);
#2482=AXIS2_PLACEMENT_3D('',#3702,#3009,#3010);
#2483=AXIS2_PLACEMENT_3D('',#3706,#3013,#3014);
#2484=AXIS2_PLACEMENT_3D('',#3710,#3017,#3018);
#2485=AXIS2_PLACEMENT_3D('',#3714,#3021,#3022);
#2486=AXIS2_PLACEMENT_3D('',#3720,#3026,#3027);
#2487=AXIS2_PLACEMENT_3D('',#3724,#3030,#3031);
#2488=AXIS2_PLACEMENT_3D('',#3728,#3034,#3035);
#2489=AXIS2_PLACEMENT_3D('',#3730,#3037,#3038);
#2490=AXIS2_PLACEMENT_3D('',#3732,#3040,#3041);
#2491=AXIS2_PLACEMENT_3D('',#3734,#3043,#3044);
#2492=AXIS2_PLACEMENT_3D('',#3738,#3047,#3048);
#2493=AXIS2_PLACEMENT_3D('',#3740,#3050,#3051);
#2494=AXIS2_PLACEMENT_3D('',#3746,#3055,#3056);
#2495=AXIS2_PLACEMENT_3D('',#3750,#3059,#3060);
#2496=AXIS2_PLACEMENT_3D('',#3753,#3063,#3064);
#2497=AXIS2_PLACEMENT_3D('',#3762,#3065,#3066);
#2498=AXIS2_PLACEMENT_3D('',#3773,#3067,#3068);
#2499=AXIS2_PLACEMENT_3D('',#3775,#3070,#3071);
#2500=AXIS2_PLACEMENT_3D('',#3782,#3076,#3077);
#2501=AXIS2_PLACEMENT_3D('',#3786,#3080,#3081);
#2502=AXIS2_PLACEMENT_3D('',#3790,#3084,#3085);
#2503=AXIS2_PLACEMENT_3D('',#3793,#3088,#3089);
#2504=AXIS2_PLACEMENT_3D('',#3794,#3090,#3091);
#2505=AXIS2_PLACEMENT_3D('',#3798,#3094,#3095);
#2506=AXIS2_PLACEMENT_3D('',#3800,#3097,#3098);
#2507=AXIS2_PLACEMENT_3D('',#3801,#3099,#3100);
#2508=AXIS2_PLACEMENT_3D('',#3802,#3101,#3102);
#2509=AXIS2_PLACEMENT_3D('',#3804,#3104,#3105);
#2510=DIRECTION('axis',(0.,0.,1.));
#2511=DIRECTION('refdir',(1.,0.,0.));
#2512=DIRECTION('center_axis',(0.,0.,1.));
#2513=DIRECTION('ref_axis',(1.,0.,0.));
#2514=DIRECTION('center_axis',(0.,0.,1.));
#2515=DIRECTION('ref_axis',(1.,0.,0.));
#2516=DIRECTION('',(0.,0.,1.));
#2517=DIRECTION('center_axis',(0.,0.,-1.));
#2518=DIRECTION('ref_axis',(1.,0.,0.));
#2519=DIRECTION('center_axis',(0.,0.,1.));
#2520=DIRECTION('ref_axis',(1.,0.,0.));
#2521=DIRECTION('center_axis',(0.,0.,1.));
#2522=DIRECTION('ref_axis',(1.,0.,0.));
#2523=DIRECTION('',(0.,0.,1.));
#2524=DIRECTION('center_axis',(0.,0.,-1.));
#2525=DIRECTION('ref_axis',(1.,0.,0.));
#2526=DIRECTION('center_axis',(0.,0.,1.));
#2527=DIRECTION('ref_axis',(1.,0.,0.));
#2528=DIRECTION('center_axis',(0.,0.,1.));
#2529=DIRECTION('ref_axis',(1.,0.,0.));
#2530=DIRECTION('',(0.,0.,1.));
#2531=DIRECTION('center_axis',(0.,0.,-1.));
#2532=DIRECTION('ref_axis',(1.,0.,0.));
#2533=DIRECTION('center_axis',(0.,0.,1.));
#2534=DIRECTION('ref_axis',(1.,0.,0.));
#2535=DIRECTION('center_axis',(0.,0.,1.));
#2536=DIRECTION('ref_axis',(1.,0.,0.));
#2537=DIRECTION('',(0.,0.,1.));
#2538=DIRECTION('center_axis',(0.,0.,-1.));
#2539=DIRECTION('ref_axis',(1.,0.,0.));
#2540=DIRECTION('center_axis',(0.,0.,1.));
#2541=DIRECTION('ref_axis',(0.981498531246856,-0.191469666423339,0.));
#2542=DIRECTION('center_axis',(0.,0.,1.));
#2543=DIRECTION('ref_axis',(0.981498531246856,-0.191469666423339,0.));
#2544=DIRECTION('center_axis',(-0.191469666423339,-0.981498531246856,0.));
#2545=DIRECTION('ref_axis',(-0.981498531246856,0.191469666423339,0.));
#2546=DIRECTION('center_axis',(0.,0.,1.));
#2547=DIRECTION('ref_axis',(-1.,0.,0.));
#2548=DIRECTION('center_axis',(0.,0.,1.));
#2549=DIRECTION('ref_axis',(0.981498531246856,-0.191469666423339,0.));
#2550=DIRECTION('center_axis',(0.,0.,-1.));
#2551=DIRECTION('ref_axis',(-1.,0.,0.));
#2552=DIRECTION('',(1.,0.,0.));
#2553=DIRECTION('',(0.,-1.,0.));
#2554=DIRECTION('',(-1.,0.,0.));
#2555=DIRECTION('',(0.,1.,0.));
#2556=DIRECTION('',(-1.,0.,0.));
#2557=DIRECTION('',(0.,1.,0.));
#2558=DIRECTION('',(1.,0.,0.));
#2559=DIRECTION('center_axis',(0.,0.,1.));
#2560=DIRECTION('ref_axis',(1.,0.,0.));
#2561=DIRECTION('',(0.,-1.,0.));
#2562=DIRECTION('',(1.,0.,0.));
#2563=DIRECTION('',(0.,1.,0.));
#2564=DIRECTION('center_axis',(0.,0.,1.));
#2565=DIRECTION('ref_axis',(0.988381620801426,-0.151992669763861,0.));
#2566=DIRECTION('center_axis',(0.,0.,1.));
#2567=DIRECTION('ref_axis',(1.,0.,0.));
#2568=DIRECTION('center_axis',(0.,0.,1.));
#2569=DIRECTION('ref_axis',(1.,0.,0.));
#2570=DIRECTION('center_axis',(0.,0.,1.));
#2571=DIRECTION('ref_axis',(0.988381620801426,-0.151992669763861,0.));
#2572=DIRECTION('center_axis',(0.,0.,1.));
#2573=DIRECTION('ref_axis',(0.988381620801426,-0.151992669763861,0.));
#2574=DIRECTION('center_axis',(-0.151992669763861,-0.988381620801426,0.));
#2575=DIRECTION('ref_axis',(-0.988381620801426,0.151992669763861,0.));
#2576=DIRECTION('center_axis',(0.,0.,1.));
#2577=DIRECTION('ref_axis',(-1.,0.,0.));
#2578=DIRECTION('center_axis',(0.,0.,1.));
#2579=DIRECTION('ref_axis',(1.,0.,0.));
#2580=DIRECTION('center_axis',(0.,-1.,0.));
#2581=DIRECTION('ref_axis',(-1.,0.,0.));
#2582=DIRECTION('center_axis',(0.,0.,1.));
#2583=DIRECTION('ref_axis',(-1.,0.,0.));
#2584=DIRECTION('center_axis',(0.,0.,1.));
#2585=DIRECTION('ref_axis',(-1.,0.,0.));
#2586=DIRECTION('center_axis',(0.,0.,1.));
#2587=DIRECTION('ref_axis',(-1.,0.,0.));
#2588=DIRECTION('center_axis',(0.,0.,-1.));
#2589=DIRECTION('ref_axis',(-1.,0.,0.));
#2590=DIRECTION('',(1.,0.,0.));
#2591=DIRECTION('',(0.,1.,0.));
#2592=DIRECTION('',(-1.,0.,0.));
#2593=DIRECTION('',(0.,1.,0.));
#2594=DIRECTION('center_axis',(-1.,0.,0.));
#2595=DIRECTION('ref_axis',(0.,0.,1.));
#2596=DIRECTION('',(0.,0.,-1.));
#2597=DIRECTION('',(0.,-1.,0.));
#2598=DIRECTION('',(0.,0.,1.));
#2599=DIRECTION('center_axis',(0.,1.,0.));
#2600=DIRECTION('ref_axis',(0.,0.,1.));
#2601=DIRECTION('',(-1.,0.,0.));
#2602=DIRECTION('',(0.,0.,1.));
#2603=DIRECTION('center_axis',(0.,1.,0.));
#2604=DIRECTION('ref_axis',(0.,0.,1.));
#2605=DIRECTION('',(0.,0.,1.));
#2606=DIRECTION('',(-1.,0.,0.));
#2607=DIRECTION('',(0.,0.,-1.));
#2608=DIRECTION('',(1.,0.,0.));
#2609=DIRECTION('',(0.,0.,1.));
#2610=DIRECTION('',(-1.,0.,0.));
#2611=DIRECTION('',(0.,0.,-1.));
#2612=DIRECTION('',(1.,0.,0.));
#2613=DIRECTION('',(0.,0.,1.));
#2614=DIRECTION('',(-1.,0.,0.));
#2615=DIRECTION('',(0.,0.,-1.));
#2616=DIRECTION('',(1.,0.,0.));
#2617=DIRECTION('',(0.,0.,1.));
#2618=DIRECTION('',(-1.,0.,0.));
#2619=DIRECTION('center_axis',(0.,0.,1.));
#2620=DIRECTION('ref_axis',(1.,0.,0.));
#2621=DIRECTION('',(0.,-1.,0.));
#2622=DIRECTION('',(1.,0.,0.));
#2623=DIRECTION('',(0.,1.,0.));
#2624=DIRECTION('center_axis',(-1.,0.,0.));
#2625=DIRECTION('ref_axis',(0.,0.,1.));
#2626=DIRECTION('',(0.,0.,1.));
#2627=DIRECTION('',(0.,1.,0.));
#2628=DIRECTION('center_axis',(0.,1.,0.));
#2629=DIRECTION('ref_axis',(0.,0.,1.));
#2630=DIRECTION('',(0.,0.,1.));
#2631=DIRECTION('',(1.,0.,0.));
#2632=DIRECTION('center_axis',(1.,0.,0.));
#2633=DIRECTION('ref_axis',(0.,0.,-1.));
#2634=DIRECTION('',(0.,1.,0.));
#2635=DIRECTION('',(0.,0.,1.));
#2636=DIRECTION('',(0.,1.,0.));
#2637=DIRECTION('center_axis',(1.,0.,0.));
#2638=DIRECTION('ref_axis',(0.,0.,-1.));
#2639=DIRECTION('',(0.,1.,0.));
#2640=DIRECTION('',(0.,0.,-1.));
#2641=DIRECTION('',(0.,1.,0.));
#2642=DIRECTION('center_axis',(0.,0.,-1.));
#2643=DIRECTION('ref_axis',(-1.,0.,0.));
#2644=DIRECTION('',(0.,-1.,0.));
#2645=DIRECTION('',(-1.,0.,0.));
#2646=DIRECTION('center_axis',(0.,1.,0.));
#2647=DIRECTION('ref_axis',(0.,0.,1.));
#2648=DIRECTION('',(0.,0.,-1.));
#2649=DIRECTION('',(-1.,0.,0.));
#2650=DIRECTION('center_axis',(-1.,0.,0.));
#2651=DIRECTION('ref_axis',(0.,0.,1.));
#2652=DIRECTION('',(0.,1.,0.));
#2653=DIRECTION('',(0.,0.,-1.));
#2654=DIRECTION('',(0.,1.,0.));
#2655=DIRECTION('',(0.,0.,-1.));
#2656=DIRECTION('',(0.,1.,0.));
#2657=DIRECTION('center_axis',(1.,0.,0.));
#2658=DIRECTION('ref_axis',(0.,0.,-1.));
#2659=DIRECTION('',(0.,-1.,0.));
#2660=DIRECTION('',(0.,0.,-1.));
#2661=DIRECTION('',(0.,1.,0.));
#2662=DIRECTION('center_axis',(0.,0.,1.));
#2663=DIRECTION('ref_axis',(1.,0.,0.));
#2664=DIRECTION('',(1.,0.,0.));
#2665=DIRECTION('center_axis',(0.,1.,0.));
#2666=DIRECTION('ref_axis',(0.,0.,1.));
#2667=DIRECTION('',(1.,0.,0.));
#2668=DIRECTION('center_axis',(0.,0.,-1.));
#2669=DIRECTION('ref_axis',(-1.,0.,0.));
#2670=DIRECTION('',(1.,0.,0.));
#2671=DIRECTION('center_axis',(0.,0.,-1.));
#2672=DIRECTION('ref_axis',(-1.,0.,0.));
#2673=DIRECTION('',(1.,0.,0.));
#2674=DIRECTION('',(0.,1.,0.));
#2675=DIRECTION('',(0.,1.,0.));
#2676=DIRECTION('center_axis',(-1.,0.,0.));
#2677=DIRECTION('ref_axis',(0.,0.,1.));
#2678=DIRECTION('',(0.,0.,-1.));
#2679=DIRECTION('',(0.,1.,0.));
#2680=DIRECTION('center_axis',(0.,0.,1.));
#2681=DIRECTION('ref_axis',(1.,0.,0.));
#2682=DIRECTION('',(-1.,0.,0.));
#2683=DIRECTION('',(0.,1.,0.));
#2684=DIRECTION('center_axis',(1.,0.,0.));
#2685=DIRECTION('ref_axis',(0.,0.,-1.));
#2686=DIRECTION('',(0.,0.,1.));
#2687=DIRECTION('center_axis',(1.,0.,0.));
#2688=DIRECTION('ref_axis',(0.,0.,-1.));
#2689=DIRECTION('',(0.,-1.,0.));
#2690=DIRECTION('',(0.,0.,-1.));
#2691=DIRECTION('',(0.,1.,0.));
#2692=DIRECTION('',(0.,0.,1.));
#2693=DIRECTION('center_axis',(0.,1.,0.));
#2694=DIRECTION('ref_axis',(1.,0.,0.));
#2695=DIRECTION('center_axis',(0.,-1.,0.));
#2696=DIRECTION('ref_axis',(1.,0.,0.));
#2697=DIRECTION('',(0.,-1.,0.));
#2698=DIRECTION('center_axis',(0.,-1.,0.));
#2699=DIRECTION('ref_axis',(1.,0.,0.));
#2700=DIRECTION('center_axis',(0.,1.,0.));
#2701=DIRECTION('ref_axis',(1.,0.,0.));
#2702=DIRECTION('center_axis',(0.,-1.,0.));
#2703=DIRECTION('ref_axis',(1.,0.,0.));
#2704=DIRECTION('',(0.,-1.,0.));
#2705=DIRECTION('center_axis',(0.,-1.,0.));
#2706=DIRECTION('ref_axis',(1.,0.,0.));
#2707=DIRECTION('center_axis',(0.,1.,0.));
#2708=DIRECTION('ref_axis',(1.,0.,0.));
#2709=DIRECTION('center_axis',(0.,-1.,0.));
#2710=DIRECTION('ref_axis',(1.,0.,0.));
#2711=DIRECTION('',(0.,-1.,0.));
#2712=DIRECTION('center_axis',(0.,-1.,0.));
#2713=DIRECTION('ref_axis',(1.,0.,0.));
#2714=DIRECTION('center_axis',(0.,1.,0.));
#2715=DIRECTION('ref_axis',(1.,0.,0.));
#2716=DIRECTION('center_axis',(0.,1.,0.));
#2717=DIRECTION('ref_axis',(1.,0.,0.));
#2718=DIRECTION('',(0.,1.,0.));
#2719=DIRECTION('center_axis',(0.,-1.,0.));
#2720=DIRECTION('ref_axis',(1.,0.,0.));
#2721=DIRECTION('center_axis',(0.,1.,0.));
#2722=DIRECTION('ref_axis',(1.,0.,0.));
#2723=DIRECTION('center_axis',(0.,1.,0.));
#2724=DIRECTION('ref_axis',(1.,0.,0.));
#2725=DIRECTION('',(0.,1.,0.));
#2726=DIRECTION('center_axis',(0.,-1.,0.));
#2727=DIRECTION('ref_axis',(1.,0.,0.));
#2728=DIRECTION('center_axis',(0.,1.,0.));
#2729=DIRECTION('ref_axis',(1.,0.,0.));
#2730=DIRECTION('center_axis',(0.,1.,0.));
#2731=DIRECTION('ref_axis',(1.,0.,0.));
#2732=DIRECTION('',(0.,1.,0.));
#2733=DIRECTION('center_axis',(0.,-1.,0.));
#2734=DIRECTION('ref_axis',(1.,0.,0.));
#2735=DIRECTION('center_axis',(0.,1.,0.));
#2736=DIRECTION('ref_axis',(0.707106781186547,0.,0.707106781186547));
#2737=DIRECTION('center_axis',(0.,-1.,0.));
#2738=DIRECTION('ref_axis',(0.707106781186547,0.,0.707106781186547));
#2739=DIRECTION('',(0.,-1.,0.));
#2740=DIRECTION('center_axis',(0.,1.,0.));
#2741=DIRECTION('ref_axis',(0.707106781186547,0.,0.707106781186547));
#2742=DIRECTION('center_axis',(0.,0.,-1.));
#2743=DIRECTION('ref_axis',(-1.,0.,0.));
#2744=DIRECTION('',(0.,-1.,0.));
#2745=DIRECTION('',(-1.,0.,0.));
#2746=DIRECTION('',(0.,1.,0.));
#2747=DIRECTION('',(1.,0.,0.));
#2748=DIRECTION('center_axis',(0.,1.,0.));
#2749=DIRECTION('ref_axis',(0.707106781186547,0.,-0.707106781186547));
#2750=DIRECTION('center_axis',(0.,-1.,0.));
#2751=DIRECTION('ref_axis',(0.707106781186547,0.,-0.707106781186547));
#2752=DIRECTION('center_axis',(0.,1.,0.));
#2753=DIRECTION('ref_axis',(0.707106781186547,0.,-0.707106781186547));
#2754=DIRECTION('center_axis',(0.,0.,1.));
#2755=DIRECTION('ref_axis',(1.,0.,0.));
#2756=DIRECTION('',(0.,1.,0.));
#2757=DIRECTION('',(-1.,0.,0.));
#2758=DIRECTION('',(1.,0.,0.));
#2759=DIRECTION('center_axis',(0.,1.,0.));
#2760=DIRECTION('ref_axis',(-0.707106781186547,0.,0.707106781186547));
#2761=DIRECTION('center_axis',(0.,-1.,0.));
#2762=DIRECTION('ref_axis',(-0.707106781186547,0.,0.707106781186547));
#2763=DIRECTION('',(0.,-1.,0.));
#2764=DIRECTION('center_axis',(0.,1.,0.));
#2765=DIRECTION('ref_axis',(-0.707106781186547,0.,0.707106781186547));
#2766=DIRECTION('center_axis',(-1.,0.,0.));
#2767=DIRECTION('ref_axis',(0.,0.,1.));
#2768=DIRECTION('',(0.,1.,0.));
#2769=DIRECTION('',(0.,0.,-1.));
#2770=DIRECTION('',(0.,0.,1.));
#2771=DIRECTION('center_axis',(0.,1.,0.));
#2772=DIRECTION('ref_axis',(-0.707106781186548,0.,-0.707106781186547));
#2773=DIRECTION('center_axis',(0.,-1.,0.));
#2774=DIRECTION('ref_axis',(-0.707106781186548,0.,-0.707106781186547));
#2775=DIRECTION('center_axis',(0.,1.,0.));
#2776=DIRECTION('ref_axis',(-0.707106781186548,0.,-0.707106781186547));
#2777=DIRECTION('center_axis',(-1.,0.,0.));
#2778=DIRECTION('ref_axis',(0.,0.,1.));
#2779=DIRECTION('',(0.,1.,0.));
#2780=DIRECTION('',(0.,0.,-1.));
#2781=DIRECTION('',(0.,1.,0.));
#2782=DIRECTION('',(0.,0.,-1.));
#2783=DIRECTION('center_axis',(0.,0.,1.));
#2784=DIRECTION('ref_axis',(1.,0.,0.));
#2785=DIRECTION('',(-1.,0.,0.));
#2786=DIRECTION('',(-1.,0.,0.));
#2787=DIRECTION('',(0.,1.,0.));
#2788=DIRECTION('center_axis',(-1.,0.,0.));
#2789=DIRECTION('ref_axis',(0.,0.,1.));
#2790=DIRECTION('',(0.,0.,-1.));
#2791=DIRECTION('',(0.,1.,0.));
#2792=DIRECTION('',(0.,0.,1.));
#2793=DIRECTION('',(0.,1.,0.));
#2794=DIRECTION('center_axis',(0.,0.,-1.));
#2795=DIRECTION('ref_axis',(-1.,0.,0.));
#2796=DIRECTION('',(1.,0.,0.));
#2797=DIRECTION('',(0.,1.,0.));
#2798=DIRECTION('',(-1.,0.,0.));
#2799=DIRECTION('center_axis',(1.,0.,0.));
#2800=DIRECTION('ref_axis',(0.,0.,-1.));
#2801=DIRECTION('',(0.,0.,1.));
#2802=DIRECTION('',(0.,1.,0.));
#2803=DIRECTION('',(0.,0.,-1.));
#2804=DIRECTION('center_axis',(0.,0.,1.));
#2805=DIRECTION('ref_axis',(1.,0.,0.));
#2806=DIRECTION('',(-1.,0.,0.));
#2807=DIRECTION('',(1.,0.,0.));
#2808=DIRECTION('center_axis',(0.,0.,1.));
#2809=DIRECTION('ref_axis',(1.,0.,0.));
#2810=DIRECTION('',(-1.,0.,0.));
#2811=DIRECTION('',(0.,1.,0.));
#2812=DIRECTION('',(1.,0.,0.));
#2813=DIRECTION('',(0.,1.,0.));
#2814=DIRECTION('center_axis',(-1.,0.,0.));
#2815=DIRECTION('ref_axis',(0.,0.,1.));
#2816=DIRECTION('',(0.,0.,-1.));
#2817=DIRECTION('',(0.,1.,0.));
#2818=DIRECTION('',(0.,0.,1.));
#2819=DIRECTION('center_axis',(0.,0.,-1.));
#2820=DIRECTION('ref_axis',(-1.,0.,0.));
#2821=DIRECTION('',(1.,0.,0.));
#2822=DIRECTION('',(0.,1.,0.));
#2823=DIRECTION('',(-1.,0.,0.));
#2824=DIRECTION('center_axis',(1.,0.,0.));
#2825=DIRECTION('ref_axis',(0.,0.,-1.));
#2826=DIRECTION('',(0.,0.,1.));
#2827=DIRECTION('',(0.,0.,-1.));
#2828=DIRECTION('center_axis',(0.,0.,-1.));
#2829=DIRECTION('ref_axis',(-1.,0.,0.));
#2830=DIRECTION('',(1.,0.,0.));
#2831=DIRECTION('',(0.,1.,0.));
#2832=DIRECTION('',(-1.,0.,0.));
#2833=DIRECTION('',(0.,1.,0.));
#2834=DIRECTION('center_axis',(1.,0.,0.));
#2835=DIRECTION('ref_axis',(0.,0.,-1.));
#2836=DIRECTION('',(0.,0.,1.));
#2837=DIRECTION('',(0.,1.,0.));
#2838=DIRECTION('',(0.,0.,-1.));
#2839=DIRECTION('center_axis',(0.,0.,1.));
#2840=DIRECTION('ref_axis',(1.,0.,0.));
#2841=DIRECTION('',(-1.,0.,0.));
#2842=DIRECTION('',(0.,1.,0.));
#2843=DIRECTION('',(1.,0.,0.));
#2844=DIRECTION('center_axis',(-1.,0.,0.));
#2845=DIRECTION('ref_axis',(0.,0.,1.));
#2846=DIRECTION('',(0.,0.,-1.));
#2847=DIRECTION('',(0.,0.,1.));
#2848=DIRECTION('center_axis',(0.,1.,0.));
#2849=DIRECTION('ref_axis',(0.,0.,1.));
#2850=DIRECTION('',(-1.,0.,0.));
#2851=DIRECTION('',(0.,0.,1.));
#2852=DIRECTION('',(-1.,0.,0.));
#2853=DIRECTION('',(0.,0.,-1.));
#2854=DIRECTION('',(0.,0.,1.));
#2855=DIRECTION('',(1.,0.,0.));
#2856=DIRECTION('',(0.,0.,1.));
#2857=DIRECTION('',(-1.,0.,0.));
#2858=DIRECTION('',(0.,0.,1.));
#2859=DIRECTION('',(0.,0.,-1.));
#2860=DIRECTION('',(1.,0.,0.));
#2861=DIRECTION('',(0.,0.,1.));
#2862=DIRECTION('',(-1.,0.,0.));
#2863=DIRECTION('',(1.,0.,0.));
#2864=DIRECTION('',(0.,0.,-1.));
#2865=DIRECTION('',(-1.,0.,0.));
#2866=DIRECTION('',(0.,0.,-1.));
#2867=DIRECTION('center_axis',(-4.0166292787459E-5,0.,0.999999999193334));
#2868=DIRECTION('ref_axis',(0.999999999193334,0.,4.0166292787459E-5));
#2869=DIRECTION('',(-0.999999999193334,0.,-4.0166292787459E-5));
#2870=DIRECTION('',(0.,1.,0.));
#2871=DIRECTION('',(0.,1.,0.));
#2872=DIRECTION('',(-0.999999999193334,0.,-4.0166292787459E-5));
#2873=DIRECTION('',(0.,1.,0.));
#2874=DIRECTION('center_axis',(-1.,0.,0.));
#2875=DIRECTION('ref_axis',(0.,0.,1.));
#2876=DIRECTION('',(0.,0.,-1.));
#2877=DIRECTION('',(0.,1.,0.));
#2878=DIRECTION('',(0.,0.,-1.));
#2879=DIRECTION('center_axis',(0.,0.,-1.));
#2880=DIRECTION('ref_axis',(-1.,0.,0.));
#2881=DIRECTION('center_axis',(0.,0.,1.));
#2882=DIRECTION('ref_axis',(-1.,0.,0.));
#2883=DIRECTION('center_axis',(0.,0.,1.));
#2884=DIRECTION('ref_axis',(-1.,0.,0.));
#2885=DIRECTION('center_axis',(0.,-1.,0.));
#2886=DIRECTION('ref_axis',(0.,0.,-1.));
#2887=DIRECTION('',(1.,0.,0.));
#2888=DIRECTION('',(0.,0.,1.));
#2889=DIRECTION('center_axis',(0.,0.,1.));
#2890=DIRECTION('ref_axis',(1.,0.,0.));
#2891=DIRECTION('',(1.,0.,0.));
#2892=DIRECTION('',(0.,1.,0.));
#2893=DIRECTION('',(1.,0.,0.));
#2894=DIRECTION('',(0.,1.,0.));
#2895=DIRECTION('',(1.,0.,0.));
#2896=DIRECTION('',(0.,-1.,0.));
#2897=DIRECTION('',(1.,0.,0.));
#2898=DIRECTION('',(0.,1.,0.));
#2899=DIRECTION('center_axis',(0.,1.,0.));
#2900=DIRECTION('ref_axis',(0.,0.,1.));
#2901=DIRECTION('',(1.,0.,0.));
#2902=DIRECTION('',(0.,0.,-1.));
#2903=DIRECTION('',(0.,0.,-1.));
#2904=DIRECTION('center_axis',(0.,0.,1.));
#2905=DIRECTION('ref_axis',(1.,0.,0.));
#2906=DIRECTION('',(-1.,0.,0.));
#2907=DIRECTION('',(0.,1.,0.));
#2908=DIRECTION('',(0.,1.,0.));
#2909=DIRECTION('center_axis',(1.,0.,0.));
#2910=DIRECTION('ref_axis',(0.,0.,-1.));
#2911=DIRECTION('',(0.,0.,1.));
#2912=DIRECTION('center_axis',(1.,0.,0.));
#2913=DIRECTION('ref_axis',(0.,0.,-1.));
#2914=DIRECTION('',(0.,0.,-1.));
#2915=DIRECTION('',(0.,-1.,0.));
#2916=DIRECTION('',(0.,0.,-1.));
#2917=DIRECTION('',(0.,0.,-1.));
#2918=DIRECTION('',(0.,1.,0.));
#2919=DIRECTION('center_axis',(0.,0.,-1.));
#2920=DIRECTION('ref_axis',(-1.,0.,0.));
#2921=DIRECTION('',(0.,-1.,0.));
#2922=DIRECTION('',(-1.,0.,0.));
#2923=DIRECTION('',(0.,1.,0.));
#2924=DIRECTION('',(-1.,0.,0.));
#2925=DIRECTION('',(-1.,0.,0.));
#2926=DIRECTION('',(0.,1.,0.));
#2927=DIRECTION('',(-1.,0.,0.));
#2928=DIRECTION('center_axis',(0.,1.,0.));
#2929=DIRECTION('ref_axis',(0.,0.,1.));
#2930=DIRECTION('',(0.,0.,-1.));
#2931=DIRECTION('',(-1.,0.,0.));
#2932=DIRECTION('center_axis',(0.,0.,-1.));
#2933=DIRECTION('ref_axis',(-1.,0.,0.));
#2934=DIRECTION('',(1.,0.,0.));
#2935=DIRECTION('',(0.,1.,0.));
#2936=DIRECTION('center_axis',(1.,0.,0.));
#2937=DIRECTION('ref_axis',(0.,0.,-1.));
#2938=DIRECTION('',(0.,0.,1.));
#2939=DIRECTION('center_axis',(-1.,0.,0.));
#2940=DIRECTION('ref_axis',(0.,0.,1.));
#2941=DIRECTION('',(0.,0.,1.));
#2942=DIRECTION('',(0.,0.,1.));
#2943=DIRECTION('',(0.,0.,1.));
#2944=DIRECTION('',(0.,-1.,0.));
#2945=DIRECTION('',(0.,0.,1.));
#2946=DIRECTION('',(0.,1.,0.));
#2947=DIRECTION('center_axis',(0.,1.,0.));
#2948=DIRECTION('ref_axis',(0.,0.,1.));
#2949=DIRECTION('',(0.,0.,1.));
#2950=DIRECTION('',(1.,0.,0.));
#2951=DIRECTION('center_axis',(-1.,0.,0.));
#2952=DIRECTION('ref_axis',(0.,0.,1.));
#2953=DIRECTION('',(0.,0.,-1.));
#2954=DIRECTION('',(0.,1.,0.));
#2955=DIRECTION('center_axis',(0.,0.,1.));
#2956=DIRECTION('ref_axis',(1.,0.,0.));
#2957=DIRECTION('',(-1.,0.,0.));
#2958=DIRECTION('center_axis',(0.,1.,0.));
#2959=DIRECTION('ref_axis',(0.,0.,1.));
#2960=DIRECTION('',(0.,0.,-1.));
#2961=DIRECTION('',(1.,0.,0.));
#2962=DIRECTION('',(0.,0.,1.));
#2963=DIRECTION('',(-1.,0.,0.));
#2964=DIRECTION('',(0.,0.,-1.));
#2965=DIRECTION('',(1.,0.,0.));
#2966=DIRECTION('center_axis',(0.,1.,0.));
#2967=DIRECTION('ref_axis',(0.,0.,1.));
#2968=DIRECTION('',(-1.,0.,0.));
#2969=DIRECTION('',(0.,0.,1.));
#2970=DIRECTION('center_axis',(0.,0.,-1.));
#2971=DIRECTION('ref_axis',(-1.,0.,0.));
#2972=DIRECTION('',(0.,1.,0.));
#2973=DIRECTION('center_axis',(-1.,0.,0.));
#2974=DIRECTION('ref_axis',(0.,0.,1.));
#2975=DIRECTION('center_axis',(0.,0.,1.));
#2976=DIRECTION('ref_axis',(1.,0.,0.));
#2977=DIRECTION('',(0.,1.,0.));
#2978=DIRECTION('',(1.,0.,0.));
#2979=DIRECTION('',(0.,1.,0.));
#2980=DIRECTION('center_axis',(1.,0.,0.));
#2981=DIRECTION('ref_axis',(0.,0.,-1.));
#2982=DIRECTION('',(0.,1.,0.));
#2983=DIRECTION('',(0.,0.,-1.));
#2984=DIRECTION('center_axis',(0.,0.,-1.));
#2985=DIRECTION('ref_axis',(-1.,0.,0.));
#2986=DIRECTION('',(0.,1.,0.));
#2987=DIRECTION('',(-1.,0.,0.));
#2988=DIRECTION('center_axis',(-1.,0.,0.));
#2989=DIRECTION('ref_axis',(0.,0.,1.));
#2990=DIRECTION('',(0.,0.,1.));
#2991=DIRECTION('center_axis',(1.,0.,0.));
#2992=DIRECTION('ref_axis',(0.,0.,-1.));
#2993=DIRECTION('',(0.,0.,1.));
#2994=DIRECTION('',(0.,1.,0.));
#2995=DIRECTION('center_axis',(1.,0.,0.));
#2996=DIRECTION('ref_axis',(0.,0.,-1.));
#2997=DIRECTION('',(0.,1.,0.));
#2998=DIRECTION('',(0.,0.,-1.));
#2999=DIRECTION('',(0.,1.,0.));
#3000=DIRECTION('center_axis',(0.,0.,1.));
#3001=DIRECTION('ref_axis',(1.,0.,0.));
#3002=DIRECTION('',(1.,0.,0.));
#3003=DIRECTION('',(0.,1.,0.));
#3004=DIRECTION('',(0.,1.,0.));
#3005=DIRECTION('center_axis',(-1.,0.,0.));
#3006=DIRECTION('ref_axis',(0.,0.,1.));
#3007=DIRECTION('',(0.,0.,1.));
#3008=DIRECTION('',(0.,1.,0.));
#3009=DIRECTION('center_axis',(0.,0.,-1.));
#3010=DIRECTION('ref_axis',(-1.,0.,0.));
#3011=DIRECTION('',(-1.,0.,0.));
#3012=DIRECTION('',(0.,-1.,0.));
#3013=DIRECTION('center_axis',(0.,0.,1.));
#3014=DIRECTION('ref_axis',(1.,0.,0.));
#3015=DIRECTION('',(0.,1.,0.));
#3016=DIRECTION('',(-1.,0.,0.));
#3017=DIRECTION('center_axis',(1.,0.,0.));
#3018=DIRECTION('ref_axis',(0.,0.,-1.));
#3019=DIRECTION('',(0.,0.,1.));
#3020=DIRECTION('',(0.,1.,0.));
#3021=DIRECTION('center_axis',(1.,0.,0.));
#3022=DIRECTION('ref_axis',(0.,0.,-1.));
#3023=DIRECTION('',(0.,0.,1.));
#3024=DIRECTION('',(0.,1.,0.));
#3025=DIRECTION('',(0.,1.,0.));
#3026=DIRECTION('center_axis',(0.,0.,1.));
#3027=DIRECTION('ref_axis',(1.,0.,0.));
#3028=DIRECTION('',(-1.,0.,0.));
#3029=DIRECTION('',(0.,1.,0.));
#3030=DIRECTION('center_axis',(-1.,0.,0.));
#3031=DIRECTION('ref_axis',(0.,0.,1.));
#3032=DIRECTION('',(0.,0.,-1.));
#3033=DIRECTION('',(0.,1.,0.));
#3034=DIRECTION('center_axis',(0.,0.,-1.));
#3035=DIRECTION('ref_axis',(-1.,0.,0.));
#3036=DIRECTION('',(1.,0.,0.));
#3037=DIRECTION('center_axis',(0.,0.,-1.));
#3038=DIRECTION('ref_axis',(-1.,0.,0.));
#3039=DIRECTION('',(1.,0.,0.));
#3040=DIRECTION('center_axis',(-1.,0.,0.));
#3041=DIRECTION('ref_axis',(0.,0.,1.));
#3042=DIRECTION('',(0.,0.,1.));
#3043=DIRECTION('center_axis',(0.,0.,-1.));
#3044=DIRECTION('ref_axis',(-1.,0.,0.));
#3045=DIRECTION('',(0.,1.,0.));
#3046=DIRECTION('',(1.,0.,0.));
#3047=DIRECTION('center_axis',(1.,0.,0.));
#3048=DIRECTION('ref_axis',(0.,0.,-1.));
#3049=DIRECTION('',(0.,0.,1.));
#3050=DIRECTION('center_axis',(0.,1.,0.));
#3051=DIRECTION('ref_axis',(0.,0.,1.));
#3052=DIRECTION('',(0.,0.,1.));
#3053=DIRECTION('',(-1.,0.,0.));
#3054=DIRECTION('',(-0.00582433891586731,0.,-0.999983038394249));
#3055=DIRECTION('center_axis',(-1.,0.,0.));
#3056=DIRECTION('ref_axis',(0.,0.,1.));
#3057=DIRECTION('',(0.,1.,0.));
#3058=DIRECTION('',(0.,-0.707106781186548,0.707106781186548));
#3059=DIRECTION('center_axis',(0.,1.,0.));
#3060=DIRECTION('ref_axis',(0.,0.,1.));
#3061=DIRECTION('',(0.00582433891586731,0.,-0.999983038394249));
#3062=DIRECTION('',(0.,0.,-1.));
#3063=DIRECTION('center_axis',(0.,0.,1.));
#3064=DIRECTION('ref_axis',(1.,0.,0.));
#3065=DIRECTION('center_axis',(0.,-1.,0.));
#3066=DIRECTION('ref_axis',(-1.,0.,0.));
#3067=DIRECTION('center_axis',(-1.,0.,0.));
#3068=DIRECTION('ref_axis',(0.,0.,1.));
#3069=DIRECTION('',(0.,0.,-1.));
#3070=DIRECTION('center_axis',(-0.999983038394249,0.,-0.00582433891586731));
#3071=DIRECTION('ref_axis',(-0.00582433891586731,0.,0.999983038394249));
#3072=DIRECTION('',(-0.0041184644710757,-0.707100784277037,0.707100784277037));
#3073=DIRECTION('',(-0.00582433891586731,0.,0.999983038394249));
#3074=DIRECTION('',(0.,1.,0.));
#3075=DIRECTION('',(0.,1.,0.));
#3076=DIRECTION('center_axis',(0.,0.,1.));
#3077=DIRECTION('ref_axis',(1.,0.,0.));
#3078=DIRECTION('',(1.,0.,0.));
#3079=DIRECTION('',(0.,1.,0.));
#3080=DIRECTION('center_axis',(0.,0.,1.));
#3081=DIRECTION('ref_axis',(1.,0.,0.));
#3082=DIRECTION('',(1.,0.,0.));
#3083=DIRECTION('',(0.,1.,0.));
#3084=DIRECTION('center_axis',(0.999983038394249,0.,-0.00582433891586731));
#3085=DIRECTION('ref_axis',(-0.00582433891586731,0.,-0.999983038394249));
#3086=DIRECTION('',(-0.0041184644710757,0.707100784277037,-0.707100784277037));
#3087=DIRECTION('',(0.00582433891586731,0.,0.999983038394249));
#3088=DIRECTION('center_axis',(0.,0.707106781186548,0.707106781186548));
#3089=DIRECTION('ref_axis',(1.,0.,0.));
#3090=DIRECTION('center_axis',(1.,0.,0.));
#3091=DIRECTION('ref_axis',(0.,0.,-1.));
#3092=DIRECTION('',(0.,0.707106781186548,-0.707106781186548));
#3093=DIRECTION('',(0.,0.,-1.));
#3094=DIRECTION('center_axis',(0.,1.,0.));
#3095=DIRECTION('ref_axis',(0.,0.,1.));
#3096=DIRECTION('',(-1.,0.,0.));
#3097=DIRECTION('center_axis',(0.,0.707106781186548,0.707106781186548));
#3098=DIRECTION('ref_axis',(1.,0.,0.));
#3099=DIRECTION('center_axis',(0.,1.,0.));
#3100=DIRECTION('ref_axis',(1.,0.,0.));
#3101=DIRECTION('center_axis',(0.,1.,0.));
#3102=DIRECTION('ref_axis',(1.,0.,0.));
#3103=DIRECTION('',(-1.,0.,0.));
#3104=DIRECTION('center_axis',(0.,0.,1.));
#3105=DIRECTION('ref_axis',(1.,0.,0.));
#3106=CARTESIAN_POINT('',(0.,0.,0.));
#3107=CARTESIAN_POINT('Origin',(136.646,21.92,264.000000059605));
#3108=CARTESIAN_POINT('',(134.646,21.92,264.000000059605));
#3109=CARTESIAN_POINT('Origin',(136.646,21.92,264.000000059605));
#3110=CARTESIAN_POINT('',(134.646,21.92,270.000000059605));
#3111=CARTESIAN_POINT('',(134.646,21.92,264.000000059605));
#3112=CARTESIAN_POINT('Origin',(136.646,21.92,269.999999880791));
#3113=CARTESIAN_POINT('Origin',(119.5,21.914487517807,264.000000059605));
#3114=CARTESIAN_POINT('',(117.5,21.914487517807,264.000000059605));
#3115=CARTESIAN_POINT('Origin',(119.5,21.914487517807,264.000000059605));
#3116=CARTESIAN_POINT('',(117.5,21.914487517807,270.000000059605));
#3117=CARTESIAN_POINT('',(117.5,21.914487517807,264.000000059605));
#3118=CARTESIAN_POINT('Origin',(119.5,21.914487517807,270.));
#3119=CARTESIAN_POINT('Origin',(185.5,21.92,264.000000059605));
#3120=CARTESIAN_POINT('',(183.5,21.92,264.000000059605));
#3121=CARTESIAN_POINT('Origin',(185.5,21.92,264.000000059605));
#3122=CARTESIAN_POINT('',(183.5,21.92,270.000000059605));
#3123=CARTESIAN_POINT('',(183.5,21.92,264.000000059605));
#3124=CARTESIAN_POINT('Origin',(185.5,21.92,269.999999880791));
#3125=CARTESIAN_POINT('Origin',(70.5,21.914487517807,264.000000059605));
#3126=CARTESIAN_POINT('',(68.5,21.914487517807,264.000000059605));
#3127=CARTESIAN_POINT('Origin',(70.5,21.914487517807,264.000000059605));
#3128=CARTESIAN_POINT('',(68.5,21.914487517807,270.000000059605));
#3129=CARTESIAN_POINT('',(68.5,21.914487517807,264.000000059605));
#3130=CARTESIAN_POINT('Origin',(70.5,21.914487517807,269.999999880791));
#3131=CARTESIAN_POINT('Origin',(185.5,21.92,273.999999880791));
#3132=CARTESIAN_POINT('',(193.589027427827,25.,266.999999880791));
#3133=CARTESIAN_POINT('',(193.000000476837,25.,267.021464564671));
#3134=CARTESIAN_POINT('Ctrl Pts',(193.589027427827,25.,266.999999880791));
#3135=CARTESIAN_POINT('Ctrl Pts',(193.397688643416,25.,266.999999880791));
#3136=CARTESIAN_POINT('Ctrl Pts',(193.200496490617,25.,267.006906861722));
#3137=CARTESIAN_POINT('Ctrl Pts',(193.000000476837,25.,267.021464564671));
#3138=CARTESIAN_POINT('',(177.004577975308,23.577277692639,266.999999880791));
#3139=CARTESIAN_POINT('Origin',(185.5,21.92,266.999999880791));
#3140=CARTESIAN_POINT('',(182.64285777554,22.4773681989583,269.999999880791));
#3141=CARTESIAN_POINT('Origin',(177.004577975308,23.577277692639,273.999999880791));
#3142=CARTESIAN_POINT('Origin',(185.5,21.92,269.999999880791));
#3143=CARTESIAN_POINT('',(193.000000476837,17.599264232149,266.999999880791));
#3144=CARTESIAN_POINT('Origin',(185.5,21.92,266.999999880791));
#3145=CARTESIAN_POINT('Ctrl Pts',(193.000000476837,25.,267.021464564671));
#3146=CARTESIAN_POINT('Ctrl Pts',(193.000000476837,24.9712283504385,267.022322473818));
#3147=CARTESIAN_POINT('Ctrl Pts',(193.000000476837,24.9427857293979,267.023186112221));
#3148=CARTESIAN_POINT('Ctrl Pts',(193.000000476837,23.978918951995,267.052892068877));
#3149=CARTESIAN_POINT('Ctrl Pts',(193.000000476837,22.8562489845699,267.096038983454));
#3150=CARTESIAN_POINT('Ctrl Pts',(193.000000476837,21.92,267.096038983454));
#3151=CARTESIAN_POINT('Ctrl Pts',(193.000000476837,20.9837510154301,267.096038983454));
#3152=CARTESIAN_POINT('Ctrl Pts',(193.000000476837,19.861081048005,267.052892068877));
#3153=CARTESIAN_POINT('Ctrl Pts',(193.000000476837,18.5109928295691,267.01128293467));
#3154=CARTESIAN_POINT('Ctrl Pts',(193.000000476837,18.0137445015782,266.999999880791));
#3155=CARTESIAN_POINT('Ctrl Pts',(193.000000476837,17.599264232149,266.999999880791));
#3156=CARTESIAN_POINT('Origin',(195.854389053836,-5.,266.999999880791));
#3157=CARTESIAN_POINT('',(195.854389053836,25.,266.999999880791));
#3158=CARTESIAN_POINT('',(195.177194646127,25.,266.999999880791));
#3159=CARTESIAN_POINT('',(195.854389053836,0.,266.999999880791));
#3160=CARTESIAN_POINT('',(195.854389053836,-5.,266.999999880791));
#3161=CARTESIAN_POINT('',(195.999995619059,0.,266.999999880791));
#3162=CARTESIAN_POINT('',(127.,0.,266.999999880791));
#3163=CARTESIAN_POINT('',(195.999995619059,45.,266.999999880791));
#3164=CARTESIAN_POINT('',(195.999995619059,-5.,266.999999880791));
#3165=CARTESIAN_POINT('',(60.1456109461637,45.,266.999999880791));
#3166=CARTESIAN_POINT('',(77.5728051378057,45.,266.999999880791));
#3167=CARTESIAN_POINT('',(60.1456109461637,25.,266.999999880791));
#3168=CARTESIAN_POINT('',(60.1456109461637,-5.,266.999999880791));
#3169=CARTESIAN_POINT('',(62.4130437320537,25.,266.999999880791));
#3170=CARTESIAN_POINT('',(128.677194407709,25.,266.999999880791));
#3171=CARTESIAN_POINT('',(62.9999995231628,17.5936957148051,266.999999880791));
#3172=CARTESIAN_POINT('Origin',(70.5,21.914487517807,266.999999880791));
#3173=CARTESIAN_POINT('',(62.9999995231628,-2.,266.999999880791));
#3174=CARTESIAN_POINT('',(62.9999995231628,-5.,266.999999880791));
#3175=CARTESIAN_POINT('',(193.000000476837,-2.,266.999999880791));
#3176=CARTESIAN_POINT('',(180.56926720453,-2.,266.999999880791));
#3177=CARTESIAN_POINT('',(193.000000476837,-5.,266.999999880791));
#3178=CARTESIAN_POINT('',(128.073397637257,20.7244861111449,266.999999880791));
#3179=CARTESIAN_POINT('',(128.091000962466,23.2355820749557,266.999999880791));
#3180=CARTESIAN_POINT('Origin',(136.646,21.92,266.999999880791));
#3181=CARTESIAN_POINT('',(110.844409298356,21.914487517807,266.999999880791));
#3182=CARTESIAN_POINT('Origin',(119.5,21.914487517807,266.999999880791));
#3183=CARTESIAN_POINT('',(128.072630688078,23.1100014157688,266.999999880791));
#3184=CARTESIAN_POINT('Origin',(119.5,21.914487517807,266.999999880791));
#3185=CARTESIAN_POINT('Origin',(136.646,21.92,266.999999880791));
#3186=CARTESIAN_POINT('Origin',(136.646,21.92,273.999999880791));
#3187=CARTESIAN_POINT('Ctrl Pts',(128.073397637257,20.7244861111449,266.999999880791));
#3188=CARTESIAN_POINT('Ctrl Pts',(128.073390113687,20.7478709912211,266.999999880791));
#3189=CARTESIAN_POINT('Ctrl Pts',(128.073382585255,20.771271472634,267.000002106199));
#3190=CARTESIAN_POINT('Ctrl Pts',(128.073368084446,20.8163449318337,267.000009956697));
#3191=CARTESIAN_POINT('Ctrl Pts',(128.073361102305,20.8380482306767,267.00001532851));
#3192=CARTESIAN_POINT('Ctrl Pts',(128.073291992764,21.0528723602897,267.000081450016));
#3193=CARTESIAN_POINT('Ctrl Pts',(128.073230022396,21.2455339310153,267.000239696771));
#3194=CARTESIAN_POINT('Ctrl Pts',(128.07310930677,21.6209065298602,267.000439444811));
#3195=CARTESIAN_POINT('Ctrl Pts',(128.073063420771,21.7636113174527,267.000486957303));
#3196=CARTESIAN_POINT('Ctrl Pts',(128.072964634334,22.0708762093741,267.000486957303));
#3197=CARTESIAN_POINT('Ctrl Pts',(128.072918760436,22.2135809969707,267.000439444811));
#3198=CARTESIAN_POINT('Ctrl Pts',(128.07279810959,22.5889535958364,267.000239696771));
#3199=CARTESIAN_POINT('Ctrl Pts',(128.072736197597,22.7816151665799,267.000081450016));
#3200=CARTESIAN_POINT('Ctrl Pts',(128.07266717414,22.9964392962216,267.00001532851));
#3201=CARTESIAN_POINT('Ctrl Pts',(128.07266020095,23.0181425950672,267.000009956697));
#3202=CARTESIAN_POINT('Ctrl Pts',(128.072645719298,23.063216054273,267.000002106199));
#3203=CARTESIAN_POINT('Ctrl Pts',(128.072638201103,23.0866165356892,266.999999880791));
#3204=CARTESIAN_POINT('Ctrl Pts',(128.072630688078,23.1100014157688,266.999999880791));
#3205=CARTESIAN_POINT('',(133.768821101847,22.3624506616826,269.999999880791));
#3206=CARTESIAN_POINT('Origin',(128.091000962466,23.2355820749557,273.999999880791));
#3207=CARTESIAN_POINT('Origin',(136.646,21.92,269.999999880791));
#3208=CARTESIAN_POINT('Origin',(119.5,21.914487517807,273.999999880791));
#3209=CARTESIAN_POINT('',(116.588972027901,21.914487517807,270.));
#3210=CARTESIAN_POINT('Origin',(110.844409298356,21.914487517807,273.999999880791));
#3211=CARTESIAN_POINT('Origin',(119.5,21.914487517807,270.));
#3212=CARTESIAN_POINT('Origin',(185.5,21.92,269.999999880791));
#3213=CARTESIAN_POINT('Origin',(136.646,21.92,269.999999880791));
#3214=CARTESIAN_POINT('Origin',(230.768295288086,-5.,290.));
#3215=CARTESIAN_POINT('',(225.568290710449,-4.,290.));
#3216=CARTESIAN_POINT('',(230.768295288086,-4.,290.));
#3217=CARTESIAN_POINT('',(223.668294906616,-4.,290.));
#3218=CARTESIAN_POINT('',(225.568290710449,-3.5,290.));
#3219=CARTESIAN_POINT('',(225.568290710449,-5.,290.));
#3220=CARTESIAN_POINT('',(230.768295288086,-3.5,290.));
#3221=CARTESIAN_POINT('',(225.568290710449,-3.5,290.));
#3222=CARTESIAN_POINT('',(230.768295288086,-5.,290.));
#3223=CARTESIAN_POINT('Origin',(225.568290710449,-5.,290.));
#3224=CARTESIAN_POINT('',(225.568290710449,-4.,294.200000762939));
#3225=CARTESIAN_POINT('',(225.568290710449,-4.,285.000000149012));
#3226=CARTESIAN_POINT('',(225.568290710449,-3.5,294.200000762939));
#3227=CARTESIAN_POINT('',(225.568290710449,-5.,294.200000762939));
#3228=CARTESIAN_POINT('',(225.568290710449,-3.5,294.200000762939));
#3229=CARTESIAN_POINT('Origin',(228.168292999268,-3.5,292.10000038147));
#3230=CARTESIAN_POINT('',(230.768295288086,-3.5,294.200000762939));
#3231=CARTESIAN_POINT('',(215.268293380737,-3.5,294.200000762939));
#3232=CARTESIAN_POINT('',(230.768295288086,-3.5,293.150000572205));
#3233=CARTESIAN_POINT('Origin',(216.568294525146,-4.,280.000000298023));
#3234=CARTESIAN_POINT('',(230.768295288086,-4.,270.));
#3235=CARTESIAN_POINT('',(230.768295288086,-4.,287.100000530481));
#3236=CARTESIAN_POINT('',(225.568290710449,-4.,270.));
#3237=CARTESIAN_POINT('',(221.068292617798,-4.,270.));
#3238=CARTESIAN_POINT('',(225.568290710449,-4.,265.799999833107));
#3239=CARTESIAN_POINT('',(225.568290710449,-4.,272.900000065565));
#3240=CARTESIAN_POINT('',(207.568293571472,-4.,265.799999833107));
#3241=CARTESIAN_POINT('',(223.668294906616,-4.,265.799999833107));
#3242=CARTESIAN_POINT('',(207.568293571472,-4.,270.));
#3243=CARTESIAN_POINT('',(207.568293571472,-4.,275.000000149012));
#3244=CARTESIAN_POINT('',(202.368293762207,-4.,270.));
#3245=CARTESIAN_POINT('',(209.468294143677,-4.,270.));
#3246=CARTESIAN_POINT('',(202.368293762207,-4.,290.));
#3247=CARTESIAN_POINT('',(202.368293762207,-4.,272.900000065565));
#3248=CARTESIAN_POINT('',(207.568293571472,-4.,290.));
#3249=CARTESIAN_POINT('',(212.068294048309,-4.,290.));
#3250=CARTESIAN_POINT('',(207.568293571472,-4.,294.200000762939));
#3251=CARTESIAN_POINT('',(207.568293571472,-4.,287.100000530481));
#3252=CARTESIAN_POINT('',(209.468294143677,-4.,294.200000762939));
#3253=CARTESIAN_POINT('',(205.068290710449,-4.,288.));
#3254=CARTESIAN_POINT('',(205.068290710449,-4.,274.5));
#3255=CARTESIAN_POINT('',(205.068290710449,-4.,288.));
#3256=CARTESIAN_POINT('',(228.068288803101,-4.,274.5));
#3257=CARTESIAN_POINT('',(205.068290710449,-4.,274.5));
#3258=CARTESIAN_POINT('',(228.068288803101,-4.,288.));
#3259=CARTESIAN_POINT('',(228.068288803101,-4.,274.5));
#3260=CARTESIAN_POINT('',(228.068288803101,-4.,288.));
#3261=CARTESIAN_POINT('Origin',(225.568290710449,-5.,270.));
#3262=CARTESIAN_POINT('',(230.768295288086,-3.5,270.));
#3263=CARTESIAN_POINT('',(230.768295288086,-5.,270.));
#3264=CARTESIAN_POINT('',(225.568290710449,-3.5,270.));
#3265=CARTESIAN_POINT('',(230.768295288086,-3.5,270.));
#3266=CARTESIAN_POINT('',(225.568290710449,-5.,270.));
#3267=CARTESIAN_POINT('Origin',(225.568290710449,-5.,265.799999833107));
#3268=CARTESIAN_POINT('',(225.568290710449,-3.5,265.799999833107));
#3269=CARTESIAN_POINT('',(225.568290710449,-3.5,270.));
#3270=CARTESIAN_POINT('',(225.568290710449,-5.,265.799999833107));
#3271=CARTESIAN_POINT('Origin',(228.168292999268,-3.5,267.899999916553));
#3272=CARTESIAN_POINT('',(230.768295288086,-3.5,265.799999833107));
#3273=CARTESIAN_POINT('',(230.768295288086,-3.5,281.050000339746));
#3274=CARTESIAN_POINT('',(229.468294143677,-3.5,265.799999833107));
#3275=CARTESIAN_POINT('Origin',(230.768295288086,-5.,294.200000762939));
#3276=CARTESIAN_POINT('',(230.768295288086,0.,294.200000762939));
#3277=CARTESIAN_POINT('',(230.768295288086,-5.,294.200000762939));
#3278=CARTESIAN_POINT('',(230.768295288086,0.,265.799999833107));
#3279=CARTESIAN_POINT('',(230.768295288086,0.,287.325001320243));
#3280=CARTESIAN_POINT('',(230.768295288086,-5.,265.799999833107));
#3281=CARTESIAN_POINT('Origin',(207.568293571472,-5.,294.200000762939));
#3282=CARTESIAN_POINT('',(207.568293571472,-3.5,290.));
#3283=CARTESIAN_POINT('',(207.568293571472,-5.,290.));
#3284=CARTESIAN_POINT('',(207.568293571472,-3.5,294.200000762939));
#3285=CARTESIAN_POINT('',(207.568293571472,-3.5,290.));
#3286=CARTESIAN_POINT('',(207.568293571472,-5.,294.200000762939));
#3287=CARTESIAN_POINT('Origin',(207.568293571472,-5.,290.));
#3288=CARTESIAN_POINT('',(202.368293762207,-3.5,290.));
#3289=CARTESIAN_POINT('',(202.368293762207,-5.,290.));
#3290=CARTESIAN_POINT('',(202.368293762207,-3.5,290.));
#3291=CARTESIAN_POINT('Origin',(204.96829366684,-3.5,292.10000038147));
#3292=CARTESIAN_POINT('',(202.368293762207,-3.5,294.200000762939));
#3293=CARTESIAN_POINT('',(202.368293762207,-3.5,278.950000107288));
#3294=CARTESIAN_POINT('',(203.668293714523,-3.5,294.200000762939));
#3295=CARTESIAN_POINT('Origin',(202.368293762207,-5.,265.799999833107));
#3296=CARTESIAN_POINT('',(202.368293762207,-3.5,270.));
#3297=CARTESIAN_POINT('',(202.368293762207,-5.,270.));
#3298=CARTESIAN_POINT('',(202.368293762207,-3.5,265.799999833107));
#3299=CARTESIAN_POINT('',(202.368293762207,-3.5,266.84999987483));
#3300=CARTESIAN_POINT('',(202.368293762207,0.,265.799999833107));
#3301=CARTESIAN_POINT('',(202.368293762207,-5.,265.799999833107));
#3302=CARTESIAN_POINT('',(202.368293762207,0.,294.200000762939));
#3303=CARTESIAN_POINT('',(202.368293762207,0.,273.125000855327));
#3304=CARTESIAN_POINT('',(202.368293762207,-5.,294.200000762939));
#3305=CARTESIAN_POINT('Origin',(207.568293571472,-5.,270.));
#3306=CARTESIAN_POINT('',(207.568293571472,-3.5,265.799999833107));
#3307=CARTESIAN_POINT('',(207.568293571472,-5.,265.799999833107));
#3308=CARTESIAN_POINT('',(207.568293571472,-3.5,270.));
#3309=CARTESIAN_POINT('',(207.568293571472,-3.5,265.799999833107));
#3310=CARTESIAN_POINT('',(207.568293571472,-5.,270.));
#3311=CARTESIAN_POINT('Origin',(202.368293762207,-5.,270.));
#3312=CARTESIAN_POINT('',(207.568293571472,-3.5,270.));
#3313=CARTESIAN_POINT('Origin',(204.96829366684,-3.5,267.899999916553));
#3314=CARTESIAN_POINT('',(217.868294477463,-3.5,265.799999833107));
#3315=CARTESIAN_POINT('Origin',(230.768295288086,-5.,265.799999833107));
#3316=CARTESIAN_POINT('',(179.384147644043,0.,265.799999833107));
#3317=CARTESIAN_POINT('Origin',(228.068288803101,-5.,288.));
#3318=CARTESIAN_POINT('',(205.068290710449,-5.,288.));
#3319=CARTESIAN_POINT('',(228.068288803101,-5.,288.));
#3320=CARTESIAN_POINT('',(228.068288803101,-5.,288.));
#3321=CARTESIAN_POINT('',(205.068290710449,-5.,288.));
#3322=CARTESIAN_POINT('',(228.068288803101,-5.,288.));
#3323=CARTESIAN_POINT('Origin',(228.068288803101,-5.,274.5));
#3324=CARTESIAN_POINT('',(228.068288803101,-5.,274.5));
#3325=CARTESIAN_POINT('',(228.068288803101,-5.,274.5));
#3326=CARTESIAN_POINT('',(228.068288803101,-5.,274.5));
#3327=CARTESIAN_POINT('Origin',(205.068290710449,-5.,274.5));
#3328=CARTESIAN_POINT('',(205.068290710449,-5.,274.5));
#3329=CARTESIAN_POINT('',(205.068290710449,-5.,274.5));
#3330=CARTESIAN_POINT('',(205.068290710449,-5.,274.5));
#3331=CARTESIAN_POINT('Origin',(205.068290710449,-5.,288.));
#3332=CARTESIAN_POINT('',(205.068290710449,-5.,288.));
#3333=CARTESIAN_POINT('Origin',(255.5,-5.,302.675001877546));
#3334=CARTESIAN_POINT('',(255.5,0.,263.225001877546));
#3335=CARTESIAN_POINT('',(255.5,-5.,263.225001877546));
#3336=CARTESIAN_POINT('',(255.5,-5.,263.225001877546));
#3337=CARTESIAN_POINT('',(255.5,0.,297.675001877546));
#3338=CARTESIAN_POINT('',(255.5,0.,258.225001877546));
#3339=CARTESIAN_POINT('',(255.5,-5.,297.675001877546));
#3340=CARTESIAN_POINT('',(255.5,-5.,297.675001877546));
#3341=CARTESIAN_POINT('',(255.5,-5.,258.225001877546));
#3342=CARTESIAN_POINT('Origin',(9.,-5.,296.325001877546));
#3343=CARTESIAN_POINT('',(6.2,0.,296.325001877546));
#3344=CARTESIAN_POINT('Origin',(9.,0.,296.325001877546));
#3345=CARTESIAN_POINT('',(6.2,-5.,296.325001877546));
#3346=CARTESIAN_POINT('',(6.2,-5.,296.325001877546));
#3347=CARTESIAN_POINT('Origin',(9.,-5.,296.325001877546));
#3348=CARTESIAN_POINT('Origin',(9.,-5.,264.575001877546));
#3349=CARTESIAN_POINT('',(6.2,0.,264.575001877546));
#3350=CARTESIAN_POINT('Origin',(9.,0.,264.575001877546));
#3351=CARTESIAN_POINT('',(6.2,-5.,264.575001877546));
#3352=CARTESIAN_POINT('',(6.2,-5.,264.575001877546));
#3353=CARTESIAN_POINT('Origin',(9.,-5.,264.575001877546));
#3354=CARTESIAN_POINT('Origin',(9.,-5.,280.450001877546));
#3355=CARTESIAN_POINT('',(6.2,0.,280.450001877546));
#3356=CARTESIAN_POINT('Origin',(9.,0.,280.450001877546));
#3357=CARTESIAN_POINT('',(6.2,-5.,280.450001877546));
#3358=CARTESIAN_POINT('',(6.2,-5.,280.450001877546));
#3359=CARTESIAN_POINT('Origin',(9.,-5.,280.450001877546));
#3360=CARTESIAN_POINT('Origin',(247.,-5.,264.575001877546));
#3361=CARTESIAN_POINT('',(244.2,-5.,264.575001877546));
#3362=CARTESIAN_POINT('Origin',(247.,-5.,264.575001877546));
#3363=CARTESIAN_POINT('',(244.2,0.,264.575001877546));
#3364=CARTESIAN_POINT('',(244.2,-5.,264.575001877546));
#3365=CARTESIAN_POINT('Origin',(247.,0.,264.575001877546));
#3366=CARTESIAN_POINT('Origin',(247.,-5.,280.450001877546));
#3367=CARTESIAN_POINT('',(244.2,-5.,280.450001877546));
#3368=CARTESIAN_POINT('Origin',(247.,-5.,280.450001877546));
#3369=CARTESIAN_POINT('',(244.2,0.,280.450001877546));
#3370=CARTESIAN_POINT('',(244.2,-5.,280.450001877546));
#3371=CARTESIAN_POINT('Origin',(247.,0.,280.450001877546));
#3372=CARTESIAN_POINT('Origin',(247.,-5.,296.325001877546));
#3373=CARTESIAN_POINT('',(244.2,-5.,296.325001877546));
#3374=CARTESIAN_POINT('Origin',(247.,-5.,296.325001877546));
#3375=CARTESIAN_POINT('',(244.2,0.,296.325001877546));
#3376=CARTESIAN_POINT('',(244.2,-5.,296.325001877546));
#3377=CARTESIAN_POINT('Origin',(247.,0.,296.325001877546));
#3378=CARTESIAN_POINT('Origin',(250.5,-5.,297.675001877546));
#3379=CARTESIAN_POINT('',(250.5,0.,302.675001877546));
#3380=CARTESIAN_POINT('Origin',(250.5,0.,297.675001877546));
#3381=CARTESIAN_POINT('',(250.5,-5.,302.675001877546));
#3382=CARTESIAN_POINT('',(250.5,-5.,302.675001877546));
#3383=CARTESIAN_POINT('Origin',(250.5,-5.,297.675001877546));
#3384=CARTESIAN_POINT('Origin',(255.5,-5.,258.225001877546));
#3385=CARTESIAN_POINT('',(5.50000000000001,0.,258.225001877546));
#3386=CARTESIAN_POINT('',(5.50000000000001,-5.,258.225001877546));
#3387=CARTESIAN_POINT('',(5.50000000000001,-5.,258.225001877546));
#3388=CARTESIAN_POINT('',(250.5,0.,258.225001877546));
#3389=CARTESIAN_POINT('',(0.5,0.,258.225001877546));
#3390=CARTESIAN_POINT('',(250.5,-5.,258.225001877546));
#3391=CARTESIAN_POINT('',(250.5,-5.,258.225001877546));
#3392=CARTESIAN_POINT('',(0.5,-5.,258.225001877546));
#3393=CARTESIAN_POINT('Origin',(250.5,-5.,263.225001877546));
#3394=CARTESIAN_POINT('Origin',(250.5,0.,263.225001877546));
#3395=CARTESIAN_POINT('Origin',(250.5,-5.,263.225001877546));
#3396=CARTESIAN_POINT('Origin',(0.5,-5.,302.675001877546));
#3397=CARTESIAN_POINT('',(5.50000000000001,-5.,302.675001877546));
#3398=CARTESIAN_POINT('',(5.50000000000001,0.,302.675001877546));
#3399=CARTESIAN_POINT('',(5.5,-5.,302.675001877546));
#3400=CARTESIAN_POINT('',(255.5,-5.,302.675001877546));
#3401=CARTESIAN_POINT('',(255.5,0.,302.675001877546));
#3402=CARTESIAN_POINT('Origin',(5.5,-5.,297.675001877546));
#3403=CARTESIAN_POINT('',(0.5,0.,297.675001877546));
#3404=CARTESIAN_POINT('Origin',(5.5,0.,297.675001877546));
#3405=CARTESIAN_POINT('',(0.5,-5.,297.675001877546));
#3406=CARTESIAN_POINT('',(0.5,-5.,297.675001877546));
#3407=CARTESIAN_POINT('Origin',(5.5,-5.,297.675001877546));
#3408=CARTESIAN_POINT('Origin',(0.5,-5.,258.225001877546));
#3409=CARTESIAN_POINT('',(0.5,-5.,263.225001877546));
#3410=CARTESIAN_POINT('',(0.5,0.,263.225001877546));
#3411=CARTESIAN_POINT('',(0.5,-5.,263.225001877546));
#3412=CARTESIAN_POINT('',(0.5,-5.,302.675001877546));
#3413=CARTESIAN_POINT('',(0.5,0.,302.675001877546));
#3414=CARTESIAN_POINT('Origin',(5.50000000000001,-5.,263.225001877546));
#3415=CARTESIAN_POINT('Origin',(5.50000000000001,0.,263.225001877546));
#3416=CARTESIAN_POINT('Origin',(5.50000000000001,-5.,263.225001877546));
#3417=CARTESIAN_POINT('Origin',(60.,-5.,264.000000059605));
#3418=CARTESIAN_POINT('',(60.,-2.,292.000000476837));
#3419=CARTESIAN_POINT('',(60.,0.,292.000000476837));
#3420=CARTESIAN_POINT('',(60.,-5.,292.000000476837));
#3421=CARTESIAN_POINT('',(60.,0.,296.000001430511));
#3422=CARTESIAN_POINT('',(60.,0.,272.225000968576));
#3423=CARTESIAN_POINT('',(60.,-2.,296.000001430511));
#3424=CARTESIAN_POINT('',(60.,-5.,296.000001430511));
#3425=CARTESIAN_POINT('',(60.,-2.,272.000000402331));
#3426=CARTESIAN_POINT('Origin',(60.,-5.,296.000001430511));
#3427=CARTESIAN_POINT('',(196.,-2.,296.000001430511));
#3428=CARTESIAN_POINT('',(77.5,-2.,296.000001430511));
#3429=CARTESIAN_POINT('',(196.,0.,296.000001430511));
#3430=CARTESIAN_POINT('',(131.284145355225,0.,296.000001430511));
#3431=CARTESIAN_POINT('',(196.,-5.,296.000001430511));
#3432=CARTESIAN_POINT('Origin',(121.500000953674,-5.,272.000000476837));
#3433=CARTESIAN_POINT('',(121.500000953674,-5.,287.999999523163));
#3434=CARTESIAN_POINT('',(121.500000953674,-5.,272.000000476837));
#3435=CARTESIAN_POINT('',(121.500000953674,-5.,287.999999523163));
#3436=CARTESIAN_POINT('',(121.500000953674,-2.,287.999999523163));
#3437=CARTESIAN_POINT('',(121.500000953674,-5.,287.999999523163));
#3438=CARTESIAN_POINT('',(121.500000953674,-2.,272.000000476837));
#3439=CARTESIAN_POINT('',(121.500000953674,-2.,287.999999523163));
#3440=CARTESIAN_POINT('',(121.500000953674,-5.,272.000000476837));
#3441=CARTESIAN_POINT('Origin',(121.500000953674,-5.,287.999999523163));
#3442=CARTESIAN_POINT('',(106.499999761581,-5.,287.999999523163));
#3443=CARTESIAN_POINT('',(106.499999761581,-5.,287.999999523163));
#3444=CARTESIAN_POINT('',(106.499999761581,-2.,287.999999523163));
#3445=CARTESIAN_POINT('',(106.499999761581,-5.,287.999999523163));
#3446=CARTESIAN_POINT('',(106.499999761581,-2.,287.999999523163));
#3447=CARTESIAN_POINT('Origin',(106.499999761581,-5.,287.999999523163));
#3448=CARTESIAN_POINT('',(106.499999761581,-5.,272.000000476837));
#3449=CARTESIAN_POINT('',(106.499999761581,-5.,272.000000476837));
#3450=CARTESIAN_POINT('',(106.499999761581,-2.,272.000000476837));
#3451=CARTESIAN_POINT('',(106.499999761581,-5.,272.000000476837));
#3452=CARTESIAN_POINT('',(106.499999761581,-2.,272.000000476837));
#3453=CARTESIAN_POINT('Origin',(106.499999761581,-5.,272.000000476837));
#3454=CARTESIAN_POINT('',(121.500000953674,-5.,272.000000476837));
#3455=CARTESIAN_POINT('',(121.500000953674,-2.,272.000000476837));
#3456=CARTESIAN_POINT('Origin',(88.4999996423721,-5.,272.000000476837));
#3457=CARTESIAN_POINT('',(103.500000238419,-5.,272.000000476837));
#3458=CARTESIAN_POINT('',(88.4999996423721,-5.,272.000000476837));
#3459=CARTESIAN_POINT('',(103.500000238419,-5.,272.000000476837));
#3460=CARTESIAN_POINT('',(103.500000238419,-2.,272.000000476837));
#3461=CARTESIAN_POINT('',(103.500000238419,-5.,272.000000476837));
#3462=CARTESIAN_POINT('',(88.4999996423721,-2.,272.000000476837));
#3463=CARTESIAN_POINT('',(103.500000238419,-2.,272.000000476837));
#3464=CARTESIAN_POINT('',(88.4999996423721,-5.,272.000000476837));
#3465=CARTESIAN_POINT('Origin',(103.500000238419,-5.,272.000000476837));
#3466=CARTESIAN_POINT('',(103.500000238419,-5.,287.999999523163));
#3467=CARTESIAN_POINT('',(103.500000238419,-5.,287.999999523163));
#3468=CARTESIAN_POINT('',(103.500000238419,-2.,287.999999523163));
#3469=CARTESIAN_POINT('',(103.500000238419,-5.,287.999999523163));
#3470=CARTESIAN_POINT('',(103.500000238419,-2.,287.999999523163));
#3471=CARTESIAN_POINT('Origin',(103.500000238419,-5.,287.999999523163));
#3472=CARTESIAN_POINT('',(88.4999996423721,-5.,287.999999523163));
#3473=CARTESIAN_POINT('',(88.4999996423721,-5.,287.999999523163));
#3474=CARTESIAN_POINT('',(88.4999996423721,-2.,287.999999523163));
#3475=CARTESIAN_POINT('',(88.4999996423721,-5.,287.999999523163));
#3476=CARTESIAN_POINT('',(88.4999996423721,-2.,287.999999523163));
#3477=CARTESIAN_POINT('Origin',(88.4999996423721,-5.,287.999999523163));
#3478=CARTESIAN_POINT('',(88.4999996423721,-5.,272.000000476837));
#3479=CARTESIAN_POINT('',(88.4999996423721,-2.,272.000000476837));
#3480=CARTESIAN_POINT('Origin',(85.3500002622604,-5.,285.));
#3481=CARTESIAN_POINT('',(69.1499996185303,-5.,285.));
#3482=CARTESIAN_POINT('',(85.3500002622604,-5.,285.));
#3483=CARTESIAN_POINT('',(69.1499996185303,-5.,285.));
#3484=CARTESIAN_POINT('',(69.1499996185303,-2.,285.));
#3485=CARTESIAN_POINT('',(69.1499996185303,-5.,285.));
#3486=CARTESIAN_POINT('',(85.3500002622604,-2.,285.));
#3487=CARTESIAN_POINT('',(69.1499996185303,-2.,285.));
#3488=CARTESIAN_POINT('',(85.3500002622604,-5.,285.));
#3489=CARTESIAN_POINT('Origin',(69.1499996185303,-5.,285.));
#3490=CARTESIAN_POINT('',(69.1499996185303,-5.,271.499999761581));
#3491=CARTESIAN_POINT('',(69.1499996185303,-5.,271.499999761581));
#3492=CARTESIAN_POINT('',(69.1499996185303,-2.,271.499999761581));
#3493=CARTESIAN_POINT('',(69.1499996185303,-5.,271.499999761581));
#3494=CARTESIAN_POINT('',(69.1499996185303,-2.,271.499999761581));
#3495=CARTESIAN_POINT('Origin',(69.1499996185303,-5.,271.499999761581));
#3496=CARTESIAN_POINT('',(85.3500002622604,-5.,271.499999761581));
#3497=CARTESIAN_POINT('',(85.3500002622604,-5.,271.499999761581));
#3498=CARTESIAN_POINT('',(85.3500002622604,-2.,271.499999761581));
#3499=CARTESIAN_POINT('',(85.3500002622604,-5.,271.499999761581));
#3500=CARTESIAN_POINT('',(85.3500002622604,-2.,271.499999761581));
#3501=CARTESIAN_POINT('Origin',(85.3500002622604,-5.,271.499999761581));
#3502=CARTESIAN_POINT('',(85.3500002622604,-5.,285.));
#3503=CARTESIAN_POINT('',(85.3500002622604,-2.,285.));
#3504=CARTESIAN_POINT('Origin',(95.,-2.,280.000000745058));
#3505=CARTESIAN_POINT('',(62.9999995231628,-2.,292.000000476837));
#3506=CARTESIAN_POINT('',(77.5,-2.,292.000000476837));
#3507=CARTESIAN_POINT('',(196.,-2.,292.000000476837));
#3508=CARTESIAN_POINT('',(196.,-2.,288.750001043081));
#3509=CARTESIAN_POINT('',(193.000000476837,-2.,292.000000476837));
#3510=CARTESIAN_POINT('',(144.000000238419,-2.,292.000000476837));
#3511=CARTESIAN_POINT('',(193.000000476837,-2.,273.500000312924));
#3512=CARTESIAN_POINT('',(62.9999995231628,-2.,286.000000610948));
#3513=CARTESIAN_POINT('',(134.568290710449,-2.,272.000000476837));
#3514=CARTESIAN_POINT('',(149.500000238419,-2.,272.000000476837));
#3515=CARTESIAN_POINT('',(134.499999046326,-2.,272.000000476837));
#3516=CARTESIAN_POINT('',(149.500000238419,-2.,287.999999523163));
#3517=CARTESIAN_POINT('',(149.500000238419,-2.,272.000000476837));
#3518=CARTESIAN_POINT('',(134.568290710449,-2.,287.999999523163));
#3519=CARTESIAN_POINT('',(149.500000238419,-2.,287.999999523163));
#3520=CARTESIAN_POINT('',(134.568290710449,-2.,276.225001177192));
#3521=CARTESIAN_POINT('',(170.64999973774,-2.,285.));
#3522=CARTESIAN_POINT('',(170.64999973774,-2.,271.499999761581));
#3523=CARTESIAN_POINT('',(170.64999973774,-2.,285.));
#3524=CARTESIAN_POINT('',(186.85000038147,-2.,271.499999761581));
#3525=CARTESIAN_POINT('',(170.64999973774,-2.,271.499999761581));
#3526=CARTESIAN_POINT('',(186.85000038147,-2.,285.));
#3527=CARTESIAN_POINT('',(186.85000038147,-2.,271.499999761581));
#3528=CARTESIAN_POINT('',(186.85000038147,-2.,285.));
#3529=CARTESIAN_POINT('',(152.499999761581,-2.,272.000000476837));
#3530=CARTESIAN_POINT('',(166.568288803101,-2.,272.000000476837));
#3531=CARTESIAN_POINT('',(152.499999761581,-2.,272.000000476837));
#3532=CARTESIAN_POINT('',(166.568288803101,-2.,287.999999523163));
#3533=CARTESIAN_POINT('',(166.568288803101,-2.,284.225000700355));
#3534=CARTESIAN_POINT('',(152.499999761581,-2.,287.999999523163));
#3535=CARTESIAN_POINT('',(167.500000357628,-2.,287.999999523163));
#3536=CARTESIAN_POINT('',(152.499999761581,-2.,287.999999523163));
#3537=CARTESIAN_POINT('Origin',(59.9999986588955,-5.,266.999994032085));
#3538=CARTESIAN_POINT('',(59.9999986588955,45.,266.999994032085));
#3539=CARTESIAN_POINT('',(77.499968841338,45.,267.000696941012));
#3540=CARTESIAN_POINT('',(60.,0.,266.999994032139));
#3541=CARTESIAN_POINT('',(59.9999986588955,-5.,266.999994032085));
#3542=CARTESIAN_POINT('',(59.9999986588955,-2.,266.999994032085));
#3543=CARTESIAN_POINT('',(60.,-5.,266.999994032139));
#3544=CARTESIAN_POINT('',(60.1456109461637,-2.,266.999999880791));
#3545=CARTESIAN_POINT('',(77.5002603822522,-2.,267.000696952722));
#3546=CARTESIAN_POINT('',(60.1456109461637,-5.,266.999999880791));
#3547=CARTESIAN_POINT('Origin',(60.,-5.,264.000000059605));
#3548=CARTESIAN_POINT('',(60.,45.,264.000000059605));
#3549=CARTESIAN_POINT('',(60.,45.,264.750000014901));
#3550=CARTESIAN_POINT('',(60.,0.,264.000000059605));
#3551=CARTESIAN_POINT('',(60.,-5.,264.000000059605));
#3552=CARTESIAN_POINT('',(60.,0.,272.225000968576));
#3553=CARTESIAN_POINT('Origin',(119.5,21.914487517807,270.));
#3554=CARTESIAN_POINT('Origin',(70.5,21.914487517807,269.999999880791));
#3555=CARTESIAN_POINT('',(67.5889720279005,21.914487517807,269.999999880791));
#3556=CARTESIAN_POINT('Origin',(70.5,21.914487517807,269.999999880791));
#3557=CARTESIAN_POINT('Origin',(94.9999993294477,45.,265.499999970198));
#3558=CARTESIAN_POINT('',(196.,45.,264.000000059605));
#3559=CARTESIAN_POINT('',(145.5000025,45.,264.000000059605));
#3560=CARTESIAN_POINT('',(196.,45.,266.25000352073));
#3561=CARTESIAN_POINT('Origin',(25.2317047119141,-5.,265.799999833107));
#3562=CARTESIAN_POINT('',(48.4317064285278,-3.5,265.799999833107));
#3563=CARTESIAN_POINT('',(53.631706237793,-3.5,265.799999833107));
#3564=CARTESIAN_POINT('',(38.1317055225372,-3.5,265.799999833107));
#3565=CARTESIAN_POINT('',(53.631706237793,1.38777878078145E-16,265.799999833107));
#3566=CARTESIAN_POINT('',(53.631706237793,-5.,265.799999833107));
#3567=CARTESIAN_POINT('',(25.2317047119141,1.38777878078145E-16,265.799999833107));
#3568=CARTESIAN_POINT('',(53.631706237793,1.38777878078145E-16,265.799999833107));
#3569=CARTESIAN_POINT('',(25.2317047119141,-3.5,265.799999833107));
#3570=CARTESIAN_POINT('',(25.2317047119141,-5.,265.799999833107));
#3571=CARTESIAN_POINT('',(30.4317092895508,-3.5,265.799999833107));
#3572=CARTESIAN_POINT('',(26.5317058563232,-3.5,265.799999833107));
#3573=CARTESIAN_POINT('',(30.4317092895508,-4.,265.799999833107));
#3574=CARTESIAN_POINT('',(30.4317092895508,-5.,265.799999833107));
#3575=CARTESIAN_POINT('',(48.4317064285278,-4.,265.799999833107));
#3576=CARTESIAN_POINT('',(32.3317050933838,-4.,265.799999833107));
#3577=CARTESIAN_POINT('',(48.4317064285278,-5.,265.799999833107));
#3578=CARTESIAN_POINT('Origin',(27.8317070007324,-3.5,267.899999916553));
#3579=CARTESIAN_POINT('',(25.2317047119141,-3.5,270.));
#3580=CARTESIAN_POINT('',(30.4317092895508,-3.5,270.));
#3581=CARTESIAN_POINT('',(25.2317047119141,-3.5,270.));
#3582=CARTESIAN_POINT('',(30.4317092895508,-3.5,270.));
#3583=CARTESIAN_POINT('',(25.2317047119141,-3.5,281.050000339746));
#3584=CARTESIAN_POINT('Origin',(25.2317047119141,-5.,270.));
#3585=CARTESIAN_POINT('',(30.4317092895508,-4.,270.));
#3586=CARTESIAN_POINT('',(25.2317047119141,-4.,270.));
#3587=CARTESIAN_POINT('',(32.3317050933838,-4.,270.));
#3588=CARTESIAN_POINT('',(30.4317092895508,-5.,270.));
#3589=CARTESIAN_POINT('',(25.2317047119141,-5.,270.));
#3590=CARTESIAN_POINT('Origin',(30.4317092895508,-5.,270.));
#3591=CARTESIAN_POINT('',(30.4317092895508,-4.,275.000000149012));
#3592=CARTESIAN_POINT('Origin',(25.2317047119141,-5.,294.200000762939));
#3593=CARTESIAN_POINT('',(25.2317047119141,-3.5,294.200000762939));
#3594=CARTESIAN_POINT('',(25.2317047119141,-3.5,290.));
#3595=CARTESIAN_POINT('',(25.2317047119141,-3.5,293.150000572205));
#3596=CARTESIAN_POINT('',(25.2317047119141,-4.,290.));
#3597=CARTESIAN_POINT('',(25.2317047119141,-5.,290.));
#3598=CARTESIAN_POINT('',(25.2317047119141,-4.,287.100000530481));
#3599=CARTESIAN_POINT('',(25.2317047119141,1.38777878078145E-16,294.200000762939));
#3600=CARTESIAN_POINT('',(25.2317047119141,1.38777878078145E-16,265.799999833107));
#3601=CARTESIAN_POINT('',(25.2317047119141,-5.,294.200000762939));
#3602=CARTESIAN_POINT('Origin',(53.631706237793,-5.,294.200000762939));
#3603=CARTESIAN_POINT('',(48.4317064285278,-3.5,294.200000762939));
#3604=CARTESIAN_POINT('',(48.4317064285278,-4.,294.200000762939));
#3605=CARTESIAN_POINT('',(48.4317064285278,-5.,294.200000762939));
#3606=CARTESIAN_POINT('',(30.4317092895508,-4.,294.200000762939));
#3607=CARTESIAN_POINT('',(46.5317058563232,-4.,294.200000762939));
#3608=CARTESIAN_POINT('',(30.4317092895508,-3.5,294.200000762939));
#3609=CARTESIAN_POINT('',(30.4317092895508,-5.,294.200000762939));
#3610=CARTESIAN_POINT('',(40.7317066192627,-3.5,294.200000762939));
#3611=CARTESIAN_POINT('',(53.631706237793,1.38777878078145E-16,294.200000762939));
#3612=CARTESIAN_POINT('',(25.2317047119141,1.38777878078145E-16,294.200000762939));
#3613=CARTESIAN_POINT('',(53.631706237793,-3.5,294.200000762939));
#3614=CARTESIAN_POINT('',(53.631706237793,-5.,294.200000762939));
#3615=CARTESIAN_POINT('',(52.3317062854767,-3.5,294.200000762939));
#3616=CARTESIAN_POINT('Origin',(27.8317070007324,-3.5,292.10000038147));
#3617=CARTESIAN_POINT('',(30.4317092895508,-3.5,290.));
#3618=CARTESIAN_POINT('',(30.4317092895508,-3.5,294.200000762939));
#3619=CARTESIAN_POINT('',(30.4317092895508,-3.5,290.));
#3620=CARTESIAN_POINT('Origin',(30.4317092895508,-5.,290.));
#3621=CARTESIAN_POINT('',(30.4317092895508,-4.,290.));
#3622=CARTESIAN_POINT('',(34.9317073822021,-4.,290.));
#3623=CARTESIAN_POINT('',(30.4317092895508,-5.,290.));
#3624=CARTESIAN_POINT('Origin',(30.4317092895508,-5.,294.200000762939));
#3625=CARTESIAN_POINT('',(30.4317092895508,-4.,287.100000530481));
#3626=CARTESIAN_POINT('Origin',(53.631706237793,-5.,265.799999833107));
#3627=CARTESIAN_POINT('',(53.631706237793,-3.5,290.));
#3628=CARTESIAN_POINT('',(53.631706237793,-3.5,278.950000107288));
#3629=CARTESIAN_POINT('',(53.631706237793,1.38777878078145E-16,294.200000762939));
#3630=CARTESIAN_POINT('',(53.631706237793,-3.5,270.));
#3631=CARTESIAN_POINT('',(53.631706237793,-3.5,266.84999987483));
#3632=CARTESIAN_POINT('',(53.631706237793,-4.,270.));
#3633=CARTESIAN_POINT('',(53.631706237793,-5.,270.));
#3634=CARTESIAN_POINT('',(53.631706237793,-4.,290.));
#3635=CARTESIAN_POINT('',(53.631706237793,-4.,272.900000065565));
#3636=CARTESIAN_POINT('',(53.631706237793,-5.,290.));
#3637=CARTESIAN_POINT('Origin',(51.0317063331604,-3.5,267.899999916553));
#3638=CARTESIAN_POINT('',(48.4317064285278,-3.5,270.));
#3639=CARTESIAN_POINT('',(48.4317064285278,-3.5,265.799999833107));
#3640=CARTESIAN_POINT('',(48.4317064285278,-3.5,270.));
#3641=CARTESIAN_POINT('Origin',(48.4317064285278,-5.,265.799999833107));
#3642=CARTESIAN_POINT('',(48.4317064285278,-4.,270.));
#3643=CARTESIAN_POINT('',(48.4317064285278,-4.,272.900000065565));
#3644=CARTESIAN_POINT('',(48.4317064285278,-5.,270.));
#3645=CARTESIAN_POINT('Origin',(48.4317064285278,-5.,270.));
#3646=CARTESIAN_POINT('',(43.9317059516907,-4.,270.));
#3647=CARTESIAN_POINT('Origin',(39.4317054748535,-4.,280.000000298023));
#3648=CARTESIAN_POINT('',(48.4317064285278,-4.,290.));
#3649=CARTESIAN_POINT('',(48.4317064285278,-4.,285.000000149012));
#3650=CARTESIAN_POINT('',(46.5317058563232,-4.,290.));
#3651=CARTESIAN_POINT('',(50.9317092895508,-4.,274.5));
#3652=CARTESIAN_POINT('',(50.9317092895508,-4.,288.));
#3653=CARTESIAN_POINT('',(50.9317092895508,-4.,284.000000149012));
#3654=CARTESIAN_POINT('',(27.9317111968994,-4.,288.));
#3655=CARTESIAN_POINT('',(33.6817083358765,-4.,288.));
#3656=CARTESIAN_POINT('',(27.9317111968994,-4.,274.5));
#3657=CARTESIAN_POINT('',(27.9317111968994,-4.,277.250000149012));
#3658=CARTESIAN_POINT('',(45.1817073822021,-4.,274.5));
#3659=CARTESIAN_POINT('Origin',(51.0317063331604,-3.5,292.10000038147));
#3660=CARTESIAN_POINT('',(48.4317064285278,-3.5,290.));
#3661=CARTESIAN_POINT('',(53.631706237793,-3.5,290.));
#3662=CARTESIAN_POINT('',(48.4317064285278,-3.5,290.));
#3663=CARTESIAN_POINT('Origin',(53.631706237793,-5.,290.));
#3664=CARTESIAN_POINT('',(48.4317064285278,-5.,290.));
#3665=CARTESIAN_POINT('Origin',(48.4317064285278,-5.,290.));
#3666=CARTESIAN_POINT('Origin',(27.9317111968994,-5.,288.));
#3667=CARTESIAN_POINT('',(50.9317092895508,-5.,288.));
#3668=CARTESIAN_POINT('',(50.9317092895508,-5.,288.));
#3669=CARTESIAN_POINT('',(27.9317111968994,-5.,288.));
#3670=CARTESIAN_POINT('',(77.9658555984497,-5.,288.));
#3671=CARTESIAN_POINT('',(27.9317111968994,-5.,288.));
#3672=CARTESIAN_POINT('Origin',(50.9317092895508,-5.,288.));
#3673=CARTESIAN_POINT('',(50.9317092895508,-5.,274.5));
#3674=CARTESIAN_POINT('',(50.9317092895508,-5.,274.5));
#3675=CARTESIAN_POINT('',(50.9317092895508,-5.,284.225000938773));
#3676=CARTESIAN_POINT('Origin',(50.9317092895508,-5.,274.5));
#3677=CARTESIAN_POINT('',(27.9317111968994,-5.,274.5));
#3678=CARTESIAN_POINT('',(27.9317111968994,-5.,274.5));
#3679=CARTESIAN_POINT('',(89.4658546447754,-5.,274.5));
#3680=CARTESIAN_POINT('Origin',(27.9317111968994,-5.,274.5));
#3681=CARTESIAN_POINT('',(27.9317111968994,-5.,277.475000938773));
#3682=CARTESIAN_POINT('Origin',(196.,-5.,296.000001430511));
#3683=CARTESIAN_POINT('',(196.,0.,292.000000476837));
#3684=CARTESIAN_POINT('',(196.,0.,288.225001654029));
#3685=CARTESIAN_POINT('',(196.,-5.,292.000000476837));
#3686=CARTESIAN_POINT('Origin',(166.568288803101,-5.,287.999999523163));
#3687=CARTESIAN_POINT('',(166.568288803101,-5.,272.000000476837));
#3688=CARTESIAN_POINT('',(166.568288803101,-5.,272.000000476837));
#3689=CARTESIAN_POINT('',(166.568288803101,-5.,287.999999523163));
#3690=CARTESIAN_POINT('',(166.568288803101,-5.,284.225000700355));
#3691=CARTESIAN_POINT('',(166.568288803101,-5.,287.999999523163));
#3692=CARTESIAN_POINT('Origin',(134.568290710449,-5.,272.000000476837));
#3693=CARTESIAN_POINT('',(134.568290710449,-5.,272.000000476837));
#3694=CARTESIAN_POINT('',(149.500000238419,-5.,272.000000476837));
#3695=CARTESIAN_POINT('',(134.499999046326,-5.,272.000000476837));
#3696=CARTESIAN_POINT('',(149.500000238419,-5.,272.000000476837));
#3697=CARTESIAN_POINT('',(134.568290710449,-5.,272.000000476837));
#3698=CARTESIAN_POINT('Origin',(149.500000238419,-5.,272.000000476837));
#3699=CARTESIAN_POINT('',(149.500000238419,-5.,287.999999523163));
#3700=CARTESIAN_POINT('',(149.500000238419,-5.,272.000000476837));
#3701=CARTESIAN_POINT('',(149.500000238419,-5.,287.999999523163));
#3702=CARTESIAN_POINT('Origin',(149.500000238419,-5.,287.999999523163));
#3703=CARTESIAN_POINT('',(134.568290710449,-5.,287.999999523163));
#3704=CARTESIAN_POINT('',(149.500000238419,-5.,287.999999523163));
#3705=CARTESIAN_POINT('',(134.568290710449,-5.,287.999999523163));
#3706=CARTESIAN_POINT('Origin',(152.499999761581,-5.,272.000000476837));
#3707=CARTESIAN_POINT('',(152.499999761581,-5.,272.000000476837));
#3708=CARTESIAN_POINT('',(152.499999761581,-5.,272.000000476837));
#3709=CARTESIAN_POINT('',(152.499999761581,-5.,272.000000476837));
#3710=CARTESIAN_POINT('Origin',(152.499999761581,-5.,287.999999523163));
#3711=CARTESIAN_POINT('',(152.499999761581,-5.,287.999999523163));
#3712=CARTESIAN_POINT('',(152.499999761581,-5.,287.999999523163));
#3713=CARTESIAN_POINT('',(152.499999761581,-5.,287.999999523163));
#3714=CARTESIAN_POINT('Origin',(170.64999973774,-5.,285.));
#3715=CARTESIAN_POINT('',(170.64999973774,-5.,271.499999761581));
#3716=CARTESIAN_POINT('',(170.64999973774,-5.,285.));
#3717=CARTESIAN_POINT('',(170.64999973774,-5.,285.));
#3718=CARTESIAN_POINT('',(170.64999973774,-5.,271.499999761581));
#3719=CARTESIAN_POINT('',(170.64999973774,-5.,285.));
#3720=CARTESIAN_POINT('Origin',(170.64999973774,-5.,271.499999761581));
#3721=CARTESIAN_POINT('',(186.85000038147,-5.,271.499999761581));
#3722=CARTESIAN_POINT('',(170.64999973774,-5.,271.499999761581));
#3723=CARTESIAN_POINT('',(186.85000038147,-5.,271.499999761581));
#3724=CARTESIAN_POINT('Origin',(186.85000038147,-5.,271.499999761581));
#3725=CARTESIAN_POINT('',(186.85000038147,-5.,285.));
#3726=CARTESIAN_POINT('',(186.85000038147,-5.,271.499999761581));
#3727=CARTESIAN_POINT('',(186.85000038147,-5.,285.));
#3728=CARTESIAN_POINT('Origin',(186.85000038147,-5.,285.));
#3729=CARTESIAN_POINT('',(186.85000038147,-5.,285.));
#3730=CARTESIAN_POINT('Origin',(167.500000357628,-5.,287.999999523163));
#3731=CARTESIAN_POINT('',(167.500000357628,-5.,287.999999523163));
#3732=CARTESIAN_POINT('Origin',(134.568290710449,-5.,272.000000476837));
#3733=CARTESIAN_POINT('',(134.568290710449,-5.,273.725000879169));
#3734=CARTESIAN_POINT('Origin',(130.,-5.,264.000000059605));
#3735=CARTESIAN_POINT('',(196.,0.,264.000000059605));
#3736=CARTESIAN_POINT('',(196.,-5.,264.000000059605));
#3737=CARTESIAN_POINT('',(162.,0.,264.000000059605));
#3738=CARTESIAN_POINT('Origin',(196.,-5.,266.999999880791));
#3739=CARTESIAN_POINT('',(196.,0.,273.725000879169));
#3740=CARTESIAN_POINT('Origin',(194.500000238419,25.,279.500000178814));
#3741=CARTESIAN_POINT('',(193.000000476837,25.,272.000000476837));
#3742=CARTESIAN_POINT('',(193.000000476837,25.,292.000000476837));
#3743=CARTESIAN_POINT('',(195.883511245846,25.,272.000000476837));
#3744=CARTESIAN_POINT('',(193.750000357628,25.,272.000000476837));
#3745=CARTESIAN_POINT('',(196.,25.,292.000000476837));
#3746=CARTESIAN_POINT('Origin',(193.000000476837,-5.,266.999999880791));
#3747=CARTESIAN_POINT('',(193.000000476837,5.,292.000000476837));
#3748=CARTESIAN_POINT('',(193.000000476837,-5.,292.000000476837));
#3749=CARTESIAN_POINT('',(193.000000476837,13.7500001490116,283.250000327826));
#3750=CARTESIAN_POINT('Origin',(95.,-2.,280.000000745058));
#3751=CARTESIAN_POINT('',(60.1083445642217,-2.,273.398279648262));
#3752=CARTESIAN_POINT('',(60.,-2.,272.000000402331));
#3753=CARTESIAN_POINT('Origin',(70.5,21.914487517807,273.999999880791));
#3754=CARTESIAN_POINT('',(62.9999995231628,25.,267.021302572204));
#3755=CARTESIAN_POINT('',(62.9999995231628,21.914487517807,267.09604366539));
#3756=CARTESIAN_POINT('Ctrl Pts',(62.9999995231628,25.,267.021302572204));
#3757=CARTESIAN_POINT('Ctrl Pts',(62.9999995231628,24.9693604828437,267.022214100654));
#3758=CARTESIAN_POINT('Ctrl Pts',(62.9999995231628,24.9390893354317,267.023132433488));
#3759=CARTESIAN_POINT('Ctrl Pts',(62.9999995231628,23.9734321319178,267.052894620643));
#3760=CARTESIAN_POINT('Ctrl Pts',(62.9999995231628,22.8507481994778,267.09604366539));
#3761=CARTESIAN_POINT('Ctrl Pts',(62.9999995231628,21.914487517807,267.09604366539));
#3762=CARTESIAN_POINT('Origin',(61.8444093813625,21.914487517807,273.999999880791));
#3763=CARTESIAN_POINT('Ctrl Pts',(62.9999995231628,21.914487517807,267.09604366539));
#3764=CARTESIAN_POINT('Ctrl Pts',(62.9999995231628,20.9782268361362,267.09604366539));
#3765=CARTESIAN_POINT('Ctrl Pts',(62.9999995231628,19.8555429036962,267.052894620643));
#3766=CARTESIAN_POINT('Ctrl Pts',(62.9999995231628,18.5054371854518,267.011283478594));
#3767=CARTESIAN_POINT('Ctrl Pts',(62.9999995231628,18.008181840489,266.999999880791));
#3768=CARTESIAN_POINT('Ctrl Pts',(62.9999995231628,17.5936957148051,266.999999880791));
#3769=CARTESIAN_POINT('Ctrl Pts',(62.4130437320536,25.,266.999999880791));
#3770=CARTESIAN_POINT('Ctrl Pts',(62.6037170881914,25.,266.999999880791));
#3771=CARTESIAN_POINT('Ctrl Pts',(62.8002113789305,25.,267.006855095346));
#3772=CARTESIAN_POINT('Ctrl Pts',(62.9999995231628,25.,267.021302572204));
#3773=CARTESIAN_POINT('Origin',(60.,-5.,264.000000059605));
#3774=CARTESIAN_POINT('',(60.,0.,272.225000968576));
#3775=CARTESIAN_POINT('Origin',(60.1456109461637,-5.,266.999999880791));
#3776=CARTESIAN_POINT('',(60.1164887541537,25.,272.000000476837));
#3777=CARTESIAN_POINT('',(60.,5.,292.000000476837));
#3778=CARTESIAN_POINT('',(60.0509705619377,13.7511558189481,283.248844657889));
#3779=CARTESIAN_POINT('',(60.,25.,292.000000476837));
#3780=CARTESIAN_POINT('',(60.,-5.,292.000000476837));
#3781=CARTESIAN_POINT('',(60.,-5.,292.000000476837));
#3782=CARTESIAN_POINT('Origin',(60.,-5.,292.000000476837));
#3783=CARTESIAN_POINT('',(62.9999995231628,5.,292.000000476837));
#3784=CARTESIAN_POINT('',(60.7499998807907,5.,292.000000476837));
#3785=CARTESIAN_POINT('',(62.9999995231628,-5.,292.000000476837));
#3786=CARTESIAN_POINT('Origin',(193.000000476837,-5.,292.000000476837));
#3787=CARTESIAN_POINT('',(196.,5.,292.000000476837));
#3788=CARTESIAN_POINT('',(193.750000357628,5.,292.000000476837));
#3789=CARTESIAN_POINT('',(196.,-5.,292.000000476837));
#3790=CARTESIAN_POINT('Origin',(196.,-5.,292.000000476837));
#3791=CARTESIAN_POINT('',(195.985420070747,7.50323378574497,289.496766691092));
#3792=CARTESIAN_POINT('',(195.965211637944,0.,286.027172917778));
#3793=CARTESIAN_POINT('Origin',(193.750000357628,15.,282.000000476837));
#3794=CARTESIAN_POINT('Origin',(62.9999995231628,-5.,292.000000476837));
#3795=CARTESIAN_POINT('',(62.9999995231628,25.,272.000000476837));
#3796=CARTESIAN_POINT('',(62.9999995231628,7.5,289.500000476837));
#3797=CARTESIAN_POINT('',(62.9999995231628,25.,266.999999880791));
#3798=CARTESIAN_POINT('Origin',(61.4999997615814,25.,279.500000178814));
#3799=CARTESIAN_POINT('',(60.7499998807907,25.,272.000000476837));
#3800=CARTESIAN_POINT('Origin',(60.7499998807907,15.,282.000000476837));
#3801=CARTESIAN_POINT('Origin',(128.,-5.,280.450001877546));
#3802=CARTESIAN_POINT('Origin',(128.,0.,280.450001877546));
#3803=CARTESIAN_POINT('',(165.184146881104,0.,294.200000762939));
#3804=CARTESIAN_POINT('Origin',(202.368293762207,-5.,294.200000762939));
#3805=UNCERTAINTY_MEASURE_WITH_UNIT(LENGTH_MEASURE(0.01),#3809,
'DISTANCE_ACCURACY_VALUE',
'Maximum model space distance between geometric entities at asserted c
onnectivities');
#3806=UNCERTAINTY_MEASURE_WITH_UNIT(LENGTH_MEASURE(0.01),#3809,
'DISTANCE_ACCURACY_VALUE',
'Maximum model space distance between geometric entities at asserted c
onnectivities');
#3807=(
GEOMETRIC_REPRESENTATION_CONTEXT(3)
GLOBAL_UNCERTAINTY_ASSIGNED_CONTEXT((#3805))
GLOBAL_UNIT_ASSIGNED_CONTEXT((#3809,#3810,#3811))
REPRESENTATION_CONTEXT('','3D')
);
#3808=(
GEOMETRIC_REPRESENTATION_CONTEXT(3)
GLOBAL_UNCERTAINTY_ASSIGNED_CONTEXT((#3806))
GLOBAL_UNIT_ASSIGNED_CONTEXT((#3809,#3810,#3811))
REPRESENTATION_CONTEXT('','3D')
);
#3809=(
LENGTH_UNIT()
NAMED_UNIT(*)
SI_UNIT(.MILLI.,.METRE.)
);
#3810=(
NAMED_UNIT(*)
PLANE_ANGLE_UNIT()
SI_UNIT($,.RADIAN.)
);
#3811=(
NAMED_UNIT(*)
SI_UNIT($,.STERADIAN.)
SOLID_ANGLE_UNIT()
);
#3812=SHAPE_DEFINITION_REPRESENTATION(#3813,#3814);
#3813=PRODUCT_DEFINITION_SHAPE('',$,#3816);
#3814=SHAPE_REPRESENTATION('',(#2350),#3807);
#3815=PRODUCT_DEFINITION_CONTEXT('part definition',#3820,'design');
#3816=PRODUCT_DEFINITION('RaspberryPi','RaspberryPi',#3817,#3815);
#3817=PRODUCT_DEFINITION_FORMATION('',$,#3822);
#3818=PRODUCT_RELATED_PRODUCT_CATEGORY('RaspberryPi','RaspberryPi',(#3822));
#3819=APPLICATION_PROTOCOL_DEFINITION('international standard',
'automotive_design',2009,#3820);
#3820=APPLICATION_CONTEXT(
'Core Data for Automotive Mechanical Design Process');
#3821=PRODUCT_CONTEXT('part definition',#3820,'mechanical');
#3822=PRODUCT('RaspberryPi','RaspberryPi',$,(#3821));
#3823=PRESENTATION_STYLE_ASSIGNMENT((#3824));
#3824=SURFACE_STYLE_USAGE(.BOTH.,#3825);
#3825=SURFACE_SIDE_STYLE('',(#3826));
#3826=SURFACE_STYLE_FILL_AREA(#3827);
#3827=FILL_AREA_STYLE('Steel - Satin',(#3828));
#3828=FILL_AREA_STYLE_COLOUR('Steel - Satin',#3829);
#3829=COLOUR_RGB('Steel - Satin',0.627450980392157,0.627450980392157,0.627450980392157);
ENDSEC;
END-ISO-10303-21;
