ISO-10303-21;
HEADER;
/* Generated by software containing ST-Developer
 * from STEP Tools, Inc. (www.steptools.com) 
 */

FILE_DESCRIPTION(
/* description */ (''),
/* implementation_level */ '2;1');

FILE_NAME(
/* name */ 'PatchPanel Plate LaserCut.step',
/* time_stamp */ '2026-08-30T16:50:27+05:30',
/* author */ (''),
/* organization */ (''),
/* preprocessor_version */ 'ST-DEVELOPER v20.1',
/* originating_system */ 'Autodesk Translation Framework v15.8.0.0',
/* authorisation */ '');

FILE_SCHEMA (('AUTOMOTIVE_DESIGN { 1 0 10303 214 3 1 1 }'));
ENDSEC;

DATA;
#10=MECHANICAL_DESIGN_GEOMETRIC_PRESENTATION_REPRESENTATION('',(#13),#4914);
#11=SHAPE_REPRESENTATION_RELATIONSHIP('SRR','None',#4920,#12);
#12=ADVANCED_BREP_SHAPE_REPRESENTATION('',(#14),#4913);
#13=STYLED_ITEM('',(#4930),#14);
#14=MANIFOLD_SOLID_BREP('Body1',#3110);
#15=FACE_BOUND('',#349,.T.);
#16=FACE_BOUND('',#350,.T.);
#17=FACE_BOUND('',#351,.T.);
#18=FACE_BOUND('',#352,.T.);
#19=FACE_BOUND('',#353,.T.);
#20=FACE_BOUND('',#354,.T.);
#21=FACE_BOUND('',#355,.T.);
#22=FACE_BOUND('',#356,.T.);
#23=FACE_BOUND('',#357,.T.);
#24=FACE_BOUND('',#358,.T.);
#25=FACE_BOUND('',#359,.T.);
#26=FACE_BOUND('',#360,.T.);
#27=FACE_BOUND('',#361,.T.);
#28=FACE_BOUND('',#362,.T.);
#29=FACE_BOUND('',#401,.T.);
#30=FACE_BOUND('',#413,.T.);
#31=FACE_BOUND('',#428,.T.);
#32=FACE_BOUND('',#443,.T.);
#33=FACE_BOUND('',#458,.T.);
#34=FACE_BOUND('',#473,.T.);
#35=FACE_BOUND('',#488,.T.);
#36=FACE_BOUND('',#503,.T.);
#37=FACE_BOUND('',#522,.T.);
#38=FACE_BOUND('',#523,.T.);
#39=FACE_BOUND('',#524,.T.);
#40=FACE_BOUND('',#525,.T.);
#41=FACE_BOUND('',#526,.T.);
#42=FACE_BOUND('',#527,.T.);
#43=FACE_BOUND('',#528,.T.);
#44=FACE_BOUND('',#529,.T.);
#45=FACE_BOUND('',#530,.T.);
#46=FACE_BOUND('',#531,.T.);
#47=FACE_BOUND('',#532,.T.);
#48=FACE_BOUND('',#533,.T.);
#49=FACE_BOUND('',#534,.T.);
#50=FACE_BOUND('',#535,.T.);
#51=PLANE('',#3115);
#52=PLANE('',#3125);
#53=PLANE('',#3130);
#54=PLANE('',#3133);
#55=PLANE('',#3134);
#56=PLANE('',#3135);
#57=PLANE('',#3136);
#58=PLANE('',#3137);
#59=PLANE('',#3138);
#60=PLANE('',#3139);
#61=PLANE('',#3140);
#62=PLANE('',#3141);
#63=PLANE('',#3142);
#64=PLANE('',#3143);
#65=PLANE('',#3144);
#66=PLANE('',#3145);
#67=PLANE('',#3146);
#68=PLANE('',#3147);
#69=PLANE('',#3148);
#70=PLANE('',#3149);
#71=PLANE('',#3150);
#72=PLANE('',#3151);
#73=PLANE('',#3152);
#74=PLANE('',#3153);
#75=PLANE('',#3154);
#76=PLANE('',#3155);
#77=PLANE('',#3156);
#78=PLANE('',#3157);
#79=PLANE('',#3158);
#80=PLANE('',#3159);
#81=PLANE('',#3160);
#82=PLANE('',#3161);
#83=PLANE('',#3162);
#84=PLANE('',#3163);
#85=PLANE('',#3164);
#86=PLANE('',#3165);
#87=PLANE('',#3166);
#88=PLANE('',#3167);
#89=PLANE('',#3168);
#90=PLANE('',#3169);
#91=PLANE('',#3170);
#92=PLANE('',#3171);
#93=PLANE('',#3172);
#94=PLANE('',#3173);
#95=PLANE('',#3174);
#96=PLANE('',#3175);
#97=PLANE('',#3176);
#98=PLANE('',#3177);
#99=PLANE('',#3178);
#100=PLANE('',#3179);
#101=PLANE('',#3180);
#102=PLANE('',#3181);
#103=PLANE('',#3182);
#104=PLANE('',#3183);
#105=PLANE('',#3184);
#106=PLANE('',#3185);
#107=PLANE('',#3186);
#108=PLANE('',#3187);
#109=PLANE('',#3188);
#110=PLANE('',#3189);
#111=PLANE('',#3190);
#112=PLANE('',#3191);
#113=PLANE('',#3192);
#114=PLANE('',#3193);
#115=PLANE('',#3194);
#116=PLANE('',#3195);
#117=PLANE('',#3196);
#118=PLANE('',#3197);
#119=PLANE('',#3198);
#120=PLANE('',#3199);
#121=PLANE('',#3200);
#122=PLANE('',#3201);
#123=PLANE('',#3202);
#124=PLANE('',#3203);
#125=PLANE('',#3204);
#126=PLANE('',#3205);
#127=PLANE('',#3206);
#128=PLANE('',#3207);
#129=PLANE('',#3208);
#130=PLANE('',#3209);
#131=PLANE('',#3210);
#132=PLANE('',#3211);
#133=PLANE('',#3212);
#134=PLANE('',#3213);
#135=PLANE('',#3214);
#136=PLANE('',#3215);
#137=PLANE('',#3216);
#138=PLANE('',#3217);
#139=PLANE('',#3218);
#140=PLANE('',#3219);
#141=PLANE('',#3220);
#142=PLANE('',#3221);
#143=PLANE('',#3222);
#144=PLANE('',#3223);
#145=PLANE('',#3224);
#146=PLANE('',#3225);
#147=PLANE('',#3226);
#148=PLANE('',#3227);
#149=PLANE('',#3228);
#150=PLANE('',#3229);
#151=PLANE('',#3230);
#152=PLANE('',#3231);
#153=PLANE('',#3232);
#154=PLANE('',#3233);
#155=PLANE('',#3234);
#156=PLANE('',#3235);
#157=PLANE('',#3236);
#158=PLANE('',#3237);
#159=PLANE('',#3238);
#160=PLANE('',#3239);
#161=PLANE('',#3240);
#162=PLANE('',#3241);
#163=PLANE('',#3242);
#164=PLANE('',#3243);
#165=PLANE('',#3244);
#166=PLANE('',#3245);
#167=PLANE('',#3246);
#168=PLANE('',#3247);
#169=PLANE('',#3248);
#170=PLANE('',#3249);
#171=PLANE('',#3250);
#172=PLANE('',#3251);
#173=PLANE('',#3252);
#174=PLANE('',#3253);
#175=PLANE('',#3254);
#176=PLANE('',#3255);
#177=PLANE('',#3256);
#178=PLANE('',#3257);
#179=PLANE('',#3258);
#180=PLANE('',#3259);
#181=PLANE('',#3260);
#182=PLANE('',#3261);
#183=PLANE('',#3262);
#184=PLANE('',#3263);
#185=PLANE('',#3264);
#186=PLANE('',#3269);
#187=PLANE('',#3270);
#188=PLANE('',#3271);
#189=PLANE('',#3276);
#190=PLANE('',#3277);
#191=PLANE('',#3282);
#192=PLANE('',#3283);
#193=PLANE('',#3284);
#194=FACE_OUTER_BOUND('',#347,.T.);
#195=FACE_OUTER_BOUND('',#348,.T.);
#196=FACE_OUTER_BOUND('',#363,.T.);
#197=FACE_OUTER_BOUND('',#364,.T.);
#198=FACE_OUTER_BOUND('',#365,.T.);
#199=FACE_OUTER_BOUND('',#366,.T.);
#200=FACE_OUTER_BOUND('',#367,.T.);
#201=FACE_OUTER_BOUND('',#368,.T.);
#202=FACE_OUTER_BOUND('',#369,.T.);
#203=FACE_OUTER_BOUND('',#370,.T.);
#204=FACE_OUTER_BOUND('',#371,.T.);
#205=FACE_OUTER_BOUND('',#372,.T.);
#206=FACE_OUTER_BOUND('',#373,.T.);
#207=FACE_OUTER_BOUND('',#374,.T.);
#208=FACE_OUTER_BOUND('',#375,.T.);
#209=FACE_OUTER_BOUND('',#376,.T.);
#210=FACE_OUTER_BOUND('',#377,.T.);
#211=FACE_OUTER_BOUND('',#378,.T.);
#212=FACE_OUTER_BOUND('',#379,.T.);
#213=FACE_OUTER_BOUND('',#380,.T.);
#214=FACE_OUTER_BOUND('',#381,.T.);
#215=FACE_OUTER_BOUND('',#382,.T.);
#216=FACE_OUTER_BOUND('',#383,.T.);
#217=FACE_OUTER_BOUND('',#384,.T.);
#218=FACE_OUTER_BOUND('',#385,.T.);
#219=FACE_OUTER_BOUND('',#386,.T.);
#220=FACE_OUTER_BOUND('',#387,.T.);
#221=FACE_OUTER_BOUND('',#388,.T.);
#222=FACE_OUTER_BOUND('',#389,.T.);
#223=FACE_OUTER_BOUND('',#390,.T.);
#224=FACE_OUTER_BOUND('',#391,.T.);
#225=FACE_OUTER_BOUND('',#392,.T.);
#226=FACE_OUTER_BOUND('',#393,.T.);
#227=FACE_OUTER_BOUND('',#394,.T.);
#228=FACE_OUTER_BOUND('',#395,.T.);
#229=FACE_OUTER_BOUND('',#396,.T.);
#230=FACE_OUTER_BOUND('',#397,.T.);
#231=FACE_OUTER_BOUND('',#398,.T.);
#232=FACE_OUTER_BOUND('',#399,.T.);
#233=FACE_OUTER_BOUND('',#400,.T.);
#234=FACE_OUTER_BOUND('',#402,.T.);
#235=FACE_OUTER_BOUND('',#403,.T.);
#236=FACE_OUTER_BOUND('',#404,.T.);
#237=FACE_OUTER_BOUND('',#405,.T.);
#238=FACE_OUTER_BOUND('',#406,.T.);
#239=FACE_OUTER_BOUND('',#407,.T.);
#240=FACE_OUTER_BOUND('',#408,.T.);
#241=FACE_OUTER_BOUND('',#409,.T.);
#242=FACE_OUTER_BOUND('',#410,.T.);
#243=FACE_OUTER_BOUND('',#411,.T.);
#244=FACE_OUTER_BOUND('',#412,.T.);
#245=FACE_OUTER_BOUND('',#414,.T.);
#246=FACE_OUTER_BOUND('',#415,.T.);
#247=FACE_OUTER_BOUND('',#416,.T.);
#248=FACE_OUTER_BOUND('',#417,.T.);
#249=FACE_OUTER_BOUND('',#418,.T.);
#250=FACE_OUTER_BOUND('',#419,.T.);
#251=FACE_OUTER_BOUND('',#420,.T.);
#252=FACE_OUTER_BOUND('',#421,.T.);
#253=FACE_OUTER_BOUND('',#422,.T.);
#254=FACE_OUTER_BOUND('',#423,.T.);
#255=FACE_OUTER_BOUND('',#424,.T.);
#256=FACE_OUTER_BOUND('',#425,.T.);
#257=FACE_OUTER_BOUND('',#426,.T.);
#258=FACE_OUTER_BOUND('',#427,.T.);
#259=FACE_OUTER_BOUND('',#429,.T.);
#260=FACE_OUTER_BOUND('',#430,.T.);
#261=FACE_OUTER_BOUND('',#431,.T.);
#262=FACE_OUTER_BOUND('',#432,.T.);
#263=FACE_OUTER_BOUND('',#433,.T.);
#264=FACE_OUTER_BOUND('',#434,.T.);
#265=FACE_OUTER_BOUND('',#435,.T.);
#266=FACE_OUTER_BOUND('',#436,.T.);
#267=FACE_OUTER_BOUND('',#437,.T.);
#268=FACE_OUTER_BOUND('',#438,.T.);
#269=FACE_OUTER_BOUND('',#439,.T.);
#270=FACE_OUTER_BOUND('',#440,.T.);
#271=FACE_OUTER_BOUND('',#441,.T.);
#272=FACE_OUTER_BOUND('',#442,.T.);
#273=FACE_OUTER_BOUND('',#444,.T.);
#274=FACE_OUTER_BOUND('',#445,.T.);
#275=FACE_OUTER_BOUND('',#446,.T.);
#276=FACE_OUTER_BOUND('',#447,.T.);
#277=FACE_OUTER_BOUND('',#448,.T.);
#278=FACE_OUTER_BOUND('',#449,.T.);
#279=FACE_OUTER_BOUND('',#450,.T.);
#280=FACE_OUTER_BOUND('',#451,.T.);
#281=FACE_OUTER_BOUND('',#452,.T.);
#282=FACE_OUTER_BOUND('',#453,.T.);
#283=FACE_OUTER_BOUND('',#454,.T.);
#284=FACE_OUTER_BOUND('',#455,.T.);
#285=FACE_OUTER_BOUND('',#456,.T.);
#286=FACE_OUTER_BOUND('',#457,.T.);
#287=FACE_OUTER_BOUND('',#459,.T.);
#288=FACE_OUTER_BOUND('',#460,.T.);
#289=FACE_OUTER_BOUND('',#461,.T.);
#290=FACE_OUTER_BOUND('',#462,.T.);
#291=FACE_OUTER_BOUND('',#463,.T.);
#292=FACE_OUTER_BOUND('',#464,.T.);
#293=FACE_OUTER_BOUND('',#465,.T.);
#294=FACE_OUTER_BOUND('',#466,.T.);
#295=FACE_OUTER_BOUND('',#467,.T.);
#296=FACE_OUTER_BOUND('',#468,.T.);
#297=FACE_OUTER_BOUND('',#469,.T.);
#298=FACE_OUTER_BOUND('',#470,.T.);
#299=FACE_OUTER_BOUND('',#471,.T.);
#300=FACE_OUTER_BOUND('',#472,.T.);
#301=FACE_OUTER_BOUND('',#474,.T.);
#302=FACE_OUTER_BOUND('',#475,.T.);
#303=FACE_OUTER_BOUND('',#476,.T.);
#304=FACE_OUTER_BOUND('',#477,.T.);
#305=FACE_OUTER_BOUND('',#478,.T.);
#306=FACE_OUTER_BOUND('',#479,.T.);
#307=FACE_OUTER_BOUND('',#480,.T.);
#308=FACE_OUTER_BOUND('',#481,.T.);
#309=FACE_OUTER_BOUND('',#482,.T.);
#310=FACE_OUTER_BOUND('',#483,.T.);
#311=FACE_OUTER_BOUND('',#484,.T.);
#312=FACE_OUTER_BOUND('',#485,.T.);
#313=FACE_OUTER_BOUND('',#486,.T.);
#314=FACE_OUTER_BOUND('',#487,.T.);
#315=FACE_OUTER_BOUND('',#489,.T.);
#316=FACE_OUTER_BOUND('',#490,.T.);
#317=FACE_OUTER_BOUND('',#491,.T.);
#318=FACE_OUTER_BOUND('',#492,.T.);
#319=FACE_OUTER_BOUND('',#493,.T.);
#320=FACE_OUTER_BOUND('',#494,.T.);
#321=FACE_OUTER_BOUND('',#495,.T.);
#322=FACE_OUTER_BOUND('',#496,.T.);
#323=FACE_OUTER_BOUND('',#497,.T.);
#324=FACE_OUTER_BOUND('',#498,.T.);
#325=FACE_OUTER_BOUND('',#499,.T.);
#326=FACE_OUTER_BOUND('',#500,.T.);
#327=FACE_OUTER_BOUND('',#501,.T.);
#328=FACE_OUTER_BOUND('',#502,.T.);
#329=FACE_OUTER_BOUND('',#504,.T.);
#330=FACE_OUTER_BOUND('',#505,.T.);
#331=FACE_OUTER_BOUND('',#506,.T.);
#332=FACE_OUTER_BOUND('',#507,.T.);
#333=FACE_OUTER_BOUND('',#508,.T.);
#334=FACE_OUTER_BOUND('',#509,.T.);
#335=FACE_OUTER_BOUND('',#510,.T.);
#336=FACE_OUTER_BOUND('',#511,.T.);
#337=FACE_OUTER_BOUND('',#512,.T.);
#338=FACE_OUTER_BOUND('',#513,.T.);
#339=FACE_OUTER_BOUND('',#514,.T.);
#340=FACE_OUTER_BOUND('',#515,.T.);
#341=FACE_OUTER_BOUND('',#516,.T.);
#342=FACE_OUTER_BOUND('',#517,.T.);
#343=FACE_OUTER_BOUND('',#518,.T.);
#344=FACE_OUTER_BOUND('',#519,.T.);
#345=FACE_OUTER_BOUND('',#520,.T.);
#346=FACE_OUTER_BOUND('',#521,.T.);
#347=EDGE_LOOP('',(#2089,#2090,#2091,#2092));
#348=EDGE_LOOP('',(#2093,#2094,#2095,#2096,#2097,#2098,#2099,#2100));
#349=EDGE_LOOP('',(#2101,#2102,#2103,#2104));
#350=EDGE_LOOP('',(#2105,#2106,#2107,#2108));
#351=EDGE_LOOP('',(#2109,#2110,#2111,#2112));
#352=EDGE_LOOP('',(#2113,#2114,#2115,#2116));
#353=EDGE_LOOP('',(#2117,#2118,#2119,#2120));
#354=EDGE_LOOP('',(#2121,#2122,#2123,#2124));
#355=EDGE_LOOP('',(#2125,#2126,#2127,#2128));
#356=EDGE_LOOP('',(#2129,#2130,#2131,#2132));
#357=EDGE_LOOP('',(#2133));
#358=EDGE_LOOP('',(#2134));
#359=EDGE_LOOP('',(#2135));
#360=EDGE_LOOP('',(#2136));
#361=EDGE_LOOP('',(#2137));
#362=EDGE_LOOP('',(#2138));
#363=EDGE_LOOP('',(#2139,#2140,#2141,#2142));
#364=EDGE_LOOP('',(#2143,#2144,#2145,#2146));
#365=EDGE_LOOP('',(#2147,#2148,#2149,#2150));
#366=EDGE_LOOP('',(#2151,#2152,#2153,#2154));
#367=EDGE_LOOP('',(#2155,#2156,#2157,#2158));
#368=EDGE_LOOP('',(#2159,#2160,#2161,#2162));
#369=EDGE_LOOP('',(#2163,#2164,#2165,#2166));
#370=EDGE_LOOP('',(#2167,#2168,#2169,#2170));
#371=EDGE_LOOP('',(#2171,#2172,#2173,#2174));
#372=EDGE_LOOP('',(#2175,#2176,#2177,#2178));
#373=EDGE_LOOP('',(#2179,#2180,#2181,#2182));
#374=EDGE_LOOP('',(#2183,#2184,#2185,#2186));
#375=EDGE_LOOP('',(#2187,#2188,#2189,#2190));
#376=EDGE_LOOP('',(#2191,#2192,#2193,#2194));
#377=EDGE_LOOP('',(#2195,#2196,#2197,#2198));
#378=EDGE_LOOP('',(#2199,#2200,#2201,#2202));
#379=EDGE_LOOP('',(#2203,#2204,#2205,#2206));
#380=EDGE_LOOP('',(#2207,#2208,#2209,#2210));
#381=EDGE_LOOP('',(#2211,#2212,#2213,#2214));
#382=EDGE_LOOP('',(#2215,#2216,#2217,#2218));
#383=EDGE_LOOP('',(#2219,#2220,#2221,#2222));
#384=EDGE_LOOP('',(#2223,#2224,#2225,#2226));
#385=EDGE_LOOP('',(#2227,#2228,#2229,#2230));
#386=EDGE_LOOP('',(#2231,#2232,#2233,#2234));
#387=EDGE_LOOP('',(#2235,#2236,#2237,#2238));
#388=EDGE_LOOP('',(#2239,#2240,#2241,#2242));
#389=EDGE_LOOP('',(#2243,#2244,#2245,#2246));
#390=EDGE_LOOP('',(#2247,#2248,#2249,#2250));
#391=EDGE_LOOP('',(#2251,#2252,#2253,#2254,#2255,#2256,#2257,#2258,#2259,
#2260,#2261,#2262,#2263));
#392=EDGE_LOOP('',(#2264,#2265,#2266,#2267));
#393=EDGE_LOOP('',(#2268,#2269,#2270,#2271));
#394=EDGE_LOOP('',(#2272,#2273,#2274,#2275));
#395=EDGE_LOOP('',(#2276,#2277,#2278,#2279));
#396=EDGE_LOOP('',(#2280,#2281,#2282,#2283));
#397=EDGE_LOOP('',(#2284,#2285,#2286,#2287));
#398=EDGE_LOOP('',(#2288,#2289,#2290,#2291));
#399=EDGE_LOOP('',(#2292,#2293,#2294,#2295,#2296,#2297,#2298,#2299,#2300,
#2301,#2302,#2303,#2304));
#400=EDGE_LOOP('',(#2305,#2306,#2307,#2308));
#401=EDGE_LOOP('',(#2309,#2310,#2311,#2312));
#402=EDGE_LOOP('',(#2313,#2314,#2315,#2316));
#403=EDGE_LOOP('',(#2317,#2318,#2319,#2320));
#404=EDGE_LOOP('',(#2321,#2322,#2323,#2324));
#405=EDGE_LOOP('',(#2325,#2326,#2327,#2328,#2329,#2330,#2331,#2332,#2333,
#2334,#2335,#2336));
#406=EDGE_LOOP('',(#2337,#2338,#2339,#2340));
#407=EDGE_LOOP('',(#2341,#2342,#2343,#2344));
#408=EDGE_LOOP('',(#2345,#2346,#2347,#2348));
#409=EDGE_LOOP('',(#2349,#2350,#2351,#2352));
#410=EDGE_LOOP('',(#2353,#2354,#2355,#2356,#2357,#2358,#2359,#2360));
#411=EDGE_LOOP('',(#2361,#2362,#2363,#2364));
#412=EDGE_LOOP('',(#2365,#2366,#2367,#2368));
#413=EDGE_LOOP('',(#2369,#2370,#2371,#2372));
#414=EDGE_LOOP('',(#2373,#2374,#2375,#2376));
#415=EDGE_LOOP('',(#2377,#2378,#2379,#2380));
#416=EDGE_LOOP('',(#2381,#2382,#2383,#2384,#2385,#2386,#2387,#2388));
#417=EDGE_LOOP('',(#2389,#2390,#2391,#2392));
#418=EDGE_LOOP('',(#2393,#2394,#2395,#2396));
#419=EDGE_LOOP('',(#2397,#2398,#2399,#2400));
#420=EDGE_LOOP('',(#2401,#2402,#2403,#2404,#2405,#2406,#2407,#2408,#2409,
#2410,#2411,#2412));
#421=EDGE_LOOP('',(#2413,#2414,#2415,#2416));
#422=EDGE_LOOP('',(#2417,#2418,#2419,#2420));
#423=EDGE_LOOP('',(#2421,#2422,#2423,#2424));
#424=EDGE_LOOP('',(#2425,#2426,#2427,#2428));
#425=EDGE_LOOP('',(#2429,#2430,#2431,#2432,#2433,#2434,#2435,#2436));
#426=EDGE_LOOP('',(#2437,#2438,#2439,#2440));
#427=EDGE_LOOP('',(#2441,#2442,#2443,#2444));
#428=EDGE_LOOP('',(#2445,#2446,#2447,#2448));
#429=EDGE_LOOP('',(#2449,#2450,#2451,#2452));
#430=EDGE_LOOP('',(#2453,#2454,#2455,#2456));
#431=EDGE_LOOP('',(#2457,#2458,#2459,#2460,#2461,#2462,#2463,#2464));
#432=EDGE_LOOP('',(#2465,#2466,#2467,#2468));
#433=EDGE_LOOP('',(#2469,#2470,#2471,#2472));
#434=EDGE_LOOP('',(#2473,#2474,#2475,#2476));
#435=EDGE_LOOP('',(#2477,#2478,#2479,#2480,#2481,#2482,#2483,#2484,#2485,
#2486,#2487,#2488));
#436=EDGE_LOOP('',(#2489,#2490,#2491,#2492));
#437=EDGE_LOOP('',(#2493,#2494,#2495,#2496));
#438=EDGE_LOOP('',(#2497,#2498,#2499,#2500));
#439=EDGE_LOOP('',(#2501,#2502,#2503,#2504));
#440=EDGE_LOOP('',(#2505,#2506,#2507,#2508,#2509,#2510,#2511,#2512));
#441=EDGE_LOOP('',(#2513,#2514,#2515,#2516));
#442=EDGE_LOOP('',(#2517,#2518,#2519,#2520));
#443=EDGE_LOOP('',(#2521,#2522,#2523,#2524));
#444=EDGE_LOOP('',(#2525,#2526,#2527,#2528));
#445=EDGE_LOOP('',(#2529,#2530,#2531,#2532));
#446=EDGE_LOOP('',(#2533,#2534,#2535,#2536,#2537,#2538,#2539,#2540));
#447=EDGE_LOOP('',(#2541,#2542,#2543,#2544));
#448=EDGE_LOOP('',(#2545,#2546,#2547,#2548));
#449=EDGE_LOOP('',(#2549,#2550,#2551,#2552));
#450=EDGE_LOOP('',(#2553,#2554,#2555,#2556,#2557,#2558,#2559,#2560,#2561,
#2562,#2563,#2564));
#451=EDGE_LOOP('',(#2565,#2566,#2567,#2568));
#452=EDGE_LOOP('',(#2569,#2570,#2571,#2572));
#453=EDGE_LOOP('',(#2573,#2574,#2575,#2576));
#454=EDGE_LOOP('',(#2577,#2578,#2579,#2580));
#455=EDGE_LOOP('',(#2581,#2582,#2583,#2584,#2585,#2586,#2587,#2588));
#456=EDGE_LOOP('',(#2589,#2590,#2591,#2592));
#457=EDGE_LOOP('',(#2593,#2594,#2595,#2596));
#458=EDGE_LOOP('',(#2597,#2598,#2599,#2600));
#459=EDGE_LOOP('',(#2601,#2602,#2603,#2604));
#460=EDGE_LOOP('',(#2605,#2606,#2607,#2608));
#461=EDGE_LOOP('',(#2609,#2610,#2611,#2612,#2613,#2614,#2615,#2616));
#462=EDGE_LOOP('',(#2617,#2618,#2619,#2620));
#463=EDGE_LOOP('',(#2621,#2622,#2623,#2624));
#464=EDGE_LOOP('',(#2625,#2626,#2627,#2628));
#465=EDGE_LOOP('',(#2629,#2630,#2631,#2632,#2633,#2634,#2635,#2636,#2637,
#2638,#2639,#2640));
#466=EDGE_LOOP('',(#2641,#2642,#2643,#2644));
#467=EDGE_LOOP('',(#2645,#2646,#2647,#2648));
#468=EDGE_LOOP('',(#2649,#2650,#2651,#2652));
#469=EDGE_LOOP('',(#2653,#2654,#2655,#2656));
#470=EDGE_LOOP('',(#2657,#2658,#2659,#2660,#2661,#2662,#2663,#2664));
#471=EDGE_LOOP('',(#2665,#2666,#2667,#2668));
#472=EDGE_LOOP('',(#2669,#2670,#2671,#2672));
#473=EDGE_LOOP('',(#2673,#2674,#2675,#2676));
#474=EDGE_LOOP('',(#2677,#2678,#2679,#2680));
#475=EDGE_LOOP('',(#2681,#2682,#2683,#2684));
#476=EDGE_LOOP('',(#2685,#2686,#2687,#2688,#2689,#2690,#2691,#2692));
#477=EDGE_LOOP('',(#2693,#2694,#2695,#2696));
#478=EDGE_LOOP('',(#2697,#2698,#2699,#2700));
#479=EDGE_LOOP('',(#2701,#2702,#2703,#2704));
#480=EDGE_LOOP('',(#2705,#2706,#2707,#2708,#2709,#2710,#2711,#2712,#2713,
#2714,#2715,#2716));
#481=EDGE_LOOP('',(#2717,#2718,#2719,#2720));
#482=EDGE_LOOP('',(#2721,#2722,#2723,#2724));
#483=EDGE_LOOP('',(#2725,#2726,#2727,#2728));
#484=EDGE_LOOP('',(#2729,#2730,#2731,#2732));
#485=EDGE_LOOP('',(#2733,#2734,#2735,#2736,#2737,#2738,#2739,#2740));
#486=EDGE_LOOP('',(#2741,#2742,#2743,#2744));
#487=EDGE_LOOP('',(#2745,#2746,#2747,#2748));
#488=EDGE_LOOP('',(#2749,#2750,#2751,#2752));
#489=EDGE_LOOP('',(#2753,#2754,#2755,#2756));
#490=EDGE_LOOP('',(#2757,#2758,#2759,#2760));
#491=EDGE_LOOP('',(#2761,#2762,#2763,#2764,#2765,#2766,#2767,#2768));
#492=EDGE_LOOP('',(#2769,#2770,#2771,#2772));
#493=EDGE_LOOP('',(#2773,#2774,#2775,#2776));
#494=EDGE_LOOP('',(#2777,#2778,#2779,#2780));
#495=EDGE_LOOP('',(#2781,#2782,#2783,#2784,#2785,#2786,#2787,#2788,#2789,
#2790,#2791,#2792));
#496=EDGE_LOOP('',(#2793,#2794,#2795,#2796));
#497=EDGE_LOOP('',(#2797,#2798,#2799,#2800));
#498=EDGE_LOOP('',(#2801,#2802,#2803,#2804));
#499=EDGE_LOOP('',(#2805,#2806,#2807,#2808));
#500=EDGE_LOOP('',(#2809,#2810,#2811,#2812,#2813,#2814,#2815,#2816));
#501=EDGE_LOOP('',(#2817,#2818,#2819,#2820));
#502=EDGE_LOOP('',(#2821,#2822,#2823,#2824));
#503=EDGE_LOOP('',(#2825,#2826,#2827,#2828));
#504=EDGE_LOOP('',(#2829,#2830,#2831,#2832));
#505=EDGE_LOOP('',(#2833,#2834,#2835,#2836));
#506=EDGE_LOOP('',(#2837,#2838,#2839,#2840,#2841,#2842,#2843,#2844));
#507=EDGE_LOOP('',(#2845,#2846,#2847,#2848));
#508=EDGE_LOOP('',(#2849,#2850,#2851,#2852));
#509=EDGE_LOOP('',(#2853,#2854,#2855,#2856));
#510=EDGE_LOOP('',(#2857,#2858,#2859,#2860));
#511=EDGE_LOOP('',(#2861,#2862,#2863,#2864));
#512=EDGE_LOOP('',(#2865,#2866,#2867,#2868));
#513=EDGE_LOOP('',(#2869,#2870,#2871,#2872));
#514=EDGE_LOOP('',(#2873,#2874,#2875,#2876));
#515=EDGE_LOOP('',(#2877,#2878,#2879,#2880));
#516=EDGE_LOOP('',(#2881,#2882,#2883,#2884));
#517=EDGE_LOOP('',(#2885,#2886,#2887,#2888));
#518=EDGE_LOOP('',(#2889,#2890,#2891,#2892));
#519=EDGE_LOOP('',(#2893,#2894,#2895,#2896));
#520=EDGE_LOOP('',(#2897,#2898,#2899,#2900));
#521=EDGE_LOOP('',(#2901,#2902,#2903,#2904,#2905,#2906,#2907,#2908));
#522=EDGE_LOOP('',(#2909,#2910,#2911,#2912));
#523=EDGE_LOOP('',(#2913));
#524=EDGE_LOOP('',(#2914));
#525=EDGE_LOOP('',(#2915));
#526=EDGE_LOOP('',(#2916));
#527=EDGE_LOOP('',(#2917));
#528=EDGE_LOOP('',(#2918));
#529=EDGE_LOOP('',(#2919,#2920,#2921,#2922));
#530=EDGE_LOOP('',(#2923,#2924,#2925,#2926));
#531=EDGE_LOOP('',(#2927,#2928,#2929,#2930));
#532=EDGE_LOOP('',(#2931,#2932,#2933,#2934));
#533=EDGE_LOOP('',(#2935,#2936,#2937,#2938));
#534=EDGE_LOOP('',(#2939,#2940,#2941,#2942));
#535=EDGE_LOOP('',(#2943,#2944,#2945,#2946));
#536=LINE('',#4048,#945);
#537=LINE('',#4051,#946);
#538=LINE('',#4054,#947);
#539=LINE('',#4058,#948);
#540=LINE('',#4062,#949);
#541=LINE('',#4065,#950);
#542=LINE('',#4068,#951);
#543=LINE('',#4070,#952);
#544=LINE('',#4072,#953);
#545=LINE('',#4073,#954);
#546=LINE('',#4076,#955);
#547=LINE('',#4078,#956);
#548=LINE('',#4080,#957);
#549=LINE('',#4081,#958);
#550=LINE('',#4084,#959);
#551=LINE('',#4086,#960);
#552=LINE('',#4088,#961);
#553=LINE('',#4089,#962);
#554=LINE('',#4092,#963);
#555=LINE('',#4094,#964);
#556=LINE('',#4096,#965);
#557=LINE('',#4097,#966);
#558=LINE('',#4100,#967);
#559=LINE('',#4102,#968);
#560=LINE('',#4104,#969);
#561=LINE('',#4105,#970);
#562=LINE('',#4108,#971);
#563=LINE('',#4110,#972);
#564=LINE('',#4112,#973);
#565=LINE('',#4113,#974);
#566=LINE('',#4116,#975);
#567=LINE('',#4118,#976);
#568=LINE('',#4120,#977);
#569=LINE('',#4121,#978);
#570=LINE('',#4124,#979);
#571=LINE('',#4126,#980);
#572=LINE('',#4128,#981);
#573=LINE('',#4129,#982);
#574=LINE('',#4144,#983);
#575=LINE('',#4145,#984);
#576=LINE('',#4149,#985);
#577=LINE('',#4154,#986);
#578=LINE('',#4155,#987);
#579=LINE('',#4158,#988);
#580=LINE('',#4159,#989);
#581=LINE('',#4162,#990);
#582=LINE('',#4165,#991);
#583=LINE('',#4168,#992);
#584=LINE('',#4170,#993);
#585=LINE('',#4171,#994);
#586=LINE('',#4174,#995);
#587=LINE('',#4175,#996);
#588=LINE('',#4178,#997);
#589=LINE('',#4180,#998);
#590=LINE('',#4181,#999);
#591=LINE('',#4184,#1000);
#592=LINE('',#4185,#1001);
#593=LINE('',#4188,#1002);
#594=LINE('',#4190,#1003);
#595=LINE('',#4191,#1004);
#596=LINE('',#4194,#1005);
#597=LINE('',#4195,#1006);
#598=LINE('',#4198,#1007);
#599=LINE('',#4200,#1008);
#600=LINE('',#4201,#1009);
#601=LINE('',#4204,#1010);
#602=LINE('',#4205,#1011);
#603=LINE('',#4208,#1012);
#604=LINE('',#4210,#1013);
#605=LINE('',#4211,#1014);
#606=LINE('',#4214,#1015);
#607=LINE('',#4215,#1016);
#608=LINE('',#4218,#1017);
#609=LINE('',#4220,#1018);
#610=LINE('',#4221,#1019);
#611=LINE('',#4224,#1020);
#612=LINE('',#4225,#1021);
#613=LINE('',#4228,#1022);
#614=LINE('',#4230,#1023);
#615=LINE('',#4231,#1024);
#616=LINE('',#4234,#1025);
#617=LINE('',#4235,#1026);
#618=LINE('',#4238,#1027);
#619=LINE('',#4240,#1028);
#620=LINE('',#4241,#1029);
#621=LINE('',#4244,#1030);
#622=LINE('',#4245,#1031);
#623=LINE('',#4248,#1032);
#624=LINE('',#4249,#1033);
#625=LINE('',#4251,#1034);
#626=LINE('',#4255,#1035);
#627=LINE('',#4257,#1036);
#628=LINE('',#4259,#1037);
#629=LINE('',#4260,#1038);
#630=LINE('',#4263,#1039);
#631=LINE('',#4265,#1040);
#632=LINE('',#4266,#1041);
#633=LINE('',#4269,#1042);
#634=LINE('',#4271,#1043);
#635=LINE('',#4272,#1044);
#636=LINE('',#4275,#1045);
#637=LINE('',#4277,#1046);
#638=LINE('',#4278,#1047);
#639=LINE('',#4281,#1048);
#640=LINE('',#4283,#1049);
#641=LINE('',#4285,#1050);
#642=LINE('',#4287,#1051);
#643=LINE('',#4289,#1052);
#644=LINE('',#4291,#1053);
#645=LINE('',#4293,#1054);
#646=LINE('',#4295,#1055);
#647=LINE('',#4296,#1056);
#648=LINE('',#4299,#1057);
#649=LINE('',#4300,#1058);
#650=LINE('',#4303,#1059);
#651=LINE('',#4304,#1060);
#652=LINE('',#4307,#1061);
#653=LINE('',#4309,#1062);
#654=LINE('',#4310,#1063);
#655=LINE('',#4313,#1064);
#656=LINE('',#4314,#1065);
#657=LINE('',#4317,#1066);
#658=LINE('',#4318,#1067);
#659=LINE('',#4321,#1068);
#660=LINE('',#4322,#1069);
#661=LINE('',#4325,#1070);
#662=LINE('',#4326,#1071);
#663=LINE('',#4328,#1072);
#664=LINE('',#4329,#1073);
#665=LINE('',#4333,#1074);
#666=LINE('',#4334,#1075);
#667=LINE('',#4338,#1076);
#668=LINE('',#4340,#1077);
#669=LINE('',#4342,#1078);
#670=LINE('',#4343,#1079);
#671=LINE('',#4346,#1080);
#672=LINE('',#4348,#1081);
#673=LINE('',#4349,#1082);
#674=LINE('',#4353,#1083);
#675=LINE('',#4355,#1084);
#676=LINE('',#4357,#1085);
#677=LINE('',#4359,#1086);
#678=LINE('',#4361,#1087);
#679=LINE('',#4363,#1088);
#680=LINE('',#4365,#1089);
#681=LINE('',#4367,#1090);
#682=LINE('',#4368,#1091);
#683=LINE('',#4369,#1092);
#684=LINE('',#4372,#1093);
#685=LINE('',#4373,#1094);
#686=LINE('',#4376,#1095);
#687=LINE('',#4378,#1096);
#688=LINE('',#4379,#1097);
#689=LINE('',#4382,#1098);
#690=LINE('',#4383,#1099);
#691=LINE('',#4386,#1100);
#692=LINE('',#4387,#1101);
#693=LINE('',#4389,#1102);
#694=LINE('',#4390,#1103);
#695=LINE('',#4392,#1104);
#696=LINE('',#4396,#1105);
#697=LINE('',#4398,#1106);
#698=LINE('',#4399,#1107);
#699=LINE('',#4403,#1108);
#700=LINE('',#4404,#1109);
#701=LINE('',#4405,#1110);
#702=LINE('',#4407,#1111);
#703=LINE('',#4410,#1112);
#704=LINE('',#4411,#1113);
#705=LINE('',#4415,#1114);
#706=LINE('',#4417,#1115);
#707=LINE('',#4419,#1116);
#708=LINE('',#4420,#1117);
#709=LINE('',#4423,#1118);
#710=LINE('',#4425,#1119);
#711=LINE('',#4426,#1120);
#712=LINE('',#4430,#1121);
#713=LINE('',#4432,#1122);
#714=LINE('',#4434,#1123);
#715=LINE('',#4436,#1124);
#716=LINE('',#4438,#1125);
#717=LINE('',#4440,#1126);
#718=LINE('',#4442,#1127);
#719=LINE('',#4444,#1128);
#720=LINE('',#4445,#1129);
#721=LINE('',#4446,#1130);
#722=LINE('',#4449,#1131);
#723=LINE('',#4450,#1132);
#724=LINE('',#4453,#1133);
#725=LINE('',#4455,#1134);
#726=LINE('',#4456,#1135);
#727=LINE('',#4459,#1136);
#728=LINE('',#4460,#1137);
#729=LINE('',#4463,#1138);
#730=LINE('',#4464,#1139);
#731=LINE('',#4466,#1140);
#732=LINE('',#4467,#1141);
#733=LINE('',#4469,#1142);
#734=LINE('',#4473,#1143);
#735=LINE('',#4475,#1144);
#736=LINE('',#4476,#1145);
#737=LINE('',#4480,#1146);
#738=LINE('',#4481,#1147);
#739=LINE('',#4482,#1148);
#740=LINE('',#4484,#1149);
#741=LINE('',#4487,#1150);
#742=LINE('',#4488,#1151);
#743=LINE('',#4492,#1152);
#744=LINE('',#4494,#1153);
#745=LINE('',#4496,#1154);
#746=LINE('',#4497,#1155);
#747=LINE('',#4500,#1156);
#748=LINE('',#4502,#1157);
#749=LINE('',#4503,#1158);
#750=LINE('',#4507,#1159);
#751=LINE('',#4509,#1160);
#752=LINE('',#4511,#1161);
#753=LINE('',#4513,#1162);
#754=LINE('',#4515,#1163);
#755=LINE('',#4517,#1164);
#756=LINE('',#4519,#1165);
#757=LINE('',#4521,#1166);
#758=LINE('',#4522,#1167);
#759=LINE('',#4523,#1168);
#760=LINE('',#4526,#1169);
#761=LINE('',#4527,#1170);
#762=LINE('',#4530,#1171);
#763=LINE('',#4532,#1172);
#764=LINE('',#4533,#1173);
#765=LINE('',#4536,#1174);
#766=LINE('',#4537,#1175);
#767=LINE('',#4540,#1176);
#768=LINE('',#4541,#1177);
#769=LINE('',#4543,#1178);
#770=LINE('',#4544,#1179);
#771=LINE('',#4546,#1180);
#772=LINE('',#4550,#1181);
#773=LINE('',#4552,#1182);
#774=LINE('',#4553,#1183);
#775=LINE('',#4557,#1184);
#776=LINE('',#4558,#1185);
#777=LINE('',#4559,#1186);
#778=LINE('',#4561,#1187);
#779=LINE('',#4564,#1188);
#780=LINE('',#4565,#1189);
#781=LINE('',#4569,#1190);
#782=LINE('',#4571,#1191);
#783=LINE('',#4573,#1192);
#784=LINE('',#4574,#1193);
#785=LINE('',#4577,#1194);
#786=LINE('',#4579,#1195);
#787=LINE('',#4580,#1196);
#788=LINE('',#4584,#1197);
#789=LINE('',#4586,#1198);
#790=LINE('',#4588,#1199);
#791=LINE('',#4590,#1200);
#792=LINE('',#4592,#1201);
#793=LINE('',#4594,#1202);
#794=LINE('',#4596,#1203);
#795=LINE('',#4598,#1204);
#796=LINE('',#4599,#1205);
#797=LINE('',#4600,#1206);
#798=LINE('',#4603,#1207);
#799=LINE('',#4604,#1208);
#800=LINE('',#4607,#1209);
#801=LINE('',#4609,#1210);
#802=LINE('',#4610,#1211);
#803=LINE('',#4613,#1212);
#804=LINE('',#4614,#1213);
#805=LINE('',#4617,#1214);
#806=LINE('',#4618,#1215);
#807=LINE('',#4620,#1216);
#808=LINE('',#4621,#1217);
#809=LINE('',#4623,#1218);
#810=LINE('',#4627,#1219);
#811=LINE('',#4629,#1220);
#812=LINE('',#4630,#1221);
#813=LINE('',#4634,#1222);
#814=LINE('',#4635,#1223);
#815=LINE('',#4636,#1224);
#816=LINE('',#4638,#1225);
#817=LINE('',#4641,#1226);
#818=LINE('',#4642,#1227);
#819=LINE('',#4646,#1228);
#820=LINE('',#4648,#1229);
#821=LINE('',#4650,#1230);
#822=LINE('',#4651,#1231);
#823=LINE('',#4654,#1232);
#824=LINE('',#4656,#1233);
#825=LINE('',#4657,#1234);
#826=LINE('',#4661,#1235);
#827=LINE('',#4663,#1236);
#828=LINE('',#4665,#1237);
#829=LINE('',#4667,#1238);
#830=LINE('',#4669,#1239);
#831=LINE('',#4671,#1240);
#832=LINE('',#4673,#1241);
#833=LINE('',#4675,#1242);
#834=LINE('',#4676,#1243);
#835=LINE('',#4677,#1244);
#836=LINE('',#4680,#1245);
#837=LINE('',#4681,#1246);
#838=LINE('',#4684,#1247);
#839=LINE('',#4686,#1248);
#840=LINE('',#4687,#1249);
#841=LINE('',#4690,#1250);
#842=LINE('',#4691,#1251);
#843=LINE('',#4694,#1252);
#844=LINE('',#4695,#1253);
#845=LINE('',#4697,#1254);
#846=LINE('',#4698,#1255);
#847=LINE('',#4700,#1256);
#848=LINE('',#4704,#1257);
#849=LINE('',#4706,#1258);
#850=LINE('',#4707,#1259);
#851=LINE('',#4711,#1260);
#852=LINE('',#4712,#1261);
#853=LINE('',#4713,#1262);
#854=LINE('',#4715,#1263);
#855=LINE('',#4718,#1264);
#856=LINE('',#4719,#1265);
#857=LINE('',#4723,#1266);
#858=LINE('',#4725,#1267);
#859=LINE('',#4727,#1268);
#860=LINE('',#4728,#1269);
#861=LINE('',#4731,#1270);
#862=LINE('',#4733,#1271);
#863=LINE('',#4734,#1272);
#864=LINE('',#4738,#1273);
#865=LINE('',#4740,#1274);
#866=LINE('',#4742,#1275);
#867=LINE('',#4744,#1276);
#868=LINE('',#4746,#1277);
#869=LINE('',#4748,#1278);
#870=LINE('',#4750,#1279);
#871=LINE('',#4752,#1280);
#872=LINE('',#4753,#1281);
#873=LINE('',#4754,#1282);
#874=LINE('',#4757,#1283);
#875=LINE('',#4758,#1284);
#876=LINE('',#4761,#1285);
#877=LINE('',#4763,#1286);
#878=LINE('',#4764,#1287);
#879=LINE('',#4767,#1288);
#880=LINE('',#4768,#1289);
#881=LINE('',#4771,#1290);
#882=LINE('',#4772,#1291);
#883=LINE('',#4774,#1292);
#884=LINE('',#4775,#1293);
#885=LINE('',#4777,#1294);
#886=LINE('',#4781,#1295);
#887=LINE('',#4783,#1296);
#888=LINE('',#4784,#1297);
#889=LINE('',#4788,#1298);
#890=LINE('',#4789,#1299);
#891=LINE('',#4790,#1300);
#892=LINE('',#4792,#1301);
#893=LINE('',#4795,#1302);
#894=LINE('',#4796,#1303);
#895=LINE('',#4800,#1304);
#896=LINE('',#4802,#1305);
#897=LINE('',#4804,#1306);
#898=LINE('',#4805,#1307);
#899=LINE('',#4808,#1308);
#900=LINE('',#4810,#1309);
#901=LINE('',#4811,#1310);
#902=LINE('',#4815,#1311);
#903=LINE('',#4817,#1312);
#904=LINE('',#4819,#1313);
#905=LINE('',#4821,#1314);
#906=LINE('',#4823,#1315);
#907=LINE('',#4825,#1316);
#908=LINE('',#4827,#1317);
#909=LINE('',#4829,#1318);
#910=LINE('',#4830,#1319);
#911=LINE('',#4831,#1320);
#912=LINE('',#4834,#1321);
#913=LINE('',#4835,#1322);
#914=LINE('',#4838,#1323);
#915=LINE('',#4840,#1324);
#916=LINE('',#4841,#1325);
#917=LINE('',#4844,#1326);
#918=LINE('',#4845,#1327);
#919=LINE('',#4848,#1328);
#920=LINE('',#4849,#1329);
#921=LINE('',#4851,#1330);
#922=LINE('',#4852,#1331);
#923=LINE('',#4854,#1332);
#924=LINE('',#4858,#1333);
#925=LINE('',#4860,#1334);
#926=LINE('',#4861,#1335);
#927=LINE('',#4865,#1336);
#928=LINE('',#4866,#1337);
#929=LINE('',#4867,#1338);
#930=LINE('',#4869,#1339);
#931=LINE('',#4871,#1340);
#932=LINE('',#4875,#1341);
#933=LINE('',#4879,#1342);
#934=LINE('',#4881,#1343);
#935=LINE('',#4883,#1344);
#936=LINE('',#4885,#1345);
#937=LINE('',#4889,#1346);
#938=LINE('',#4893,#1347);
#939=LINE('',#4895,#1348);
#940=LINE('',#4897,#1349);
#941=LINE('',#4901,#1350);
#942=LINE('',#4905,#1351);
#943=LINE('',#4907,#1352);
#944=LINE('',#4909,#1353);
#945=VECTOR('',#3291,10.);
#946=VECTOR('',#3294,10.);
#947=VECTOR('',#3297,10.);
#948=VECTOR('',#3300,10.);
#949=VECTOR('',#3303,10.);
#950=VECTOR('',#3306,10.);
#951=VECTOR('',#3307,10.);
#952=VECTOR('',#3308,10.);
#953=VECTOR('',#3309,10.);
#954=VECTOR('',#3310,10.);
#955=VECTOR('',#3311,10.);
#956=VECTOR('',#3312,10.);
#957=VECTOR('',#3313,10.);
#958=VECTOR('',#3314,10.);
#959=VECTOR('',#3315,10.);
#960=VECTOR('',#3316,10.);
#961=VECTOR('',#3317,10.);
#962=VECTOR('',#3318,10.);
#963=VECTOR('',#3319,10.);
#964=VECTOR('',#3320,10.);
#965=VECTOR('',#3321,10.);
#966=VECTOR('',#3322,10.);
#967=VECTOR('',#3323,10.);
#968=VECTOR('',#3324,10.);
#969=VECTOR('',#3325,10.);
#970=VECTOR('',#3326,10.);
#971=VECTOR('',#3327,10.);
#972=VECTOR('',#3328,10.);
#973=VECTOR('',#3329,10.);
#974=VECTOR('',#3330,10.);
#975=VECTOR('',#3331,10.);
#976=VECTOR('',#3332,10.);
#977=VECTOR('',#3333,10.);
#978=VECTOR('',#3334,10.);
#979=VECTOR('',#3335,10.);
#980=VECTOR('',#3336,10.);
#981=VECTOR('',#3337,10.);
#982=VECTOR('',#3338,10.);
#983=VECTOR('',#3353,10.);
#984=VECTOR('',#3354,10.);
#985=VECTOR('',#3359,10.);
#986=VECTOR('',#3364,10.);
#987=VECTOR('',#3365,10.);
#988=VECTOR('',#3368,10.);
#989=VECTOR('',#3369,10.);
#990=VECTOR('',#3372,10.);
#991=VECTOR('',#3377,10.);
#992=VECTOR('',#3380,10.);
#993=VECTOR('',#3381,10.);
#994=VECTOR('',#3382,10.);
#995=VECTOR('',#3385,10.);
#996=VECTOR('',#3386,10.);
#997=VECTOR('',#3389,10.);
#998=VECTOR('',#3390,10.);
#999=VECTOR('',#3391,10.);
#1000=VECTOR('',#3394,10.);
#1001=VECTOR('',#3395,10.);
#1002=VECTOR('',#3398,10.);
#1003=VECTOR('',#3399,10.);
#1004=VECTOR('',#3400,10.);
#1005=VECTOR('',#3403,10.);
#1006=VECTOR('',#3404,10.);
#1007=VECTOR('',#3407,10.);
#1008=VECTOR('',#3408,10.);
#1009=VECTOR('',#3409,10.);
#1010=VECTOR('',#3412,10.);
#1011=VECTOR('',#3413,10.);
#1012=VECTOR('',#3416,10.);
#1013=VECTOR('',#3417,10.);
#1014=VECTOR('',#3418,10.);
#1015=VECTOR('',#3421,10.);
#1016=VECTOR('',#3422,10.);
#1017=VECTOR('',#3425,10.);
#1018=VECTOR('',#3426,10.);
#1019=VECTOR('',#3427,10.);
#1020=VECTOR('',#3430,10.);
#1021=VECTOR('',#3431,10.);
#1022=VECTOR('',#3434,10.);
#1023=VECTOR('',#3435,10.);
#1024=VECTOR('',#3436,10.);
#1025=VECTOR('',#3439,10.);
#1026=VECTOR('',#3440,10.);
#1027=VECTOR('',#3443,10.);
#1028=VECTOR('',#3444,10.);
#1029=VECTOR('',#3445,10.);
#1030=VECTOR('',#3448,10.);
#1031=VECTOR('',#3449,10.);
#1032=VECTOR('',#3452,10.);
#1033=VECTOR('',#3453,10.);
#1034=VECTOR('',#3456,10.);
#1035=VECTOR('',#3459,10.);
#1036=VECTOR('',#3460,10.);
#1037=VECTOR('',#3461,10.);
#1038=VECTOR('',#3462,10.);
#1039=VECTOR('',#3465,10.);
#1040=VECTOR('',#3466,10.);
#1041=VECTOR('',#3467,10.);
#1042=VECTOR('',#3470,10.);
#1043=VECTOR('',#3471,10.);
#1044=VECTOR('',#3472,10.);
#1045=VECTOR('',#3475,10.);
#1046=VECTOR('',#3476,10.);
#1047=VECTOR('',#3477,10.);
#1048=VECTOR('',#3480,10.);
#1049=VECTOR('',#3481,10.);
#1050=VECTOR('',#3482,10.);
#1051=VECTOR('',#3483,10.);
#1052=VECTOR('',#3484,10.);
#1053=VECTOR('',#3485,10.);
#1054=VECTOR('',#3486,10.);
#1055=VECTOR('',#3487,10.);
#1056=VECTOR('',#3488,10.);
#1057=VECTOR('',#3491,10.);
#1058=VECTOR('',#3492,10.);
#1059=VECTOR('',#3495,10.);
#1060=VECTOR('',#3496,10.);
#1061=VECTOR('',#3499,10.);
#1062=VECTOR('',#3500,10.);
#1063=VECTOR('',#3501,10.);
#1064=VECTOR('',#3504,10.);
#1065=VECTOR('',#3505,10.);
#1066=VECTOR('',#3508,10.);
#1067=VECTOR('',#3509,10.);
#1068=VECTOR('',#3512,10.);
#1069=VECTOR('',#3513,10.);
#1070=VECTOR('',#3516,10.);
#1071=VECTOR('',#3517,10.);
#1072=VECTOR('',#3520,10.);
#1073=VECTOR('',#3521,10.);
#1074=VECTOR('',#3526,10.);
#1075=VECTOR('',#3527,10.);
#1076=VECTOR('',#3530,10.);
#1077=VECTOR('',#3531,10.);
#1078=VECTOR('',#3532,10.);
#1079=VECTOR('',#3533,10.);
#1080=VECTOR('',#3536,10.);
#1081=VECTOR('',#3537,10.);
#1082=VECTOR('',#3538,10.);
#1083=VECTOR('',#3541,10.);
#1084=VECTOR('',#3542,10.);
#1085=VECTOR('',#3543,10.);
#1086=VECTOR('',#3544,10.);
#1087=VECTOR('',#3545,10.);
#1088=VECTOR('',#3546,10.);
#1089=VECTOR('',#3547,10.);
#1090=VECTOR('',#3548,10.);
#1091=VECTOR('',#3549,10.);
#1092=VECTOR('',#3550,10.);
#1093=VECTOR('',#3553,10.);
#1094=VECTOR('',#3554,10.);
#1095=VECTOR('',#3557,10.);
#1096=VECTOR('',#3558,10.);
#1097=VECTOR('',#3559,10.);
#1098=VECTOR('',#3562,10.);
#1099=VECTOR('',#3563,10.);
#1100=VECTOR('',#3566,10.);
#1101=VECTOR('',#3567,10.);
#1102=VECTOR('',#3570,10.);
#1103=VECTOR('',#3571,10.);
#1104=VECTOR('',#3574,10.);
#1105=VECTOR('',#3579,10.);
#1106=VECTOR('',#3580,10.);
#1107=VECTOR('',#3581,10.);
#1108=VECTOR('',#3584,10.);
#1109=VECTOR('',#3585,10.);
#1110=VECTOR('',#3586,10.);
#1111=VECTOR('',#3589,10.);
#1112=VECTOR('',#3592,10.);
#1113=VECTOR('',#3593,10.);
#1114=VECTOR('',#3596,10.);
#1115=VECTOR('',#3597,10.);
#1116=VECTOR('',#3598,10.);
#1117=VECTOR('',#3599,10.);
#1118=VECTOR('',#3602,10.);
#1119=VECTOR('',#3603,10.);
#1120=VECTOR('',#3604,10.);
#1121=VECTOR('',#3607,10.);
#1122=VECTOR('',#3608,10.);
#1123=VECTOR('',#3609,10.);
#1124=VECTOR('',#3610,10.);
#1125=VECTOR('',#3611,10.);
#1126=VECTOR('',#3612,10.);
#1127=VECTOR('',#3613,10.);
#1128=VECTOR('',#3614,10.);
#1129=VECTOR('',#3615,10.);
#1130=VECTOR('',#3616,10.);
#1131=VECTOR('',#3619,10.);
#1132=VECTOR('',#3620,10.);
#1133=VECTOR('',#3623,10.);
#1134=VECTOR('',#3624,10.);
#1135=VECTOR('',#3625,10.);
#1136=VECTOR('',#3628,10.);
#1137=VECTOR('',#3629,10.);
#1138=VECTOR('',#3632,10.);
#1139=VECTOR('',#3633,10.);
#1140=VECTOR('',#3636,10.);
#1141=VECTOR('',#3637,10.);
#1142=VECTOR('',#3640,10.);
#1143=VECTOR('',#3645,10.);
#1144=VECTOR('',#3646,10.);
#1145=VECTOR('',#3647,10.);
#1146=VECTOR('',#3650,10.);
#1147=VECTOR('',#3651,10.);
#1148=VECTOR('',#3652,10.);
#1149=VECTOR('',#3655,10.);
#1150=VECTOR('',#3658,10.);
#1151=VECTOR('',#3659,10.);
#1152=VECTOR('',#3662,10.);
#1153=VECTOR('',#3663,10.);
#1154=VECTOR('',#3664,10.);
#1155=VECTOR('',#3665,10.);
#1156=VECTOR('',#3668,10.);
#1157=VECTOR('',#3669,10.);
#1158=VECTOR('',#3670,10.);
#1159=VECTOR('',#3673,10.);
#1160=VECTOR('',#3674,10.);
#1161=VECTOR('',#3675,10.);
#1162=VECTOR('',#3676,10.);
#1163=VECTOR('',#3677,10.);
#1164=VECTOR('',#3678,10.);
#1165=VECTOR('',#3679,10.);
#1166=VECTOR('',#3680,10.);
#1167=VECTOR('',#3681,10.);
#1168=VECTOR('',#3682,10.);
#1169=VECTOR('',#3685,10.);
#1170=VECTOR('',#3686,10.);
#1171=VECTOR('',#3689,10.);
#1172=VECTOR('',#3690,10.);
#1173=VECTOR('',#3691,10.);
#1174=VECTOR('',#3694,10.);
#1175=VECTOR('',#3695,10.);
#1176=VECTOR('',#3698,10.);
#1177=VECTOR('',#3699,10.);
#1178=VECTOR('',#3702,10.);
#1179=VECTOR('',#3703,10.);
#1180=VECTOR('',#3706,10.);
#1181=VECTOR('',#3711,10.);
#1182=VECTOR('',#3712,10.);
#1183=VECTOR('',#3713,10.);
#1184=VECTOR('',#3716,10.);
#1185=VECTOR('',#3717,10.);
#1186=VECTOR('',#3718,10.);
#1187=VECTOR('',#3721,10.);
#1188=VECTOR('',#3724,10.);
#1189=VECTOR('',#3725,10.);
#1190=VECTOR('',#3728,10.);
#1191=VECTOR('',#3729,10.);
#1192=VECTOR('',#3730,10.);
#1193=VECTOR('',#3731,10.);
#1194=VECTOR('',#3734,10.);
#1195=VECTOR('',#3735,10.);
#1196=VECTOR('',#3736,10.);
#1197=VECTOR('',#3739,10.);
#1198=VECTOR('',#3740,10.);
#1199=VECTOR('',#3741,10.);
#1200=VECTOR('',#3742,10.);
#1201=VECTOR('',#3743,10.);
#1202=VECTOR('',#3744,10.);
#1203=VECTOR('',#3745,10.);
#1204=VECTOR('',#3746,10.);
#1205=VECTOR('',#3747,10.);
#1206=VECTOR('',#3748,10.);
#1207=VECTOR('',#3751,10.);
#1208=VECTOR('',#3752,10.);
#1209=VECTOR('',#3755,10.);
#1210=VECTOR('',#3756,10.);
#1211=VECTOR('',#3757,10.);
#1212=VECTOR('',#3760,10.);
#1213=VECTOR('',#3761,10.);
#1214=VECTOR('',#3764,10.);
#1215=VECTOR('',#3765,10.);
#1216=VECTOR('',#3768,10.);
#1217=VECTOR('',#3769,10.);
#1218=VECTOR('',#3772,10.);
#1219=VECTOR('',#3777,10.);
#1220=VECTOR('',#3778,10.);
#1221=VECTOR('',#3779,10.);
#1222=VECTOR('',#3782,10.);
#1223=VECTOR('',#3783,10.);
#1224=VECTOR('',#3784,10.);
#1225=VECTOR('',#3787,10.);
#1226=VECTOR('',#3790,10.);
#1227=VECTOR('',#3791,10.);
#1228=VECTOR('',#3794,10.);
#1229=VECTOR('',#3795,10.);
#1230=VECTOR('',#3796,10.);
#1231=VECTOR('',#3797,10.);
#1232=VECTOR('',#3800,10.);
#1233=VECTOR('',#3801,10.);
#1234=VECTOR('',#3802,10.);
#1235=VECTOR('',#3805,10.);
#1236=VECTOR('',#3806,10.);
#1237=VECTOR('',#3807,10.);
#1238=VECTOR('',#3808,10.);
#1239=VECTOR('',#3809,10.);
#1240=VECTOR('',#3810,10.);
#1241=VECTOR('',#3811,10.);
#1242=VECTOR('',#3812,10.);
#1243=VECTOR('',#3813,10.);
#1244=VECTOR('',#3814,10.);
#1245=VECTOR('',#3817,10.);
#1246=VECTOR('',#3818,10.);
#1247=VECTOR('',#3821,10.);
#1248=VECTOR('',#3822,10.);
#1249=VECTOR('',#3823,10.);
#1250=VECTOR('',#3826,10.);
#1251=VECTOR('',#3827,10.);
#1252=VECTOR('',#3830,10.);
#1253=VECTOR('',#3831,10.);
#1254=VECTOR('',#3834,10.);
#1255=VECTOR('',#3835,10.);
#1256=VECTOR('',#3838,10.);
#1257=VECTOR('',#3843,10.);
#1258=VECTOR('',#3844,10.);
#1259=VECTOR('',#3845,10.);
#1260=VECTOR('',#3848,10.);
#1261=VECTOR('',#3849,10.);
#1262=VECTOR('',#3850,10.);
#1263=VECTOR('',#3853,10.);
#1264=VECTOR('',#3856,10.);
#1265=VECTOR('',#3857,10.);
#1266=VECTOR('',#3860,10.);
#1267=VECTOR('',#3861,10.);
#1268=VECTOR('',#3862,10.);
#1269=VECTOR('',#3863,10.);
#1270=VECTOR('',#3866,10.);
#1271=VECTOR('',#3867,10.);
#1272=VECTOR('',#3868,10.);
#1273=VECTOR('',#3871,10.);
#1274=VECTOR('',#3872,10.);
#1275=VECTOR('',#3873,10.);
#1276=VECTOR('',#3874,10.);
#1277=VECTOR('',#3875,10.);
#1278=VECTOR('',#3876,10.);
#1279=VECTOR('',#3877,10.);
#1280=VECTOR('',#3878,10.);
#1281=VECTOR('',#3879,10.);
#1282=VECTOR('',#3880,10.);
#1283=VECTOR('',#3883,10.);
#1284=VECTOR('',#3884,10.);
#1285=VECTOR('',#3887,10.);
#1286=VECTOR('',#3888,10.);
#1287=VECTOR('',#3889,10.);
#1288=VECTOR('',#3892,10.);
#1289=VECTOR('',#3893,10.);
#1290=VECTOR('',#3896,10.);
#1291=VECTOR('',#3897,10.);
#1292=VECTOR('',#3900,10.);
#1293=VECTOR('',#3901,10.);
#1294=VECTOR('',#3904,10.);
#1295=VECTOR('',#3909,10.);
#1296=VECTOR('',#3910,10.);
#1297=VECTOR('',#3911,10.);
#1298=VECTOR('',#3914,10.);
#1299=VECTOR('',#3915,10.);
#1300=VECTOR('',#3916,10.);
#1301=VECTOR('',#3919,10.);
#1302=VECTOR('',#3922,10.);
#1303=VECTOR('',#3923,10.);
#1304=VECTOR('',#3926,10.);
#1305=VECTOR('',#3927,10.);
#1306=VECTOR('',#3928,10.);
#1307=VECTOR('',#3929,10.);
#1308=VECTOR('',#3932,10.);
#1309=VECTOR('',#3933,10.);
#1310=VECTOR('',#3934,10.);
#1311=VECTOR('',#3937,10.);
#1312=VECTOR('',#3938,10.);
#1313=VECTOR('',#3939,10.);
#1314=VECTOR('',#3940,10.);
#1315=VECTOR('',#3941,10.);
#1316=VECTOR('',#3942,10.);
#1317=VECTOR('',#3943,10.);
#1318=VECTOR('',#3944,10.);
#1319=VECTOR('',#3945,10.);
#1320=VECTOR('',#3946,10.);
#1321=VECTOR('',#3949,10.);
#1322=VECTOR('',#3950,10.);
#1323=VECTOR('',#3953,10.);
#1324=VECTOR('',#3954,10.);
#1325=VECTOR('',#3955,10.);
#1326=VECTOR('',#3958,10.);
#1327=VECTOR('',#3959,10.);
#1328=VECTOR('',#3962,10.);
#1329=VECTOR('',#3963,10.);
#1330=VECTOR('',#3966,10.);
#1331=VECTOR('',#3967,10.);
#1332=VECTOR('',#3970,10.);
#1333=VECTOR('',#3975,10.);
#1334=VECTOR('',#3976,10.);
#1335=VECTOR('',#3977,10.);
#1336=VECTOR('',#3980,10.);
#1337=VECTOR('',#3981,10.);
#1338=VECTOR('',#3982,10.);
#1339=VECTOR('',#3985,10.);
#1340=VECTOR('',#3988,10.);
#1341=VECTOR('',#3993,2.80000000000001);
#1342=VECTOR('',#3998,2.80000000000001);
#1343=VECTOR('',#4001,10.);
#1344=VECTOR('',#4004,10.);
#1345=VECTOR('',#4007,10.);
#1346=VECTOR('',#4012,2.8);
#1347=VECTOR('',#4017,2.8);
#1348=VECTOR('',#4020,10.);
#1349=VECTOR('',#4023,10.);
#1350=VECTOR('',#4028,2.8);
#1351=VECTOR('',#4033,2.80000000000001);
#1352=VECTOR('',#4036,10.);
#1353=VECTOR('',#4039,10.);
#1354=CIRCLE('',#3113,5.);
#1355=CIRCLE('',#3114,5.);
#1356=CIRCLE('',#3116,5.);
#1357=CIRCLE('',#3117,5.);
#1358=CIRCLE('',#3118,5.);
#1359=CIRCLE('',#3119,2.80000000000001);
#1360=CIRCLE('',#3120,2.8);
#1361=CIRCLE('',#3121,2.8);
#1362=CIRCLE('',#3122,2.8);
#1363=CIRCLE('',#3123,2.80000000000001);
#1364=CIRCLE('',#3124,2.80000000000001);
#1365=CIRCLE('',#3127,5.);
#1366=CIRCLE('',#3129,5.);
#1367=CIRCLE('',#3132,5.);
#1368=CIRCLE('',#3266,2.80000000000001);
#1369=CIRCLE('',#3268,2.80000000000001);
#1370=CIRCLE('',#3273,2.8);
#1371=CIRCLE('',#3275,2.8);
#1372=CIRCLE('',#3279,2.8);
#1373=CIRCLE('',#3281,2.80000000000001);
#1374=VERTEX_POINT('',#4044);
#1375=VERTEX_POINT('',#4045);
#1376=VERTEX_POINT('',#4047);
#1377=VERTEX_POINT('',#4049);
#1378=VERTEX_POINT('',#4053);
#1379=VERTEX_POINT('',#4055);
#1380=VERTEX_POINT('',#4057);
#1381=VERTEX_POINT('',#4059);
#1382=VERTEX_POINT('',#4061);
#1383=VERTEX_POINT('',#4063);
#1384=VERTEX_POINT('',#4066);
#1385=VERTEX_POINT('',#4067);
#1386=VERTEX_POINT('',#4069);
#1387=VERTEX_POINT('',#4071);
#1388=VERTEX_POINT('',#4074);
#1389=VERTEX_POINT('',#4075);
#1390=VERTEX_POINT('',#4077);
#1391=VERTEX_POINT('',#4079);
#1392=VERTEX_POINT('',#4082);
#1393=VERTEX_POINT('',#4083);
#1394=VERTEX_POINT('',#4085);
#1395=VERTEX_POINT('',#4087);
#1396=VERTEX_POINT('',#4090);
#1397=VERTEX_POINT('',#4091);
#1398=VERTEX_POINT('',#4093);
#1399=VERTEX_POINT('',#4095);
#1400=VERTEX_POINT('',#4098);
#1401=VERTEX_POINT('',#4099);
#1402=VERTEX_POINT('',#4101);
#1403=VERTEX_POINT('',#4103);
#1404=VERTEX_POINT('',#4106);
#1405=VERTEX_POINT('',#4107);
#1406=VERTEX_POINT('',#4109);
#1407=VERTEX_POINT('',#4111);
#1408=VERTEX_POINT('',#4114);
#1409=VERTEX_POINT('',#4115);
#1410=VERTEX_POINT('',#4117);
#1411=VERTEX_POINT('',#4119);
#1412=VERTEX_POINT('',#4122);
#1413=VERTEX_POINT('',#4123);
#1414=VERTEX_POINT('',#4125);
#1415=VERTEX_POINT('',#4127);
#1416=VERTEX_POINT('',#4130);
#1417=VERTEX_POINT('',#4132);
#1418=VERTEX_POINT('',#4134);
#1419=VERTEX_POINT('',#4136);
#1420=VERTEX_POINT('',#4138);
#1421=VERTEX_POINT('',#4140);
#1422=VERTEX_POINT('',#4143);
#1423=VERTEX_POINT('',#4147);
#1424=VERTEX_POINT('',#4151);
#1425=VERTEX_POINT('',#4152);
#1426=VERTEX_POINT('',#4157);
#1427=VERTEX_POINT('',#4161);
#1428=VERTEX_POINT('',#4167);
#1429=VERTEX_POINT('',#4169);
#1430=VERTEX_POINT('',#4173);
#1431=VERTEX_POINT('',#4177);
#1432=VERTEX_POINT('',#4179);
#1433=VERTEX_POINT('',#4183);
#1434=VERTEX_POINT('',#4187);
#1435=VERTEX_POINT('',#4189);
#1436=VERTEX_POINT('',#4193);
#1437=VERTEX_POINT('',#4197);
#1438=VERTEX_POINT('',#4199);
#1439=VERTEX_POINT('',#4203);
#1440=VERTEX_POINT('',#4207);
#1441=VERTEX_POINT('',#4209);
#1442=VERTEX_POINT('',#4213);
#1443=VERTEX_POINT('',#4217);
#1444=VERTEX_POINT('',#4219);
#1445=VERTEX_POINT('',#4223);
#1446=VERTEX_POINT('',#4227);
#1447=VERTEX_POINT('',#4229);
#1448=VERTEX_POINT('',#4233);
#1449=VERTEX_POINT('',#4237);
#1450=VERTEX_POINT('',#4239);
#1451=VERTEX_POINT('',#4243);
#1452=VERTEX_POINT('',#4247);
#1453=VERTEX_POINT('',#4253);
#1454=VERTEX_POINT('',#4254);
#1455=VERTEX_POINT('',#4256);
#1456=VERTEX_POINT('',#4258);
#1457=VERTEX_POINT('',#4262);
#1458=VERTEX_POINT('',#4264);
#1459=VERTEX_POINT('',#4268);
#1460=VERTEX_POINT('',#4270);
#1461=VERTEX_POINT('',#4274);
#1462=VERTEX_POINT('',#4276);
#1463=VERTEX_POINT('',#4280);
#1464=VERTEX_POINT('',#4282);
#1465=VERTEX_POINT('',#4284);
#1466=VERTEX_POINT('',#4286);
#1467=VERTEX_POINT('',#4288);
#1468=VERTEX_POINT('',#4290);
#1469=VERTEX_POINT('',#4292);
#1470=VERTEX_POINT('',#4294);
#1471=VERTEX_POINT('',#4298);
#1472=VERTEX_POINT('',#4302);
#1473=VERTEX_POINT('',#4306);
#1474=VERTEX_POINT('',#4308);
#1475=VERTEX_POINT('',#4312);
#1476=VERTEX_POINT('',#4316);
#1477=VERTEX_POINT('',#4320);
#1478=VERTEX_POINT('',#4324);
#1479=VERTEX_POINT('',#4332);
#1480=VERTEX_POINT('',#4336);
#1481=VERTEX_POINT('',#4337);
#1482=VERTEX_POINT('',#4339);
#1483=VERTEX_POINT('',#4341);
#1484=VERTEX_POINT('',#4345);
#1485=VERTEX_POINT('',#4347);
#1486=VERTEX_POINT('',#4351);
#1487=VERTEX_POINT('',#4352);
#1488=VERTEX_POINT('',#4354);
#1489=VERTEX_POINT('',#4356);
#1490=VERTEX_POINT('',#4358);
#1491=VERTEX_POINT('',#4360);
#1492=VERTEX_POINT('',#4362);
#1493=VERTEX_POINT('',#4364);
#1494=VERTEX_POINT('',#4366);
#1495=VERTEX_POINT('',#4371);
#1496=VERTEX_POINT('',#4375);
#1497=VERTEX_POINT('',#4377);
#1498=VERTEX_POINT('',#4381);
#1499=VERTEX_POINT('',#4385);
#1500=VERTEX_POINT('',#4395);
#1501=VERTEX_POINT('',#4397);
#1502=VERTEX_POINT('',#4401);
#1503=VERTEX_POINT('',#4402);
#1504=VERTEX_POINT('',#4409);
#1505=VERTEX_POINT('',#4413);
#1506=VERTEX_POINT('',#4414);
#1507=VERTEX_POINT('',#4416);
#1508=VERTEX_POINT('',#4418);
#1509=VERTEX_POINT('',#4422);
#1510=VERTEX_POINT('',#4424);
#1511=VERTEX_POINT('',#4428);
#1512=VERTEX_POINT('',#4429);
#1513=VERTEX_POINT('',#4431);
#1514=VERTEX_POINT('',#4433);
#1515=VERTEX_POINT('',#4435);
#1516=VERTEX_POINT('',#4437);
#1517=VERTEX_POINT('',#4439);
#1518=VERTEX_POINT('',#4441);
#1519=VERTEX_POINT('',#4443);
#1520=VERTEX_POINT('',#4448);
#1521=VERTEX_POINT('',#4452);
#1522=VERTEX_POINT('',#4454);
#1523=VERTEX_POINT('',#4458);
#1524=VERTEX_POINT('',#4462);
#1525=VERTEX_POINT('',#4472);
#1526=VERTEX_POINT('',#4474);
#1527=VERTEX_POINT('',#4478);
#1528=VERTEX_POINT('',#4479);
#1529=VERTEX_POINT('',#4486);
#1530=VERTEX_POINT('',#4490);
#1531=VERTEX_POINT('',#4491);
#1532=VERTEX_POINT('',#4493);
#1533=VERTEX_POINT('',#4495);
#1534=VERTEX_POINT('',#4499);
#1535=VERTEX_POINT('',#4501);
#1536=VERTEX_POINT('',#4505);
#1537=VERTEX_POINT('',#4506);
#1538=VERTEX_POINT('',#4508);
#1539=VERTEX_POINT('',#4510);
#1540=VERTEX_POINT('',#4512);
#1541=VERTEX_POINT('',#4514);
#1542=VERTEX_POINT('',#4516);
#1543=VERTEX_POINT('',#4518);
#1544=VERTEX_POINT('',#4520);
#1545=VERTEX_POINT('',#4525);
#1546=VERTEX_POINT('',#4529);
#1547=VERTEX_POINT('',#4531);
#1548=VERTEX_POINT('',#4535);
#1549=VERTEX_POINT('',#4539);
#1550=VERTEX_POINT('',#4549);
#1551=VERTEX_POINT('',#4551);
#1552=VERTEX_POINT('',#4555);
#1553=VERTEX_POINT('',#4556);
#1554=VERTEX_POINT('',#4563);
#1555=VERTEX_POINT('',#4567);
#1556=VERTEX_POINT('',#4568);
#1557=VERTEX_POINT('',#4570);
#1558=VERTEX_POINT('',#4572);
#1559=VERTEX_POINT('',#4576);
#1560=VERTEX_POINT('',#4578);
#1561=VERTEX_POINT('',#4582);
#1562=VERTEX_POINT('',#4583);
#1563=VERTEX_POINT('',#4585);
#1564=VERTEX_POINT('',#4587);
#1565=VERTEX_POINT('',#4589);
#1566=VERTEX_POINT('',#4591);
#1567=VERTEX_POINT('',#4593);
#1568=VERTEX_POINT('',#4595);
#1569=VERTEX_POINT('',#4597);
#1570=VERTEX_POINT('',#4602);
#1571=VERTEX_POINT('',#4606);
#1572=VERTEX_POINT('',#4608);
#1573=VERTEX_POINT('',#4612);
#1574=VERTEX_POINT('',#4616);
#1575=VERTEX_POINT('',#4626);
#1576=VERTEX_POINT('',#4628);
#1577=VERTEX_POINT('',#4632);
#1578=VERTEX_POINT('',#4633);
#1579=VERTEX_POINT('',#4640);
#1580=VERTEX_POINT('',#4644);
#1581=VERTEX_POINT('',#4645);
#1582=VERTEX_POINT('',#4647);
#1583=VERTEX_POINT('',#4649);
#1584=VERTEX_POINT('',#4653);
#1585=VERTEX_POINT('',#4655);
#1586=VERTEX_POINT('',#4659);
#1587=VERTEX_POINT('',#4660);
#1588=VERTEX_POINT('',#4662);
#1589=VERTEX_POINT('',#4664);
#1590=VERTEX_POINT('',#4666);
#1591=VERTEX_POINT('',#4668);
#1592=VERTEX_POINT('',#4670);
#1593=VERTEX_POINT('',#4672);
#1594=VERTEX_POINT('',#4674);
#1595=VERTEX_POINT('',#4679);
#1596=VERTEX_POINT('',#4683);
#1597=VERTEX_POINT('',#4685);
#1598=VERTEX_POINT('',#4689);
#1599=VERTEX_POINT('',#4693);
#1600=VERTEX_POINT('',#4703);
#1601=VERTEX_POINT('',#4705);
#1602=VERTEX_POINT('',#4709);
#1603=VERTEX_POINT('',#4710);
#1604=VERTEX_POINT('',#4717);
#1605=VERTEX_POINT('',#4721);
#1606=VERTEX_POINT('',#4722);
#1607=VERTEX_POINT('',#4724);
#1608=VERTEX_POINT('',#4726);
#1609=VERTEX_POINT('',#4730);
#1610=VERTEX_POINT('',#4732);
#1611=VERTEX_POINT('',#4736);
#1612=VERTEX_POINT('',#4737);
#1613=VERTEX_POINT('',#4739);
#1614=VERTEX_POINT('',#4741);
#1615=VERTEX_POINT('',#4743);
#1616=VERTEX_POINT('',#4745);
#1617=VERTEX_POINT('',#4747);
#1618=VERTEX_POINT('',#4749);
#1619=VERTEX_POINT('',#4751);
#1620=VERTEX_POINT('',#4756);
#1621=VERTEX_POINT('',#4760);
#1622=VERTEX_POINT('',#4762);
#1623=VERTEX_POINT('',#4766);
#1624=VERTEX_POINT('',#4770);
#1625=VERTEX_POINT('',#4780);
#1626=VERTEX_POINT('',#4782);
#1627=VERTEX_POINT('',#4786);
#1628=VERTEX_POINT('',#4787);
#1629=VERTEX_POINT('',#4794);
#1630=VERTEX_POINT('',#4798);
#1631=VERTEX_POINT('',#4799);
#1632=VERTEX_POINT('',#4801);
#1633=VERTEX_POINT('',#4803);
#1634=VERTEX_POINT('',#4807);
#1635=VERTEX_POINT('',#4809);
#1636=VERTEX_POINT('',#4813);
#1637=VERTEX_POINT('',#4814);
#1638=VERTEX_POINT('',#4816);
#1639=VERTEX_POINT('',#4818);
#1640=VERTEX_POINT('',#4820);
#1641=VERTEX_POINT('',#4822);
#1642=VERTEX_POINT('',#4824);
#1643=VERTEX_POINT('',#4826);
#1644=VERTEX_POINT('',#4828);
#1645=VERTEX_POINT('',#4833);
#1646=VERTEX_POINT('',#4837);
#1647=VERTEX_POINT('',#4839);
#1648=VERTEX_POINT('',#4843);
#1649=VERTEX_POINT('',#4847);
#1650=VERTEX_POINT('',#4857);
#1651=VERTEX_POINT('',#4859);
#1652=VERTEX_POINT('',#4863);
#1653=VERTEX_POINT('',#4864);
#1654=VERTEX_POINT('',#4873);
#1655=VERTEX_POINT('',#4877);
#1656=VERTEX_POINT('',#4887);
#1657=VERTEX_POINT('',#4891);
#1658=VERTEX_POINT('',#4899);
#1659=VERTEX_POINT('',#4903);
#1660=EDGE_CURVE('',#1374,#1375,#1354,.T.);
#1661=EDGE_CURVE('',#1375,#1376,#536,.T.);
#1662=EDGE_CURVE('',#1376,#1377,#1355,.T.);
#1663=EDGE_CURVE('',#1377,#1374,#537,.T.);
#1664=EDGE_CURVE('',#1376,#1378,#538,.T.);
#1665=EDGE_CURVE('',#1379,#1378,#1356,.T.);
#1666=EDGE_CURVE('',#1379,#1380,#539,.T.);
#1667=EDGE_CURVE('',#1381,#1380,#1357,.T.);
#1668=EDGE_CURVE('',#1381,#1382,#540,.T.);
#1669=EDGE_CURVE('',#1383,#1382,#1358,.T.);
#1670=EDGE_CURVE('',#1383,#1377,#541,.T.);
#1671=EDGE_CURVE('',#1384,#1385,#542,.T.);
#1672=EDGE_CURVE('',#1386,#1384,#543,.T.);
#1673=EDGE_CURVE('',#1387,#1386,#544,.T.);
#1674=EDGE_CURVE('',#1385,#1387,#545,.T.);
#1675=EDGE_CURVE('',#1388,#1389,#546,.T.);
#1676=EDGE_CURVE('',#1390,#1388,#547,.T.);
#1677=EDGE_CURVE('',#1391,#1390,#548,.T.);
#1678=EDGE_CURVE('',#1389,#1391,#549,.T.);
#1679=EDGE_CURVE('',#1392,#1393,#550,.T.);
#1680=EDGE_CURVE('',#1394,#1392,#551,.T.);
#1681=EDGE_CURVE('',#1395,#1394,#552,.T.);
#1682=EDGE_CURVE('',#1393,#1395,#553,.T.);
#1683=EDGE_CURVE('',#1396,#1397,#554,.T.);
#1684=EDGE_CURVE('',#1398,#1396,#555,.T.);
#1685=EDGE_CURVE('',#1399,#1398,#556,.T.);
#1686=EDGE_CURVE('',#1397,#1399,#557,.T.);
#1687=EDGE_CURVE('',#1400,#1401,#558,.T.);
#1688=EDGE_CURVE('',#1402,#1400,#559,.T.);
#1689=EDGE_CURVE('',#1403,#1402,#560,.T.);
#1690=EDGE_CURVE('',#1401,#1403,#561,.T.);
#1691=EDGE_CURVE('',#1404,#1405,#562,.T.);
#1692=EDGE_CURVE('',#1406,#1404,#563,.T.);
#1693=EDGE_CURVE('',#1407,#1406,#564,.T.);
#1694=EDGE_CURVE('',#1405,#1407,#565,.T.);
#1695=EDGE_CURVE('',#1408,#1409,#566,.T.);
#1696=EDGE_CURVE('',#1410,#1408,#567,.T.);
#1697=EDGE_CURVE('',#1411,#1410,#568,.T.);
#1698=EDGE_CURVE('',#1409,#1411,#569,.T.);
#1699=EDGE_CURVE('',#1412,#1413,#570,.T.);
#1700=EDGE_CURVE('',#1414,#1412,#571,.T.);
#1701=EDGE_CURVE('',#1415,#1414,#572,.T.);
#1702=EDGE_CURVE('',#1413,#1415,#573,.T.);
#1703=EDGE_CURVE('',#1416,#1416,#1359,.T.);
#1704=EDGE_CURVE('',#1417,#1417,#1360,.T.);
#1705=EDGE_CURVE('',#1418,#1418,#1361,.T.);
#1706=EDGE_CURVE('',#1419,#1419,#1362,.T.);
#1707=EDGE_CURVE('',#1420,#1420,#1363,.T.);
#1708=EDGE_CURVE('',#1421,#1421,#1364,.T.);
#1709=EDGE_CURVE('',#1422,#1375,#574,.T.);
#1710=EDGE_CURVE('',#1378,#1422,#575,.T.);
#1711=EDGE_CURVE('',#1422,#1423,#1365,.T.);
#1712=EDGE_CURVE('',#1423,#1379,#576,.T.);
#1713=EDGE_CURVE('',#1424,#1425,#1366,.T.);
#1714=EDGE_CURVE('',#1425,#1383,#577,.T.);
#1715=EDGE_CURVE('',#1382,#1424,#578,.T.);
#1716=EDGE_CURVE('',#1426,#1381,#579,.T.);
#1717=EDGE_CURVE('',#1424,#1426,#580,.T.);
#1718=EDGE_CURVE('',#1380,#1427,#581,.T.);
#1719=EDGE_CURVE('',#1427,#1426,#1367,.T.);
#1720=EDGE_CURVE('',#1427,#1423,#582,.T.);
#1721=EDGE_CURVE('',#1428,#1414,#583,.T.);
#1722=EDGE_CURVE('',#1428,#1429,#584,.T.);
#1723=EDGE_CURVE('',#1415,#1429,#585,.T.);
#1724=EDGE_CURVE('',#1412,#1430,#586,.T.);
#1725=EDGE_CURVE('',#1430,#1428,#587,.T.);
#1726=EDGE_CURVE('',#1410,#1431,#588,.T.);
#1727=EDGE_CURVE('',#1431,#1432,#589,.T.);
#1728=EDGE_CURVE('',#1432,#1411,#590,.T.);
#1729=EDGE_CURVE('',#1433,#1408,#591,.T.);
#1730=EDGE_CURVE('',#1433,#1431,#592,.T.);
#1731=EDGE_CURVE('',#1406,#1434,#593,.T.);
#1732=EDGE_CURVE('',#1434,#1435,#594,.T.);
#1733=EDGE_CURVE('',#1435,#1407,#595,.T.);
#1734=EDGE_CURVE('',#1436,#1404,#596,.T.);
#1735=EDGE_CURVE('',#1436,#1434,#597,.T.);
#1736=EDGE_CURVE('',#1402,#1437,#598,.T.);
#1737=EDGE_CURVE('',#1437,#1438,#599,.T.);
#1738=EDGE_CURVE('',#1438,#1403,#600,.T.);
#1739=EDGE_CURVE('',#1439,#1400,#601,.T.);
#1740=EDGE_CURVE('',#1439,#1437,#602,.T.);
#1741=EDGE_CURVE('',#1398,#1440,#603,.T.);
#1742=EDGE_CURVE('',#1440,#1441,#604,.T.);
#1743=EDGE_CURVE('',#1441,#1399,#605,.T.);
#1744=EDGE_CURVE('',#1442,#1396,#606,.T.);
#1745=EDGE_CURVE('',#1442,#1440,#607,.T.);
#1746=EDGE_CURVE('',#1394,#1443,#608,.T.);
#1747=EDGE_CURVE('',#1443,#1444,#609,.T.);
#1748=EDGE_CURVE('',#1444,#1395,#610,.T.);
#1749=EDGE_CURVE('',#1445,#1392,#611,.T.);
#1750=EDGE_CURVE('',#1445,#1443,#612,.T.);
#1751=EDGE_CURVE('',#1390,#1446,#613,.T.);
#1752=EDGE_CURVE('',#1446,#1447,#614,.T.);
#1753=EDGE_CURVE('',#1447,#1391,#615,.T.);
#1754=EDGE_CURVE('',#1448,#1388,#616,.T.);
#1755=EDGE_CURVE('',#1448,#1446,#617,.T.);
#1756=EDGE_CURVE('',#1386,#1449,#618,.T.);
#1757=EDGE_CURVE('',#1449,#1450,#619,.T.);
#1758=EDGE_CURVE('',#1450,#1387,#620,.T.);
#1759=EDGE_CURVE('',#1451,#1384,#621,.T.);
#1760=EDGE_CURVE('',#1451,#1449,#622,.T.);
#1761=EDGE_CURVE('',#1452,#1413,#623,.T.);
#1762=EDGE_CURVE('',#1430,#1452,#624,.T.);
#1763=EDGE_CURVE('',#1429,#1452,#625,.T.);
#1764=EDGE_CURVE('',#1453,#1454,#626,.F.);
#1765=EDGE_CURVE('',#1454,#1455,#627,.T.);
#1766=EDGE_CURVE('',#1455,#1456,#628,.F.);
#1767=EDGE_CURVE('',#1456,#1453,#629,.T.);
#1768=EDGE_CURVE('',#1454,#1457,#630,.T.);
#1769=EDGE_CURVE('',#1457,#1458,#631,.T.);
#1770=EDGE_CURVE('',#1458,#1455,#632,.T.);
#1771=EDGE_CURVE('',#1459,#1458,#633,.T.);
#1772=EDGE_CURVE('',#1457,#1460,#634,.T.);
#1773=EDGE_CURVE('',#1460,#1459,#635,.T.);
#1774=EDGE_CURVE('',#1461,#1459,#636,.T.);
#1775=EDGE_CURVE('',#1460,#1462,#637,.T.);
#1776=EDGE_CURVE('',#1462,#1461,#638,.T.);
#1777=EDGE_CURVE('',#1463,#1453,#639,.T.);
#1778=EDGE_CURVE('',#1464,#1463,#640,.T.);
#1779=EDGE_CURVE('',#1465,#1464,#641,.T.);
#1780=EDGE_CURVE('',#1466,#1465,#642,.T.);
#1781=EDGE_CURVE('',#1467,#1466,#643,.T.);
#1782=EDGE_CURVE('',#1468,#1467,#644,.T.);
#1783=EDGE_CURVE('',#1469,#1468,#645,.T.);
#1784=EDGE_CURVE('',#1470,#1469,#646,.T.);
#1785=EDGE_CURVE('',#1462,#1470,#647,.T.);
#1786=EDGE_CURVE('',#1470,#1471,#648,.T.);
#1787=EDGE_CURVE('',#1471,#1461,#649,.T.);
#1788=EDGE_CURVE('',#1456,#1472,#650,.T.);
#1789=EDGE_CURVE('',#1463,#1472,#651,.T.);
#1790=EDGE_CURVE('',#1468,#1473,#652,.T.);
#1791=EDGE_CURVE('',#1473,#1474,#653,.T.);
#1792=EDGE_CURVE('',#1469,#1474,#654,.T.);
#1793=EDGE_CURVE('',#1467,#1475,#655,.T.);
#1794=EDGE_CURVE('',#1475,#1473,#656,.T.);
#1795=EDGE_CURVE('',#1466,#1476,#657,.T.);
#1796=EDGE_CURVE('',#1476,#1475,#658,.T.);
#1797=EDGE_CURVE('',#1477,#1465,#659,.T.);
#1798=EDGE_CURVE('',#1477,#1476,#660,.T.);
#1799=EDGE_CURVE('',#1464,#1478,#661,.T.);
#1800=EDGE_CURVE('',#1478,#1477,#662,.T.);
#1801=EDGE_CURVE('',#1474,#1471,#663,.T.);
#1802=EDGE_CURVE('',#1472,#1478,#664,.T.);
#1803=EDGE_CURVE('',#1385,#1479,#665,.T.);
#1804=EDGE_CURVE('',#1479,#1451,#666,.T.);
#1805=EDGE_CURVE('',#1480,#1481,#667,.T.);
#1806=EDGE_CURVE('',#1480,#1482,#668,.T.);
#1807=EDGE_CURVE('',#1482,#1483,#669,.T.);
#1808=EDGE_CURVE('',#1483,#1481,#670,.T.);
#1809=EDGE_CURVE('',#1484,#1483,#671,.T.);
#1810=EDGE_CURVE('',#1482,#1485,#672,.T.);
#1811=EDGE_CURVE('',#1485,#1484,#673,.T.);
#1812=EDGE_CURVE('',#1486,#1487,#674,.T.);
#1813=EDGE_CURVE('',#1488,#1486,#675,.T.);
#1814=EDGE_CURVE('',#1489,#1488,#676,.T.);
#1815=EDGE_CURVE('',#1490,#1489,#677,.T.);
#1816=EDGE_CURVE('',#1491,#1490,#678,.T.);
#1817=EDGE_CURVE('',#1492,#1491,#679,.T.);
#1818=EDGE_CURVE('',#1493,#1492,#680,.T.);
#1819=EDGE_CURVE('',#1494,#1493,#681,.T.);
#1820=EDGE_CURVE('',#1485,#1494,#682,.T.);
#1821=EDGE_CURVE('',#1487,#1480,#683,.T.);
#1822=EDGE_CURVE('',#1494,#1495,#684,.T.);
#1823=EDGE_CURVE('',#1495,#1484,#685,.T.);
#1824=EDGE_CURVE('',#1492,#1496,#686,.T.);
#1825=EDGE_CURVE('',#1496,#1497,#687,.T.);
#1826=EDGE_CURVE('',#1493,#1497,#688,.T.);
#1827=EDGE_CURVE('',#1491,#1498,#689,.T.);
#1828=EDGE_CURVE('',#1498,#1496,#690,.T.);
#1829=EDGE_CURVE('',#1499,#1490,#691,.T.);
#1830=EDGE_CURVE('',#1499,#1498,#692,.T.);
#1831=EDGE_CURVE('',#1481,#1499,#693,.T.);
#1832=EDGE_CURVE('',#1497,#1495,#694,.T.);
#1833=EDGE_CURVE('',#1479,#1450,#695,.T.);
#1834=EDGE_CURVE('',#1487,#1500,#696,.T.);
#1835=EDGE_CURVE('',#1500,#1501,#697,.T.);
#1836=EDGE_CURVE('',#1486,#1501,#698,.T.);
#1837=EDGE_CURVE('',#1502,#1503,#699,.T.);
#1838=EDGE_CURVE('',#1502,#1489,#700,.T.);
#1839=EDGE_CURVE('',#1503,#1488,#701,.T.);
#1840=EDGE_CURVE('',#1500,#1502,#702,.T.);
#1841=EDGE_CURVE('',#1389,#1504,#703,.T.);
#1842=EDGE_CURVE('',#1504,#1448,#704,.T.);
#1843=EDGE_CURVE('',#1505,#1506,#705,.T.);
#1844=EDGE_CURVE('',#1505,#1507,#706,.T.);
#1845=EDGE_CURVE('',#1507,#1508,#707,.T.);
#1846=EDGE_CURVE('',#1508,#1506,#708,.T.);
#1847=EDGE_CURVE('',#1509,#1508,#709,.T.);
#1848=EDGE_CURVE('',#1507,#1510,#710,.T.);
#1849=EDGE_CURVE('',#1510,#1509,#711,.T.);
#1850=EDGE_CURVE('',#1511,#1512,#712,.T.);
#1851=EDGE_CURVE('',#1513,#1511,#713,.T.);
#1852=EDGE_CURVE('',#1514,#1513,#714,.T.);
#1853=EDGE_CURVE('',#1515,#1514,#715,.T.);
#1854=EDGE_CURVE('',#1516,#1515,#716,.T.);
#1855=EDGE_CURVE('',#1517,#1516,#717,.T.);
#1856=EDGE_CURVE('',#1518,#1517,#718,.T.);
#1857=EDGE_CURVE('',#1519,#1518,#719,.T.);
#1858=EDGE_CURVE('',#1510,#1519,#720,.T.);
#1859=EDGE_CURVE('',#1512,#1505,#721,.T.);
#1860=EDGE_CURVE('',#1519,#1520,#722,.T.);
#1861=EDGE_CURVE('',#1520,#1509,#723,.T.);
#1862=EDGE_CURVE('',#1517,#1521,#724,.T.);
#1863=EDGE_CURVE('',#1521,#1522,#725,.T.);
#1864=EDGE_CURVE('',#1518,#1522,#726,.T.);
#1865=EDGE_CURVE('',#1516,#1523,#727,.T.);
#1866=EDGE_CURVE('',#1523,#1521,#728,.T.);
#1867=EDGE_CURVE('',#1524,#1515,#729,.T.);
#1868=EDGE_CURVE('',#1524,#1523,#730,.T.);
#1869=EDGE_CURVE('',#1506,#1524,#731,.T.);
#1870=EDGE_CURVE('',#1522,#1520,#732,.T.);
#1871=EDGE_CURVE('',#1504,#1447,#733,.T.);
#1872=EDGE_CURVE('',#1512,#1525,#734,.T.);
#1873=EDGE_CURVE('',#1525,#1526,#735,.T.);
#1874=EDGE_CURVE('',#1511,#1526,#736,.T.);
#1875=EDGE_CURVE('',#1527,#1528,#737,.T.);
#1876=EDGE_CURVE('',#1527,#1514,#738,.T.);
#1877=EDGE_CURVE('',#1528,#1513,#739,.T.);
#1878=EDGE_CURVE('',#1525,#1527,#740,.T.);
#1879=EDGE_CURVE('',#1393,#1529,#741,.T.);
#1880=EDGE_CURVE('',#1529,#1445,#742,.T.);
#1881=EDGE_CURVE('',#1530,#1531,#743,.T.);
#1882=EDGE_CURVE('',#1530,#1532,#744,.T.);
#1883=EDGE_CURVE('',#1532,#1533,#745,.T.);
#1884=EDGE_CURVE('',#1533,#1531,#746,.T.);
#1885=EDGE_CURVE('',#1534,#1533,#747,.T.);
#1886=EDGE_CURVE('',#1532,#1535,#748,.T.);
#1887=EDGE_CURVE('',#1535,#1534,#749,.T.);
#1888=EDGE_CURVE('',#1536,#1537,#750,.T.);
#1889=EDGE_CURVE('',#1538,#1536,#751,.T.);
#1890=EDGE_CURVE('',#1539,#1538,#752,.T.);
#1891=EDGE_CURVE('',#1540,#1539,#753,.T.);
#1892=EDGE_CURVE('',#1541,#1540,#754,.T.);
#1893=EDGE_CURVE('',#1542,#1541,#755,.T.);
#1894=EDGE_CURVE('',#1543,#1542,#756,.T.);
#1895=EDGE_CURVE('',#1544,#1543,#757,.T.);
#1896=EDGE_CURVE('',#1535,#1544,#758,.T.);
#1897=EDGE_CURVE('',#1537,#1530,#759,.T.);
#1898=EDGE_CURVE('',#1544,#1545,#760,.T.);
#1899=EDGE_CURVE('',#1545,#1534,#761,.T.);
#1900=EDGE_CURVE('',#1542,#1546,#762,.T.);
#1901=EDGE_CURVE('',#1546,#1547,#763,.T.);
#1902=EDGE_CURVE('',#1543,#1547,#764,.T.);
#1903=EDGE_CURVE('',#1541,#1548,#765,.T.);
#1904=EDGE_CURVE('',#1548,#1546,#766,.T.);
#1905=EDGE_CURVE('',#1549,#1540,#767,.T.);
#1906=EDGE_CURVE('',#1549,#1548,#768,.T.);
#1907=EDGE_CURVE('',#1531,#1549,#769,.T.);
#1908=EDGE_CURVE('',#1547,#1545,#770,.T.);
#1909=EDGE_CURVE('',#1529,#1444,#771,.T.);
#1910=EDGE_CURVE('',#1537,#1550,#772,.T.);
#1911=EDGE_CURVE('',#1550,#1551,#773,.T.);
#1912=EDGE_CURVE('',#1536,#1551,#774,.T.);
#1913=EDGE_CURVE('',#1552,#1553,#775,.T.);
#1914=EDGE_CURVE('',#1552,#1539,#776,.T.);
#1915=EDGE_CURVE('',#1553,#1538,#777,.T.);
#1916=EDGE_CURVE('',#1550,#1552,#778,.T.);
#1917=EDGE_CURVE('',#1397,#1554,#779,.T.);
#1918=EDGE_CURVE('',#1554,#1442,#780,.T.);
#1919=EDGE_CURVE('',#1555,#1556,#781,.T.);
#1920=EDGE_CURVE('',#1555,#1557,#782,.T.);
#1921=EDGE_CURVE('',#1557,#1558,#783,.T.);
#1922=EDGE_CURVE('',#1558,#1556,#784,.T.);
#1923=EDGE_CURVE('',#1559,#1558,#785,.T.);
#1924=EDGE_CURVE('',#1557,#1560,#786,.T.);
#1925=EDGE_CURVE('',#1560,#1559,#787,.T.);
#1926=EDGE_CURVE('',#1561,#1562,#788,.T.);
#1927=EDGE_CURVE('',#1563,#1561,#789,.T.);
#1928=EDGE_CURVE('',#1564,#1563,#790,.T.);
#1929=EDGE_CURVE('',#1565,#1564,#791,.T.);
#1930=EDGE_CURVE('',#1566,#1565,#792,.T.);
#1931=EDGE_CURVE('',#1567,#1566,#793,.T.);
#1932=EDGE_CURVE('',#1568,#1567,#794,.T.);
#1933=EDGE_CURVE('',#1569,#1568,#795,.T.);
#1934=EDGE_CURVE('',#1560,#1569,#796,.T.);
#1935=EDGE_CURVE('',#1562,#1555,#797,.T.);
#1936=EDGE_CURVE('',#1569,#1570,#798,.T.);
#1937=EDGE_CURVE('',#1570,#1559,#799,.T.);
#1938=EDGE_CURVE('',#1567,#1571,#800,.T.);
#1939=EDGE_CURVE('',#1571,#1572,#801,.T.);
#1940=EDGE_CURVE('',#1568,#1572,#802,.T.);
#1941=EDGE_CURVE('',#1566,#1573,#803,.T.);
#1942=EDGE_CURVE('',#1573,#1571,#804,.T.);
#1943=EDGE_CURVE('',#1574,#1565,#805,.T.);
#1944=EDGE_CURVE('',#1574,#1573,#806,.T.);
#1945=EDGE_CURVE('',#1556,#1574,#807,.T.);
#1946=EDGE_CURVE('',#1572,#1570,#808,.T.);
#1947=EDGE_CURVE('',#1554,#1441,#809,.T.);
#1948=EDGE_CURVE('',#1562,#1575,#810,.T.);
#1949=EDGE_CURVE('',#1575,#1576,#811,.T.);
#1950=EDGE_CURVE('',#1561,#1576,#812,.T.);
#1951=EDGE_CURVE('',#1577,#1578,#813,.T.);
#1952=EDGE_CURVE('',#1577,#1564,#814,.T.);
#1953=EDGE_CURVE('',#1578,#1563,#815,.T.);
#1954=EDGE_CURVE('',#1575,#1577,#816,.T.);
#1955=EDGE_CURVE('',#1401,#1579,#817,.T.);
#1956=EDGE_CURVE('',#1579,#1439,#818,.T.);
#1957=EDGE_CURVE('',#1580,#1581,#819,.T.);
#1958=EDGE_CURVE('',#1580,#1582,#820,.T.);
#1959=EDGE_CURVE('',#1582,#1583,#821,.T.);
#1960=EDGE_CURVE('',#1583,#1581,#822,.T.);
#1961=EDGE_CURVE('',#1584,#1583,#823,.T.);
#1962=EDGE_CURVE('',#1582,#1585,#824,.T.);
#1963=EDGE_CURVE('',#1585,#1584,#825,.T.);
#1964=EDGE_CURVE('',#1586,#1587,#826,.T.);
#1965=EDGE_CURVE('',#1588,#1586,#827,.T.);
#1966=EDGE_CURVE('',#1589,#1588,#828,.T.);
#1967=EDGE_CURVE('',#1590,#1589,#829,.T.);
#1968=EDGE_CURVE('',#1591,#1590,#830,.T.);
#1969=EDGE_CURVE('',#1592,#1591,#831,.T.);
#1970=EDGE_CURVE('',#1593,#1592,#832,.T.);
#1971=EDGE_CURVE('',#1594,#1593,#833,.T.);
#1972=EDGE_CURVE('',#1585,#1594,#834,.T.);
#1973=EDGE_CURVE('',#1587,#1580,#835,.T.);
#1974=EDGE_CURVE('',#1594,#1595,#836,.T.);
#1975=EDGE_CURVE('',#1595,#1584,#837,.T.);
#1976=EDGE_CURVE('',#1592,#1596,#838,.T.);
#1977=EDGE_CURVE('',#1596,#1597,#839,.T.);
#1978=EDGE_CURVE('',#1593,#1597,#840,.T.);
#1979=EDGE_CURVE('',#1591,#1598,#841,.T.);
#1980=EDGE_CURVE('',#1598,#1596,#842,.T.);
#1981=EDGE_CURVE('',#1599,#1590,#843,.T.);
#1982=EDGE_CURVE('',#1599,#1598,#844,.T.);
#1983=EDGE_CURVE('',#1581,#1599,#845,.T.);
#1984=EDGE_CURVE('',#1597,#1595,#846,.T.);
#1985=EDGE_CURVE('',#1579,#1438,#847,.T.);
#1986=EDGE_CURVE('',#1587,#1600,#848,.T.);
#1987=EDGE_CURVE('',#1600,#1601,#849,.T.);
#1988=EDGE_CURVE('',#1586,#1601,#850,.T.);
#1989=EDGE_CURVE('',#1602,#1603,#851,.T.);
#1990=EDGE_CURVE('',#1602,#1589,#852,.T.);
#1991=EDGE_CURVE('',#1603,#1588,#853,.T.);
#1992=EDGE_CURVE('',#1600,#1602,#854,.T.);
#1993=EDGE_CURVE('',#1405,#1604,#855,.T.);
#1994=EDGE_CURVE('',#1604,#1436,#856,.T.);
#1995=EDGE_CURVE('',#1605,#1606,#857,.T.);
#1996=EDGE_CURVE('',#1605,#1607,#858,.T.);
#1997=EDGE_CURVE('',#1607,#1608,#859,.T.);
#1998=EDGE_CURVE('',#1608,#1606,#860,.T.);
#1999=EDGE_CURVE('',#1609,#1608,#861,.T.);
#2000=EDGE_CURVE('',#1607,#1610,#862,.T.);
#2001=EDGE_CURVE('',#1610,#1609,#863,.T.);
#2002=EDGE_CURVE('',#1611,#1612,#864,.T.);
#2003=EDGE_CURVE('',#1613,#1611,#865,.T.);
#2004=EDGE_CURVE('',#1614,#1613,#866,.T.);
#2005=EDGE_CURVE('',#1615,#1614,#867,.T.);
#2006=EDGE_CURVE('',#1616,#1615,#868,.T.);
#2007=EDGE_CURVE('',#1617,#1616,#869,.T.);
#2008=EDGE_CURVE('',#1618,#1617,#870,.T.);
#2009=EDGE_CURVE('',#1619,#1618,#871,.T.);
#2010=EDGE_CURVE('',#1610,#1619,#872,.T.);
#2011=EDGE_CURVE('',#1612,#1605,#873,.T.);
#2012=EDGE_CURVE('',#1619,#1620,#874,.T.);
#2013=EDGE_CURVE('',#1620,#1609,#875,.T.);
#2014=EDGE_CURVE('',#1617,#1621,#876,.T.);
#2015=EDGE_CURVE('',#1621,#1622,#877,.T.);
#2016=EDGE_CURVE('',#1618,#1622,#878,.T.);
#2017=EDGE_CURVE('',#1616,#1623,#879,.T.);
#2018=EDGE_CURVE('',#1623,#1621,#880,.T.);
#2019=EDGE_CURVE('',#1624,#1615,#881,.T.);
#2020=EDGE_CURVE('',#1624,#1623,#882,.T.);
#2021=EDGE_CURVE('',#1606,#1624,#883,.T.);
#2022=EDGE_CURVE('',#1622,#1620,#884,.T.);
#2023=EDGE_CURVE('',#1604,#1435,#885,.T.);
#2024=EDGE_CURVE('',#1612,#1625,#886,.T.);
#2025=EDGE_CURVE('',#1625,#1626,#887,.T.);
#2026=EDGE_CURVE('',#1611,#1626,#888,.T.);
#2027=EDGE_CURVE('',#1627,#1628,#889,.T.);
#2028=EDGE_CURVE('',#1627,#1614,#890,.T.);
#2029=EDGE_CURVE('',#1628,#1613,#891,.T.);
#2030=EDGE_CURVE('',#1625,#1627,#892,.T.);
#2031=EDGE_CURVE('',#1409,#1629,#893,.T.);
#2032=EDGE_CURVE('',#1629,#1433,#894,.T.);
#2033=EDGE_CURVE('',#1630,#1631,#895,.T.);
#2034=EDGE_CURVE('',#1630,#1632,#896,.T.);
#2035=EDGE_CURVE('',#1632,#1633,#897,.T.);
#2036=EDGE_CURVE('',#1633,#1631,#898,.T.);
#2037=EDGE_CURVE('',#1634,#1633,#899,.T.);
#2038=EDGE_CURVE('',#1632,#1635,#900,.T.);
#2039=EDGE_CURVE('',#1635,#1634,#901,.T.);
#2040=EDGE_CURVE('',#1636,#1637,#902,.T.);
#2041=EDGE_CURVE('',#1638,#1636,#903,.T.);
#2042=EDGE_CURVE('',#1639,#1638,#904,.T.);
#2043=EDGE_CURVE('',#1640,#1639,#905,.T.);
#2044=EDGE_CURVE('',#1641,#1640,#906,.T.);
#2045=EDGE_CURVE('',#1642,#1641,#907,.T.);
#2046=EDGE_CURVE('',#1643,#1642,#908,.T.);
#2047=EDGE_CURVE('',#1644,#1643,#909,.T.);
#2048=EDGE_CURVE('',#1635,#1644,#910,.T.);
#2049=EDGE_CURVE('',#1637,#1630,#911,.T.);
#2050=EDGE_CURVE('',#1644,#1645,#912,.T.);
#2051=EDGE_CURVE('',#1645,#1634,#913,.T.);
#2052=EDGE_CURVE('',#1642,#1646,#914,.T.);
#2053=EDGE_CURVE('',#1646,#1647,#915,.T.);
#2054=EDGE_CURVE('',#1643,#1647,#916,.T.);
#2055=EDGE_CURVE('',#1641,#1648,#917,.T.);
#2056=EDGE_CURVE('',#1648,#1646,#918,.T.);
#2057=EDGE_CURVE('',#1649,#1640,#919,.T.);
#2058=EDGE_CURVE('',#1649,#1648,#920,.T.);
#2059=EDGE_CURVE('',#1631,#1649,#921,.T.);
#2060=EDGE_CURVE('',#1647,#1645,#922,.T.);
#2061=EDGE_CURVE('',#1629,#1432,#923,.T.);
#2062=EDGE_CURVE('',#1637,#1650,#924,.T.);
#2063=EDGE_CURVE('',#1650,#1651,#925,.T.);
#2064=EDGE_CURVE('',#1636,#1651,#926,.T.);
#2065=EDGE_CURVE('',#1652,#1653,#927,.T.);
#2066=EDGE_CURVE('',#1652,#1639,#928,.T.);
#2067=EDGE_CURVE('',#1653,#1638,#929,.T.);
#2068=EDGE_CURVE('',#1650,#1652,#930,.T.);
#2069=EDGE_CURVE('',#1576,#1578,#931,.T.);
#2070=EDGE_CURVE('',#1654,#1654,#1368,.T.);
#2071=EDGE_CURVE('',#1654,#1421,#932,.T.);
#2072=EDGE_CURVE('',#1655,#1655,#1369,.T.);
#2073=EDGE_CURVE('',#1655,#1420,#933,.T.);
#2074=EDGE_CURVE('',#1651,#1653,#934,.T.);
#2075=EDGE_CURVE('',#1526,#1528,#935,.T.);
#2076=EDGE_CURVE('',#1501,#1503,#936,.T.);
#2077=EDGE_CURVE('',#1656,#1656,#1370,.T.);
#2078=EDGE_CURVE('',#1656,#1419,#937,.T.);
#2079=EDGE_CURVE('',#1657,#1657,#1371,.T.);
#2080=EDGE_CURVE('',#1657,#1418,#938,.T.);
#2081=EDGE_CURVE('',#1551,#1553,#939,.T.);
#2082=EDGE_CURVE('',#1626,#1628,#940,.T.);
#2083=EDGE_CURVE('',#1658,#1658,#1372,.T.);
#2084=EDGE_CURVE('',#1658,#1417,#941,.T.);
#2085=EDGE_CURVE('',#1659,#1659,#1373,.T.);
#2086=EDGE_CURVE('',#1659,#1416,#942,.T.);
#2087=EDGE_CURVE('',#1601,#1603,#943,.T.);
#2088=EDGE_CURVE('',#1374,#1425,#944,.T.);
#2089=ORIENTED_EDGE('',*,*,#1660,.T.);
#2090=ORIENTED_EDGE('',*,*,#1661,.T.);
#2091=ORIENTED_EDGE('',*,*,#1662,.T.);
#2092=ORIENTED_EDGE('',*,*,#1663,.T.);
#2093=ORIENTED_EDGE('',*,*,#1662,.F.);
#2094=ORIENTED_EDGE('',*,*,#1664,.T.);
#2095=ORIENTED_EDGE('',*,*,#1665,.F.);
#2096=ORIENTED_EDGE('',*,*,#1666,.T.);
#2097=ORIENTED_EDGE('',*,*,#1667,.F.);
#2098=ORIENTED_EDGE('',*,*,#1668,.T.);
#2099=ORIENTED_EDGE('',*,*,#1669,.F.);
#2100=ORIENTED_EDGE('',*,*,#1670,.T.);
#2101=ORIENTED_EDGE('',*,*,#1671,.F.);
#2102=ORIENTED_EDGE('',*,*,#1672,.F.);
#2103=ORIENTED_EDGE('',*,*,#1673,.F.);
#2104=ORIENTED_EDGE('',*,*,#1674,.F.);
#2105=ORIENTED_EDGE('',*,*,#1675,.F.);
#2106=ORIENTED_EDGE('',*,*,#1676,.F.);
#2107=ORIENTED_EDGE('',*,*,#1677,.F.);
#2108=ORIENTED_EDGE('',*,*,#1678,.F.);
#2109=ORIENTED_EDGE('',*,*,#1679,.F.);
#2110=ORIENTED_EDGE('',*,*,#1680,.F.);
#2111=ORIENTED_EDGE('',*,*,#1681,.F.);
#2112=ORIENTED_EDGE('',*,*,#1682,.F.);
#2113=ORIENTED_EDGE('',*,*,#1683,.F.);
#2114=ORIENTED_EDGE('',*,*,#1684,.F.);
#2115=ORIENTED_EDGE('',*,*,#1685,.F.);
#2116=ORIENTED_EDGE('',*,*,#1686,.F.);
#2117=ORIENTED_EDGE('',*,*,#1687,.F.);
#2118=ORIENTED_EDGE('',*,*,#1688,.F.);
#2119=ORIENTED_EDGE('',*,*,#1689,.F.);
#2120=ORIENTED_EDGE('',*,*,#1690,.F.);
#2121=ORIENTED_EDGE('',*,*,#1691,.F.);
#2122=ORIENTED_EDGE('',*,*,#1692,.F.);
#2123=ORIENTED_EDGE('',*,*,#1693,.F.);
#2124=ORIENTED_EDGE('',*,*,#1694,.F.);
#2125=ORIENTED_EDGE('',*,*,#1695,.F.);
#2126=ORIENTED_EDGE('',*,*,#1696,.F.);
#2127=ORIENTED_EDGE('',*,*,#1697,.F.);
#2128=ORIENTED_EDGE('',*,*,#1698,.F.);
#2129=ORIENTED_EDGE('',*,*,#1699,.F.);
#2130=ORIENTED_EDGE('',*,*,#1700,.F.);
#2131=ORIENTED_EDGE('',*,*,#1701,.F.);
#2132=ORIENTED_EDGE('',*,*,#1702,.F.);
#2133=ORIENTED_EDGE('',*,*,#1703,.T.);
#2134=ORIENTED_EDGE('',*,*,#1704,.T.);
#2135=ORIENTED_EDGE('',*,*,#1705,.T.);
#2136=ORIENTED_EDGE('',*,*,#1706,.T.);
#2137=ORIENTED_EDGE('',*,*,#1707,.T.);
#2138=ORIENTED_EDGE('',*,*,#1708,.T.);
#2139=ORIENTED_EDGE('',*,*,#1661,.F.);
#2140=ORIENTED_EDGE('',*,*,#1709,.F.);
#2141=ORIENTED_EDGE('',*,*,#1710,.F.);
#2142=ORIENTED_EDGE('',*,*,#1664,.F.);
#2143=ORIENTED_EDGE('',*,*,#1711,.T.);
#2144=ORIENTED_EDGE('',*,*,#1712,.T.);
#2145=ORIENTED_EDGE('',*,*,#1665,.T.);
#2146=ORIENTED_EDGE('',*,*,#1710,.T.);
#2147=ORIENTED_EDGE('',*,*,#1713,.T.);
#2148=ORIENTED_EDGE('',*,*,#1714,.T.);
#2149=ORIENTED_EDGE('',*,*,#1669,.T.);
#2150=ORIENTED_EDGE('',*,*,#1715,.T.);
#2151=ORIENTED_EDGE('',*,*,#1715,.F.);
#2152=ORIENTED_EDGE('',*,*,#1668,.F.);
#2153=ORIENTED_EDGE('',*,*,#1716,.F.);
#2154=ORIENTED_EDGE('',*,*,#1717,.F.);
#2155=ORIENTED_EDGE('',*,*,#1667,.T.);
#2156=ORIENTED_EDGE('',*,*,#1718,.T.);
#2157=ORIENTED_EDGE('',*,*,#1719,.T.);
#2158=ORIENTED_EDGE('',*,*,#1716,.T.);
#2159=ORIENTED_EDGE('',*,*,#1712,.F.);
#2160=ORIENTED_EDGE('',*,*,#1720,.F.);
#2161=ORIENTED_EDGE('',*,*,#1718,.F.);
#2162=ORIENTED_EDGE('',*,*,#1666,.F.);
#2163=ORIENTED_EDGE('',*,*,#1701,.T.);
#2164=ORIENTED_EDGE('',*,*,#1721,.F.);
#2165=ORIENTED_EDGE('',*,*,#1722,.T.);
#2166=ORIENTED_EDGE('',*,*,#1723,.F.);
#2167=ORIENTED_EDGE('',*,*,#1700,.T.);
#2168=ORIENTED_EDGE('',*,*,#1724,.T.);
#2169=ORIENTED_EDGE('',*,*,#1725,.T.);
#2170=ORIENTED_EDGE('',*,*,#1721,.T.);
#2171=ORIENTED_EDGE('',*,*,#1697,.T.);
#2172=ORIENTED_EDGE('',*,*,#1726,.T.);
#2173=ORIENTED_EDGE('',*,*,#1727,.T.);
#2174=ORIENTED_EDGE('',*,*,#1728,.T.);
#2175=ORIENTED_EDGE('',*,*,#1696,.T.);
#2176=ORIENTED_EDGE('',*,*,#1729,.F.);
#2177=ORIENTED_EDGE('',*,*,#1730,.T.);
#2178=ORIENTED_EDGE('',*,*,#1726,.F.);
#2179=ORIENTED_EDGE('',*,*,#1693,.T.);
#2180=ORIENTED_EDGE('',*,*,#1731,.T.);
#2181=ORIENTED_EDGE('',*,*,#1732,.T.);
#2182=ORIENTED_EDGE('',*,*,#1733,.T.);
#2183=ORIENTED_EDGE('',*,*,#1692,.T.);
#2184=ORIENTED_EDGE('',*,*,#1734,.F.);
#2185=ORIENTED_EDGE('',*,*,#1735,.T.);
#2186=ORIENTED_EDGE('',*,*,#1731,.F.);
#2187=ORIENTED_EDGE('',*,*,#1689,.T.);
#2188=ORIENTED_EDGE('',*,*,#1736,.T.);
#2189=ORIENTED_EDGE('',*,*,#1737,.T.);
#2190=ORIENTED_EDGE('',*,*,#1738,.T.);
#2191=ORIENTED_EDGE('',*,*,#1688,.T.);
#2192=ORIENTED_EDGE('',*,*,#1739,.F.);
#2193=ORIENTED_EDGE('',*,*,#1740,.T.);
#2194=ORIENTED_EDGE('',*,*,#1736,.F.);
#2195=ORIENTED_EDGE('',*,*,#1685,.T.);
#2196=ORIENTED_EDGE('',*,*,#1741,.T.);
#2197=ORIENTED_EDGE('',*,*,#1742,.T.);
#2198=ORIENTED_EDGE('',*,*,#1743,.T.);
#2199=ORIENTED_EDGE('',*,*,#1684,.T.);
#2200=ORIENTED_EDGE('',*,*,#1744,.F.);
#2201=ORIENTED_EDGE('',*,*,#1745,.T.);
#2202=ORIENTED_EDGE('',*,*,#1741,.F.);
#2203=ORIENTED_EDGE('',*,*,#1681,.T.);
#2204=ORIENTED_EDGE('',*,*,#1746,.T.);
#2205=ORIENTED_EDGE('',*,*,#1747,.T.);
#2206=ORIENTED_EDGE('',*,*,#1748,.T.);
#2207=ORIENTED_EDGE('',*,*,#1680,.T.);
#2208=ORIENTED_EDGE('',*,*,#1749,.F.);
#2209=ORIENTED_EDGE('',*,*,#1750,.T.);
#2210=ORIENTED_EDGE('',*,*,#1746,.F.);
#2211=ORIENTED_EDGE('',*,*,#1677,.T.);
#2212=ORIENTED_EDGE('',*,*,#1751,.T.);
#2213=ORIENTED_EDGE('',*,*,#1752,.T.);
#2214=ORIENTED_EDGE('',*,*,#1753,.T.);
#2215=ORIENTED_EDGE('',*,*,#1676,.T.);
#2216=ORIENTED_EDGE('',*,*,#1754,.F.);
#2217=ORIENTED_EDGE('',*,*,#1755,.T.);
#2218=ORIENTED_EDGE('',*,*,#1751,.F.);
#2219=ORIENTED_EDGE('',*,*,#1673,.T.);
#2220=ORIENTED_EDGE('',*,*,#1756,.T.);
#2221=ORIENTED_EDGE('',*,*,#1757,.T.);
#2222=ORIENTED_EDGE('',*,*,#1758,.T.);
#2223=ORIENTED_EDGE('',*,*,#1672,.T.);
#2224=ORIENTED_EDGE('',*,*,#1759,.F.);
#2225=ORIENTED_EDGE('',*,*,#1760,.T.);
#2226=ORIENTED_EDGE('',*,*,#1756,.F.);
#2227=ORIENTED_EDGE('',*,*,#1699,.T.);
#2228=ORIENTED_EDGE('',*,*,#1761,.F.);
#2229=ORIENTED_EDGE('',*,*,#1762,.F.);
#2230=ORIENTED_EDGE('',*,*,#1724,.F.);
#2231=ORIENTED_EDGE('',*,*,#1702,.T.);
#2232=ORIENTED_EDGE('',*,*,#1723,.T.);
#2233=ORIENTED_EDGE('',*,*,#1763,.T.);
#2234=ORIENTED_EDGE('',*,*,#1761,.T.);
#2235=ORIENTED_EDGE('',*,*,#1764,.T.);
#2236=ORIENTED_EDGE('',*,*,#1765,.T.);
#2237=ORIENTED_EDGE('',*,*,#1766,.T.);
#2238=ORIENTED_EDGE('',*,*,#1767,.T.);
#2239=ORIENTED_EDGE('',*,*,#1765,.F.);
#2240=ORIENTED_EDGE('',*,*,#1768,.T.);
#2241=ORIENTED_EDGE('',*,*,#1769,.T.);
#2242=ORIENTED_EDGE('',*,*,#1770,.T.);
#2243=ORIENTED_EDGE('',*,*,#1771,.T.);
#2244=ORIENTED_EDGE('',*,*,#1769,.F.);
#2245=ORIENTED_EDGE('',*,*,#1772,.T.);
#2246=ORIENTED_EDGE('',*,*,#1773,.T.);
#2247=ORIENTED_EDGE('',*,*,#1774,.T.);
#2248=ORIENTED_EDGE('',*,*,#1773,.F.);
#2249=ORIENTED_EDGE('',*,*,#1775,.T.);
#2250=ORIENTED_EDGE('',*,*,#1776,.T.);
#2251=ORIENTED_EDGE('',*,*,#1775,.F.);
#2252=ORIENTED_EDGE('',*,*,#1772,.F.);
#2253=ORIENTED_EDGE('',*,*,#1768,.F.);
#2254=ORIENTED_EDGE('',*,*,#1764,.F.);
#2255=ORIENTED_EDGE('',*,*,#1777,.F.);
#2256=ORIENTED_EDGE('',*,*,#1778,.F.);
#2257=ORIENTED_EDGE('',*,*,#1779,.F.);
#2258=ORIENTED_EDGE('',*,*,#1780,.F.);
#2259=ORIENTED_EDGE('',*,*,#1781,.F.);
#2260=ORIENTED_EDGE('',*,*,#1782,.F.);
#2261=ORIENTED_EDGE('',*,*,#1783,.F.);
#2262=ORIENTED_EDGE('',*,*,#1784,.F.);
#2263=ORIENTED_EDGE('',*,*,#1785,.F.);
#2264=ORIENTED_EDGE('',*,*,#1785,.T.);
#2265=ORIENTED_EDGE('',*,*,#1786,.T.);
#2266=ORIENTED_EDGE('',*,*,#1787,.T.);
#2267=ORIENTED_EDGE('',*,*,#1776,.F.);
#2268=ORIENTED_EDGE('',*,*,#1767,.F.);
#2269=ORIENTED_EDGE('',*,*,#1788,.T.);
#2270=ORIENTED_EDGE('',*,*,#1789,.F.);
#2271=ORIENTED_EDGE('',*,*,#1777,.T.);
#2272=ORIENTED_EDGE('',*,*,#1783,.T.);
#2273=ORIENTED_EDGE('',*,*,#1790,.T.);
#2274=ORIENTED_EDGE('',*,*,#1791,.T.);
#2275=ORIENTED_EDGE('',*,*,#1792,.F.);
#2276=ORIENTED_EDGE('',*,*,#1782,.T.);
#2277=ORIENTED_EDGE('',*,*,#1793,.T.);
#2278=ORIENTED_EDGE('',*,*,#1794,.T.);
#2279=ORIENTED_EDGE('',*,*,#1790,.F.);
#2280=ORIENTED_EDGE('',*,*,#1781,.T.);
#2281=ORIENTED_EDGE('',*,*,#1795,.T.);
#2282=ORIENTED_EDGE('',*,*,#1796,.T.);
#2283=ORIENTED_EDGE('',*,*,#1793,.F.);
#2284=ORIENTED_EDGE('',*,*,#1780,.T.);
#2285=ORIENTED_EDGE('',*,*,#1797,.F.);
#2286=ORIENTED_EDGE('',*,*,#1798,.T.);
#2287=ORIENTED_EDGE('',*,*,#1795,.F.);
#2288=ORIENTED_EDGE('',*,*,#1779,.T.);
#2289=ORIENTED_EDGE('',*,*,#1799,.T.);
#2290=ORIENTED_EDGE('',*,*,#1800,.T.);
#2291=ORIENTED_EDGE('',*,*,#1797,.T.);
#2292=ORIENTED_EDGE('',*,*,#1774,.F.);
#2293=ORIENTED_EDGE('',*,*,#1787,.F.);
#2294=ORIENTED_EDGE('',*,*,#1801,.F.);
#2295=ORIENTED_EDGE('',*,*,#1791,.F.);
#2296=ORIENTED_EDGE('',*,*,#1794,.F.);
#2297=ORIENTED_EDGE('',*,*,#1796,.F.);
#2298=ORIENTED_EDGE('',*,*,#1798,.F.);
#2299=ORIENTED_EDGE('',*,*,#1800,.F.);
#2300=ORIENTED_EDGE('',*,*,#1802,.F.);
#2301=ORIENTED_EDGE('',*,*,#1788,.F.);
#2302=ORIENTED_EDGE('',*,*,#1766,.F.);
#2303=ORIENTED_EDGE('',*,*,#1770,.F.);
#2304=ORIENTED_EDGE('',*,*,#1771,.F.);
#2305=ORIENTED_EDGE('',*,*,#1725,.F.);
#2306=ORIENTED_EDGE('',*,*,#1762,.T.);
#2307=ORIENTED_EDGE('',*,*,#1763,.F.);
#2308=ORIENTED_EDGE('',*,*,#1722,.F.);
#2309=ORIENTED_EDGE('',*,*,#1784,.T.);
#2310=ORIENTED_EDGE('',*,*,#1792,.T.);
#2311=ORIENTED_EDGE('',*,*,#1801,.T.);
#2312=ORIENTED_EDGE('',*,*,#1786,.F.);
#2313=ORIENTED_EDGE('',*,*,#1671,.T.);
#2314=ORIENTED_EDGE('',*,*,#1803,.T.);
#2315=ORIENTED_EDGE('',*,*,#1804,.T.);
#2316=ORIENTED_EDGE('',*,*,#1759,.T.);
#2317=ORIENTED_EDGE('',*,*,#1805,.F.);
#2318=ORIENTED_EDGE('',*,*,#1806,.T.);
#2319=ORIENTED_EDGE('',*,*,#1807,.T.);
#2320=ORIENTED_EDGE('',*,*,#1808,.T.);
#2321=ORIENTED_EDGE('',*,*,#1809,.T.);
#2322=ORIENTED_EDGE('',*,*,#1807,.F.);
#2323=ORIENTED_EDGE('',*,*,#1810,.T.);
#2324=ORIENTED_EDGE('',*,*,#1811,.T.);
#2325=ORIENTED_EDGE('',*,*,#1812,.F.);
#2326=ORIENTED_EDGE('',*,*,#1813,.F.);
#2327=ORIENTED_EDGE('',*,*,#1814,.F.);
#2328=ORIENTED_EDGE('',*,*,#1815,.F.);
#2329=ORIENTED_EDGE('',*,*,#1816,.F.);
#2330=ORIENTED_EDGE('',*,*,#1817,.F.);
#2331=ORIENTED_EDGE('',*,*,#1818,.F.);
#2332=ORIENTED_EDGE('',*,*,#1819,.F.);
#2333=ORIENTED_EDGE('',*,*,#1820,.F.);
#2334=ORIENTED_EDGE('',*,*,#1810,.F.);
#2335=ORIENTED_EDGE('',*,*,#1806,.F.);
#2336=ORIENTED_EDGE('',*,*,#1821,.F.);
#2337=ORIENTED_EDGE('',*,*,#1820,.T.);
#2338=ORIENTED_EDGE('',*,*,#1822,.T.);
#2339=ORIENTED_EDGE('',*,*,#1823,.T.);
#2340=ORIENTED_EDGE('',*,*,#1811,.F.);
#2341=ORIENTED_EDGE('',*,*,#1818,.T.);
#2342=ORIENTED_EDGE('',*,*,#1824,.T.);
#2343=ORIENTED_EDGE('',*,*,#1825,.T.);
#2344=ORIENTED_EDGE('',*,*,#1826,.F.);
#2345=ORIENTED_EDGE('',*,*,#1817,.T.);
#2346=ORIENTED_EDGE('',*,*,#1827,.T.);
#2347=ORIENTED_EDGE('',*,*,#1828,.T.);
#2348=ORIENTED_EDGE('',*,*,#1824,.F.);
#2349=ORIENTED_EDGE('',*,*,#1829,.F.);
#2350=ORIENTED_EDGE('',*,*,#1830,.T.);
#2351=ORIENTED_EDGE('',*,*,#1827,.F.);
#2352=ORIENTED_EDGE('',*,*,#1816,.T.);
#2353=ORIENTED_EDGE('',*,*,#1831,.F.);
#2354=ORIENTED_EDGE('',*,*,#1808,.F.);
#2355=ORIENTED_EDGE('',*,*,#1809,.F.);
#2356=ORIENTED_EDGE('',*,*,#1823,.F.);
#2357=ORIENTED_EDGE('',*,*,#1832,.F.);
#2358=ORIENTED_EDGE('',*,*,#1825,.F.);
#2359=ORIENTED_EDGE('',*,*,#1828,.F.);
#2360=ORIENTED_EDGE('',*,*,#1830,.F.);
#2361=ORIENTED_EDGE('',*,*,#1674,.T.);
#2362=ORIENTED_EDGE('',*,*,#1758,.F.);
#2363=ORIENTED_EDGE('',*,*,#1833,.F.);
#2364=ORIENTED_EDGE('',*,*,#1803,.F.);
#2365=ORIENTED_EDGE('',*,*,#1804,.F.);
#2366=ORIENTED_EDGE('',*,*,#1833,.T.);
#2367=ORIENTED_EDGE('',*,*,#1757,.F.);
#2368=ORIENTED_EDGE('',*,*,#1760,.F.);
#2369=ORIENTED_EDGE('',*,*,#1819,.T.);
#2370=ORIENTED_EDGE('',*,*,#1826,.T.);
#2371=ORIENTED_EDGE('',*,*,#1832,.T.);
#2372=ORIENTED_EDGE('',*,*,#1822,.F.);
#2373=ORIENTED_EDGE('',*,*,#1812,.T.);
#2374=ORIENTED_EDGE('',*,*,#1834,.T.);
#2375=ORIENTED_EDGE('',*,*,#1835,.T.);
#2376=ORIENTED_EDGE('',*,*,#1836,.F.);
#2377=ORIENTED_EDGE('',*,*,#1837,.F.);
#2378=ORIENTED_EDGE('',*,*,#1838,.T.);
#2379=ORIENTED_EDGE('',*,*,#1814,.T.);
#2380=ORIENTED_EDGE('',*,*,#1839,.F.);
#2381=ORIENTED_EDGE('',*,*,#1821,.T.);
#2382=ORIENTED_EDGE('',*,*,#1805,.T.);
#2383=ORIENTED_EDGE('',*,*,#1831,.T.);
#2384=ORIENTED_EDGE('',*,*,#1829,.T.);
#2385=ORIENTED_EDGE('',*,*,#1815,.T.);
#2386=ORIENTED_EDGE('',*,*,#1838,.F.);
#2387=ORIENTED_EDGE('',*,*,#1840,.F.);
#2388=ORIENTED_EDGE('',*,*,#1834,.F.);
#2389=ORIENTED_EDGE('',*,*,#1675,.T.);
#2390=ORIENTED_EDGE('',*,*,#1841,.T.);
#2391=ORIENTED_EDGE('',*,*,#1842,.T.);
#2392=ORIENTED_EDGE('',*,*,#1754,.T.);
#2393=ORIENTED_EDGE('',*,*,#1843,.F.);
#2394=ORIENTED_EDGE('',*,*,#1844,.T.);
#2395=ORIENTED_EDGE('',*,*,#1845,.T.);
#2396=ORIENTED_EDGE('',*,*,#1846,.T.);
#2397=ORIENTED_EDGE('',*,*,#1847,.T.);
#2398=ORIENTED_EDGE('',*,*,#1845,.F.);
#2399=ORIENTED_EDGE('',*,*,#1848,.T.);
#2400=ORIENTED_EDGE('',*,*,#1849,.T.);
#2401=ORIENTED_EDGE('',*,*,#1850,.F.);
#2402=ORIENTED_EDGE('',*,*,#1851,.F.);
#2403=ORIENTED_EDGE('',*,*,#1852,.F.);
#2404=ORIENTED_EDGE('',*,*,#1853,.F.);
#2405=ORIENTED_EDGE('',*,*,#1854,.F.);
#2406=ORIENTED_EDGE('',*,*,#1855,.F.);
#2407=ORIENTED_EDGE('',*,*,#1856,.F.);
#2408=ORIENTED_EDGE('',*,*,#1857,.F.);
#2409=ORIENTED_EDGE('',*,*,#1858,.F.);
#2410=ORIENTED_EDGE('',*,*,#1848,.F.);
#2411=ORIENTED_EDGE('',*,*,#1844,.F.);
#2412=ORIENTED_EDGE('',*,*,#1859,.F.);
#2413=ORIENTED_EDGE('',*,*,#1858,.T.);
#2414=ORIENTED_EDGE('',*,*,#1860,.T.);
#2415=ORIENTED_EDGE('',*,*,#1861,.T.);
#2416=ORIENTED_EDGE('',*,*,#1849,.F.);
#2417=ORIENTED_EDGE('',*,*,#1856,.T.);
#2418=ORIENTED_EDGE('',*,*,#1862,.T.);
#2419=ORIENTED_EDGE('',*,*,#1863,.T.);
#2420=ORIENTED_EDGE('',*,*,#1864,.F.);
#2421=ORIENTED_EDGE('',*,*,#1855,.T.);
#2422=ORIENTED_EDGE('',*,*,#1865,.T.);
#2423=ORIENTED_EDGE('',*,*,#1866,.T.);
#2424=ORIENTED_EDGE('',*,*,#1862,.F.);
#2425=ORIENTED_EDGE('',*,*,#1867,.F.);
#2426=ORIENTED_EDGE('',*,*,#1868,.T.);
#2427=ORIENTED_EDGE('',*,*,#1865,.F.);
#2428=ORIENTED_EDGE('',*,*,#1854,.T.);
#2429=ORIENTED_EDGE('',*,*,#1869,.F.);
#2430=ORIENTED_EDGE('',*,*,#1846,.F.);
#2431=ORIENTED_EDGE('',*,*,#1847,.F.);
#2432=ORIENTED_EDGE('',*,*,#1861,.F.);
#2433=ORIENTED_EDGE('',*,*,#1870,.F.);
#2434=ORIENTED_EDGE('',*,*,#1863,.F.);
#2435=ORIENTED_EDGE('',*,*,#1866,.F.);
#2436=ORIENTED_EDGE('',*,*,#1868,.F.);
#2437=ORIENTED_EDGE('',*,*,#1678,.T.);
#2438=ORIENTED_EDGE('',*,*,#1753,.F.);
#2439=ORIENTED_EDGE('',*,*,#1871,.F.);
#2440=ORIENTED_EDGE('',*,*,#1841,.F.);
#2441=ORIENTED_EDGE('',*,*,#1842,.F.);
#2442=ORIENTED_EDGE('',*,*,#1871,.T.);
#2443=ORIENTED_EDGE('',*,*,#1752,.F.);
#2444=ORIENTED_EDGE('',*,*,#1755,.F.);
#2445=ORIENTED_EDGE('',*,*,#1857,.T.);
#2446=ORIENTED_EDGE('',*,*,#1864,.T.);
#2447=ORIENTED_EDGE('',*,*,#1870,.T.);
#2448=ORIENTED_EDGE('',*,*,#1860,.F.);
#2449=ORIENTED_EDGE('',*,*,#1850,.T.);
#2450=ORIENTED_EDGE('',*,*,#1872,.T.);
#2451=ORIENTED_EDGE('',*,*,#1873,.T.);
#2452=ORIENTED_EDGE('',*,*,#1874,.F.);
#2453=ORIENTED_EDGE('',*,*,#1875,.F.);
#2454=ORIENTED_EDGE('',*,*,#1876,.T.);
#2455=ORIENTED_EDGE('',*,*,#1852,.T.);
#2456=ORIENTED_EDGE('',*,*,#1877,.F.);
#2457=ORIENTED_EDGE('',*,*,#1859,.T.);
#2458=ORIENTED_EDGE('',*,*,#1843,.T.);
#2459=ORIENTED_EDGE('',*,*,#1869,.T.);
#2460=ORIENTED_EDGE('',*,*,#1867,.T.);
#2461=ORIENTED_EDGE('',*,*,#1853,.T.);
#2462=ORIENTED_EDGE('',*,*,#1876,.F.);
#2463=ORIENTED_EDGE('',*,*,#1878,.F.);
#2464=ORIENTED_EDGE('',*,*,#1872,.F.);
#2465=ORIENTED_EDGE('',*,*,#1679,.T.);
#2466=ORIENTED_EDGE('',*,*,#1879,.T.);
#2467=ORIENTED_EDGE('',*,*,#1880,.T.);
#2468=ORIENTED_EDGE('',*,*,#1749,.T.);
#2469=ORIENTED_EDGE('',*,*,#1881,.F.);
#2470=ORIENTED_EDGE('',*,*,#1882,.T.);
#2471=ORIENTED_EDGE('',*,*,#1883,.T.);
#2472=ORIENTED_EDGE('',*,*,#1884,.T.);
#2473=ORIENTED_EDGE('',*,*,#1885,.T.);
#2474=ORIENTED_EDGE('',*,*,#1883,.F.);
#2475=ORIENTED_EDGE('',*,*,#1886,.T.);
#2476=ORIENTED_EDGE('',*,*,#1887,.T.);
#2477=ORIENTED_EDGE('',*,*,#1888,.F.);
#2478=ORIENTED_EDGE('',*,*,#1889,.F.);
#2479=ORIENTED_EDGE('',*,*,#1890,.F.);
#2480=ORIENTED_EDGE('',*,*,#1891,.F.);
#2481=ORIENTED_EDGE('',*,*,#1892,.F.);
#2482=ORIENTED_EDGE('',*,*,#1893,.F.);
#2483=ORIENTED_EDGE('',*,*,#1894,.F.);
#2484=ORIENTED_EDGE('',*,*,#1895,.F.);
#2485=ORIENTED_EDGE('',*,*,#1896,.F.);
#2486=ORIENTED_EDGE('',*,*,#1886,.F.);
#2487=ORIENTED_EDGE('',*,*,#1882,.F.);
#2488=ORIENTED_EDGE('',*,*,#1897,.F.);
#2489=ORIENTED_EDGE('',*,*,#1896,.T.);
#2490=ORIENTED_EDGE('',*,*,#1898,.T.);
#2491=ORIENTED_EDGE('',*,*,#1899,.T.);
#2492=ORIENTED_EDGE('',*,*,#1887,.F.);
#2493=ORIENTED_EDGE('',*,*,#1894,.T.);
#2494=ORIENTED_EDGE('',*,*,#1900,.T.);
#2495=ORIENTED_EDGE('',*,*,#1901,.T.);
#2496=ORIENTED_EDGE('',*,*,#1902,.F.);
#2497=ORIENTED_EDGE('',*,*,#1893,.T.);
#2498=ORIENTED_EDGE('',*,*,#1903,.T.);
#2499=ORIENTED_EDGE('',*,*,#1904,.T.);
#2500=ORIENTED_EDGE('',*,*,#1900,.F.);
#2501=ORIENTED_EDGE('',*,*,#1905,.F.);
#2502=ORIENTED_EDGE('',*,*,#1906,.T.);
#2503=ORIENTED_EDGE('',*,*,#1903,.F.);
#2504=ORIENTED_EDGE('',*,*,#1892,.T.);
#2505=ORIENTED_EDGE('',*,*,#1907,.F.);
#2506=ORIENTED_EDGE('',*,*,#1884,.F.);
#2507=ORIENTED_EDGE('',*,*,#1885,.F.);
#2508=ORIENTED_EDGE('',*,*,#1899,.F.);
#2509=ORIENTED_EDGE('',*,*,#1908,.F.);
#2510=ORIENTED_EDGE('',*,*,#1901,.F.);
#2511=ORIENTED_EDGE('',*,*,#1904,.F.);
#2512=ORIENTED_EDGE('',*,*,#1906,.F.);
#2513=ORIENTED_EDGE('',*,*,#1682,.T.);
#2514=ORIENTED_EDGE('',*,*,#1748,.F.);
#2515=ORIENTED_EDGE('',*,*,#1909,.F.);
#2516=ORIENTED_EDGE('',*,*,#1879,.F.);
#2517=ORIENTED_EDGE('',*,*,#1880,.F.);
#2518=ORIENTED_EDGE('',*,*,#1909,.T.);
#2519=ORIENTED_EDGE('',*,*,#1747,.F.);
#2520=ORIENTED_EDGE('',*,*,#1750,.F.);
#2521=ORIENTED_EDGE('',*,*,#1895,.T.);
#2522=ORIENTED_EDGE('',*,*,#1902,.T.);
#2523=ORIENTED_EDGE('',*,*,#1908,.T.);
#2524=ORIENTED_EDGE('',*,*,#1898,.F.);
#2525=ORIENTED_EDGE('',*,*,#1888,.T.);
#2526=ORIENTED_EDGE('',*,*,#1910,.T.);
#2527=ORIENTED_EDGE('',*,*,#1911,.T.);
#2528=ORIENTED_EDGE('',*,*,#1912,.F.);
#2529=ORIENTED_EDGE('',*,*,#1913,.F.);
#2530=ORIENTED_EDGE('',*,*,#1914,.T.);
#2531=ORIENTED_EDGE('',*,*,#1890,.T.);
#2532=ORIENTED_EDGE('',*,*,#1915,.F.);
#2533=ORIENTED_EDGE('',*,*,#1897,.T.);
#2534=ORIENTED_EDGE('',*,*,#1881,.T.);
#2535=ORIENTED_EDGE('',*,*,#1907,.T.);
#2536=ORIENTED_EDGE('',*,*,#1905,.T.);
#2537=ORIENTED_EDGE('',*,*,#1891,.T.);
#2538=ORIENTED_EDGE('',*,*,#1914,.F.);
#2539=ORIENTED_EDGE('',*,*,#1916,.F.);
#2540=ORIENTED_EDGE('',*,*,#1910,.F.);
#2541=ORIENTED_EDGE('',*,*,#1683,.T.);
#2542=ORIENTED_EDGE('',*,*,#1917,.T.);
#2543=ORIENTED_EDGE('',*,*,#1918,.T.);
#2544=ORIENTED_EDGE('',*,*,#1744,.T.);
#2545=ORIENTED_EDGE('',*,*,#1919,.F.);
#2546=ORIENTED_EDGE('',*,*,#1920,.T.);
#2547=ORIENTED_EDGE('',*,*,#1921,.T.);
#2548=ORIENTED_EDGE('',*,*,#1922,.T.);
#2549=ORIENTED_EDGE('',*,*,#1923,.T.);
#2550=ORIENTED_EDGE('',*,*,#1921,.F.);
#2551=ORIENTED_EDGE('',*,*,#1924,.T.);
#2552=ORIENTED_EDGE('',*,*,#1925,.T.);
#2553=ORIENTED_EDGE('',*,*,#1926,.F.);
#2554=ORIENTED_EDGE('',*,*,#1927,.F.);
#2555=ORIENTED_EDGE('',*,*,#1928,.F.);
#2556=ORIENTED_EDGE('',*,*,#1929,.F.);
#2557=ORIENTED_EDGE('',*,*,#1930,.F.);
#2558=ORIENTED_EDGE('',*,*,#1931,.F.);
#2559=ORIENTED_EDGE('',*,*,#1932,.F.);
#2560=ORIENTED_EDGE('',*,*,#1933,.F.);
#2561=ORIENTED_EDGE('',*,*,#1934,.F.);
#2562=ORIENTED_EDGE('',*,*,#1924,.F.);
#2563=ORIENTED_EDGE('',*,*,#1920,.F.);
#2564=ORIENTED_EDGE('',*,*,#1935,.F.);
#2565=ORIENTED_EDGE('',*,*,#1934,.T.);
#2566=ORIENTED_EDGE('',*,*,#1936,.T.);
#2567=ORIENTED_EDGE('',*,*,#1937,.T.);
#2568=ORIENTED_EDGE('',*,*,#1925,.F.);
#2569=ORIENTED_EDGE('',*,*,#1932,.T.);
#2570=ORIENTED_EDGE('',*,*,#1938,.T.);
#2571=ORIENTED_EDGE('',*,*,#1939,.T.);
#2572=ORIENTED_EDGE('',*,*,#1940,.F.);
#2573=ORIENTED_EDGE('',*,*,#1931,.T.);
#2574=ORIENTED_EDGE('',*,*,#1941,.T.);
#2575=ORIENTED_EDGE('',*,*,#1942,.T.);
#2576=ORIENTED_EDGE('',*,*,#1938,.F.);
#2577=ORIENTED_EDGE('',*,*,#1943,.F.);
#2578=ORIENTED_EDGE('',*,*,#1944,.T.);
#2579=ORIENTED_EDGE('',*,*,#1941,.F.);
#2580=ORIENTED_EDGE('',*,*,#1930,.T.);
#2581=ORIENTED_EDGE('',*,*,#1945,.F.);
#2582=ORIENTED_EDGE('',*,*,#1922,.F.);
#2583=ORIENTED_EDGE('',*,*,#1923,.F.);
#2584=ORIENTED_EDGE('',*,*,#1937,.F.);
#2585=ORIENTED_EDGE('',*,*,#1946,.F.);
#2586=ORIENTED_EDGE('',*,*,#1939,.F.);
#2587=ORIENTED_EDGE('',*,*,#1942,.F.);
#2588=ORIENTED_EDGE('',*,*,#1944,.F.);
#2589=ORIENTED_EDGE('',*,*,#1686,.T.);
#2590=ORIENTED_EDGE('',*,*,#1743,.F.);
#2591=ORIENTED_EDGE('',*,*,#1947,.F.);
#2592=ORIENTED_EDGE('',*,*,#1917,.F.);
#2593=ORIENTED_EDGE('',*,*,#1918,.F.);
#2594=ORIENTED_EDGE('',*,*,#1947,.T.);
#2595=ORIENTED_EDGE('',*,*,#1742,.F.);
#2596=ORIENTED_EDGE('',*,*,#1745,.F.);
#2597=ORIENTED_EDGE('',*,*,#1933,.T.);
#2598=ORIENTED_EDGE('',*,*,#1940,.T.);
#2599=ORIENTED_EDGE('',*,*,#1946,.T.);
#2600=ORIENTED_EDGE('',*,*,#1936,.F.);
#2601=ORIENTED_EDGE('',*,*,#1926,.T.);
#2602=ORIENTED_EDGE('',*,*,#1948,.T.);
#2603=ORIENTED_EDGE('',*,*,#1949,.T.);
#2604=ORIENTED_EDGE('',*,*,#1950,.F.);
#2605=ORIENTED_EDGE('',*,*,#1951,.F.);
#2606=ORIENTED_EDGE('',*,*,#1952,.T.);
#2607=ORIENTED_EDGE('',*,*,#1928,.T.);
#2608=ORIENTED_EDGE('',*,*,#1953,.F.);
#2609=ORIENTED_EDGE('',*,*,#1935,.T.);
#2610=ORIENTED_EDGE('',*,*,#1919,.T.);
#2611=ORIENTED_EDGE('',*,*,#1945,.T.);
#2612=ORIENTED_EDGE('',*,*,#1943,.T.);
#2613=ORIENTED_EDGE('',*,*,#1929,.T.);
#2614=ORIENTED_EDGE('',*,*,#1952,.F.);
#2615=ORIENTED_EDGE('',*,*,#1954,.F.);
#2616=ORIENTED_EDGE('',*,*,#1948,.F.);
#2617=ORIENTED_EDGE('',*,*,#1687,.T.);
#2618=ORIENTED_EDGE('',*,*,#1955,.T.);
#2619=ORIENTED_EDGE('',*,*,#1956,.T.);
#2620=ORIENTED_EDGE('',*,*,#1739,.T.);
#2621=ORIENTED_EDGE('',*,*,#1957,.F.);
#2622=ORIENTED_EDGE('',*,*,#1958,.T.);
#2623=ORIENTED_EDGE('',*,*,#1959,.T.);
#2624=ORIENTED_EDGE('',*,*,#1960,.T.);
#2625=ORIENTED_EDGE('',*,*,#1961,.T.);
#2626=ORIENTED_EDGE('',*,*,#1959,.F.);
#2627=ORIENTED_EDGE('',*,*,#1962,.T.);
#2628=ORIENTED_EDGE('',*,*,#1963,.T.);
#2629=ORIENTED_EDGE('',*,*,#1964,.F.);
#2630=ORIENTED_EDGE('',*,*,#1965,.F.);
#2631=ORIENTED_EDGE('',*,*,#1966,.F.);
#2632=ORIENTED_EDGE('',*,*,#1967,.F.);
#2633=ORIENTED_EDGE('',*,*,#1968,.F.);
#2634=ORIENTED_EDGE('',*,*,#1969,.F.);
#2635=ORIENTED_EDGE('',*,*,#1970,.F.);
#2636=ORIENTED_EDGE('',*,*,#1971,.F.);
#2637=ORIENTED_EDGE('',*,*,#1972,.F.);
#2638=ORIENTED_EDGE('',*,*,#1962,.F.);
#2639=ORIENTED_EDGE('',*,*,#1958,.F.);
#2640=ORIENTED_EDGE('',*,*,#1973,.F.);
#2641=ORIENTED_EDGE('',*,*,#1972,.T.);
#2642=ORIENTED_EDGE('',*,*,#1974,.T.);
#2643=ORIENTED_EDGE('',*,*,#1975,.T.);
#2644=ORIENTED_EDGE('',*,*,#1963,.F.);
#2645=ORIENTED_EDGE('',*,*,#1970,.T.);
#2646=ORIENTED_EDGE('',*,*,#1976,.T.);
#2647=ORIENTED_EDGE('',*,*,#1977,.T.);
#2648=ORIENTED_EDGE('',*,*,#1978,.F.);
#2649=ORIENTED_EDGE('',*,*,#1969,.T.);
#2650=ORIENTED_EDGE('',*,*,#1979,.T.);
#2651=ORIENTED_EDGE('',*,*,#1980,.T.);
#2652=ORIENTED_EDGE('',*,*,#1976,.F.);
#2653=ORIENTED_EDGE('',*,*,#1981,.F.);
#2654=ORIENTED_EDGE('',*,*,#1982,.T.);
#2655=ORIENTED_EDGE('',*,*,#1979,.F.);
#2656=ORIENTED_EDGE('',*,*,#1968,.T.);
#2657=ORIENTED_EDGE('',*,*,#1983,.F.);
#2658=ORIENTED_EDGE('',*,*,#1960,.F.);
#2659=ORIENTED_EDGE('',*,*,#1961,.F.);
#2660=ORIENTED_EDGE('',*,*,#1975,.F.);
#2661=ORIENTED_EDGE('',*,*,#1984,.F.);
#2662=ORIENTED_EDGE('',*,*,#1977,.F.);
#2663=ORIENTED_EDGE('',*,*,#1980,.F.);
#2664=ORIENTED_EDGE('',*,*,#1982,.F.);
#2665=ORIENTED_EDGE('',*,*,#1690,.T.);
#2666=ORIENTED_EDGE('',*,*,#1738,.F.);
#2667=ORIENTED_EDGE('',*,*,#1985,.F.);
#2668=ORIENTED_EDGE('',*,*,#1955,.F.);
#2669=ORIENTED_EDGE('',*,*,#1956,.F.);
#2670=ORIENTED_EDGE('',*,*,#1985,.T.);
#2671=ORIENTED_EDGE('',*,*,#1737,.F.);
#2672=ORIENTED_EDGE('',*,*,#1740,.F.);
#2673=ORIENTED_EDGE('',*,*,#1971,.T.);
#2674=ORIENTED_EDGE('',*,*,#1978,.T.);
#2675=ORIENTED_EDGE('',*,*,#1984,.T.);
#2676=ORIENTED_EDGE('',*,*,#1974,.F.);
#2677=ORIENTED_EDGE('',*,*,#1964,.T.);
#2678=ORIENTED_EDGE('',*,*,#1986,.T.);
#2679=ORIENTED_EDGE('',*,*,#1987,.T.);
#2680=ORIENTED_EDGE('',*,*,#1988,.F.);
#2681=ORIENTED_EDGE('',*,*,#1989,.F.);
#2682=ORIENTED_EDGE('',*,*,#1990,.T.);
#2683=ORIENTED_EDGE('',*,*,#1966,.T.);
#2684=ORIENTED_EDGE('',*,*,#1991,.F.);
#2685=ORIENTED_EDGE('',*,*,#1973,.T.);
#2686=ORIENTED_EDGE('',*,*,#1957,.T.);
#2687=ORIENTED_EDGE('',*,*,#1983,.T.);
#2688=ORIENTED_EDGE('',*,*,#1981,.T.);
#2689=ORIENTED_EDGE('',*,*,#1967,.T.);
#2690=ORIENTED_EDGE('',*,*,#1990,.F.);
#2691=ORIENTED_EDGE('',*,*,#1992,.F.);
#2692=ORIENTED_EDGE('',*,*,#1986,.F.);
#2693=ORIENTED_EDGE('',*,*,#1691,.T.);
#2694=ORIENTED_EDGE('',*,*,#1993,.T.);
#2695=ORIENTED_EDGE('',*,*,#1994,.T.);
#2696=ORIENTED_EDGE('',*,*,#1734,.T.);
#2697=ORIENTED_EDGE('',*,*,#1995,.F.);
#2698=ORIENTED_EDGE('',*,*,#1996,.T.);
#2699=ORIENTED_EDGE('',*,*,#1997,.T.);
#2700=ORIENTED_EDGE('',*,*,#1998,.T.);
#2701=ORIENTED_EDGE('',*,*,#1999,.T.);
#2702=ORIENTED_EDGE('',*,*,#1997,.F.);
#2703=ORIENTED_EDGE('',*,*,#2000,.T.);
#2704=ORIENTED_EDGE('',*,*,#2001,.T.);
#2705=ORIENTED_EDGE('',*,*,#2002,.F.);
#2706=ORIENTED_EDGE('',*,*,#2003,.F.);
#2707=ORIENTED_EDGE('',*,*,#2004,.F.);
#2708=ORIENTED_EDGE('',*,*,#2005,.F.);
#2709=ORIENTED_EDGE('',*,*,#2006,.F.);
#2710=ORIENTED_EDGE('',*,*,#2007,.F.);
#2711=ORIENTED_EDGE('',*,*,#2008,.F.);
#2712=ORIENTED_EDGE('',*,*,#2009,.F.);
#2713=ORIENTED_EDGE('',*,*,#2010,.F.);
#2714=ORIENTED_EDGE('',*,*,#2000,.F.);
#2715=ORIENTED_EDGE('',*,*,#1996,.F.);
#2716=ORIENTED_EDGE('',*,*,#2011,.F.);
#2717=ORIENTED_EDGE('',*,*,#2010,.T.);
#2718=ORIENTED_EDGE('',*,*,#2012,.T.);
#2719=ORIENTED_EDGE('',*,*,#2013,.T.);
#2720=ORIENTED_EDGE('',*,*,#2001,.F.);
#2721=ORIENTED_EDGE('',*,*,#2008,.T.);
#2722=ORIENTED_EDGE('',*,*,#2014,.T.);
#2723=ORIENTED_EDGE('',*,*,#2015,.T.);
#2724=ORIENTED_EDGE('',*,*,#2016,.F.);
#2725=ORIENTED_EDGE('',*,*,#2007,.T.);
#2726=ORIENTED_EDGE('',*,*,#2017,.T.);
#2727=ORIENTED_EDGE('',*,*,#2018,.T.);
#2728=ORIENTED_EDGE('',*,*,#2014,.F.);
#2729=ORIENTED_EDGE('',*,*,#2019,.F.);
#2730=ORIENTED_EDGE('',*,*,#2020,.T.);
#2731=ORIENTED_EDGE('',*,*,#2017,.F.);
#2732=ORIENTED_EDGE('',*,*,#2006,.T.);
#2733=ORIENTED_EDGE('',*,*,#2021,.F.);
#2734=ORIENTED_EDGE('',*,*,#1998,.F.);
#2735=ORIENTED_EDGE('',*,*,#1999,.F.);
#2736=ORIENTED_EDGE('',*,*,#2013,.F.);
#2737=ORIENTED_EDGE('',*,*,#2022,.F.);
#2738=ORIENTED_EDGE('',*,*,#2015,.F.);
#2739=ORIENTED_EDGE('',*,*,#2018,.F.);
#2740=ORIENTED_EDGE('',*,*,#2020,.F.);
#2741=ORIENTED_EDGE('',*,*,#1694,.T.);
#2742=ORIENTED_EDGE('',*,*,#1733,.F.);
#2743=ORIENTED_EDGE('',*,*,#2023,.F.);
#2744=ORIENTED_EDGE('',*,*,#1993,.F.);
#2745=ORIENTED_EDGE('',*,*,#1994,.F.);
#2746=ORIENTED_EDGE('',*,*,#2023,.T.);
#2747=ORIENTED_EDGE('',*,*,#1732,.F.);
#2748=ORIENTED_EDGE('',*,*,#1735,.F.);
#2749=ORIENTED_EDGE('',*,*,#2009,.T.);
#2750=ORIENTED_EDGE('',*,*,#2016,.T.);
#2751=ORIENTED_EDGE('',*,*,#2022,.T.);
#2752=ORIENTED_EDGE('',*,*,#2012,.F.);
#2753=ORIENTED_EDGE('',*,*,#2002,.T.);
#2754=ORIENTED_EDGE('',*,*,#2024,.T.);
#2755=ORIENTED_EDGE('',*,*,#2025,.T.);
#2756=ORIENTED_EDGE('',*,*,#2026,.F.);
#2757=ORIENTED_EDGE('',*,*,#2027,.F.);
#2758=ORIENTED_EDGE('',*,*,#2028,.T.);
#2759=ORIENTED_EDGE('',*,*,#2004,.T.);
#2760=ORIENTED_EDGE('',*,*,#2029,.F.);
#2761=ORIENTED_EDGE('',*,*,#2011,.T.);
#2762=ORIENTED_EDGE('',*,*,#1995,.T.);
#2763=ORIENTED_EDGE('',*,*,#2021,.T.);
#2764=ORIENTED_EDGE('',*,*,#2019,.T.);
#2765=ORIENTED_EDGE('',*,*,#2005,.T.);
#2766=ORIENTED_EDGE('',*,*,#2028,.F.);
#2767=ORIENTED_EDGE('',*,*,#2030,.F.);
#2768=ORIENTED_EDGE('',*,*,#2024,.F.);
#2769=ORIENTED_EDGE('',*,*,#1695,.T.);
#2770=ORIENTED_EDGE('',*,*,#2031,.T.);
#2771=ORIENTED_EDGE('',*,*,#2032,.T.);
#2772=ORIENTED_EDGE('',*,*,#1729,.T.);
#2773=ORIENTED_EDGE('',*,*,#2033,.F.);
#2774=ORIENTED_EDGE('',*,*,#2034,.T.);
#2775=ORIENTED_EDGE('',*,*,#2035,.T.);
#2776=ORIENTED_EDGE('',*,*,#2036,.T.);
#2777=ORIENTED_EDGE('',*,*,#2037,.T.);
#2778=ORIENTED_EDGE('',*,*,#2035,.F.);
#2779=ORIENTED_EDGE('',*,*,#2038,.T.);
#2780=ORIENTED_EDGE('',*,*,#2039,.T.);
#2781=ORIENTED_EDGE('',*,*,#2040,.F.);
#2782=ORIENTED_EDGE('',*,*,#2041,.F.);
#2783=ORIENTED_EDGE('',*,*,#2042,.F.);
#2784=ORIENTED_EDGE('',*,*,#2043,.F.);
#2785=ORIENTED_EDGE('',*,*,#2044,.F.);
#2786=ORIENTED_EDGE('',*,*,#2045,.F.);
#2787=ORIENTED_EDGE('',*,*,#2046,.F.);
#2788=ORIENTED_EDGE('',*,*,#2047,.F.);
#2789=ORIENTED_EDGE('',*,*,#2048,.F.);
#2790=ORIENTED_EDGE('',*,*,#2038,.F.);
#2791=ORIENTED_EDGE('',*,*,#2034,.F.);
#2792=ORIENTED_EDGE('',*,*,#2049,.F.);
#2793=ORIENTED_EDGE('',*,*,#2048,.T.);
#2794=ORIENTED_EDGE('',*,*,#2050,.T.);
#2795=ORIENTED_EDGE('',*,*,#2051,.T.);
#2796=ORIENTED_EDGE('',*,*,#2039,.F.);
#2797=ORIENTED_EDGE('',*,*,#2046,.T.);
#2798=ORIENTED_EDGE('',*,*,#2052,.T.);
#2799=ORIENTED_EDGE('',*,*,#2053,.T.);
#2800=ORIENTED_EDGE('',*,*,#2054,.F.);
#2801=ORIENTED_EDGE('',*,*,#2045,.T.);
#2802=ORIENTED_EDGE('',*,*,#2055,.T.);
#2803=ORIENTED_EDGE('',*,*,#2056,.T.);
#2804=ORIENTED_EDGE('',*,*,#2052,.F.);
#2805=ORIENTED_EDGE('',*,*,#2057,.F.);
#2806=ORIENTED_EDGE('',*,*,#2058,.T.);
#2807=ORIENTED_EDGE('',*,*,#2055,.F.);
#2808=ORIENTED_EDGE('',*,*,#2044,.T.);
#2809=ORIENTED_EDGE('',*,*,#2059,.F.);
#2810=ORIENTED_EDGE('',*,*,#2036,.F.);
#2811=ORIENTED_EDGE('',*,*,#2037,.F.);
#2812=ORIENTED_EDGE('',*,*,#2051,.F.);
#2813=ORIENTED_EDGE('',*,*,#2060,.F.);
#2814=ORIENTED_EDGE('',*,*,#2053,.F.);
#2815=ORIENTED_EDGE('',*,*,#2056,.F.);
#2816=ORIENTED_EDGE('',*,*,#2058,.F.);
#2817=ORIENTED_EDGE('',*,*,#1698,.T.);
#2818=ORIENTED_EDGE('',*,*,#1728,.F.);
#2819=ORIENTED_EDGE('',*,*,#2061,.F.);
#2820=ORIENTED_EDGE('',*,*,#2031,.F.);
#2821=ORIENTED_EDGE('',*,*,#2032,.F.);
#2822=ORIENTED_EDGE('',*,*,#2061,.T.);
#2823=ORIENTED_EDGE('',*,*,#1727,.F.);
#2824=ORIENTED_EDGE('',*,*,#1730,.F.);
#2825=ORIENTED_EDGE('',*,*,#2047,.T.);
#2826=ORIENTED_EDGE('',*,*,#2054,.T.);
#2827=ORIENTED_EDGE('',*,*,#2060,.T.);
#2828=ORIENTED_EDGE('',*,*,#2050,.F.);
#2829=ORIENTED_EDGE('',*,*,#2040,.T.);
#2830=ORIENTED_EDGE('',*,*,#2062,.T.);
#2831=ORIENTED_EDGE('',*,*,#2063,.T.);
#2832=ORIENTED_EDGE('',*,*,#2064,.F.);
#2833=ORIENTED_EDGE('',*,*,#2065,.F.);
#2834=ORIENTED_EDGE('',*,*,#2066,.T.);
#2835=ORIENTED_EDGE('',*,*,#2042,.T.);
#2836=ORIENTED_EDGE('',*,*,#2067,.F.);
#2837=ORIENTED_EDGE('',*,*,#2049,.T.);
#2838=ORIENTED_EDGE('',*,*,#2033,.T.);
#2839=ORIENTED_EDGE('',*,*,#2059,.T.);
#2840=ORIENTED_EDGE('',*,*,#2057,.T.);
#2841=ORIENTED_EDGE('',*,*,#2043,.T.);
#2842=ORIENTED_EDGE('',*,*,#2066,.F.);
#2843=ORIENTED_EDGE('',*,*,#2068,.F.);
#2844=ORIENTED_EDGE('',*,*,#2062,.F.);
#2845=ORIENTED_EDGE('',*,*,#1954,.T.);
#2846=ORIENTED_EDGE('',*,*,#1951,.T.);
#2847=ORIENTED_EDGE('',*,*,#2069,.F.);
#2848=ORIENTED_EDGE('',*,*,#1949,.F.);
#2849=ORIENTED_EDGE('',*,*,#2070,.F.);
#2850=ORIENTED_EDGE('',*,*,#2071,.T.);
#2851=ORIENTED_EDGE('',*,*,#1708,.F.);
#2852=ORIENTED_EDGE('',*,*,#2071,.F.);
#2853=ORIENTED_EDGE('',*,*,#2072,.F.);
#2854=ORIENTED_EDGE('',*,*,#2073,.T.);
#2855=ORIENTED_EDGE('',*,*,#1707,.F.);
#2856=ORIENTED_EDGE('',*,*,#2073,.F.);
#2857=ORIENTED_EDGE('',*,*,#2068,.T.);
#2858=ORIENTED_EDGE('',*,*,#2065,.T.);
#2859=ORIENTED_EDGE('',*,*,#2074,.F.);
#2860=ORIENTED_EDGE('',*,*,#2063,.F.);
#2861=ORIENTED_EDGE('',*,*,#1878,.T.);
#2862=ORIENTED_EDGE('',*,*,#1875,.T.);
#2863=ORIENTED_EDGE('',*,*,#2075,.F.);
#2864=ORIENTED_EDGE('',*,*,#1873,.F.);
#2865=ORIENTED_EDGE('',*,*,#1840,.T.);
#2866=ORIENTED_EDGE('',*,*,#1837,.T.);
#2867=ORIENTED_EDGE('',*,*,#2076,.F.);
#2868=ORIENTED_EDGE('',*,*,#1835,.F.);
#2869=ORIENTED_EDGE('',*,*,#2077,.F.);
#2870=ORIENTED_EDGE('',*,*,#2078,.T.);
#2871=ORIENTED_EDGE('',*,*,#1706,.F.);
#2872=ORIENTED_EDGE('',*,*,#2078,.F.);
#2873=ORIENTED_EDGE('',*,*,#2079,.F.);
#2874=ORIENTED_EDGE('',*,*,#2080,.T.);
#2875=ORIENTED_EDGE('',*,*,#1705,.F.);
#2876=ORIENTED_EDGE('',*,*,#2080,.F.);
#2877=ORIENTED_EDGE('',*,*,#1916,.T.);
#2878=ORIENTED_EDGE('',*,*,#1913,.T.);
#2879=ORIENTED_EDGE('',*,*,#2081,.F.);
#2880=ORIENTED_EDGE('',*,*,#1911,.F.);
#2881=ORIENTED_EDGE('',*,*,#2030,.T.);
#2882=ORIENTED_EDGE('',*,*,#2027,.T.);
#2883=ORIENTED_EDGE('',*,*,#2082,.F.);
#2884=ORIENTED_EDGE('',*,*,#2025,.F.);
#2885=ORIENTED_EDGE('',*,*,#2083,.F.);
#2886=ORIENTED_EDGE('',*,*,#2084,.T.);
#2887=ORIENTED_EDGE('',*,*,#1704,.F.);
#2888=ORIENTED_EDGE('',*,*,#2084,.F.);
#2889=ORIENTED_EDGE('',*,*,#2085,.F.);
#2890=ORIENTED_EDGE('',*,*,#2086,.T.);
#2891=ORIENTED_EDGE('',*,*,#1703,.F.);
#2892=ORIENTED_EDGE('',*,*,#2086,.F.);
#2893=ORIENTED_EDGE('',*,*,#1992,.T.);
#2894=ORIENTED_EDGE('',*,*,#1989,.T.);
#2895=ORIENTED_EDGE('',*,*,#2087,.F.);
#2896=ORIENTED_EDGE('',*,*,#1987,.F.);
#2897=ORIENTED_EDGE('',*,*,#1663,.F.);
#2898=ORIENTED_EDGE('',*,*,#1670,.F.);
#2899=ORIENTED_EDGE('',*,*,#1714,.F.);
#2900=ORIENTED_EDGE('',*,*,#2088,.F.);
#2901=ORIENTED_EDGE('',*,*,#1660,.F.);
#2902=ORIENTED_EDGE('',*,*,#2088,.T.);
#2903=ORIENTED_EDGE('',*,*,#1713,.F.);
#2904=ORIENTED_EDGE('',*,*,#1717,.T.);
#2905=ORIENTED_EDGE('',*,*,#1719,.F.);
#2906=ORIENTED_EDGE('',*,*,#1720,.T.);
#2907=ORIENTED_EDGE('',*,*,#1711,.F.);
#2908=ORIENTED_EDGE('',*,*,#1709,.T.);
#2909=ORIENTED_EDGE('',*,*,#1789,.T.);
#2910=ORIENTED_EDGE('',*,*,#1802,.T.);
#2911=ORIENTED_EDGE('',*,*,#1799,.F.);
#2912=ORIENTED_EDGE('',*,*,#1778,.T.);
#2913=ORIENTED_EDGE('',*,*,#2085,.T.);
#2914=ORIENTED_EDGE('',*,*,#2083,.T.);
#2915=ORIENTED_EDGE('',*,*,#2079,.T.);
#2916=ORIENTED_EDGE('',*,*,#2077,.T.);
#2917=ORIENTED_EDGE('',*,*,#2072,.T.);
#2918=ORIENTED_EDGE('',*,*,#2070,.T.);
#2919=ORIENTED_EDGE('',*,*,#2074,.T.);
#2920=ORIENTED_EDGE('',*,*,#2067,.T.);
#2921=ORIENTED_EDGE('',*,*,#2041,.T.);
#2922=ORIENTED_EDGE('',*,*,#2064,.T.);
#2923=ORIENTED_EDGE('',*,*,#2082,.T.);
#2924=ORIENTED_EDGE('',*,*,#2029,.T.);
#2925=ORIENTED_EDGE('',*,*,#2003,.T.);
#2926=ORIENTED_EDGE('',*,*,#2026,.T.);
#2927=ORIENTED_EDGE('',*,*,#2087,.T.);
#2928=ORIENTED_EDGE('',*,*,#1991,.T.);
#2929=ORIENTED_EDGE('',*,*,#1965,.T.);
#2930=ORIENTED_EDGE('',*,*,#1988,.T.);
#2931=ORIENTED_EDGE('',*,*,#2069,.T.);
#2932=ORIENTED_EDGE('',*,*,#1953,.T.);
#2933=ORIENTED_EDGE('',*,*,#1927,.T.);
#2934=ORIENTED_EDGE('',*,*,#1950,.T.);
#2935=ORIENTED_EDGE('',*,*,#2081,.T.);
#2936=ORIENTED_EDGE('',*,*,#1915,.T.);
#2937=ORIENTED_EDGE('',*,*,#1889,.T.);
#2938=ORIENTED_EDGE('',*,*,#1912,.T.);
#2939=ORIENTED_EDGE('',*,*,#2075,.T.);
#2940=ORIENTED_EDGE('',*,*,#1877,.T.);
#2941=ORIENTED_EDGE('',*,*,#1851,.T.);
#2942=ORIENTED_EDGE('',*,*,#1874,.T.);
#2943=ORIENTED_EDGE('',*,*,#2076,.T.);
#2944=ORIENTED_EDGE('',*,*,#1839,.T.);
#2945=ORIENTED_EDGE('',*,*,#1813,.T.);
#2946=ORIENTED_EDGE('',*,*,#1836,.T.);
#2947=CYLINDRICAL_SURFACE('',#3112,5.);
#2948=CYLINDRICAL_SURFACE('',#3126,5.);
#2949=CYLINDRICAL_SURFACE('',#3128,5.);
#2950=CYLINDRICAL_SURFACE('',#3131,5.);
#2951=CYLINDRICAL_SURFACE('',#3265,2.80000000000001);
#2952=CYLINDRICAL_SURFACE('',#3267,2.80000000000001);
#2953=CYLINDRICAL_SURFACE('',#3272,2.8);
#2954=CYLINDRICAL_SURFACE('',#3274,2.8);
#2955=CYLINDRICAL_SURFACE('',#3278,2.8);
#2956=CYLINDRICAL_SURFACE('',#3280,2.80000000000001);
#2957=ADVANCED_FACE('',(#194),#2947,.T.);
#2958=ADVANCED_FACE('',(#195,#15,#16,#17,#18,#19,#20,#21,#22,#23,#24,#25,
#26,#27,#28),#51,.F.);
#2959=ADVANCED_FACE('',(#196),#52,.T.);
#2960=ADVANCED_FACE('',(#197),#2948,.T.);
#2961=ADVANCED_FACE('',(#198),#2949,.T.);
#2962=ADVANCED_FACE('',(#199),#53,.T.);
#2963=ADVANCED_FACE('',(#200),#2950,.T.);
#2964=ADVANCED_FACE('',(#201),#54,.T.);
#2965=ADVANCED_FACE('',(#202),#55,.T.);
#2966=ADVANCED_FACE('',(#203),#56,.T.);
#2967=ADVANCED_FACE('',(#204),#57,.T.);
#2968=ADVANCED_FACE('',(#205),#58,.T.);
#2969=ADVANCED_FACE('',(#206),#59,.T.);
#2970=ADVANCED_FACE('',(#207),#60,.T.);
#2971=ADVANCED_FACE('',(#208),#61,.T.);
#2972=ADVANCED_FACE('',(#209),#62,.T.);
#2973=ADVANCED_FACE('',(#210),#63,.T.);
#2974=ADVANCED_FACE('',(#211),#64,.T.);
#2975=ADVANCED_FACE('',(#212),#65,.T.);
#2976=ADVANCED_FACE('',(#213),#66,.T.);
#2977=ADVANCED_FACE('',(#214),#67,.T.);
#2978=ADVANCED_FACE('',(#215),#68,.T.);
#2979=ADVANCED_FACE('',(#216),#69,.T.);
#2980=ADVANCED_FACE('',(#217),#70,.T.);
#2981=ADVANCED_FACE('',(#218),#71,.T.);
#2982=ADVANCED_FACE('',(#219),#72,.T.);
#2983=ADVANCED_FACE('',(#220),#73,.T.);
#2984=ADVANCED_FACE('',(#221),#74,.T.);
#2985=ADVANCED_FACE('',(#222),#75,.T.);
#2986=ADVANCED_FACE('',(#223),#76,.T.);
#2987=ADVANCED_FACE('',(#224),#77,.T.);
#2988=ADVANCED_FACE('',(#225),#78,.T.);
#2989=ADVANCED_FACE('',(#226),#79,.T.);
#2990=ADVANCED_FACE('',(#227),#80,.T.);
#2991=ADVANCED_FACE('',(#228),#81,.T.);
#2992=ADVANCED_FACE('',(#229),#82,.T.);
#2993=ADVANCED_FACE('',(#230),#83,.T.);
#2994=ADVANCED_FACE('',(#231),#84,.T.);
#2995=ADVANCED_FACE('',(#232),#85,.T.);
#2996=ADVANCED_FACE('',(#233,#29),#86,.T.);
#2997=ADVANCED_FACE('',(#234),#87,.T.);
#2998=ADVANCED_FACE('',(#235),#88,.T.);
#2999=ADVANCED_FACE('',(#236),#89,.T.);
#3000=ADVANCED_FACE('',(#237),#90,.T.);
#3001=ADVANCED_FACE('',(#238),#91,.T.);
#3002=ADVANCED_FACE('',(#239),#92,.T.);
#3003=ADVANCED_FACE('',(#240),#93,.T.);
#3004=ADVANCED_FACE('',(#241),#94,.T.);
#3005=ADVANCED_FACE('',(#242),#95,.T.);
#3006=ADVANCED_FACE('',(#243),#96,.T.);
#3007=ADVANCED_FACE('',(#244,#30),#97,.T.);
#3008=ADVANCED_FACE('',(#245),#98,.T.);
#3009=ADVANCED_FACE('',(#246),#99,.T.);
#3010=ADVANCED_FACE('',(#247),#100,.F.);
#3011=ADVANCED_FACE('',(#248),#101,.T.);
#3012=ADVANCED_FACE('',(#249),#102,.T.);
#3013=ADVANCED_FACE('',(#250),#103,.T.);
#3014=ADVANCED_FACE('',(#251),#104,.T.);
#3015=ADVANCED_FACE('',(#252),#105,.T.);
#3016=ADVANCED_FACE('',(#253),#106,.T.);
#3017=ADVANCED_FACE('',(#254),#107,.T.);
#3018=ADVANCED_FACE('',(#255),#108,.T.);
#3019=ADVANCED_FACE('',(#256),#109,.T.);
#3020=ADVANCED_FACE('',(#257),#110,.T.);
#3021=ADVANCED_FACE('',(#258,#31),#111,.T.);
#3022=ADVANCED_FACE('',(#259),#112,.T.);
#3023=ADVANCED_FACE('',(#260),#113,.T.);
#3024=ADVANCED_FACE('',(#261),#114,.F.);
#3025=ADVANCED_FACE('',(#262),#115,.T.);
#3026=ADVANCED_FACE('',(#263),#116,.T.);
#3027=ADVANCED_FACE('',(#264),#117,.T.);
#3028=ADVANCED_FACE('',(#265),#118,.T.);
#3029=ADVANCED_FACE('',(#266),#119,.T.);
#3030=ADVANCED_FACE('',(#267),#120,.T.);
#3031=ADVANCED_FACE('',(#268),#121,.T.);
#3032=ADVANCED_FACE('',(#269),#122,.T.);
#3033=ADVANCED_FACE('',(#270),#123,.T.);
#3034=ADVANCED_FACE('',(#271),#124,.T.);
#3035=ADVANCED_FACE('',(#272,#32),#125,.T.);
#3036=ADVANCED_FACE('',(#273),#126,.T.);
#3037=ADVANCED_FACE('',(#274),#127,.T.);
#3038=ADVANCED_FACE('',(#275),#128,.F.);
#3039=ADVANCED_FACE('',(#276),#129,.T.);
#3040=ADVANCED_FACE('',(#277),#130,.T.);
#3041=ADVANCED_FACE('',(#278),#131,.T.);
#3042=ADVANCED_FACE('',(#279),#132,.T.);
#3043=ADVANCED_FACE('',(#280),#133,.T.);
#3044=ADVANCED_FACE('',(#281),#134,.T.);
#3045=ADVANCED_FACE('',(#282),#135,.T.);
#3046=ADVANCED_FACE('',(#283),#136,.T.);
#3047=ADVANCED_FACE('',(#284),#137,.T.);
#3048=ADVANCED_FACE('',(#285),#138,.T.);
#3049=ADVANCED_FACE('',(#286,#33),#139,.T.);
#3050=ADVANCED_FACE('',(#287),#140,.T.);
#3051=ADVANCED_FACE('',(#288),#141,.T.);
#3052=ADVANCED_FACE('',(#289),#142,.F.);
#3053=ADVANCED_FACE('',(#290),#143,.T.);
#3054=ADVANCED_FACE('',(#291),#144,.T.);
#3055=ADVANCED_FACE('',(#292),#145,.T.);
#3056=ADVANCED_FACE('',(#293),#146,.T.);
#3057=ADVANCED_FACE('',(#294),#147,.T.);
#3058=ADVANCED_FACE('',(#295),#148,.T.);
#3059=ADVANCED_FACE('',(#296),#149,.T.);
#3060=ADVANCED_FACE('',(#297),#150,.T.);
#3061=ADVANCED_FACE('',(#298),#151,.T.);
#3062=ADVANCED_FACE('',(#299),#152,.T.);
#3063=ADVANCED_FACE('',(#300,#34),#153,.T.);
#3064=ADVANCED_FACE('',(#301),#154,.T.);
#3065=ADVANCED_FACE('',(#302),#155,.T.);
#3066=ADVANCED_FACE('',(#303),#156,.F.);
#3067=ADVANCED_FACE('',(#304),#157,.T.);
#3068=ADVANCED_FACE('',(#305),#158,.T.);
#3069=ADVANCED_FACE('',(#306),#159,.T.);
#3070=ADVANCED_FACE('',(#307),#160,.T.);
#3071=ADVANCED_FACE('',(#308),#161,.T.);
#3072=ADVANCED_FACE('',(#309),#162,.T.);
#3073=ADVANCED_FACE('',(#310),#163,.T.);
#3074=ADVANCED_FACE('',(#311),#164,.T.);
#3075=ADVANCED_FACE('',(#312),#165,.T.);
#3076=ADVANCED_FACE('',(#313),#166,.T.);
#3077=ADVANCED_FACE('',(#314,#35),#167,.T.);
#3078=ADVANCED_FACE('',(#315),#168,.T.);
#3079=ADVANCED_FACE('',(#316),#169,.T.);
#3080=ADVANCED_FACE('',(#317),#170,.F.);
#3081=ADVANCED_FACE('',(#318),#171,.T.);
#3082=ADVANCED_FACE('',(#319),#172,.T.);
#3083=ADVANCED_FACE('',(#320),#173,.T.);
#3084=ADVANCED_FACE('',(#321),#174,.T.);
#3085=ADVANCED_FACE('',(#322),#175,.T.);
#3086=ADVANCED_FACE('',(#323),#176,.T.);
#3087=ADVANCED_FACE('',(#324),#177,.T.);
#3088=ADVANCED_FACE('',(#325),#178,.T.);
#3089=ADVANCED_FACE('',(#326),#179,.T.);
#3090=ADVANCED_FACE('',(#327),#180,.T.);
#3091=ADVANCED_FACE('',(#328,#36),#181,.T.);
#3092=ADVANCED_FACE('',(#329),#182,.T.);
#3093=ADVANCED_FACE('',(#330),#183,.T.);
#3094=ADVANCED_FACE('',(#331),#184,.F.);
#3095=ADVANCED_FACE('',(#332),#185,.T.);
#3096=ADVANCED_FACE('',(#333),#2951,.F.);
#3097=ADVANCED_FACE('',(#334),#2952,.F.);
#3098=ADVANCED_FACE('',(#335),#186,.T.);
#3099=ADVANCED_FACE('',(#336),#187,.T.);
#3100=ADVANCED_FACE('',(#337),#188,.T.);
#3101=ADVANCED_FACE('',(#338),#2953,.F.);
#3102=ADVANCED_FACE('',(#339),#2954,.F.);
#3103=ADVANCED_FACE('',(#340),#189,.T.);
#3104=ADVANCED_FACE('',(#341),#190,.T.);
#3105=ADVANCED_FACE('',(#342),#2955,.F.);
#3106=ADVANCED_FACE('',(#343),#2956,.F.);
#3107=ADVANCED_FACE('',(#344),#191,.T.);
#3108=ADVANCED_FACE('',(#345),#192,.T.);
#3109=ADVANCED_FACE('',(#346,#37,#38,#39,#40,#41,#42,#43,#44,#45,#46,#47,
#48,#49,#50),#193,.T.);
#3110=CLOSED_SHELL('',(#2957,#2958,#2959,#2960,#2961,#2962,#2963,#2964,
#2965,#2966,#2967,#2968,#2969,#2970,#2971,#2972,#2973,#2974,#2975,#2976,
#2977,#2978,#2979,#2980,#2981,#2982,#2983,#2984,#2985,#2986,#2987,#2988,
#2989,#2990,#2991,#2992,#2993,#2994,#2995,#2996,#2997,#2998,#2999,#3000,
#3001,#3002,#3003,#3004,#3005,#3006,#3007,#3008,#3009,#3010,#3011,#3012,
#3013,#3014,#3015,#3016,#3017,#3018,#3019,#3020,#3021,#3022,#3023,#3024,
#3025,#3026,#3027,#3028,#3029,#3030,#3031,#3032,#3033,#3034,#3035,#3036,
#3037,#3038,#3039,#3040,#3041,#3042,#3043,#3044,#3045,#3046,#3047,#3048,
#3049,#3050,#3051,#3052,#3053,#3054,#3055,#3056,#3057,#3058,#3059,#3060,
#3061,#3062,#3063,#3064,#3065,#3066,#3067,#3068,#3069,#3070,#3071,#3072,
#3073,#3074,#3075,#3076,#3077,#3078,#3079,#3080,#3081,#3082,#3083,#3084,
#3085,#3086,#3087,#3088,#3089,#3090,#3091,#3092,#3093,#3094,#3095,#3096,
#3097,#3098,#3099,#3100,#3101,#3102,#3103,#3104,#3105,#3106,#3107,#3108,
#3109));
#3111=AXIS2_PLACEMENT_3D('',#4042,#3285,#3286);
#3112=AXIS2_PLACEMENT_3D('',#4043,#3287,#3288);
#3113=AXIS2_PLACEMENT_3D('',#4046,#3289,#3290);
#3114=AXIS2_PLACEMENT_3D('',#4050,#3292,#3293);
#3115=AXIS2_PLACEMENT_3D('',#4052,#3295,#3296);
#3116=AXIS2_PLACEMENT_3D('',#4056,#3298,#3299);
#3117=AXIS2_PLACEMENT_3D('',#4060,#3301,#3302);
#3118=AXIS2_PLACEMENT_3D('',#4064,#3304,#3305);
#3119=AXIS2_PLACEMENT_3D('',#4131,#3339,#3340);
#3120=AXIS2_PLACEMENT_3D('',#4133,#3341,#3342);
#3121=AXIS2_PLACEMENT_3D('',#4135,#3343,#3344);
#3122=AXIS2_PLACEMENT_3D('',#4137,#3345,#3346);
#3123=AXIS2_PLACEMENT_3D('',#4139,#3347,#3348);
#3124=AXIS2_PLACEMENT_3D('',#4141,#3349,#3350);
#3125=AXIS2_PLACEMENT_3D('',#4142,#3351,#3352);
#3126=AXIS2_PLACEMENT_3D('',#4146,#3355,#3356);
#3127=AXIS2_PLACEMENT_3D('',#4148,#3357,#3358);
#3128=AXIS2_PLACEMENT_3D('',#4150,#3360,#3361);
#3129=AXIS2_PLACEMENT_3D('',#4153,#3362,#3363);
#3130=AXIS2_PLACEMENT_3D('',#4156,#3366,#3367);
#3131=AXIS2_PLACEMENT_3D('',#4160,#3370,#3371);
#3132=AXIS2_PLACEMENT_3D('',#4163,#3373,#3374);
#3133=AXIS2_PLACEMENT_3D('',#4164,#3375,#3376);
#3134=AXIS2_PLACEMENT_3D('',#4166,#3378,#3379);
#3135=AXIS2_PLACEMENT_3D('',#4172,#3383,#3384);
#3136=AXIS2_PLACEMENT_3D('',#4176,#3387,#3388);
#3137=AXIS2_PLACEMENT_3D('',#4182,#3392,#3393);
#3138=AXIS2_PLACEMENT_3D('',#4186,#3396,#3397);
#3139=AXIS2_PLACEMENT_3D('',#4192,#3401,#3402);
#3140=AXIS2_PLACEMENT_3D('',#4196,#3405,#3406);
#3141=AXIS2_PLACEMENT_3D('',#4202,#3410,#3411);
#3142=AXIS2_PLACEMENT_3D('',#4206,#3414,#3415);
#3143=AXIS2_PLACEMENT_3D('',#4212,#3419,#3420);
#3144=AXIS2_PLACEMENT_3D('',#4216,#3423,#3424);
#3145=AXIS2_PLACEMENT_3D('',#4222,#3428,#3429);
#3146=AXIS2_PLACEMENT_3D('',#4226,#3432,#3433);
#3147=AXIS2_PLACEMENT_3D('',#4232,#3437,#3438);
#3148=AXIS2_PLACEMENT_3D('',#4236,#3441,#3442);
#3149=AXIS2_PLACEMENT_3D('',#4242,#3446,#3447);
#3150=AXIS2_PLACEMENT_3D('',#4246,#3450,#3451);
#3151=AXIS2_PLACEMENT_3D('',#4250,#3454,#3455);
#3152=AXIS2_PLACEMENT_3D('',#4252,#3457,#3458);
#3153=AXIS2_PLACEMENT_3D('',#4261,#3463,#3464);
#3154=AXIS2_PLACEMENT_3D('',#4267,#3468,#3469);
#3155=AXIS2_PLACEMENT_3D('',#4273,#3473,#3474);
#3156=AXIS2_PLACEMENT_3D('',#4279,#3478,#3479);
#3157=AXIS2_PLACEMENT_3D('',#4297,#3489,#3490);
#3158=AXIS2_PLACEMENT_3D('',#4301,#3493,#3494);
#3159=AXIS2_PLACEMENT_3D('',#4305,#3497,#3498);
#3160=AXIS2_PLACEMENT_3D('',#4311,#3502,#3503);
#3161=AXIS2_PLACEMENT_3D('',#4315,#3506,#3507);
#3162=AXIS2_PLACEMENT_3D('',#4319,#3510,#3511);
#3163=AXIS2_PLACEMENT_3D('',#4323,#3514,#3515);
#3164=AXIS2_PLACEMENT_3D('',#4327,#3518,#3519);
#3165=AXIS2_PLACEMENT_3D('',#4330,#3522,#3523);
#3166=AXIS2_PLACEMENT_3D('',#4331,#3524,#3525);
#3167=AXIS2_PLACEMENT_3D('',#4335,#3528,#3529);
#3168=AXIS2_PLACEMENT_3D('',#4344,#3534,#3535);
#3169=AXIS2_PLACEMENT_3D('',#4350,#3539,#3540);
#3170=AXIS2_PLACEMENT_3D('',#4370,#3551,#3552);
#3171=AXIS2_PLACEMENT_3D('',#4374,#3555,#3556);
#3172=AXIS2_PLACEMENT_3D('',#4380,#3560,#3561);
#3173=AXIS2_PLACEMENT_3D('',#4384,#3564,#3565);
#3174=AXIS2_PLACEMENT_3D('',#4388,#3568,#3569);
#3175=AXIS2_PLACEMENT_3D('',#4391,#3572,#3573);
#3176=AXIS2_PLACEMENT_3D('',#4393,#3575,#3576);
#3177=AXIS2_PLACEMENT_3D('',#4394,#3577,#3578);
#3178=AXIS2_PLACEMENT_3D('',#4400,#3582,#3583);
#3179=AXIS2_PLACEMENT_3D('',#4406,#3587,#3588);
#3180=AXIS2_PLACEMENT_3D('',#4408,#3590,#3591);
#3181=AXIS2_PLACEMENT_3D('',#4412,#3594,#3595);
#3182=AXIS2_PLACEMENT_3D('',#4421,#3600,#3601);
#3183=AXIS2_PLACEMENT_3D('',#4427,#3605,#3606);
#3184=AXIS2_PLACEMENT_3D('',#4447,#3617,#3618);
#3185=AXIS2_PLACEMENT_3D('',#4451,#3621,#3622);
#3186=AXIS2_PLACEMENT_3D('',#4457,#3626,#3627);
#3187=AXIS2_PLACEMENT_3D('',#4461,#3630,#3631);
#3188=AXIS2_PLACEMENT_3D('',#4465,#3634,#3635);
#3189=AXIS2_PLACEMENT_3D('',#4468,#3638,#3639);
#3190=AXIS2_PLACEMENT_3D('',#4470,#3641,#3642);
#3191=AXIS2_PLACEMENT_3D('',#4471,#3643,#3644);
#3192=AXIS2_PLACEMENT_3D('',#4477,#3648,#3649);
#3193=AXIS2_PLACEMENT_3D('',#4483,#3653,#3654);
#3194=AXIS2_PLACEMENT_3D('',#4485,#3656,#3657);
#3195=AXIS2_PLACEMENT_3D('',#4489,#3660,#3661);
#3196=AXIS2_PLACEMENT_3D('',#4498,#3666,#3667);
#3197=AXIS2_PLACEMENT_3D('',#4504,#3671,#3672);
#3198=AXIS2_PLACEMENT_3D('',#4524,#3683,#3684);
#3199=AXIS2_PLACEMENT_3D('',#4528,#3687,#3688);
#3200=AXIS2_PLACEMENT_3D('',#4534,#3692,#3693);
#3201=AXIS2_PLACEMENT_3D('',#4538,#3696,#3697);
#3202=AXIS2_PLACEMENT_3D('',#4542,#3700,#3701);
#3203=AXIS2_PLACEMENT_3D('',#4545,#3704,#3705);
#3204=AXIS2_PLACEMENT_3D('',#4547,#3707,#3708);
#3205=AXIS2_PLACEMENT_3D('',#4548,#3709,#3710);
#3206=AXIS2_PLACEMENT_3D('',#4554,#3714,#3715);
#3207=AXIS2_PLACEMENT_3D('',#4560,#3719,#3720);
#3208=AXIS2_PLACEMENT_3D('',#4562,#3722,#3723);
#3209=AXIS2_PLACEMENT_3D('',#4566,#3726,#3727);
#3210=AXIS2_PLACEMENT_3D('',#4575,#3732,#3733);
#3211=AXIS2_PLACEMENT_3D('',#4581,#3737,#3738);
#3212=AXIS2_PLACEMENT_3D('',#4601,#3749,#3750);
#3213=AXIS2_PLACEMENT_3D('',#4605,#3753,#3754);
#3214=AXIS2_PLACEMENT_3D('',#4611,#3758,#3759);
#3215=AXIS2_PLACEMENT_3D('',#4615,#3762,#3763);
#3216=AXIS2_PLACEMENT_3D('',#4619,#3766,#3767);
#3217=AXIS2_PLACEMENT_3D('',#4622,#3770,#3771);
#3218=AXIS2_PLACEMENT_3D('',#4624,#3773,#3774);
#3219=AXIS2_PLACEMENT_3D('',#4625,#3775,#3776);
#3220=AXIS2_PLACEMENT_3D('',#4631,#3780,#3781);
#3221=AXIS2_PLACEMENT_3D('',#4637,#3785,#3786);
#3222=AXIS2_PLACEMENT_3D('',#4639,#3788,#3789);
#3223=AXIS2_PLACEMENT_3D('',#4643,#3792,#3793);
#3224=AXIS2_PLACEMENT_3D('',#4652,#3798,#3799);
#3225=AXIS2_PLACEMENT_3D('',#4658,#3803,#3804);
#3226=AXIS2_PLACEMENT_3D('',#4678,#3815,#3816);
#3227=AXIS2_PLACEMENT_3D('',#4682,#3819,#3820);
#3228=AXIS2_PLACEMENT_3D('',#4688,#3824,#3825);
#3229=AXIS2_PLACEMENT_3D('',#4692,#3828,#3829);
#3230=AXIS2_PLACEMENT_3D('',#4696,#3832,#3833);
#3231=AXIS2_PLACEMENT_3D('',#4699,#3836,#3837);
#3232=AXIS2_PLACEMENT_3D('',#4701,#3839,#3840);
#3233=AXIS2_PLACEMENT_3D('',#4702,#3841,#3842);
#3234=AXIS2_PLACEMENT_3D('',#4708,#3846,#3847);
#3235=AXIS2_PLACEMENT_3D('',#4714,#3851,#3852);
#3236=AXIS2_PLACEMENT_3D('',#4716,#3854,#3855);
#3237=AXIS2_PLACEMENT_3D('',#4720,#3858,#3859);
#3238=AXIS2_PLACEMENT_3D('',#4729,#3864,#3865);
#3239=AXIS2_PLACEMENT_3D('',#4735,#3869,#3870);
#3240=AXIS2_PLACEMENT_3D('',#4755,#3881,#3882);
#3241=AXIS2_PLACEMENT_3D('',#4759,#3885,#3886);
#3242=AXIS2_PLACEMENT_3D('',#4765,#3890,#3891);
#3243=AXIS2_PLACEMENT_3D('',#4769,#3894,#3895);
#3244=AXIS2_PLACEMENT_3D('',#4773,#3898,#3899);
#3245=AXIS2_PLACEMENT_3D('',#4776,#3902,#3903);
#3246=AXIS2_PLACEMENT_3D('',#4778,#3905,#3906);
#3247=AXIS2_PLACEMENT_3D('',#4779,#3907,#3908);
#3248=AXIS2_PLACEMENT_3D('',#4785,#3912,#3913);
#3249=AXIS2_PLACEMENT_3D('',#4791,#3917,#3918);
#3250=AXIS2_PLACEMENT_3D('',#4793,#3920,#3921);
#3251=AXIS2_PLACEMENT_3D('',#4797,#3924,#3925);
#3252=AXIS2_PLACEMENT_3D('',#4806,#3930,#3931);
#3253=AXIS2_PLACEMENT_3D('',#4812,#3935,#3936);
#3254=AXIS2_PLACEMENT_3D('',#4832,#3947,#3948);
#3255=AXIS2_PLACEMENT_3D('',#4836,#3951,#3952);
#3256=AXIS2_PLACEMENT_3D('',#4842,#3956,#3957);
#3257=AXIS2_PLACEMENT_3D('',#4846,#3960,#3961);
#3258=AXIS2_PLACEMENT_3D('',#4850,#3964,#3965);
#3259=AXIS2_PLACEMENT_3D('',#4853,#3968,#3969);
#3260=AXIS2_PLACEMENT_3D('',#4855,#3971,#3972);
#3261=AXIS2_PLACEMENT_3D('',#4856,#3973,#3974);
#3262=AXIS2_PLACEMENT_3D('',#4862,#3978,#3979);
#3263=AXIS2_PLACEMENT_3D('',#4868,#3983,#3984);
#3264=AXIS2_PLACEMENT_3D('',#4870,#3986,#3987);
#3265=AXIS2_PLACEMENT_3D('',#4872,#3989,#3990);
#3266=AXIS2_PLACEMENT_3D('',#4874,#3991,#3992);
#3267=AXIS2_PLACEMENT_3D('',#4876,#3994,#3995);
#3268=AXIS2_PLACEMENT_3D('',#4878,#3996,#3997);
#3269=AXIS2_PLACEMENT_3D('',#4880,#3999,#4000);
#3270=AXIS2_PLACEMENT_3D('',#4882,#4002,#4003);
#3271=AXIS2_PLACEMENT_3D('',#4884,#4005,#4006);
#3272=AXIS2_PLACEMENT_3D('',#4886,#4008,#4009);
#3273=AXIS2_PLACEMENT_3D('',#4888,#4010,#4011);
#3274=AXIS2_PLACEMENT_3D('',#4890,#4013,#4014);
#3275=AXIS2_PLACEMENT_3D('',#4892,#4015,#4016);
#3276=AXIS2_PLACEMENT_3D('',#4894,#4018,#4019);
#3277=AXIS2_PLACEMENT_3D('',#4896,#4021,#4022);
#3278=AXIS2_PLACEMENT_3D('',#4898,#4024,#4025);
#3279=AXIS2_PLACEMENT_3D('',#4900,#4026,#4027);
#3280=AXIS2_PLACEMENT_3D('',#4902,#4029,#4030);
#3281=AXIS2_PLACEMENT_3D('',#4904,#4031,#4032);
#3282=AXIS2_PLACEMENT_3D('',#4906,#4034,#4035);
#3283=AXIS2_PLACEMENT_3D('',#4908,#4037,#4038);
#3284=AXIS2_PLACEMENT_3D('',#4910,#4040,#4041);
#3285=DIRECTION('axis',(0.,0.,1.));
#3286=DIRECTION('refdir',(1.,0.,0.));
#3287=DIRECTION('center_axis',(0.,1.,0.));
#3288=DIRECTION('ref_axis',(0.707106781186547,0.,-0.707106781186547));
#3289=DIRECTION('center_axis',(0.,-1.,0.));
#3290=DIRECTION('ref_axis',(0.707106781186547,0.,-0.707106781186547));
#3291=DIRECTION('',(0.,-1.,0.));
#3292=DIRECTION('center_axis',(0.,1.,0.));
#3293=DIRECTION('ref_axis',(0.707106781186547,0.,-0.707106781186547));
#3294=DIRECTION('',(0.,1.,0.));
#3295=DIRECTION('center_axis',(0.,1.,0.));
#3296=DIRECTION('ref_axis',(1.,0.,0.));
#3297=DIRECTION('',(0.,0.,1.));
#3298=DIRECTION('center_axis',(0.,1.,0.));
#3299=DIRECTION('ref_axis',(0.707106781186547,0.,0.707106781186547));
#3300=DIRECTION('',(-1.,0.,0.));
#3301=DIRECTION('center_axis',(0.,1.,0.));
#3302=DIRECTION('ref_axis',(-0.707106781186547,0.,0.707106781186547));
#3303=DIRECTION('',(0.,0.,-1.));
#3304=DIRECTION('center_axis',(0.,1.,0.));
#3305=DIRECTION('ref_axis',(-0.707106781186547,0.,-0.707106781186547));
#3306=DIRECTION('',(1.,0.,0.));
#3307=DIRECTION('',(2.67147415300429E-14,0.,-1.));
#3308=DIRECTION('',(-1.,0.,-2.67147415300429E-14));
#3309=DIRECTION('',(-2.67147415300429E-14,0.,1.));
#3310=DIRECTION('',(1.,0.,2.67147415300429E-14));
#3311=DIRECTION('',(2.67147415300429E-14,0.,-1.));
#3312=DIRECTION('',(-1.,0.,-2.67147415300429E-14));
#3313=DIRECTION('',(-2.67147415300429E-14,0.,1.));
#3314=DIRECTION('',(1.,0.,2.67147415300429E-14));
#3315=DIRECTION('',(2.67147415300429E-14,0.,-1.));
#3316=DIRECTION('',(-1.,0.,-2.67147415300429E-14));
#3317=DIRECTION('',(-2.67147415300429E-14,0.,1.));
#3318=DIRECTION('',(1.,0.,2.67147415300429E-14));
#3319=DIRECTION('',(2.67147415300429E-14,0.,-1.));
#3320=DIRECTION('',(-1.,0.,-2.67147415300429E-14));
#3321=DIRECTION('',(-2.67147415300429E-14,0.,1.));
#3322=DIRECTION('',(1.,0.,2.67147415300429E-14));
#3323=DIRECTION('',(2.67147415300429E-14,0.,-1.));
#3324=DIRECTION('',(-1.,0.,-2.67147415300429E-14));
#3325=DIRECTION('',(-2.67147415300429E-14,0.,1.));
#3326=DIRECTION('',(1.,0.,2.67147415300429E-14));
#3327=DIRECTION('',(2.67147415300429E-14,0.,-1.));
#3328=DIRECTION('',(-1.,0.,-2.67147415300429E-14));
#3329=DIRECTION('',(-2.67147415300429E-14,0.,1.));
#3330=DIRECTION('',(1.,0.,2.67147415300429E-14));
#3331=DIRECTION('',(2.67147415300429E-14,0.,-1.));
#3332=DIRECTION('',(-1.,0.,-2.67147415300429E-14));
#3333=DIRECTION('',(-2.67147415300429E-14,0.,1.));
#3334=DIRECTION('',(1.,0.,2.67147415300429E-14));
#3335=DIRECTION('',(1.,0.,2.67147415300429E-14));
#3336=DIRECTION('',(2.67147415300429E-14,0.,-1.));
#3337=DIRECTION('',(-1.,0.,-2.67147415300429E-14));
#3338=DIRECTION('',(-2.67147415300429E-14,0.,1.));
#3339=DIRECTION('center_axis',(0.,1.,0.));
#3340=DIRECTION('ref_axis',(1.,0.,0.));
#3341=DIRECTION('center_axis',(0.,1.,0.));
#3342=DIRECTION('ref_axis',(1.,0.,0.));
#3343=DIRECTION('center_axis',(0.,1.,0.));
#3344=DIRECTION('ref_axis',(1.,0.,0.));
#3345=DIRECTION('center_axis',(0.,1.,0.));
#3346=DIRECTION('ref_axis',(1.,0.,0.));
#3347=DIRECTION('center_axis',(0.,1.,0.));
#3348=DIRECTION('ref_axis',(1.,0.,0.));
#3349=DIRECTION('center_axis',(0.,1.,0.));
#3350=DIRECTION('ref_axis',(1.,0.,0.));
#3351=DIRECTION('center_axis',(1.,0.,0.));
#3352=DIRECTION('ref_axis',(0.,0.,-1.));
#3353=DIRECTION('',(0.,0.,-1.));
#3354=DIRECTION('',(0.,1.,0.));
#3355=DIRECTION('center_axis',(0.,1.,0.));
#3356=DIRECTION('ref_axis',(0.707106781186547,0.,0.707106781186547));
#3357=DIRECTION('center_axis',(0.,-1.,0.));
#3358=DIRECTION('ref_axis',(0.707106781186547,0.,0.707106781186547));
#3359=DIRECTION('',(0.,-1.,0.));
#3360=DIRECTION('center_axis',(0.,1.,0.));
#3361=DIRECTION('ref_axis',(-0.707106781186547,0.,-0.707106781186547));
#3362=DIRECTION('center_axis',(0.,-1.,0.));
#3363=DIRECTION('ref_axis',(-0.707106781186547,0.,-0.707106781186547));
#3364=DIRECTION('',(0.,-1.,0.));
#3365=DIRECTION('',(0.,1.,0.));
#3366=DIRECTION('center_axis',(-1.,0.,0.));
#3367=DIRECTION('ref_axis',(0.,0.,1.));
#3368=DIRECTION('',(0.,-1.,0.));
#3369=DIRECTION('',(0.,0.,1.));
#3370=DIRECTION('center_axis',(0.,-1.,0.));
#3371=DIRECTION('ref_axis',(-0.707106781186547,0.,0.707106781186547));
#3372=DIRECTION('',(0.,1.,0.));
#3373=DIRECTION('center_axis',(0.,-1.,0.));
#3374=DIRECTION('ref_axis',(-0.707106781186547,0.,0.707106781186547));
#3375=DIRECTION('center_axis',(0.,0.,1.));
#3376=DIRECTION('ref_axis',(1.,0.,0.));
#3377=DIRECTION('',(1.,0.,0.));
#3378=DIRECTION('center_axis',(-2.67147415300429E-14,-1.0977800683029E-32,
1.));
#3379=DIRECTION('ref_axis',(-9.86076131526262E-32,-1.,-1.09778006830316E-32));
#3380=DIRECTION('',(9.86076131526262E-32,1.,1.09778006830316E-32));
#3381=DIRECTION('',(1.,-9.86076131526265E-32,2.67147415300429E-14));
#3382=DIRECTION('',(-9.86076131526262E-32,-1.,-1.09778006830316E-32));
#3383=DIRECTION('center_axis',(-1.,9.86076131526265E-32,-2.67147415300429E-14));
#3384=DIRECTION('ref_axis',(2.67147415300429E-14,1.0977800683029E-32,-1.));
#3385=DIRECTION('',(-9.86076131526262E-32,-1.,-1.09778006830316E-32));
#3386=DIRECTION('',(-2.67147415300429E-14,-1.0977800683029E-32,1.));
#3387=DIRECTION('center_axis',(1.,-9.86076131526265E-32,2.67147415300429E-14));
#3388=DIRECTION('ref_axis',(-2.67147415300429E-14,-1.0977800683029E-32,
1.));
#3389=DIRECTION('',(-9.86076131526262E-32,-1.,-1.09778006830316E-32));
#3390=DIRECTION('',(2.67147415300429E-14,1.0977800683029E-32,-1.));
#3391=DIRECTION('',(9.86076131526262E-32,1.,1.09778006830316E-32));
#3392=DIRECTION('center_axis',(-2.67147415300429E-14,-1.0977800683029E-32,
1.));
#3393=DIRECTION('ref_axis',(-9.86076131526262E-32,-1.,-1.09778006830316E-32));
#3394=DIRECTION('',(9.86076131526262E-32,1.,1.09778006830316E-32));
#3395=DIRECTION('',(1.,-9.86076131526265E-32,2.67147415300429E-14));
#3396=DIRECTION('center_axis',(1.,-9.86076131526265E-32,2.67147415300429E-14));
#3397=DIRECTION('ref_axis',(-2.67147415300429E-14,-1.0977800683029E-32,
1.));
#3398=DIRECTION('',(-9.86076131526262E-32,-1.,-1.09778006830316E-32));
#3399=DIRECTION('',(2.67147415300429E-14,1.0977800683029E-32,-1.));
#3400=DIRECTION('',(9.86076131526262E-32,1.,1.09778006830316E-32));
#3401=DIRECTION('center_axis',(-2.67147415300429E-14,-1.0977800683029E-32,
1.));
#3402=DIRECTION('ref_axis',(-9.86076131526262E-32,-1.,-1.09778006830316E-32));
#3403=DIRECTION('',(9.86076131526262E-32,1.,1.09778006830316E-32));
#3404=DIRECTION('',(1.,-9.86076131526265E-32,2.67147415300429E-14));
#3405=DIRECTION('center_axis',(1.,-9.86076131526265E-32,2.67147415300429E-14));
#3406=DIRECTION('ref_axis',(-2.67147415300429E-14,-1.0977800683029E-32,
1.));
#3407=DIRECTION('',(-9.86076131526262E-32,-1.,-1.09778006830316E-32));
#3408=DIRECTION('',(2.67147415300429E-14,1.0977800683029E-32,-1.));
#3409=DIRECTION('',(9.86076131526262E-32,1.,1.09778006830316E-32));
#3410=DIRECTION('center_axis',(-2.67147415300429E-14,-1.0977800683029E-32,
1.));
#3411=DIRECTION('ref_axis',(-9.86076131526262E-32,-1.,-1.09778006830316E-32));
#3412=DIRECTION('',(9.86076131526262E-32,1.,1.09778006830316E-32));
#3413=DIRECTION('',(1.,-9.86076131526265E-32,2.67147415300429E-14));
#3414=DIRECTION('center_axis',(1.,-9.86076131526265E-32,2.67147415300429E-14));
#3415=DIRECTION('ref_axis',(-2.67147415300429E-14,-1.0977800683029E-32,
1.));
#3416=DIRECTION('',(-9.86076131526262E-32,-1.,-1.09778006830316E-32));
#3417=DIRECTION('',(2.67147415300429E-14,1.0977800683029E-32,-1.));
#3418=DIRECTION('',(9.86076131526262E-32,1.,1.09778006830316E-32));
#3419=DIRECTION('center_axis',(-2.67147415300429E-14,-1.0977800683029E-32,
1.));
#3420=DIRECTION('ref_axis',(-9.86076131526262E-32,-1.,-1.09778006830316E-32));
#3421=DIRECTION('',(9.86076131526262E-32,1.,1.09778006830316E-32));
#3422=DIRECTION('',(1.,-9.86076131526265E-32,2.67147415300429E-14));
#3423=DIRECTION('center_axis',(1.,-9.86076131526265E-32,2.67147415300429E-14));
#3424=DIRECTION('ref_axis',(-2.67147415300429E-14,-1.0977800683029E-32,
1.));
#3425=DIRECTION('',(-9.86076131526262E-32,-1.,-1.09778006830316E-32));
#3426=DIRECTION('',(2.67147415300429E-14,1.0977800683029E-32,-1.));
#3427=DIRECTION('',(9.86076131526262E-32,1.,1.09778006830316E-32));
#3428=DIRECTION('center_axis',(-2.67147415300429E-14,-1.0977800683029E-32,
1.));
#3429=DIRECTION('ref_axis',(-9.86076131526262E-32,-1.,-1.09778006830316E-32));
#3430=DIRECTION('',(9.86076131526262E-32,1.,1.09778006830316E-32));
#3431=DIRECTION('',(1.,-9.86076131526265E-32,2.67147415300429E-14));
#3432=DIRECTION('center_axis',(1.,-9.86076131526265E-32,2.67147415300429E-14));
#3433=DIRECTION('ref_axis',(-2.67147415300429E-14,-1.0977800683029E-32,
1.));
#3434=DIRECTION('',(-9.86076131526262E-32,-1.,-1.09778006830316E-32));
#3435=DIRECTION('',(2.67147415300429E-14,1.0977800683029E-32,-1.));
#3436=DIRECTION('',(9.86076131526262E-32,1.,1.09778006830316E-32));
#3437=DIRECTION('center_axis',(-2.67147415300429E-14,-1.0977800683029E-32,
1.));
#3438=DIRECTION('ref_axis',(-9.86076131526262E-32,-1.,-1.09778006830316E-32));
#3439=DIRECTION('',(9.86076131526262E-32,1.,1.09778006830316E-32));
#3440=DIRECTION('',(1.,-9.86076131526265E-32,2.67147415300429E-14));
#3441=DIRECTION('center_axis',(1.,-9.86076131526265E-32,2.67147415300429E-14));
#3442=DIRECTION('ref_axis',(-2.67147415300429E-14,-1.0977800683029E-32,
1.));
#3443=DIRECTION('',(-9.86076131526262E-32,-1.,-1.09778006830316E-32));
#3444=DIRECTION('',(2.67147415300429E-14,1.0977800683029E-32,-1.));
#3445=DIRECTION('',(9.86076131526262E-32,1.,1.09778006830316E-32));
#3446=DIRECTION('center_axis',(-2.67147415300429E-14,-1.0977800683029E-32,
1.));
#3447=DIRECTION('ref_axis',(-9.86076131526262E-32,-1.,-1.09778006830316E-32));
#3448=DIRECTION('',(9.86076131526262E-32,1.,1.09778006830316E-32));
#3449=DIRECTION('',(1.,-9.86076131526265E-32,2.67147415300429E-14));
#3450=DIRECTION('center_axis',(2.67147415300429E-14,1.0977800683029E-32,
-1.));
#3451=DIRECTION('ref_axis',(9.86076131526262E-32,1.,1.09778006830316E-32));
#3452=DIRECTION('',(9.86076131526262E-32,1.,1.09778006830316E-32));
#3453=DIRECTION('',(1.,-9.86076131526265E-32,2.67147415300429E-14));
#3454=DIRECTION('center_axis',(1.,-9.86076131526265E-32,2.67147415300429E-14));
#3455=DIRECTION('ref_axis',(-2.67147415300429E-14,-1.0977800683029E-32,
1.));
#3456=DIRECTION('',(2.67147415300429E-14,1.0977800683029E-32,-1.));
#3457=DIRECTION('center_axis',(-1.88901748935392E-14,-0.707106781186547,
0.707106781186548));
#3458=DIRECTION('ref_axis',(-1.,9.86076131526265E-32,-2.67147415300429E-14));
#3459=DIRECTION('',(-1.88901748935392E-14,0.707106781186548,0.707106781186547));
#3460=DIRECTION('',(1.,-9.86076131526265E-32,2.67147415300429E-14));
#3461=DIRECTION('',(1.88901748935392E-14,-0.707106781186548,-0.707106781186547));
#3462=DIRECTION('',(-1.,9.86076131526265E-32,-2.67147415300429E-14));
#3463=DIRECTION('center_axis',(-9.86076131526262E-32,-1.,-1.09778006830316E-32));
#3464=DIRECTION('ref_axis',(2.67147415300429E-14,1.0977800683029E-32,-1.));
#3465=DIRECTION('',(2.67147415300429E-14,1.0977800683029E-32,-1.));
#3466=DIRECTION('',(1.,-9.86076131526265E-32,2.67147415300429E-14));
#3467=DIRECTION('',(-2.67147415300429E-14,-1.0977800683029E-32,1.));
#3468=DIRECTION('center_axis',(-2.67147415300429E-14,-1.0977800683029E-32,
1.));
#3469=DIRECTION('ref_axis',(-9.86076131526262E-32,-1.,-1.09778006830316E-32));
#3470=DIRECTION('',(9.86076131526262E-32,1.,1.09778006830316E-32));
#3471=DIRECTION('',(-9.86076131526262E-32,-1.,-1.09778006830316E-32));
#3472=DIRECTION('',(1.,-9.86076131526265E-32,2.67147415300429E-14));
#3473=DIRECTION('center_axis',(9.86076131526262E-32,1.,1.09778006830316E-32));
#3474=DIRECTION('ref_axis',(-2.67147415300429E-14,-1.0977800683029E-32,
1.));
#3475=DIRECTION('',(2.67147415300429E-14,1.0977800683029E-32,-1.));
#3476=DIRECTION('',(-2.67147415300429E-14,-1.0977800683029E-32,1.));
#3477=DIRECTION('',(1.,-9.86076131526265E-32,2.67147415300429E-14));
#3478=DIRECTION('center_axis',(1.,-9.86076131526265E-32,2.67147415300429E-14));
#3479=DIRECTION('ref_axis',(-2.67147415300429E-14,-1.0977800683029E-32,
1.));
#3480=DIRECTION('',(-9.86076131526262E-32,-1.,-1.09778006830316E-32));
#3481=DIRECTION('',(2.67147415300429E-14,1.0977800683029E-32,-1.));
#3482=DIRECTION('',(9.86076131526262E-32,1.,1.09778006830316E-32));
#3483=DIRECTION('',(2.67147415300429E-14,1.0977800683029E-32,-1.));
#3484=DIRECTION('',(9.86076131526262E-32,1.,1.09778006830316E-32));
#3485=DIRECTION('',(-2.67147415300429E-14,-1.0977800683029E-32,1.));
#3486=DIRECTION('',(9.86076131526262E-32,1.,1.09778006830316E-32));
#3487=DIRECTION('',(-2.67147415300429E-14,-1.0977800683029E-32,1.));
#3488=DIRECTION('',(-9.86076131526262E-32,-1.,-1.09778006830316E-32));
#3489=DIRECTION('center_axis',(-2.67147415300429E-14,-1.0977800683029E-32,
1.));
#3490=DIRECTION('ref_axis',(-9.86076131526262E-32,-1.,-1.09778006830316E-32));
#3491=DIRECTION('',(1.,-9.86076131526265E-32,2.67147415300429E-14));
#3492=DIRECTION('',(9.86076131526262E-32,1.,1.09778006830316E-32));
#3493=DIRECTION('center_axis',(-2.67147415300429E-14,-1.0977800683029E-32,
1.));
#3494=DIRECTION('ref_axis',(-9.86076131526262E-32,-1.,-1.09778006830316E-32));
#3495=DIRECTION('',(9.86076131526262E-32,1.,1.09778006830316E-32));
#3496=DIRECTION('',(1.,-9.86076131526265E-32,2.67147415300429E-14));
#3497=DIRECTION('center_axis',(2.67147415300429E-14,1.0977800683029E-32,
-1.));
#3498=DIRECTION('ref_axis',(9.86076131526262E-32,1.,1.09778006830316E-32));
#3499=DIRECTION('',(1.,-9.86076131526265E-32,2.67147415300429E-14));
#3500=DIRECTION('',(-9.86076131526262E-32,-1.,-1.09778006830316E-32));
#3501=DIRECTION('',(1.,-9.86076131526265E-32,2.67147415300429E-14));
#3502=DIRECTION('center_axis',(9.86076131526262E-32,1.,1.09778006830316E-32));
#3503=DIRECTION('ref_axis',(-2.67147415300429E-14,-1.0977800683029E-32,
1.));
#3504=DIRECTION('',(1.,-9.86076131526265E-32,2.67147415300429E-14));
#3505=DIRECTION('',(2.67147415300429E-14,1.0977800683029E-32,-1.));
#3506=DIRECTION('center_axis',(2.67147415300429E-14,1.0977800683029E-32,
-1.));
#3507=DIRECTION('ref_axis',(9.86076131526262E-32,1.,1.09778006830316E-32));
#3508=DIRECTION('',(1.,-9.86076131526265E-32,2.67147415300429E-14));
#3509=DIRECTION('',(-9.86076131526262E-32,-1.,-1.09778006830316E-32));
#3510=DIRECTION('center_axis',(-9.86076131526262E-32,-1.,-1.09778006830316E-32));
#3511=DIRECTION('ref_axis',(2.67147415300429E-14,1.0977800683029E-32,-1.));
#3512=DIRECTION('',(-1.,9.86076131526265E-32,-2.67147415300429E-14));
#3513=DIRECTION('',(-2.67147415300429E-14,-1.0977800683029E-32,1.));
#3514=DIRECTION('center_axis',(2.67147415300429E-14,1.0977800683029E-32,
-1.));
#3515=DIRECTION('ref_axis',(9.86076131526262E-32,1.,1.09778006830316E-32));
#3516=DIRECTION('',(1.,-9.86076131526265E-32,2.67147415300429E-14));
#3517=DIRECTION('',(-9.86076131526262E-32,-1.,-1.09778006830316E-32));
#3518=DIRECTION('center_axis',(-1.,9.86076131526265E-32,-2.67147415300429E-14));
#3519=DIRECTION('ref_axis',(2.67147415300429E-14,1.0977800683029E-32,-1.));
#3520=DIRECTION('',(2.67147415300429E-14,1.0977800683029E-32,-1.));
#3521=DIRECTION('',(-2.67147415300429E-14,-1.0977800683029E-32,1.));
#3522=DIRECTION('center_axis',(-9.86076131526262E-32,-1.,-1.09778006830316E-32));
#3523=DIRECTION('ref_axis',(2.67147415300429E-14,1.0977800683029E-32,-1.));
#3524=DIRECTION('center_axis',(-1.,9.86076131526265E-32,-2.67147415300429E-14));
#3525=DIRECTION('ref_axis',(2.67147415300429E-14,1.0977800683029E-32,-1.));
#3526=DIRECTION('',(-9.86076131526262E-32,-1.,-1.09778006830316E-32));
#3527=DIRECTION('',(-2.67147415300429E-14,-1.0977800683029E-32,1.));
#3528=DIRECTION('center_axis',(-2.67147415300429E-14,-1.0977800683029E-32,
1.));
#3529=DIRECTION('ref_axis',(-9.86076131526262E-32,-1.,-1.09778006830316E-32));
#3530=DIRECTION('',(1.,0.,2.67147415300429E-14));
#3531=DIRECTION('',(-9.86076131526262E-32,-1.,-1.09778006830316E-32));
#3532=DIRECTION('',(1.,-9.86076131526265E-32,2.67147415300429E-14));
#3533=DIRECTION('',(9.86076131526262E-32,1.,1.09778006830316E-32));
#3534=DIRECTION('center_axis',(9.86076131526262E-32,1.,1.09778006830316E-32));
#3535=DIRECTION('ref_axis',(-2.67147415300429E-14,-1.0977800683029E-32,
1.));
#3536=DIRECTION('',(2.67147415300429E-14,1.0977800683029E-32,-1.));
#3537=DIRECTION('',(-2.67147415300429E-14,-1.0977800683029E-32,1.));
#3538=DIRECTION('',(1.,-9.86076131526265E-32,2.67147415300429E-14));
#3539=DIRECTION('center_axis',(1.,-9.86076131526265E-32,2.67147415300429E-14));
#3540=DIRECTION('ref_axis',(-2.67147415300429E-14,-1.0977800683029E-32,
1.));
#3541=DIRECTION('',(-9.86076131526265E-32,-1.,0.));
#3542=DIRECTION('',(2.67147415300429E-14,1.0977800683029E-32,-1.));
#3543=DIRECTION('',(9.86076131526265E-32,1.,0.));
#3544=DIRECTION('',(2.67147415300429E-14,0.,-1.));
#3545=DIRECTION('',(9.86076131526262E-32,1.,1.09778006830316E-32));
#3546=DIRECTION('',(-2.67147415300429E-14,-1.0977800683029E-32,1.));
#3547=DIRECTION('',(9.86076131526262E-32,1.,1.09778006830316E-32));
#3548=DIRECTION('',(-2.67147415300429E-14,-1.0977800683029E-32,1.));
#3549=DIRECTION('',(-9.86076131526262E-32,-1.,-1.09778006830316E-32));
#3550=DIRECTION('',(2.67147415300429E-14,0.,-1.));
#3551=DIRECTION('center_axis',(-2.67147415300429E-14,-1.0977800683029E-32,
1.));
#3552=DIRECTION('ref_axis',(-9.86076131526262E-32,-1.,-1.09778006830316E-32));
#3553=DIRECTION('',(1.,-9.86076131526265E-32,2.67147415300429E-14));
#3554=DIRECTION('',(9.86076131526262E-32,1.,1.09778006830316E-32));
#3555=DIRECTION('center_axis',(2.67147415300429E-14,1.0977800683029E-32,
-1.));
#3556=DIRECTION('ref_axis',(9.86076131526262E-32,1.,1.09778006830316E-32));
#3557=DIRECTION('',(1.,-9.86076131526265E-32,2.67147415300429E-14));
#3558=DIRECTION('',(-9.86076131526262E-32,-1.,-1.09778006830316E-32));
#3559=DIRECTION('',(1.,-9.86076131526265E-32,2.67147415300429E-14));
#3560=DIRECTION('center_axis',(9.86076131526262E-32,1.,1.09778006830316E-32));
#3561=DIRECTION('ref_axis',(-2.67147415300429E-14,-1.0977800683029E-32,
1.));
#3562=DIRECTION('',(1.,-9.86076131526265E-32,2.67147415300429E-14));
#3563=DIRECTION('',(2.67147415300429E-14,1.0977800683029E-32,-1.));
#3564=DIRECTION('center_axis',(2.67147415300429E-14,1.0977800683029E-32,
-1.));
#3565=DIRECTION('ref_axis',(9.86076131526262E-32,1.,1.09778006830316E-32));
#3566=DIRECTION('',(-1.,0.,-2.67147415300429E-14));
#3567=DIRECTION('',(-9.86076131526262E-32,-1.,-1.09778006830316E-32));
#3568=DIRECTION('center_axis',(-1.,9.86076131526265E-32,-2.67147415300429E-14));
#3569=DIRECTION('ref_axis',(2.67147415300429E-14,1.0977800683029E-32,-1.));
#3570=DIRECTION('',(-2.67147415300429E-14,0.,1.));
#3571=DIRECTION('',(2.67147415300429E-14,1.0977800683029E-32,-1.));
#3572=DIRECTION('center_axis',(2.67147415300429E-14,1.0977800683029E-32,
-1.));
#3573=DIRECTION('ref_axis',(9.86076131526262E-32,1.,1.09778006830316E-32));
#3574=DIRECTION('',(1.,-9.86076131526265E-32,2.67147415300429E-14));
#3575=DIRECTION('center_axis',(-9.86076131526262E-32,-1.,-1.09778006830316E-32));
#3576=DIRECTION('ref_axis',(2.67147415300429E-14,1.0977800683029E-32,-1.));
#3577=DIRECTION('center_axis',(0.,0.,1.));
#3578=DIRECTION('ref_axis',(1.,0.,0.));
#3579=DIRECTION('',(1.,0.,0.));
#3580=DIRECTION('',(0.,1.,0.));
#3581=DIRECTION('',(1.,0.,0.));
#3582=DIRECTION('center_axis',(0.,0.,-1.));
#3583=DIRECTION('ref_axis',(-1.,0.,0.));
#3584=DIRECTION('',(0.,1.,0.));
#3585=DIRECTION('',(-1.,0.,0.));
#3586=DIRECTION('',(-1.,0.,0.));
#3587=DIRECTION('center_axis',(0.,1.,0.));
#3588=DIRECTION('ref_axis',(1.,0.,0.));
#3589=DIRECTION('',(0.,0.,1.));
#3590=DIRECTION('center_axis',(-1.,9.86076131526265E-32,-2.67147415300429E-14));
#3591=DIRECTION('ref_axis',(2.67147415300429E-14,1.0977800683029E-32,-1.));
#3592=DIRECTION('',(-9.86076131526262E-32,-1.,-1.09778006830316E-32));
#3593=DIRECTION('',(-2.67147415300429E-14,-1.0977800683029E-32,1.));
#3594=DIRECTION('center_axis',(-2.67147415300429E-14,-1.0977800683029E-32,
1.));
#3595=DIRECTION('ref_axis',(-9.86076131526262E-32,-1.,-1.09778006830316E-32));
#3596=DIRECTION('',(1.,0.,2.67147415300429E-14));
#3597=DIRECTION('',(-9.86076131526262E-32,-1.,-1.09778006830316E-32));
#3598=DIRECTION('',(1.,-9.86076131526265E-32,2.67147415300429E-14));
#3599=DIRECTION('',(9.86076131526262E-32,1.,1.09778006830316E-32));
#3600=DIRECTION('center_axis',(9.86076131526262E-32,1.,1.09778006830316E-32));
#3601=DIRECTION('ref_axis',(-2.67147415300429E-14,-1.0977800683029E-32,
1.));
#3602=DIRECTION('',(2.67147415300429E-14,1.0977800683029E-32,-1.));
#3603=DIRECTION('',(-2.67147415300429E-14,-1.0977800683029E-32,1.));
#3604=DIRECTION('',(1.,-9.86076131526265E-32,2.67147415300429E-14));
#3605=DIRECTION('center_axis',(1.,-9.86076131526265E-32,2.67147415300429E-14));
#3606=DIRECTION('ref_axis',(-2.67147415300429E-14,-1.0977800683029E-32,
1.));
#3607=DIRECTION('',(-9.86076131526265E-32,-1.,0.));
#3608=DIRECTION('',(2.67147415300429E-14,1.0977800683029E-32,-1.));
#3609=DIRECTION('',(9.86076131526265E-32,1.,0.));
#3610=DIRECTION('',(2.67147415300429E-14,0.,-1.));
#3611=DIRECTION('',(9.86076131526262E-32,1.,1.09778006830316E-32));
#3612=DIRECTION('',(-2.67147415300429E-14,-1.0977800683029E-32,1.));
#3613=DIRECTION('',(9.86076131526262E-32,1.,1.09778006830316E-32));
#3614=DIRECTION('',(-2.67147415300429E-14,-1.0977800683029E-32,1.));
#3615=DIRECTION('',(-9.86076131526262E-32,-1.,-1.09778006830316E-32));
#3616=DIRECTION('',(2.67147415300429E-14,0.,-1.));
#3617=DIRECTION('center_axis',(-2.67147415300429E-14,-1.0977800683029E-32,
1.));
#3618=DIRECTION('ref_axis',(-9.86076131526262E-32,-1.,-1.09778006830316E-32));
#3619=DIRECTION('',(1.,-9.86076131526265E-32,2.67147415300429E-14));
#3620=DIRECTION('',(9.86076131526262E-32,1.,1.09778006830316E-32));
#3621=DIRECTION('center_axis',(2.67147415300429E-14,1.0977800683029E-32,
-1.));
#3622=DIRECTION('ref_axis',(9.86076131526262E-32,1.,1.09778006830316E-32));
#3623=DIRECTION('',(1.,-9.86076131526265E-32,2.67147415300429E-14));
#3624=DIRECTION('',(-9.86076131526262E-32,-1.,-1.09778006830316E-32));
#3625=DIRECTION('',(1.,-9.86076131526265E-32,2.67147415300429E-14));
#3626=DIRECTION('center_axis',(9.86076131526262E-32,1.,1.09778006830316E-32));
#3627=DIRECTION('ref_axis',(-2.67147415300429E-14,-1.0977800683029E-32,
1.));
#3628=DIRECTION('',(1.,-9.86076131526265E-32,2.67147415300429E-14));
#3629=DIRECTION('',(2.67147415300429E-14,1.0977800683029E-32,-1.));
#3630=DIRECTION('center_axis',(2.67147415300429E-14,1.0977800683029E-32,
-1.));
#3631=DIRECTION('ref_axis',(9.86076131526262E-32,1.,1.09778006830316E-32));
#3632=DIRECTION('',(-1.,0.,-2.67147415300429E-14));
#3633=DIRECTION('',(-9.86076131526262E-32,-1.,-1.09778006830316E-32));
#3634=DIRECTION('center_axis',(-1.,9.86076131526265E-32,-2.67147415300429E-14));
#3635=DIRECTION('ref_axis',(2.67147415300429E-14,1.0977800683029E-32,-1.));
#3636=DIRECTION('',(-2.67147415300429E-14,0.,1.));
#3637=DIRECTION('',(2.67147415300429E-14,1.0977800683029E-32,-1.));
#3638=DIRECTION('center_axis',(2.67147415300429E-14,1.0977800683029E-32,
-1.));
#3639=DIRECTION('ref_axis',(9.86076131526262E-32,1.,1.09778006830316E-32));
#3640=DIRECTION('',(1.,-9.86076131526265E-32,2.67147415300429E-14));
#3641=DIRECTION('center_axis',(-9.86076131526262E-32,-1.,-1.09778006830316E-32));
#3642=DIRECTION('ref_axis',(2.67147415300429E-14,1.0977800683029E-32,-1.));
#3643=DIRECTION('center_axis',(0.,0.,1.));
#3644=DIRECTION('ref_axis',(1.,0.,0.));
#3645=DIRECTION('',(1.,0.,0.));
#3646=DIRECTION('',(0.,1.,0.));
#3647=DIRECTION('',(1.,0.,0.));
#3648=DIRECTION('center_axis',(0.,0.,-1.));
#3649=DIRECTION('ref_axis',(-1.,0.,0.));
#3650=DIRECTION('',(0.,1.,0.));
#3651=DIRECTION('',(-1.,0.,0.));
#3652=DIRECTION('',(-1.,0.,0.));
#3653=DIRECTION('center_axis',(0.,1.,0.));
#3654=DIRECTION('ref_axis',(1.,0.,0.));
#3655=DIRECTION('',(0.,0.,1.));
#3656=DIRECTION('center_axis',(-1.,9.86076131526265E-32,-2.67147415300429E-14));
#3657=DIRECTION('ref_axis',(2.67147415300429E-14,1.0977800683029E-32,-1.));
#3658=DIRECTION('',(-9.86076131526262E-32,-1.,-1.09778006830316E-32));
#3659=DIRECTION('',(-2.67147415300429E-14,-1.0977800683029E-32,1.));
#3660=DIRECTION('center_axis',(-2.67147415300429E-14,-1.0977800683029E-32,
1.));
#3661=DIRECTION('ref_axis',(-9.86076131526262E-32,-1.,-1.09778006830316E-32));
#3662=DIRECTION('',(1.,0.,2.67147415300429E-14));
#3663=DIRECTION('',(-9.86076131526262E-32,-1.,-1.09778006830316E-32));
#3664=DIRECTION('',(1.,-9.86076131526265E-32,2.67147415300429E-14));
#3665=DIRECTION('',(9.86076131526262E-32,1.,1.09778006830316E-32));
#3666=DIRECTION('center_axis',(9.86076131526262E-32,1.,1.09778006830316E-32));
#3667=DIRECTION('ref_axis',(-2.67147415300429E-14,-1.0977800683029E-32,
1.));
#3668=DIRECTION('',(2.67147415300429E-14,1.0977800683029E-32,-1.));
#3669=DIRECTION('',(-2.67147415300429E-14,-1.0977800683029E-32,1.));
#3670=DIRECTION('',(1.,-9.86076131526265E-32,2.67147415300429E-14));
#3671=DIRECTION('center_axis',(1.,-9.86076131526265E-32,2.67147415300429E-14));
#3672=DIRECTION('ref_axis',(-2.67147415300429E-14,-1.0977800683029E-32,
1.));
#3673=DIRECTION('',(-9.86076131526265E-32,-1.,0.));
#3674=DIRECTION('',(2.67147415300429E-14,1.0977800683029E-32,-1.));
#3675=DIRECTION('',(9.86076131526265E-32,1.,0.));
#3676=DIRECTION('',(2.67147415300429E-14,0.,-1.));
#3677=DIRECTION('',(9.86076131526262E-32,1.,1.09778006830316E-32));
#3678=DIRECTION('',(-2.67147415300429E-14,-1.0977800683029E-32,1.));
#3679=DIRECTION('',(9.86076131526262E-32,1.,1.09778006830316E-32));
#3680=DIRECTION('',(-2.67147415300429E-14,-1.0977800683029E-32,1.));
#3681=DIRECTION('',(-9.86076131526262E-32,-1.,-1.09778006830316E-32));
#3682=DIRECTION('',(2.67147415300429E-14,0.,-1.));
#3683=DIRECTION('center_axis',(-2.67147415300429E-14,-1.0977800683029E-32,
1.));
#3684=DIRECTION('ref_axis',(-9.86076131526262E-32,-1.,-1.09778006830316E-32));
#3685=DIRECTION('',(1.,-9.86076131526265E-32,2.67147415300429E-14));
#3686=DIRECTION('',(9.86076131526262E-32,1.,1.09778006830316E-32));
#3687=DIRECTION('center_axis',(2.67147415300429E-14,1.0977800683029E-32,
-1.));
#3688=DIRECTION('ref_axis',(9.86076131526262E-32,1.,1.09778006830316E-32));
#3689=DIRECTION('',(1.,-9.86076131526265E-32,2.67147415300429E-14));
#3690=DIRECTION('',(-9.86076131526262E-32,-1.,-1.09778006830316E-32));
#3691=DIRECTION('',(1.,-9.86076131526265E-32,2.67147415300429E-14));
#3692=DIRECTION('center_axis',(9.86076131526262E-32,1.,1.09778006830316E-32));
#3693=DIRECTION('ref_axis',(-2.67147415300429E-14,-1.0977800683029E-32,
1.));
#3694=DIRECTION('',(1.,-9.86076131526265E-32,2.67147415300429E-14));
#3695=DIRECTION('',(2.67147415300429E-14,1.0977800683029E-32,-1.));
#3696=DIRECTION('center_axis',(2.67147415300429E-14,1.0977800683029E-32,
-1.));
#3697=DIRECTION('ref_axis',(9.86076131526262E-32,1.,1.09778006830316E-32));
#3698=DIRECTION('',(-1.,0.,-2.67147415300429E-14));
#3699=DIRECTION('',(-9.86076131526262E-32,-1.,-1.09778006830316E-32));
#3700=DIRECTION('center_axis',(-1.,9.86076131526265E-32,-2.67147415300429E-14));
#3701=DIRECTION('ref_axis',(2.67147415300429E-14,1.0977800683029E-32,-1.));
#3702=DIRECTION('',(-2.67147415300429E-14,0.,1.));
#3703=DIRECTION('',(2.67147415300429E-14,1.0977800683029E-32,-1.));
#3704=DIRECTION('center_axis',(2.67147415300429E-14,1.0977800683029E-32,
-1.));
#3705=DIRECTION('ref_axis',(9.86076131526262E-32,1.,1.09778006830316E-32));
#3706=DIRECTION('',(1.,-9.86076131526265E-32,2.67147415300429E-14));
#3707=DIRECTION('center_axis',(-9.86076131526262E-32,-1.,-1.09778006830316E-32));
#3708=DIRECTION('ref_axis',(2.67147415300429E-14,1.0977800683029E-32,-1.));
#3709=DIRECTION('center_axis',(0.,0.,1.));
#3710=DIRECTION('ref_axis',(1.,0.,0.));
#3711=DIRECTION('',(1.,0.,0.));
#3712=DIRECTION('',(0.,1.,0.));
#3713=DIRECTION('',(1.,0.,0.));
#3714=DIRECTION('center_axis',(0.,0.,-1.));
#3715=DIRECTION('ref_axis',(-1.,0.,0.));
#3716=DIRECTION('',(0.,1.,0.));
#3717=DIRECTION('',(-1.,0.,0.));
#3718=DIRECTION('',(-1.,0.,0.));
#3719=DIRECTION('center_axis',(0.,1.,0.));
#3720=DIRECTION('ref_axis',(1.,0.,0.));
#3721=DIRECTION('',(0.,0.,1.));
#3722=DIRECTION('center_axis',(-1.,9.86076131526265E-32,-2.67147415300429E-14));
#3723=DIRECTION('ref_axis',(2.67147415300429E-14,1.0977800683029E-32,-1.));
#3724=DIRECTION('',(-9.86076131526262E-32,-1.,-1.09778006830316E-32));
#3725=DIRECTION('',(-2.67147415300429E-14,-1.0977800683029E-32,1.));
#3726=DIRECTION('center_axis',(-2.67147415300429E-14,-1.0977800683029E-32,
1.));
#3727=DIRECTION('ref_axis',(-9.86076131526262E-32,-1.,-1.09778006830316E-32));
#3728=DIRECTION('',(1.,0.,2.67147415300429E-14));
#3729=DIRECTION('',(-9.86076131526262E-32,-1.,-1.09778006830316E-32));
#3730=DIRECTION('',(1.,-9.86076131526265E-32,2.67147415300429E-14));
#3731=DIRECTION('',(9.86076131526262E-32,1.,1.09778006830316E-32));
#3732=DIRECTION('center_axis',(9.86076131526262E-32,1.,1.09778006830316E-32));
#3733=DIRECTION('ref_axis',(-2.67147415300429E-14,-1.0977800683029E-32,
1.));
#3734=DIRECTION('',(2.67147415300429E-14,1.0977800683029E-32,-1.));
#3735=DIRECTION('',(-2.67147415300429E-14,-1.0977800683029E-32,1.));
#3736=DIRECTION('',(1.,-9.86076131526265E-32,2.67147415300429E-14));
#3737=DIRECTION('center_axis',(1.,-9.86076131526265E-32,2.67147415300429E-14));
#3738=DIRECTION('ref_axis',(-2.67147415300429E-14,-1.0977800683029E-32,
1.));
#3739=DIRECTION('',(-9.86076131526265E-32,-1.,0.));
#3740=DIRECTION('',(2.67147415300429E-14,1.0977800683029E-32,-1.));
#3741=DIRECTION('',(9.86076131526265E-32,1.,0.));
#3742=DIRECTION('',(2.67147415300429E-14,0.,-1.));
#3743=DIRECTION('',(9.86076131526262E-32,1.,1.09778006830316E-32));
#3744=DIRECTION('',(-2.67147415300429E-14,-1.0977800683029E-32,1.));
#3745=DIRECTION('',(9.86076131526262E-32,1.,1.09778006830316E-32));
#3746=DIRECTION('',(-2.67147415300429E-14,-1.0977800683029E-32,1.));
#3747=DIRECTION('',(-9.86076131526262E-32,-1.,-1.09778006830316E-32));
#3748=DIRECTION('',(2.67147415300429E-14,0.,-1.));
#3749=DIRECTION('center_axis',(-2.67147415300429E-14,-1.0977800683029E-32,
1.));
#3750=DIRECTION('ref_axis',(-9.86076131526262E-32,-1.,-1.09778006830316E-32));
#3751=DIRECTION('',(1.,-9.86076131526265E-32,2.67147415300429E-14));
#3752=DIRECTION('',(9.86076131526262E-32,1.,1.09778006830316E-32));
#3753=DIRECTION('center_axis',(2.67147415300429E-14,1.0977800683029E-32,
-1.));
#3754=DIRECTION('ref_axis',(9.86076131526262E-32,1.,1.09778006830316E-32));
#3755=DIRECTION('',(1.,-9.86076131526265E-32,2.67147415300429E-14));
#3756=DIRECTION('',(-9.86076131526262E-32,-1.,-1.09778006830316E-32));
#3757=DIRECTION('',(1.,-9.86076131526265E-32,2.67147415300429E-14));
#3758=DIRECTION('center_axis',(9.86076131526262E-32,1.,1.09778006830316E-32));
#3759=DIRECTION('ref_axis',(-2.67147415300429E-14,-1.0977800683029E-32,
1.));
#3760=DIRECTION('',(1.,-9.86076131526265E-32,2.67147415300429E-14));
#3761=DIRECTION('',(2.67147415300429E-14,1.0977800683029E-32,-1.));
#3762=DIRECTION('center_axis',(2.67147415300429E-14,1.0977800683029E-32,
-1.));
#3763=DIRECTION('ref_axis',(9.86076131526262E-32,1.,1.09778006830316E-32));
#3764=DIRECTION('',(-1.,0.,-2.67147415300429E-14));
#3765=DIRECTION('',(-9.86076131526262E-32,-1.,-1.09778006830316E-32));
#3766=DIRECTION('center_axis',(-1.,9.86076131526265E-32,-2.67147415300429E-14));
#3767=DIRECTION('ref_axis',(2.67147415300429E-14,1.0977800683029E-32,-1.));
#3768=DIRECTION('',(-2.67147415300429E-14,0.,1.));
#3769=DIRECTION('',(2.67147415300429E-14,1.0977800683029E-32,-1.));
#3770=DIRECTION('center_axis',(2.67147415300429E-14,1.0977800683029E-32,
-1.));
#3771=DIRECTION('ref_axis',(9.86076131526262E-32,1.,1.09778006830316E-32));
#3772=DIRECTION('',(1.,-9.86076131526265E-32,2.67147415300429E-14));
#3773=DIRECTION('center_axis',(-9.86076131526262E-32,-1.,-1.09778006830316E-32));
#3774=DIRECTION('ref_axis',(2.67147415300429E-14,1.0977800683029E-32,-1.));
#3775=DIRECTION('center_axis',(0.,0.,1.));
#3776=DIRECTION('ref_axis',(1.,0.,0.));
#3777=DIRECTION('',(1.,0.,0.));
#3778=DIRECTION('',(0.,1.,0.));
#3779=DIRECTION('',(1.,0.,0.));
#3780=DIRECTION('center_axis',(0.,0.,-1.));
#3781=DIRECTION('ref_axis',(-1.,0.,0.));
#3782=DIRECTION('',(0.,1.,0.));
#3783=DIRECTION('',(-1.,0.,0.));
#3784=DIRECTION('',(-1.,0.,0.));
#3785=DIRECTION('center_axis',(0.,1.,0.));
#3786=DIRECTION('ref_axis',(1.,0.,0.));
#3787=DIRECTION('',(0.,0.,1.));
#3788=DIRECTION('center_axis',(-1.,9.86076131526265E-32,-2.67147415300429E-14));
#3789=DIRECTION('ref_axis',(2.67147415300429E-14,1.0977800683029E-32,-1.));
#3790=DIRECTION('',(-9.86076131526262E-32,-1.,-1.09778006830316E-32));
#3791=DIRECTION('',(-2.67147415300429E-14,-1.0977800683029E-32,1.));
#3792=DIRECTION('center_axis',(-2.67147415300429E-14,-1.0977800683029E-32,
1.));
#3793=DIRECTION('ref_axis',(-9.86076131526262E-32,-1.,-1.09778006830316E-32));
#3794=DIRECTION('',(1.,0.,2.67147415300429E-14));
#3795=DIRECTION('',(-9.86076131526262E-32,-1.,-1.09778006830316E-32));
#3796=DIRECTION('',(1.,-9.86076131526265E-32,2.67147415300429E-14));
#3797=DIRECTION('',(9.86076131526262E-32,1.,1.09778006830316E-32));
#3798=DIRECTION('center_axis',(9.86076131526262E-32,1.,1.09778006830316E-32));
#3799=DIRECTION('ref_axis',(-2.67147415300429E-14,-1.0977800683029E-32,
1.));
#3800=DIRECTION('',(2.67147415300429E-14,1.0977800683029E-32,-1.));
#3801=DIRECTION('',(-2.67147415300429E-14,-1.0977800683029E-32,1.));
#3802=DIRECTION('',(1.,-9.86076131526265E-32,2.67147415300429E-14));
#3803=DIRECTION('center_axis',(1.,-9.86076131526265E-32,2.67147415300429E-14));
#3804=DIRECTION('ref_axis',(-2.67147415300429E-14,-1.0977800683029E-32,
1.));
#3805=DIRECTION('',(-9.86076131526265E-32,-1.,0.));
#3806=DIRECTION('',(2.67147415300429E-14,1.0977800683029E-32,-1.));
#3807=DIRECTION('',(9.86076131526265E-32,1.,0.));
#3808=DIRECTION('',(2.67147415300429E-14,0.,-1.));
#3809=DIRECTION('',(9.86076131526262E-32,1.,1.09778006830316E-32));
#3810=DIRECTION('',(-2.67147415300429E-14,-1.0977800683029E-32,1.));
#3811=DIRECTION('',(9.86076131526262E-32,1.,1.09778006830316E-32));
#3812=DIRECTION('',(-2.67147415300429E-14,-1.0977800683029E-32,1.));
#3813=DIRECTION('',(-9.86076131526262E-32,-1.,-1.09778006830316E-32));
#3814=DIRECTION('',(2.67147415300429E-14,0.,-1.));
#3815=DIRECTION('center_axis',(-2.67147415300429E-14,-1.0977800683029E-32,
1.));
#3816=DIRECTION('ref_axis',(-9.86076131526262E-32,-1.,-1.09778006830316E-32));
#3817=DIRECTION('',(1.,-9.86076131526265E-32,2.67147415300429E-14));
#3818=DIRECTION('',(9.86076131526262E-32,1.,1.09778006830316E-32));
#3819=DIRECTION('center_axis',(2.67147415300429E-14,1.0977800683029E-32,
-1.));
#3820=DIRECTION('ref_axis',(9.86076131526262E-32,1.,1.09778006830316E-32));
#3821=DIRECTION('',(1.,-9.86076131526265E-32,2.67147415300429E-14));
#3822=DIRECTION('',(-9.86076131526262E-32,-1.,-1.09778006830316E-32));
#3823=DIRECTION('',(1.,-9.86076131526265E-32,2.67147415300429E-14));
#3824=DIRECTION('center_axis',(9.86076131526262E-32,1.,1.09778006830316E-32));
#3825=DIRECTION('ref_axis',(-2.67147415300429E-14,-1.0977800683029E-32,
1.));
#3826=DIRECTION('',(1.,-9.86076131526265E-32,2.67147415300429E-14));
#3827=DIRECTION('',(2.67147415300429E-14,1.0977800683029E-32,-1.));
#3828=DIRECTION('center_axis',(2.67147415300429E-14,1.0977800683029E-32,
-1.));
#3829=DIRECTION('ref_axis',(9.86076131526262E-32,1.,1.09778006830316E-32));
#3830=DIRECTION('',(-1.,0.,-2.67147415300429E-14));
#3831=DIRECTION('',(-9.86076131526262E-32,-1.,-1.09778006830316E-32));
#3832=DIRECTION('center_axis',(-1.,9.86076131526265E-32,-2.67147415300429E-14));
#3833=DIRECTION('ref_axis',(2.67147415300429E-14,1.0977800683029E-32,-1.));
#3834=DIRECTION('',(-2.67147415300429E-14,0.,1.));
#3835=DIRECTION('',(2.67147415300429E-14,1.0977800683029E-32,-1.));
#3836=DIRECTION('center_axis',(2.67147415300429E-14,1.0977800683029E-32,
-1.));
#3837=DIRECTION('ref_axis',(9.86076131526262E-32,1.,1.09778006830316E-32));
#3838=DIRECTION('',(1.,-9.86076131526265E-32,2.67147415300429E-14));
#3839=DIRECTION('center_axis',(-9.86076131526262E-32,-1.,-1.09778006830316E-32));
#3840=DIRECTION('ref_axis',(2.67147415300429E-14,1.0977800683029E-32,-1.));
#3841=DIRECTION('center_axis',(0.,0.,1.));
#3842=DIRECTION('ref_axis',(1.,0.,0.));
#3843=DIRECTION('',(1.,0.,0.));
#3844=DIRECTION('',(0.,1.,0.));
#3845=DIRECTION('',(1.,0.,0.));
#3846=DIRECTION('center_axis',(0.,0.,-1.));
#3847=DIRECTION('ref_axis',(-1.,0.,0.));
#3848=DIRECTION('',(0.,1.,0.));
#3849=DIRECTION('',(-1.,0.,0.));
#3850=DIRECTION('',(-1.,0.,0.));
#3851=DIRECTION('center_axis',(0.,1.,0.));
#3852=DIRECTION('ref_axis',(1.,0.,0.));
#3853=DIRECTION('',(0.,0.,1.));
#3854=DIRECTION('center_axis',(-1.,9.86076131526265E-32,-2.67147415300429E-14));
#3855=DIRECTION('ref_axis',(2.67147415300429E-14,1.0977800683029E-32,-1.));
#3856=DIRECTION('',(-9.86076131526262E-32,-1.,-1.09778006830316E-32));
#3857=DIRECTION('',(-2.67147415300429E-14,-1.0977800683029E-32,1.));
#3858=DIRECTION('center_axis',(-2.67147415300429E-14,-1.0977800683029E-32,
1.));
#3859=DIRECTION('ref_axis',(-9.86076131526262E-32,-1.,-1.09778006830316E-32));
#3860=DIRECTION('',(1.,0.,2.67147415300429E-14));
#3861=DIRECTION('',(-9.86076131526262E-32,-1.,-1.09778006830316E-32));
#3862=DIRECTION('',(1.,-9.86076131526265E-32,2.67147415300429E-14));
#3863=DIRECTION('',(9.86076131526262E-32,1.,1.09778006830316E-32));
#3864=DIRECTION('center_axis',(9.86076131526262E-32,1.,1.09778006830316E-32));
#3865=DIRECTION('ref_axis',(-2.67147415300429E-14,-1.0977800683029E-32,
1.));
#3866=DIRECTION('',(2.67147415300429E-14,1.0977800683029E-32,-1.));
#3867=DIRECTION('',(-2.67147415300429E-14,-1.0977800683029E-32,1.));
#3868=DIRECTION('',(1.,-9.86076131526265E-32,2.67147415300429E-14));
#3869=DIRECTION('center_axis',(1.,-9.86076131526265E-32,2.67147415300429E-14));
#3870=DIRECTION('ref_axis',(-2.67147415300429E-14,-1.0977800683029E-32,
1.));
#3871=DIRECTION('',(-9.86076131526265E-32,-1.,0.));
#3872=DIRECTION('',(2.67147415300429E-14,1.0977800683029E-32,-1.));
#3873=DIRECTION('',(9.86076131526265E-32,1.,0.));
#3874=DIRECTION('',(2.67147415300429E-14,0.,-1.));
#3875=DIRECTION('',(9.86076131526262E-32,1.,1.09778006830316E-32));
#3876=DIRECTION('',(-2.67147415300429E-14,-1.0977800683029E-32,1.));
#3877=DIRECTION('',(9.86076131526262E-32,1.,1.09778006830316E-32));
#3878=DIRECTION('',(-2.67147415300429E-14,-1.0977800683029E-32,1.));
#3879=DIRECTION('',(-9.86076131526262E-32,-1.,-1.09778006830316E-32));
#3880=DIRECTION('',(2.67147415300429E-14,0.,-1.));
#3881=DIRECTION('center_axis',(-2.67147415300429E-14,-1.0977800683029E-32,
1.));
#3882=DIRECTION('ref_axis',(-9.86076131526262E-32,-1.,-1.09778006830316E-32));
#3883=DIRECTION('',(1.,-9.86076131526265E-32,2.67147415300429E-14));
#3884=DIRECTION('',(9.86076131526262E-32,1.,1.09778006830316E-32));
#3885=DIRECTION('center_axis',(2.67147415300429E-14,1.0977800683029E-32,
-1.));
#3886=DIRECTION('ref_axis',(9.86076131526262E-32,1.,1.09778006830316E-32));
#3887=DIRECTION('',(1.,-9.86076131526265E-32,2.67147415300429E-14));
#3888=DIRECTION('',(-9.86076131526262E-32,-1.,-1.09778006830316E-32));
#3889=DIRECTION('',(1.,-9.86076131526265E-32,2.67147415300429E-14));
#3890=DIRECTION('center_axis',(9.86076131526262E-32,1.,1.09778006830316E-32));
#3891=DIRECTION('ref_axis',(-2.67147415300429E-14,-1.0977800683029E-32,
1.));
#3892=DIRECTION('',(1.,-9.86076131526265E-32,2.67147415300429E-14));
#3893=DIRECTION('',(2.67147415300429E-14,1.0977800683029E-32,-1.));
#3894=DIRECTION('center_axis',(2.67147415300429E-14,1.0977800683029E-32,
-1.));
#3895=DIRECTION('ref_axis',(9.86076131526262E-32,1.,1.09778006830316E-32));
#3896=DIRECTION('',(-1.,0.,-2.67147415300429E-14));
#3897=DIRECTION('',(-9.86076131526262E-32,-1.,-1.09778006830316E-32));
#3898=DIRECTION('center_axis',(-1.,9.86076131526265E-32,-2.67147415300429E-14));
#3899=DIRECTION('ref_axis',(2.67147415300429E-14,1.0977800683029E-32,-1.));
#3900=DIRECTION('',(-2.67147415300429E-14,0.,1.));
#3901=DIRECTION('',(2.67147415300429E-14,1.0977800683029E-32,-1.));
#3902=DIRECTION('center_axis',(2.67147415300429E-14,1.0977800683029E-32,
-1.));
#3903=DIRECTION('ref_axis',(9.86076131526262E-32,1.,1.09778006830316E-32));
#3904=DIRECTION('',(1.,-9.86076131526265E-32,2.67147415300429E-14));
#3905=DIRECTION('center_axis',(-9.86076131526262E-32,-1.,-1.09778006830316E-32));
#3906=DIRECTION('ref_axis',(2.67147415300429E-14,1.0977800683029E-32,-1.));
#3907=DIRECTION('center_axis',(0.,0.,1.));
#3908=DIRECTION('ref_axis',(1.,0.,0.));
#3909=DIRECTION('',(1.,0.,0.));
#3910=DIRECTION('',(0.,1.,0.));
#3911=DIRECTION('',(1.,0.,0.));
#3912=DIRECTION('center_axis',(0.,0.,-1.));
#3913=DIRECTION('ref_axis',(-1.,0.,0.));
#3914=DIRECTION('',(0.,1.,0.));
#3915=DIRECTION('',(-1.,0.,0.));
#3916=DIRECTION('',(-1.,0.,0.));
#3917=DIRECTION('center_axis',(0.,1.,0.));
#3918=DIRECTION('ref_axis',(1.,0.,0.));
#3919=DIRECTION('',(0.,0.,1.));
#3920=DIRECTION('center_axis',(-1.,9.86076131526265E-32,-2.67147415300429E-14));
#3921=DIRECTION('ref_axis',(2.67147415300429E-14,1.0977800683029E-32,-1.));
#3922=DIRECTION('',(-9.86076131526262E-32,-1.,-1.09778006830316E-32));
#3923=DIRECTION('',(-2.67147415300429E-14,-1.0977800683029E-32,1.));
#3924=DIRECTION('center_axis',(-2.67147415300429E-14,-1.0977800683029E-32,
1.));
#3925=DIRECTION('ref_axis',(-9.86076131526262E-32,-1.,-1.09778006830316E-32));
#3926=DIRECTION('',(1.,0.,2.67147415300429E-14));
#3927=DIRECTION('',(-9.86076131526262E-32,-1.,-1.09778006830316E-32));
#3928=DIRECTION('',(1.,-9.86076131526265E-32,2.67147415300429E-14));
#3929=DIRECTION('',(9.86076131526262E-32,1.,1.09778006830316E-32));
#3930=DIRECTION('center_axis',(9.86076131526262E-32,1.,1.09778006830316E-32));
#3931=DIRECTION('ref_axis',(-2.67147415300429E-14,-1.0977800683029E-32,
1.));
#3932=DIRECTION('',(2.67147415300429E-14,1.0977800683029E-32,-1.));
#3933=DIRECTION('',(-2.67147415300429E-14,-1.0977800683029E-32,1.));
#3934=DIRECTION('',(1.,-9.86076131526265E-32,2.67147415300429E-14));
#3935=DIRECTION('center_axis',(1.,-9.86076131526265E-32,2.67147415300429E-14));
#3936=DIRECTION('ref_axis',(-2.67147415300429E-14,-1.0977800683029E-32,
1.));
#3937=DIRECTION('',(-9.86076131526265E-32,-1.,0.));
#3938=DIRECTION('',(2.67147415300429E-14,1.0977800683029E-32,-1.));
#3939=DIRECTION('',(9.86076131526265E-32,1.,0.));
#3940=DIRECTION('',(2.67147415300429E-14,0.,-1.));
#3941=DIRECTION('',(9.86076131526262E-32,1.,1.09778006830316E-32));
#3942=DIRECTION('',(-2.67147415300429E-14,-1.0977800683029E-32,1.));
#3943=DIRECTION('',(9.86076131526262E-32,1.,1.09778006830316E-32));
#3944=DIRECTION('',(-2.67147415300429E-14,-1.0977800683029E-32,1.));
#3945=DIRECTION('',(-9.86076131526262E-32,-1.,-1.09778006830316E-32));
#3946=DIRECTION('',(2.67147415300429E-14,0.,-1.));
#3947=DIRECTION('center_axis',(-2.67147415300429E-14,-1.0977800683029E-32,
1.));
#3948=DIRECTION('ref_axis',(-9.86076131526262E-32,-1.,-1.09778006830316E-32));
#3949=DIRECTION('',(1.,-9.86076131526265E-32,2.67147415300429E-14));
#3950=DIRECTION('',(9.86076131526262E-32,1.,1.09778006830316E-32));
#3951=DIRECTION('center_axis',(2.67147415300429E-14,1.0977800683029E-32,
-1.));
#3952=DIRECTION('ref_axis',(9.86076131526262E-32,1.,1.09778006830316E-32));
#3953=DIRECTION('',(1.,-9.86076131526265E-32,2.67147415300429E-14));
#3954=DIRECTION('',(-9.86076131526262E-32,-1.,-1.09778006830316E-32));
#3955=DIRECTION('',(1.,-9.86076131526265E-32,2.67147415300429E-14));
#3956=DIRECTION('center_axis',(9.86076131526262E-32,1.,1.09778006830316E-32));
#3957=DIRECTION('ref_axis',(-2.67147415300429E-14,-1.0977800683029E-32,
1.));
#3958=DIRECTION('',(1.,-9.86076131526265E-32,2.67147415300429E-14));
#3959=DIRECTION('',(2.67147415300429E-14,1.0977800683029E-32,-1.));
#3960=DIRECTION('center_axis',(2.67147415300429E-14,1.0977800683029E-32,
-1.));
#3961=DIRECTION('ref_axis',(9.86076131526262E-32,1.,1.09778006830316E-32));
#3962=DIRECTION('',(-1.,0.,-2.67147415300429E-14));
#3963=DIRECTION('',(-9.86076131526262E-32,-1.,-1.09778006830316E-32));
#3964=DIRECTION('center_axis',(-1.,9.86076131526265E-32,-2.67147415300429E-14));
#3965=DIRECTION('ref_axis',(2.67147415300429E-14,1.0977800683029E-32,-1.));
#3966=DIRECTION('',(-2.67147415300429E-14,0.,1.));
#3967=DIRECTION('',(2.67147415300429E-14,1.0977800683029E-32,-1.));
#3968=DIRECTION('center_axis',(2.67147415300429E-14,1.0977800683029E-32,
-1.));
#3969=DIRECTION('ref_axis',(9.86076131526262E-32,1.,1.09778006830316E-32));
#3970=DIRECTION('',(1.,-9.86076131526265E-32,2.67147415300429E-14));
#3971=DIRECTION('center_axis',(-9.86076131526262E-32,-1.,-1.09778006830316E-32));
#3972=DIRECTION('ref_axis',(2.67147415300429E-14,1.0977800683029E-32,-1.));
#3973=DIRECTION('center_axis',(0.,0.,1.));
#3974=DIRECTION('ref_axis',(1.,0.,0.));
#3975=DIRECTION('',(1.,0.,0.));
#3976=DIRECTION('',(0.,1.,0.));
#3977=DIRECTION('',(1.,0.,0.));
#3978=DIRECTION('center_axis',(0.,0.,-1.));
#3979=DIRECTION('ref_axis',(-1.,0.,0.));
#3980=DIRECTION('',(0.,1.,0.));
#3981=DIRECTION('',(-1.,0.,0.));
#3982=DIRECTION('',(-1.,0.,0.));
#3983=DIRECTION('center_axis',(0.,1.,0.));
#3984=DIRECTION('ref_axis',(1.,0.,0.));
#3985=DIRECTION('',(0.,0.,1.));
#3986=DIRECTION('center_axis',(-1.,0.,0.));
#3987=DIRECTION('ref_axis',(0.,0.,1.));
#3988=DIRECTION('',(0.,0.,1.));
#3989=DIRECTION('center_axis',(0.,1.,0.));
#3990=DIRECTION('ref_axis',(1.,0.,0.));
#3991=DIRECTION('center_axis',(0.,-1.,0.));
#3992=DIRECTION('ref_axis',(1.,0.,0.));
#3993=DIRECTION('',(0.,-1.,0.));
#3994=DIRECTION('center_axis',(0.,1.,0.));
#3995=DIRECTION('ref_axis',(1.,0.,0.));
#3996=DIRECTION('center_axis',(0.,-1.,0.));
#3997=DIRECTION('ref_axis',(1.,0.,0.));
#3998=DIRECTION('',(0.,-1.,0.));
#3999=DIRECTION('center_axis',(-1.,0.,0.));
#4000=DIRECTION('ref_axis',(0.,0.,1.));
#4001=DIRECTION('',(0.,0.,1.));
#4002=DIRECTION('center_axis',(-1.,0.,0.));
#4003=DIRECTION('ref_axis',(0.,0.,1.));
#4004=DIRECTION('',(0.,0.,1.));
#4005=DIRECTION('center_axis',(-1.,0.,0.));
#4006=DIRECTION('ref_axis',(0.,0.,1.));
#4007=DIRECTION('',(0.,0.,1.));
#4008=DIRECTION('center_axis',(0.,1.,0.));
#4009=DIRECTION('ref_axis',(1.,0.,0.));
#4010=DIRECTION('center_axis',(0.,-1.,0.));
#4011=DIRECTION('ref_axis',(1.,0.,0.));
#4012=DIRECTION('',(0.,-1.,0.));
#4013=DIRECTION('center_axis',(0.,1.,0.));
#4014=DIRECTION('ref_axis',(1.,0.,0.));
#4015=DIRECTION('center_axis',(0.,-1.,0.));
#4016=DIRECTION('ref_axis',(1.,0.,0.));
#4017=DIRECTION('',(0.,-1.,0.));
#4018=DIRECTION('center_axis',(-1.,0.,0.));
#4019=DIRECTION('ref_axis',(0.,0.,1.));
#4020=DIRECTION('',(0.,0.,1.));
#4021=DIRECTION('center_axis',(-1.,0.,0.));
#4022=DIRECTION('ref_axis',(0.,0.,1.));
#4023=DIRECTION('',(0.,0.,1.));
#4024=DIRECTION('center_axis',(0.,1.,0.));
#4025=DIRECTION('ref_axis',(1.,0.,0.));
#4026=DIRECTION('center_axis',(0.,-1.,0.));
#4027=DIRECTION('ref_axis',(1.,0.,0.));
#4028=DIRECTION('',(0.,-1.,0.));
#4029=DIRECTION('center_axis',(0.,1.,0.));
#4030=DIRECTION('ref_axis',(1.,0.,0.));
#4031=DIRECTION('center_axis',(0.,-1.,0.));
#4032=DIRECTION('ref_axis',(1.,0.,0.));
#4033=DIRECTION('',(0.,-1.,0.));
#4034=DIRECTION('center_axis',(-1.,0.,0.));
#4035=DIRECTION('ref_axis',(0.,0.,1.));
#4036=DIRECTION('',(0.,0.,1.));
#4037=DIRECTION('center_axis',(0.,0.,-1.));
#4038=DIRECTION('ref_axis',(-1.,0.,0.));
#4039=DIRECTION('',(-1.,0.,0.));
#4040=DIRECTION('center_axis',(0.,1.,0.));
#4041=DIRECTION('ref_axis',(1.,0.,0.));
#4042=CARTESIAN_POINT('',(0.,0.,0.));
#4043=CARTESIAN_POINT('Origin',(250.,0.,68.0000009387732));
#4044=CARTESIAN_POINT('',(250.,2.,63.0000009387732));
#4045=CARTESIAN_POINT('',(255.,2.,68.0000009387732));
#4046=CARTESIAN_POINT('Origin',(250.,2.,68.0000009387732));
#4047=CARTESIAN_POINT('',(255.,-3.,68.0000009387732));
#4048=CARTESIAN_POINT('',(255.,0.,68.0000009387732));
#4049=CARTESIAN_POINT('',(250.,-3.,63.0000009387732));
#4050=CARTESIAN_POINT('Origin',(250.,-3.,68.0000009387732));
#4051=CARTESIAN_POINT('',(250.,0.,63.0000009387732));
#4052=CARTESIAN_POINT('Origin',(127.5,-3.,85.2250009387731));
#4053=CARTESIAN_POINT('',(255.,-3.,102.450000938773));
#4054=CARTESIAN_POINT('',(255.,-3.,63.0000009387732));
#4055=CARTESIAN_POINT('',(250.,-3.,107.450000938773));
#4056=CARTESIAN_POINT('Origin',(250.,-3.,102.450000938773));
#4057=CARTESIAN_POINT('',(5.,-3.,107.450000938773));
#4058=CARTESIAN_POINT('',(255.,-3.,107.450000938773));
#4059=CARTESIAN_POINT('',(0.,-3.,102.450000938773));
#4060=CARTESIAN_POINT('Origin',(5.,-3.,102.450000938773));
#4061=CARTESIAN_POINT('',(0.,-3.,68.0000009387732));
#4062=CARTESIAN_POINT('',(0.,-3.,107.450000938773));
#4063=CARTESIAN_POINT('',(5.,-3.,63.0000009387732));
#4064=CARTESIAN_POINT('Origin',(5.,-3.,68.0000009387732));
#4065=CARTESIAN_POINT('',(0.,-3.,63.0000009387732));
#4066=CARTESIAN_POINT('',(209.247600223517,-3.,97.4875007994354));
#4067=CARTESIAN_POINT('',(209.247600223518,-3.,71.2875008635103));
#4068=CARTESIAN_POINT('',(209.247600223517,-3.,90.3062509670805));
#4069=CARTESIAN_POINT('',(232.247600223517,-3.,97.487500799436));
#4070=CARTESIAN_POINT('',(177.873800111758,-3.,97.4875007994346));
#4071=CARTESIAN_POINT('',(232.247600223518,-3.,71.2875008635109));
#4072=CARTESIAN_POINT('',(232.247600223517,-3.,90.3062509670811));
#4073=CARTESIAN_POINT('',(177.873800111759,-3.,71.2875008635095));
#4074=CARTESIAN_POINT('',(182.591600223517,-3.,97.4875007994354));
#4075=CARTESIAN_POINT('',(182.591600223518,-3.,71.2875008635103));
#4076=CARTESIAN_POINT('',(182.591600223517,-3.,90.3062509670801));
#4077=CARTESIAN_POINT('',(205.591600223517,-3.,97.487500799436));
#4078=CARTESIAN_POINT('',(164.545800111758,-3.,97.4875007994349));
#4079=CARTESIAN_POINT('',(205.591600223518,-3.,71.2875008635109));
#4080=CARTESIAN_POINT('',(205.591600223517,-3.,90.3062509670807));
#4081=CARTESIAN_POINT('',(164.545800111759,-3.,71.2875008635098));
#4082=CARTESIAN_POINT('',(155.935600223517,-3.,97.4875007994354));
#4083=CARTESIAN_POINT('',(155.935600223518,-3.,71.2875008635103));
#4084=CARTESIAN_POINT('',(155.935600223517,-3.,90.3062509670798));
#4085=CARTESIAN_POINT('',(178.935600223517,-3.,97.487500799436));
#4086=CARTESIAN_POINT('',(151.217800111758,-3.,97.4875007994353));
#4087=CARTESIAN_POINT('',(178.935600223518,-3.,71.2875008635109));
#4088=CARTESIAN_POINT('',(178.935600223517,-3.,90.3062509670804));
#4089=CARTESIAN_POINT('',(151.217800111759,-3.,71.2875008635102));
#4090=CARTESIAN_POINT('',(129.279600223517,-3.,97.4875007994354));
#4091=CARTESIAN_POINT('',(129.279600223518,-3.,71.2875008635103));
#4092=CARTESIAN_POINT('',(129.279600223517,-3.,90.3062509670794));
#4093=CARTESIAN_POINT('',(152.279600223517,-3.,97.487500799436));
#4094=CARTESIAN_POINT('',(137.889800111758,-3.,97.4875007994356));
#4095=CARTESIAN_POINT('',(152.279600223518,-3.,71.2875008635109));
#4096=CARTESIAN_POINT('',(152.279600223517,-3.,90.30625096708));
#4097=CARTESIAN_POINT('',(137.889800111759,-3.,71.2875008635105));
#4098=CARTESIAN_POINT('',(102.623600223517,-3.,97.4875007994354));
#4099=CARTESIAN_POINT('',(102.623600223518,-3.,71.2875008635103));
#4100=CARTESIAN_POINT('',(102.623600223517,-3.,90.3062509670791));
#4101=CARTESIAN_POINT('',(125.623600223517,-3.,97.487500799436));
#4102=CARTESIAN_POINT('',(124.561800111758,-3.,97.487500799436));
#4103=CARTESIAN_POINT('',(125.623600223518,-3.,71.2875008635109));
#4104=CARTESIAN_POINT('',(125.623600223517,-3.,90.3062509670797));
#4105=CARTESIAN_POINT('',(124.561800111759,-3.,71.2875008635109));
#4106=CARTESIAN_POINT('',(75.9676002235172,-3.,97.4875007994354));
#4107=CARTESIAN_POINT('',(75.9676002235179,-3.,71.2875008635103));
#4108=CARTESIAN_POINT('',(75.9676002235174,-3.,90.3062509670787));
#4109=CARTESIAN_POINT('',(98.9676002235172,-3.,97.487500799436));
#4110=CARTESIAN_POINT('',(111.233800111758,-3.,97.4875007994363));
#4111=CARTESIAN_POINT('',(98.9676002235179,-3.,71.2875008635109));
#4112=CARTESIAN_POINT('',(98.9676002235174,-3.,90.3062509670793));
#4113=CARTESIAN_POINT('',(111.233800111759,-3.,71.2875008635112));
#4114=CARTESIAN_POINT('',(49.3116002235172,-3.,97.4875007994354));
#4115=CARTESIAN_POINT('',(49.3116002235179,-3.,71.2875008635103));
#4116=CARTESIAN_POINT('',(49.3116002235174,-3.,90.3062509670783));
#4117=CARTESIAN_POINT('',(72.3116002235172,-3.,97.487500799436));
#4118=CARTESIAN_POINT('',(97.9058001117585,-3.,97.4875007994367));
#4119=CARTESIAN_POINT('',(72.3116002235179,-3.,71.2875008635109));
#4120=CARTESIAN_POINT('',(72.3116002235174,-3.,90.306250967079));
#4121=CARTESIAN_POINT('',(97.9058001117591,-3.,71.2875008635116));
#4122=CARTESIAN_POINT('',(22.6556002235175,-3.,71.2875008635106));
#4123=CARTESIAN_POINT('',(45.6556002235175,-3.,71.2875008635106));
#4124=CARTESIAN_POINT('',(84.5778001117591,-3.,71.287500863512));
#4125=CARTESIAN_POINT('',(22.6556002235175,-3.,97.4875007994357));
#4126=CARTESIAN_POINT('',(22.6556002235174,-3.,90.306250967078));
#4127=CARTESIAN_POINT('',(45.6556002235175,-3.,97.4875007994357));
#4128=CARTESIAN_POINT('',(84.5778001117584,-3.,97.4875007994371));
#4129=CARTESIAN_POINT('',(45.6556002235174,-3.,90.3062509670786));
#4130=CARTESIAN_POINT('',(243.7,-3.,85.2250009387731));
#4131=CARTESIAN_POINT('Origin',(246.5,-3.,85.2250009387731));
#4132=CARTESIAN_POINT('',(5.7,-3.,101.100000938773));
#4133=CARTESIAN_POINT('Origin',(8.5,-3.,101.100000938773));
#4134=CARTESIAN_POINT('',(5.7,-3.,85.2250009387731));
#4135=CARTESIAN_POINT('Origin',(8.5,-3.,85.2250009387731));
#4136=CARTESIAN_POINT('',(5.7,-3.,69.3500009387731));
#4137=CARTESIAN_POINT('Origin',(8.5,-3.,69.3500009387731));
#4138=CARTESIAN_POINT('',(243.7,-3.,101.100000938773));
#4139=CARTESIAN_POINT('Origin',(246.5,-3.,101.100000938773));
#4140=CARTESIAN_POINT('',(243.7,-3.,69.3500009387731));
#4141=CARTESIAN_POINT('Origin',(246.5,-3.,69.3500009387731));
#4142=CARTESIAN_POINT('Origin',(255.,0.,107.450000938773));
#4143=CARTESIAN_POINT('',(255.,2.,102.450000938773));
#4144=CARTESIAN_POINT('',(255.,2.,63.0000009387732));
#4145=CARTESIAN_POINT('',(255.,0.,102.450000938773));
#4146=CARTESIAN_POINT('Origin',(250.,0.,102.450000938773));
#4147=CARTESIAN_POINT('',(250.,2.,107.450000938773));
#4148=CARTESIAN_POINT('Origin',(250.,2.,102.450000938773));
#4149=CARTESIAN_POINT('',(250.,0.,107.450000938773));
#4150=CARTESIAN_POINT('Origin',(5.,0.,68.0000009387732));
#4151=CARTESIAN_POINT('',(0.,2.,68.0000009387732));
#4152=CARTESIAN_POINT('',(5.,2.,63.0000009387732));
#4153=CARTESIAN_POINT('Origin',(5.,2.,68.0000009387732));
#4154=CARTESIAN_POINT('',(5.,0.,63.0000009387732));
#4155=CARTESIAN_POINT('',(0.,0.,68.0000009387732));
#4156=CARTESIAN_POINT('Origin',(0.,0.,63.0000009387732));
#4157=CARTESIAN_POINT('',(0.,2.,102.450000938773));
#4158=CARTESIAN_POINT('',(0.,0.,102.450000938773));
#4159=CARTESIAN_POINT('',(0.,2.,107.450000938773));
#4160=CARTESIAN_POINT('Origin',(5.,0.,102.450000938773));
#4161=CARTESIAN_POINT('',(5.,2.,107.450000938773));
#4162=CARTESIAN_POINT('',(5.,0.,107.450000938773));
#4163=CARTESIAN_POINT('Origin',(5.,2.,102.450000938773));
#4164=CARTESIAN_POINT('Origin',(0.,0.,107.450000938773));
#4165=CARTESIAN_POINT('',(255.,2.,107.450000938773));
#4166=CARTESIAN_POINT('Origin',(41.6556002235172,2.00000000000002,97.4875007994359));
#4167=CARTESIAN_POINT('',(22.6556002235172,-8.00000014901158,97.4875007994354));
#4168=CARTESIAN_POINT('',(22.6556002235172,2.00000000000002,97.4875007994354));
#4169=CARTESIAN_POINT('',(45.6556002235172,-8.00000014901158,97.487500799436));
#4170=CARTESIAN_POINT('',(41.6556002235172,-8.00000014901158,97.4875007994359));
#4171=CARTESIAN_POINT('',(45.6556002235172,2.00000000000002,97.487500799436));
#4172=CARTESIAN_POINT('Origin',(22.6556002235173,-3.00000007450579,95.3875009953856));
#4173=CARTESIAN_POINT('',(22.6556002235179,-8.00000014901158,71.2875008635103));
#4174=CARTESIAN_POINT('',(22.6556002235179,-8.00000014901158,71.2875008635103));
#4175=CARTESIAN_POINT('',(22.6556002235179,-8.00000014901158,73.6925006862098));
#4176=CARTESIAN_POINT('Origin',(72.3116002235173,-3.00000007450579,95.3875009953862));
#4177=CARTESIAN_POINT('',(72.3116002235172,-8.00000014901158,97.487500799436));
#4178=CARTESIAN_POINT('',(72.3116002235172,2.00000000000002,97.487500799436));
#4179=CARTESIAN_POINT('',(72.3116002235179,-8.00000014901158,71.2875008635109));
#4180=CARTESIAN_POINT('',(72.3116002235172,-8.00000014901158,97.487500799436));
#4181=CARTESIAN_POINT('',(72.3116002235179,-8.00000014901158,71.2875008635109));
#4182=CARTESIAN_POINT('Origin',(68.3116002235172,2.00000000000002,97.4875007994359));
#4183=CARTESIAN_POINT('',(49.3116002235172,-8.00000014901158,97.4875007994354));
#4184=CARTESIAN_POINT('',(49.3116002235172,2.00000000000002,97.4875007994354));
#4185=CARTESIAN_POINT('',(68.3116002235172,-8.00000014901158,97.4875007994359));
#4186=CARTESIAN_POINT('Origin',(98.9676002235173,-3.00000007450579,95.3875009953862));
#4187=CARTESIAN_POINT('',(98.9676002235172,-8.00000014901158,97.487500799436));
#4188=CARTESIAN_POINT('',(98.9676002235172,2.00000000000002,97.487500799436));
#4189=CARTESIAN_POINT('',(98.9676002235179,-8.00000014901158,71.2875008635109));
#4190=CARTESIAN_POINT('',(98.9676002235172,-8.00000014901158,97.487500799436));
#4191=CARTESIAN_POINT('',(98.9676002235179,-8.00000014901158,71.2875008635109));
#4192=CARTESIAN_POINT('Origin',(94.9676002235172,2.00000000000002,97.4875007994359));
#4193=CARTESIAN_POINT('',(75.9676002235172,-8.00000014901158,97.4875007994354));
#4194=CARTESIAN_POINT('',(75.9676002235172,2.00000000000002,97.4875007994354));
#4195=CARTESIAN_POINT('',(94.9676002235172,-8.00000014901158,97.4875007994359));
#4196=CARTESIAN_POINT('Origin',(125.623600223517,-3.00000007450579,95.3875009953862));
#4197=CARTESIAN_POINT('',(125.623600223517,-8.00000014901158,97.487500799436));
#4198=CARTESIAN_POINT('',(125.623600223517,2.00000000000002,97.487500799436));
#4199=CARTESIAN_POINT('',(125.623600223518,-8.00000014901158,71.2875008635109));
#4200=CARTESIAN_POINT('',(125.623600223517,-8.00000014901158,97.487500799436));
#4201=CARTESIAN_POINT('',(125.623600223518,-8.00000014901158,71.2875008635109));
#4202=CARTESIAN_POINT('Origin',(121.623600223517,2.00000000000002,97.4875007994359));
#4203=CARTESIAN_POINT('',(102.623600223517,-8.00000014901158,97.4875007994354));
#4204=CARTESIAN_POINT('',(102.623600223517,2.00000000000002,97.4875007994354));
#4205=CARTESIAN_POINT('',(121.623600223517,-8.00000014901158,97.4875007994359));
#4206=CARTESIAN_POINT('Origin',(152.279600223517,-3.00000007450579,95.3875009953862));
#4207=CARTESIAN_POINT('',(152.279600223517,-8.00000014901158,97.487500799436));
#4208=CARTESIAN_POINT('',(152.279600223517,2.00000000000002,97.487500799436));
#4209=CARTESIAN_POINT('',(152.279600223518,-8.00000014901158,71.2875008635109));
#4210=CARTESIAN_POINT('',(152.279600223517,-8.00000014901158,97.487500799436));
#4211=CARTESIAN_POINT('',(152.279600223518,-8.00000014901158,71.2875008635109));
#4212=CARTESIAN_POINT('Origin',(148.279600223517,2.00000000000002,97.4875007994359));
#4213=CARTESIAN_POINT('',(129.279600223517,-8.00000014901158,97.4875007994354));
#4214=CARTESIAN_POINT('',(129.279600223517,2.00000000000002,97.4875007994354));
#4215=CARTESIAN_POINT('',(148.279600223517,-8.00000014901158,97.4875007994359));
#4216=CARTESIAN_POINT('Origin',(178.935600223517,-3.00000007450579,95.3875009953862));
#4217=CARTESIAN_POINT('',(178.935600223517,-8.00000014901158,97.487500799436));
#4218=CARTESIAN_POINT('',(178.935600223517,2.00000000000002,97.487500799436));
#4219=CARTESIAN_POINT('',(178.935600223518,-8.00000014901158,71.2875008635109));
#4220=CARTESIAN_POINT('',(178.935600223517,-8.00000014901158,97.487500799436));
#4221=CARTESIAN_POINT('',(178.935600223518,-8.00000014901158,71.2875008635109));
#4222=CARTESIAN_POINT('Origin',(174.935600223517,2.00000000000002,97.4875007994359));
#4223=CARTESIAN_POINT('',(155.935600223517,-8.00000014901158,97.4875007994354));
#4224=CARTESIAN_POINT('',(155.935600223517,2.00000000000002,97.4875007994354));
#4225=CARTESIAN_POINT('',(174.935600223517,-8.00000014901158,97.4875007994359));
#4226=CARTESIAN_POINT('Origin',(205.591600223517,-3.00000007450579,95.3875009953862));
#4227=CARTESIAN_POINT('',(205.591600223517,-8.00000014901158,97.487500799436));
#4228=CARTESIAN_POINT('',(205.591600223517,2.00000000000002,97.487500799436));
#4229=CARTESIAN_POINT('',(205.591600223518,-8.00000014901158,71.2875008635109));
#4230=CARTESIAN_POINT('',(205.591600223517,-8.00000014901158,97.487500799436));
#4231=CARTESIAN_POINT('',(205.591600223518,-8.00000014901158,71.2875008635109));
#4232=CARTESIAN_POINT('Origin',(201.591600223517,2.00000000000002,97.4875007994359));
#4233=CARTESIAN_POINT('',(182.591600223517,-8.00000014901158,97.4875007994354));
#4234=CARTESIAN_POINT('',(182.591600223517,2.00000000000002,97.4875007994354));
#4235=CARTESIAN_POINT('',(201.591600223517,-8.00000014901158,97.4875007994359));
#4236=CARTESIAN_POINT('Origin',(232.247600223517,-3.00000007450579,95.3875009953862));
#4237=CARTESIAN_POINT('',(232.247600223517,-8.00000014901158,97.487500799436));
#4238=CARTESIAN_POINT('',(232.247600223517,2.00000000000002,97.487500799436));
#4239=CARTESIAN_POINT('',(232.247600223518,-8.00000014901158,71.2875008635109));
#4240=CARTESIAN_POINT('',(232.247600223517,-8.00000014901158,97.487500799436));
#4241=CARTESIAN_POINT('',(232.247600223518,-8.00000014901158,71.2875008635109));
#4242=CARTESIAN_POINT('Origin',(228.247600223517,2.00000000000002,97.4875007994359));
#4243=CARTESIAN_POINT('',(209.247600223517,-8.00000014901158,97.4875007994354));
#4244=CARTESIAN_POINT('',(209.247600223517,2.00000000000002,97.4875007994354));
#4245=CARTESIAN_POINT('',(228.247600223517,-8.00000014901158,97.4875007994359));
#4246=CARTESIAN_POINT('Origin',(41.6556002235179,-8.00000014901158,71.2875008635108));
#4247=CARTESIAN_POINT('',(45.6556002235179,-8.00000014901158,71.2875008635109));
#4248=CARTESIAN_POINT('',(45.6556002235179,-8.00000014901158,71.2875008635109));
#4249=CARTESIAN_POINT('',(41.6556002235179,-8.00000014901158,71.2875008635108));
#4250=CARTESIAN_POINT('Origin',(45.6556002235173,-3.00000007450579,95.3875009953862));
#4251=CARTESIAN_POINT('',(45.6556002235172,-8.00000014901158,97.487500799436));
#4252=CARTESIAN_POINT('Origin',(41.6556002235178,1.00000000000002,76.4125006862103));
#4253=CARTESIAN_POINT('',(26.7556002235178,1.75000000000002,77.1625006862099));
#4254=CARTESIAN_POINT('',(26.7556002235178,0.250000000000018,75.6625006862099));
#4255=CARTESIAN_POINT('',(26.7556002235178,0.419805656337838,75.8323063425477));
#4256=CARTESIAN_POINT('',(41.6556002235178,0.250000000000018,75.6625006862103));
#4257=CARTESIAN_POINT('',(41.6556002235178,0.250000000000018,75.6625006862103));
#4258=CARTESIAN_POINT('',(41.6556002235178,1.75000000000002,77.1625006862103));
#4259=CARTESIAN_POINT('',(41.6556002235176,6.5176945366206,81.9301952228309));
#4260=CARTESIAN_POINT('',(41.6556002235178,1.75000000000002,77.1625006862103));
#4261=CARTESIAN_POINT('Origin',(41.6556002235178,0.250000000000018,77.1625006862103));
#4262=CARTESIAN_POINT('',(26.7556002235179,0.250000000000018,72.1625006862099));
#4263=CARTESIAN_POINT('',(26.7556002235178,0.250000000000018,75.1271119988855));
#4264=CARTESIAN_POINT('',(41.6556002235179,0.250000000000018,72.1625006862103));
#4265=CARTESIAN_POINT('',(41.6556002235179,0.250000000000018,72.1625006862103));
#4266=CARTESIAN_POINT('',(41.6556002235178,0.250000000000018,75.1271119988859));
#4267=CARTESIAN_POINT('Origin',(41.6556002235179,0.250000000000018,72.1625006862103));
#4268=CARTESIAN_POINT('',(41.6556002235179,-6.54999999999998,72.1625006862103));
#4269=CARTESIAN_POINT('',(41.6556002235179,-3.14999999999998,72.1625006862103));
#4270=CARTESIAN_POINT('',(26.7556002235179,-6.54999999999998,72.1625006862099));
#4271=CARTESIAN_POINT('',(26.7556002235179,0.250000000000018,72.1625006862099));
#4272=CARTESIAN_POINT('',(41.6556002235179,-6.54999999999998,72.1625006862103));
#4273=CARTESIAN_POINT('Origin',(41.6556002235179,-6.54999999999998,72.1625006862103));
#4274=CARTESIAN_POINT('',(41.6556002235179,-6.54999999999998,73.6925006862103));
#4275=CARTESIAN_POINT('',(41.6556002235179,-6.54999999999998,72.6271119988859));
#4276=CARTESIAN_POINT('',(26.7556002235179,-6.54999999999998,73.6925006862099));
#4277=CARTESIAN_POINT('',(26.7556002235179,-6.54999999999998,72.6271119988855));
#4278=CARTESIAN_POINT('',(41.6556002235179,-6.54999999999998,73.6925006862103));
#4279=CARTESIAN_POINT('Origin',(26.7556002235179,2.00000000000002,73.0917233115612));
#4280=CARTESIAN_POINT('',(26.7556002235178,2.00000000000002,77.1625006862099));
#4281=CARTESIAN_POINT('',(26.7556002235178,2.00000000000002,77.1625006862099));
#4282=CARTESIAN_POINT('',(26.7556002235173,2.00000000000002,93.287501191336));
#4283=CARTESIAN_POINT('',(26.7556002235173,2.00000000000002,93.4125010721267));
#4284=CARTESIAN_POINT('',(26.7556002235173,0.250000000000018,93.287501191336));
#4285=CARTESIAN_POINT('',(26.7556002235173,1.12500000000002,93.287501191336));
#4286=CARTESIAN_POINT('',(26.7556002235173,0.250000000000018,94.457501191336));
#4287=CARTESIAN_POINT('',(26.7556002235176,0.250000000000018,83.7746122514486));
#4288=CARTESIAN_POINT('',(26.7556002235173,-6.54999999999998,94.457501191336));
#4289=CARTESIAN_POINT('',(26.7556002235173,-2.27499999999998,94.457501191336));
#4290=CARTESIAN_POINT('',(26.7556002235173,-6.54999999999998,93.287501191336));
#4291=CARTESIAN_POINT('',(26.7556002235176,-6.54999999999998,83.1896122514486));
#4292=CARTESIAN_POINT('',(26.7556002235173,-8.0000000748053,93.287501191336));
#4293=CARTESIAN_POINT('',(26.7556002235173,-3.00000007450579,93.287501191336));
#4294=CARTESIAN_POINT('',(26.7556002235179,-8.00000007481239,73.6925006862099));
#4295=CARTESIAN_POINT('',(26.7556002235173,-7.99999999999998,93.4125010721267));
#4296=CARTESIAN_POINT('',(26.7556002235179,-2.27499999999998,73.6925006862099));
#4297=CARTESIAN_POINT('Origin',(41.6556002235179,-6.54999999999998,73.6925006862103));
#4298=CARTESIAN_POINT('',(41.6556002235179,-8.00000007481239,73.6925006862103));
#4299=CARTESIAN_POINT('',(41.6556002235179,-8.00000014901158,73.6925006862103));
#4300=CARTESIAN_POINT('',(41.6556002235179,-2.27499999999998,73.6925006862103));
#4301=CARTESIAN_POINT('Origin',(41.6556002235178,2.00000000000002,77.1625006862103));
#4302=CARTESIAN_POINT('',(41.6556002235178,2.00000000000002,77.1625006862103));
#4303=CARTESIAN_POINT('',(41.6556002235178,2.00000000000002,77.1625006862103));
#4304=CARTESIAN_POINT('',(41.6556002235178,2.00000000000002,77.1625006862103));
#4305=CARTESIAN_POINT('Origin',(41.6556002235173,-8.00000014901158,93.2875011913364));
#4306=CARTESIAN_POINT('',(41.6556002235173,-6.54999999999998,93.2875011913364));
#4307=CARTESIAN_POINT('',(41.6556002235173,-6.54999999999998,93.2875011913364));
#4308=CARTESIAN_POINT('',(41.6556002235173,-8.0000000748053,93.2875011913364));
#4309=CARTESIAN_POINT('',(41.6556002235173,-3.00000007450579,93.2875011913364));
#4310=CARTESIAN_POINT('',(41.6556002235173,-8.00000014901158,93.2875011913364));
#4311=CARTESIAN_POINT('Origin',(41.6556002235173,-6.54999999999998,93.2875011913364));
#4312=CARTESIAN_POINT('',(41.6556002235173,-6.54999999999998,94.4575011913364));
#4313=CARTESIAN_POINT('',(41.6556002235173,-6.54999999999998,94.4575011913364));
#4314=CARTESIAN_POINT('',(41.6556002235173,-6.54999999999998,95.3853900120145));
#4315=CARTESIAN_POINT('Origin',(41.6556002235173,-6.54999999999998,94.4575011913364));
#4316=CARTESIAN_POINT('',(41.6556002235173,0.250000000000018,94.4575011913364));
#4317=CARTESIAN_POINT('',(41.6556002235173,0.250000000000018,94.4575011913364));
#4318=CARTESIAN_POINT('',(41.6556002235173,-2.27499999999998,94.4575011913364));
#4319=CARTESIAN_POINT('Origin',(41.6556002235173,0.250000000000018,94.4575011913364));
#4320=CARTESIAN_POINT('',(41.6556002235173,0.250000000000018,93.2875011913364));
#4321=CARTESIAN_POINT('',(41.6556002235173,0.250000000000018,93.2875011913364));
#4322=CARTESIAN_POINT('',(41.6556002235173,0.250000000000018,95.9703900120145));
#4323=CARTESIAN_POINT('Origin',(41.6556002235173,0.250000000000018,93.2875011913364));
#4324=CARTESIAN_POINT('',(41.6556002235173,2.00000000000002,93.2875011913364));
#4325=CARTESIAN_POINT('',(41.6556002235173,2.00000000000002,93.2875011913364));
#4326=CARTESIAN_POINT('',(41.6556002235173,1.12500000000002,93.2875011913364));
#4327=CARTESIAN_POINT('Origin',(41.6556002235172,2.00000000000002,97.4832788326926));
#4328=CARTESIAN_POINT('',(41.6556002235178,-7.99999999999998,77.1625010721271));
#4329=CARTESIAN_POINT('',(41.6556002235178,2.00000000000002,77.1625010721271));
#4330=CARTESIAN_POINT('Origin',(41.6556002235179,-8.00000014901158,73.6925006862103));
#4331=CARTESIAN_POINT('Origin',(209.247600223517,-3.00000007450579,95.3875009953856));
#4332=CARTESIAN_POINT('',(209.247600223518,-8.00000014901158,71.2875008635103));
#4333=CARTESIAN_POINT('',(209.247600223518,-8.00000014901158,71.2875008635103));
#4334=CARTESIAN_POINT('',(209.247600223518,-8.00000014901158,73.6925006862098));
#4335=CARTESIAN_POINT('Origin',(228.247600223518,0.250000000000018,72.1625006862103));
#4336=CARTESIAN_POINT('',(213.347600223518,0.,72.1625006862099));
#4337=CARTESIAN_POINT('',(228.247600223518,0.,72.1625006862103));
#4338=CARTESIAN_POINT('',(177.873800111759,0.,72.162500686209));
#4339=CARTESIAN_POINT('',(213.347600223518,-6.54999999999998,72.1625006862099));
#4340=CARTESIAN_POINT('',(213.347600223518,0.250000000000018,72.1625006862099));
#4341=CARTESIAN_POINT('',(228.247600223518,-6.54999999999998,72.1625006862103));
#4342=CARTESIAN_POINT('',(228.247600223518,-6.54999999999998,72.1625006862103));
#4343=CARTESIAN_POINT('',(228.247600223518,-3.14999999999998,72.1625006862103));
#4344=CARTESIAN_POINT('Origin',(228.247600223518,-6.54999999999998,72.1625006862103));
#4345=CARTESIAN_POINT('',(228.247600223518,-6.54999999999998,73.6925006862103));
#4346=CARTESIAN_POINT('',(228.247600223518,-6.54999999999998,72.6271119988859));
#4347=CARTESIAN_POINT('',(213.347600223518,-6.54999999999998,73.6925006862099));
#4348=CARTESIAN_POINT('',(213.347600223518,-6.54999999999998,72.6271119988855));
#4349=CARTESIAN_POINT('',(228.247600223518,-6.54999999999998,73.6925006862103));
#4350=CARTESIAN_POINT('Origin',(213.347600223518,2.00000000000002,73.0917233115612));
#4351=CARTESIAN_POINT('',(213.347600223518,2.00000000000002,77.1625006862099));
#4352=CARTESIAN_POINT('',(213.347600223518,0.,77.1625009387731));
#4353=CARTESIAN_POINT('',(213.347600223518,1.00000000000001,77.1625009387731));
#4354=CARTESIAN_POINT('',(213.347600223517,2.00000000000002,93.287501191336));
#4355=CARTESIAN_POINT('',(213.347600223517,2.00000000000002,93.4125010721267));
#4356=CARTESIAN_POINT('',(213.347600223517,0.,93.2875009387732));
#4357=CARTESIAN_POINT('',(213.347600223517,1.00000000000001,93.2875009387732));
#4358=CARTESIAN_POINT('',(213.347600223517,0.,94.457501191336));
#4359=CARTESIAN_POINT('',(213.347600223518,0.,79.1583621251683));
#4360=CARTESIAN_POINT('',(213.347600223517,-6.54999999999998,94.457501191336));
#4361=CARTESIAN_POINT('',(213.347600223517,-2.27499999999998,94.457501191336));
#4362=CARTESIAN_POINT('',(213.347600223517,-6.54999999999998,93.287501191336));
#4363=CARTESIAN_POINT('',(213.347600223518,-6.54999999999998,83.1896122514486));
#4364=CARTESIAN_POINT('',(213.347600223517,-8.0000000748053,93.287501191336));
#4365=CARTESIAN_POINT('',(213.347600223517,-3.00000007450579,93.287501191336));
#4366=CARTESIAN_POINT('',(213.347600223518,-8.00000007481239,73.6925006862099));
#4367=CARTESIAN_POINT('',(213.347600223517,-7.99999999999998,93.4125010721267));
#4368=CARTESIAN_POINT('',(213.347600223518,-2.27499999999998,73.6925006862099));
#4369=CARTESIAN_POINT('',(213.347600223518,0.,79.1583621251683));
#4370=CARTESIAN_POINT('Origin',(228.247600223518,-6.54999999999998,73.6925006862103));
#4371=CARTESIAN_POINT('',(228.247600223518,-8.00000007481239,73.6925006862103));
#4372=CARTESIAN_POINT('',(228.247600223518,-8.00000014901158,73.6925006862103));
#4373=CARTESIAN_POINT('',(228.247600223518,-2.27499999999998,73.6925006862103));
#4374=CARTESIAN_POINT('Origin',(228.247600223517,-8.00000014901158,93.2875011913364));
#4375=CARTESIAN_POINT('',(228.247600223517,-6.54999999999998,93.2875011913364));
#4376=CARTESIAN_POINT('',(228.247600223517,-6.54999999999998,93.2875011913364));
#4377=CARTESIAN_POINT('',(228.247600223517,-8.0000000748053,93.2875011913364));
#4378=CARTESIAN_POINT('',(228.247600223517,-3.00000007450579,93.2875011913364));
#4379=CARTESIAN_POINT('',(228.247600223517,-8.00000014901158,93.2875011913364));
#4380=CARTESIAN_POINT('Origin',(228.247600223517,-6.54999999999998,93.2875011913364));
#4381=CARTESIAN_POINT('',(228.247600223517,-6.54999999999998,94.4575011913364));
#4382=CARTESIAN_POINT('',(228.247600223517,-6.54999999999998,94.4575011913364));
#4383=CARTESIAN_POINT('',(228.247600223517,-6.54999999999998,95.3853900120145));
#4384=CARTESIAN_POINT('Origin',(228.247600223517,-6.54999999999998,94.4575011913364));
#4385=CARTESIAN_POINT('',(228.247600223517,0.,94.4575011913364));
#4386=CARTESIAN_POINT('',(177.873800111759,0.,94.4575011913351));
#4387=CARTESIAN_POINT('',(228.247600223517,-2.27499999999998,94.4575011913364));
#4388=CARTESIAN_POINT('Origin',(228.247600223517,2.00000000000002,97.4832788326926));
#4389=CARTESIAN_POINT('',(228.247600223517,0.,91.3541398857342));
#4390=CARTESIAN_POINT('',(228.247600223518,-7.99999999999998,77.1625010721271));
#4391=CARTESIAN_POINT('Origin',(228.247600223518,-8.00000014901158,71.2875008635108));
#4392=CARTESIAN_POINT('',(228.247600223518,-8.00000014901158,71.2875008635108));
#4393=CARTESIAN_POINT('Origin',(228.247600223518,-8.00000014901158,73.6925006862103));
#4394=CARTESIAN_POINT('Origin',(213.344403576317,0.,77.1625009387731));
#4395=CARTESIAN_POINT('',(228.244403576317,0.,77.1625009387731));
#4396=CARTESIAN_POINT('',(228.244403576317,0.,77.1625009387731));
#4397=CARTESIAN_POINT('',(228.244403576317,2.,77.1625009387731));
#4398=CARTESIAN_POINT('',(228.244403576317,0.,77.1625009387731));
#4399=CARTESIAN_POINT('',(228.244403576317,2.,77.1625009387731));
#4400=CARTESIAN_POINT('Origin',(228.244403576317,0.,93.2875009387732));
#4401=CARTESIAN_POINT('',(228.244403576317,0.,93.2875009387732));
#4402=CARTESIAN_POINT('',(228.244403576317,2.,93.2875009387732));
#4403=CARTESIAN_POINT('',(228.244403576317,0.,93.2875009387732));
#4404=CARTESIAN_POINT('',(213.344403576317,0.,93.2875009387732));
#4405=CARTESIAN_POINT('',(213.344403576317,2.,93.2875009387732));
#4406=CARTESIAN_POINT('Origin',(127.5,0.,85.2250009387731));
#4407=CARTESIAN_POINT('',(228.244403576317,0.,93.2875009387732));
#4408=CARTESIAN_POINT('Origin',(182.591600223517,-3.00000007450579,95.3875009953856));
#4409=CARTESIAN_POINT('',(182.591600223518,-8.00000014901158,71.2875008635103));
#4410=CARTESIAN_POINT('',(182.591600223518,-8.00000014901158,71.2875008635103));
#4411=CARTESIAN_POINT('',(182.591600223518,-8.00000014901158,73.6925006862098));
#4412=CARTESIAN_POINT('Origin',(201.591600223518,0.250000000000018,72.1625006862103));
#4413=CARTESIAN_POINT('',(186.691600223518,0.,72.1625006862099));
#4414=CARTESIAN_POINT('',(201.591600223518,0.,72.1625006862103));
#4415=CARTESIAN_POINT('',(164.545800111759,0.,72.1625006862093));
#4416=CARTESIAN_POINT('',(186.691600223518,-6.54999999999998,72.1625006862099));
#4417=CARTESIAN_POINT('',(186.691600223518,0.250000000000018,72.1625006862099));
#4418=CARTESIAN_POINT('',(201.591600223518,-6.54999999999998,72.1625006862103));
#4419=CARTESIAN_POINT('',(201.591600223518,-6.54999999999998,72.1625006862103));
#4420=CARTESIAN_POINT('',(201.591600223518,-3.14999999999998,72.1625006862103));
#4421=CARTESIAN_POINT('Origin',(201.591600223518,-6.54999999999998,72.1625006862103));
#4422=CARTESIAN_POINT('',(201.591600223518,-6.54999999999998,73.6925006862103));
#4423=CARTESIAN_POINT('',(201.591600223518,-6.54999999999998,72.6271119988859));
#4424=CARTESIAN_POINT('',(186.691600223518,-6.54999999999998,73.6925006862099));
#4425=CARTESIAN_POINT('',(186.691600223518,-6.54999999999998,72.6271119988855));
#4426=CARTESIAN_POINT('',(201.591600223518,-6.54999999999998,73.6925006862103));
#4427=CARTESIAN_POINT('Origin',(186.691600223518,2.00000000000002,73.0917233115612));
#4428=CARTESIAN_POINT('',(186.691600223518,2.00000000000002,77.1625006862099));
#4429=CARTESIAN_POINT('',(186.691600223518,0.,77.1625009387731));
#4430=CARTESIAN_POINT('',(186.691600223518,1.00000000000001,77.1625009387731));
#4431=CARTESIAN_POINT('',(186.691600223517,2.00000000000002,93.287501191336));
#4432=CARTESIAN_POINT('',(186.691600223517,2.00000000000002,93.4125010721267));
#4433=CARTESIAN_POINT('',(186.691600223517,0.,93.2875009387732));
#4434=CARTESIAN_POINT('',(186.691600223517,1.00000000000001,93.2875009387732));
#4435=CARTESIAN_POINT('',(186.691600223517,0.,94.457501191336));
#4436=CARTESIAN_POINT('',(186.691600223518,0.,79.158362125168));
#4437=CARTESIAN_POINT('',(186.691600223517,-6.54999999999998,94.457501191336));
#4438=CARTESIAN_POINT('',(186.691600223517,-2.27499999999998,94.457501191336));
#4439=CARTESIAN_POINT('',(186.691600223517,-6.54999999999998,93.287501191336));
#4440=CARTESIAN_POINT('',(186.691600223518,-6.54999999999998,83.1896122514486));
#4441=CARTESIAN_POINT('',(186.691600223517,-8.0000000748053,93.287501191336));
#4442=CARTESIAN_POINT('',(186.691600223517,-3.00000007450579,93.287501191336));
#4443=CARTESIAN_POINT('',(186.691600223518,-8.00000007481239,73.6925006862099));
#4444=CARTESIAN_POINT('',(186.691600223517,-7.99999999999998,93.4125010721267));
#4445=CARTESIAN_POINT('',(186.691600223518,-2.27499999999998,73.6925006862099));
#4446=CARTESIAN_POINT('',(186.691600223518,0.,79.158362125168));
#4447=CARTESIAN_POINT('Origin',(201.591600223518,-6.54999999999998,73.6925006862103));
#4448=CARTESIAN_POINT('',(201.591600223518,-8.00000007481239,73.6925006862103));
#4449=CARTESIAN_POINT('',(201.591600223518,-8.00000014901158,73.6925006862103));
#4450=CARTESIAN_POINT('',(201.591600223518,-2.27499999999998,73.6925006862103));
#4451=CARTESIAN_POINT('Origin',(201.591600223517,-8.00000014901158,93.2875011913364));
#4452=CARTESIAN_POINT('',(201.591600223517,-6.54999999999998,93.2875011913364));
#4453=CARTESIAN_POINT('',(201.591600223517,-6.54999999999998,93.2875011913364));
#4454=CARTESIAN_POINT('',(201.591600223517,-8.0000000748053,93.2875011913364));
#4455=CARTESIAN_POINT('',(201.591600223517,-3.00000007450579,93.2875011913364));
#4456=CARTESIAN_POINT('',(201.591600223517,-8.00000014901158,93.2875011913364));
#4457=CARTESIAN_POINT('Origin',(201.591600223517,-6.54999999999998,93.2875011913364));
#4458=CARTESIAN_POINT('',(201.591600223517,-6.54999999999998,94.4575011913364));
#4459=CARTESIAN_POINT('',(201.591600223517,-6.54999999999998,94.4575011913364));
#4460=CARTESIAN_POINT('',(201.591600223517,-6.54999999999998,95.3853900120145));
#4461=CARTESIAN_POINT('Origin',(201.591600223517,-6.54999999999998,94.4575011913364));
#4462=CARTESIAN_POINT('',(201.591600223517,0.,94.4575011913364));
#4463=CARTESIAN_POINT('',(164.545800111759,0.,94.4575011913354));
#4464=CARTESIAN_POINT('',(201.591600223517,-2.27499999999998,94.4575011913364));
#4465=CARTESIAN_POINT('Origin',(201.591600223517,2.00000000000002,97.4832788326926));
#4466=CARTESIAN_POINT('',(201.591600223517,0.,91.3541398857339));
#4467=CARTESIAN_POINT('',(201.591600223518,-7.99999999999998,77.1625010721271));
#4468=CARTESIAN_POINT('Origin',(201.591600223518,-8.00000014901158,71.2875008635108));
#4469=CARTESIAN_POINT('',(201.591600223518,-8.00000014901158,71.2875008635108));
#4470=CARTESIAN_POINT('Origin',(201.591600223518,-8.00000014901158,73.6925006862103));
#4471=CARTESIAN_POINT('Origin',(186.688860240203,0.,77.1625009387731));
#4472=CARTESIAN_POINT('',(201.588860240203,0.,77.1625009387731));
#4473=CARTESIAN_POINT('',(201.588860240203,0.,77.1625009387731));
#4474=CARTESIAN_POINT('',(201.588860240203,2.,77.1625009387731));
#4475=CARTESIAN_POINT('',(201.588860240203,0.,77.1625009387731));
#4476=CARTESIAN_POINT('',(201.588860240203,2.,77.1625009387731));
#4477=CARTESIAN_POINT('Origin',(201.588860240203,0.,93.2875009387732));
#4478=CARTESIAN_POINT('',(201.588860240203,0.,93.2875009387732));
#4479=CARTESIAN_POINT('',(201.588860240203,2.,93.2875009387732));
#4480=CARTESIAN_POINT('',(201.588860240203,0.,93.2875009387732));
#4481=CARTESIAN_POINT('',(186.688860240203,0.,93.2875009387732));
#4482=CARTESIAN_POINT('',(186.688860240203,2.,93.2875009387732));
#4483=CARTESIAN_POINT('Origin',(127.5,0.,85.2250009387731));
#4484=CARTESIAN_POINT('',(201.588860240203,0.,93.2875009387732));
#4485=CARTESIAN_POINT('Origin',(155.935600223517,-3.00000007450579,95.3875009953856));
#4486=CARTESIAN_POINT('',(155.935600223518,-8.00000014901158,71.2875008635103));
#4487=CARTESIAN_POINT('',(155.935600223518,-8.00000014901158,71.2875008635103));
#4488=CARTESIAN_POINT('',(155.935600223518,-8.00000014901158,73.6925006862098));
#4489=CARTESIAN_POINT('Origin',(174.935600223518,0.250000000000018,72.1625006862103));
#4490=CARTESIAN_POINT('',(160.035600223518,0.,72.1625006862099));
#4491=CARTESIAN_POINT('',(174.935600223518,0.,72.1625006862103));
#4492=CARTESIAN_POINT('',(151.217800111759,0.,72.1625006862097));
#4493=CARTESIAN_POINT('',(160.035600223518,-6.54999999999998,72.1625006862099));
#4494=CARTESIAN_POINT('',(160.035600223518,0.250000000000018,72.1625006862099));
#4495=CARTESIAN_POINT('',(174.935600223518,-6.54999999999998,72.1625006862103));
#4496=CARTESIAN_POINT('',(174.935600223518,-6.54999999999998,72.1625006862103));
#4497=CARTESIAN_POINT('',(174.935600223518,-3.14999999999998,72.1625006862103));
#4498=CARTESIAN_POINT('Origin',(174.935600223518,-6.54999999999998,72.1625006862103));
#4499=CARTESIAN_POINT('',(174.935600223518,-6.54999999999998,73.6925006862103));
#4500=CARTESIAN_POINT('',(174.935600223518,-6.54999999999998,72.6271119988859));
#4501=CARTESIAN_POINT('',(160.035600223518,-6.54999999999998,73.6925006862099));
#4502=CARTESIAN_POINT('',(160.035600223518,-6.54999999999998,72.6271119988855));
#4503=CARTESIAN_POINT('',(174.935600223518,-6.54999999999998,73.6925006862103));
#4504=CARTESIAN_POINT('Origin',(160.035600223518,2.00000000000002,73.0917233115612));
#4505=CARTESIAN_POINT('',(160.035600223518,2.00000000000002,77.1625006862099));
#4506=CARTESIAN_POINT('',(160.035600223518,0.,77.1625009387731));
#4507=CARTESIAN_POINT('',(160.035600223518,1.00000000000001,77.1625009387731));
#4508=CARTESIAN_POINT('',(160.035600223517,2.00000000000002,93.287501191336));
#4509=CARTESIAN_POINT('',(160.035600223517,2.00000000000002,93.4125010721267));
#4510=CARTESIAN_POINT('',(160.035600223517,0.,93.2875009387732));
#4511=CARTESIAN_POINT('',(160.035600223517,1.00000000000001,93.2875009387732));
#4512=CARTESIAN_POINT('',(160.035600223517,0.,94.457501191336));
#4513=CARTESIAN_POINT('',(160.035600223518,0.,79.1583621251676));
#4514=CARTESIAN_POINT('',(160.035600223517,-6.54999999999998,94.457501191336));
#4515=CARTESIAN_POINT('',(160.035600223517,-2.27499999999998,94.457501191336));
#4516=CARTESIAN_POINT('',(160.035600223517,-6.54999999999998,93.287501191336));
#4517=CARTESIAN_POINT('',(160.035600223518,-6.54999999999998,83.1896122514486));
#4518=CARTESIAN_POINT('',(160.035600223517,-8.0000000748053,93.287501191336));
#4519=CARTESIAN_POINT('',(160.035600223517,-3.00000007450579,93.287501191336));
#4520=CARTESIAN_POINT('',(160.035600223518,-8.00000007481239,73.6925006862099));
#4521=CARTESIAN_POINT('',(160.035600223517,-7.99999999999998,93.4125010721267));
#4522=CARTESIAN_POINT('',(160.035600223518,-2.27499999999998,73.6925006862099));
#4523=CARTESIAN_POINT('',(160.035600223518,0.,79.1583621251676));
#4524=CARTESIAN_POINT('Origin',(174.935600223518,-6.54999999999998,73.6925006862103));
#4525=CARTESIAN_POINT('',(174.935600223518,-8.00000007481239,73.6925006862103));
#4526=CARTESIAN_POINT('',(174.935600223518,-8.00000014901158,73.6925006862103));
#4527=CARTESIAN_POINT('',(174.935600223518,-2.27499999999998,73.6925006862103));
#4528=CARTESIAN_POINT('Origin',(174.935600223517,-8.00000014901158,93.2875011913364));
#4529=CARTESIAN_POINT('',(174.935600223517,-6.54999999999998,93.2875011913364));
#4530=CARTESIAN_POINT('',(174.935600223517,-6.54999999999998,93.2875011913364));
#4531=CARTESIAN_POINT('',(174.935600223517,-8.0000000748053,93.2875011913364));
#4532=CARTESIAN_POINT('',(174.935600223517,-3.00000007450579,93.2875011913364));
#4533=CARTESIAN_POINT('',(174.935600223517,-8.00000014901158,93.2875011913364));
#4534=CARTESIAN_POINT('Origin',(174.935600223517,-6.54999999999998,93.2875011913364));
#4535=CARTESIAN_POINT('',(174.935600223517,-6.54999999999998,94.4575011913364));
#4536=CARTESIAN_POINT('',(174.935600223517,-6.54999999999998,94.4575011913364));
#4537=CARTESIAN_POINT('',(174.935600223517,-6.54999999999998,95.3853900120145));
#4538=CARTESIAN_POINT('Origin',(174.935600223517,-6.54999999999998,94.4575011913364));
#4539=CARTESIAN_POINT('',(174.935600223517,0.,94.4575011913364));
#4540=CARTESIAN_POINT('',(151.217800111759,0.,94.4575011913358));
#4541=CARTESIAN_POINT('',(174.935600223517,-2.27499999999998,94.4575011913364));
#4542=CARTESIAN_POINT('Origin',(174.935600223517,2.00000000000002,97.4832788326926));
#4543=CARTESIAN_POINT('',(174.935600223517,0.,91.3541398857335));
#4544=CARTESIAN_POINT('',(174.935600223518,-7.99999999999998,77.1625010721271));
#4545=CARTESIAN_POINT('Origin',(174.935600223518,-8.00000014901158,71.2875008635108));
#4546=CARTESIAN_POINT('',(174.935600223518,-8.00000014901158,71.2875008635108));
#4547=CARTESIAN_POINT('Origin',(174.935600223518,-8.00000014901158,73.6925006862103));
#4548=CARTESIAN_POINT('Origin',(160.033316904089,0.,77.1625009387731));
#4549=CARTESIAN_POINT('',(174.933316904089,0.,77.1625009387731));
#4550=CARTESIAN_POINT('',(174.933316904089,0.,77.1625009387731));
#4551=CARTESIAN_POINT('',(174.933316904089,2.,77.1625009387731));
#4552=CARTESIAN_POINT('',(174.933316904089,0.,77.1625009387731));
#4553=CARTESIAN_POINT('',(174.933316904089,2.,77.1625009387731));
#4554=CARTESIAN_POINT('Origin',(174.933316904089,0.,93.2875009387732));
#4555=CARTESIAN_POINT('',(174.933316904089,0.,93.2875009387732));
#4556=CARTESIAN_POINT('',(174.933316904089,2.,93.2875009387732));
#4557=CARTESIAN_POINT('',(174.933316904089,0.,93.2875009387732));
#4558=CARTESIAN_POINT('',(160.033316904089,0.,93.2875009387732));
#4559=CARTESIAN_POINT('',(160.033316904089,2.,93.2875009387732));
#4560=CARTESIAN_POINT('Origin',(127.5,0.,85.2250009387731));
#4561=CARTESIAN_POINT('',(174.933316904089,0.,93.2875009387732));
#4562=CARTESIAN_POINT('Origin',(129.279600223517,-3.00000007450579,95.3875009953856));
#4563=CARTESIAN_POINT('',(129.279600223518,-8.00000014901158,71.2875008635103));
#4564=CARTESIAN_POINT('',(129.279600223518,-8.00000014901158,71.2875008635103));
#4565=CARTESIAN_POINT('',(129.279600223518,-8.00000014901158,73.6925006862098));
#4566=CARTESIAN_POINT('Origin',(148.279600223518,0.250000000000018,72.1625006862103));
#4567=CARTESIAN_POINT('',(133.379600223518,0.,72.1625006862099));
#4568=CARTESIAN_POINT('',(148.279600223518,0.,72.1625006862103));
#4569=CARTESIAN_POINT('',(137.889800111759,0.,72.16250068621));
#4570=CARTESIAN_POINT('',(133.379600223518,-6.54999999999998,72.1625006862099));
#4571=CARTESIAN_POINT('',(133.379600223518,0.250000000000018,72.1625006862099));
#4572=CARTESIAN_POINT('',(148.279600223518,-6.54999999999998,72.1625006862103));
#4573=CARTESIAN_POINT('',(148.279600223518,-6.54999999999998,72.1625006862103));
#4574=CARTESIAN_POINT('',(148.279600223518,-3.14999999999998,72.1625006862103));
#4575=CARTESIAN_POINT('Origin',(148.279600223518,-6.54999999999998,72.1625006862103));
#4576=CARTESIAN_POINT('',(148.279600223518,-6.54999999999998,73.6925006862103));
#4577=CARTESIAN_POINT('',(148.279600223518,-6.54999999999998,72.6271119988859));
#4578=CARTESIAN_POINT('',(133.379600223518,-6.54999999999998,73.6925006862099));
#4579=CARTESIAN_POINT('',(133.379600223518,-6.54999999999998,72.6271119988855));
#4580=CARTESIAN_POINT('',(148.279600223518,-6.54999999999998,73.6925006862103));
#4581=CARTESIAN_POINT('Origin',(133.379600223518,2.00000000000002,73.0917233115612));
#4582=CARTESIAN_POINT('',(133.379600223518,2.00000000000002,77.1625006862099));
#4583=CARTESIAN_POINT('',(133.379600223518,0.,77.1625009387731));
#4584=CARTESIAN_POINT('',(133.379600223518,1.00000000000001,77.1625009387731));
#4585=CARTESIAN_POINT('',(133.379600223517,2.00000000000002,93.287501191336));
#4586=CARTESIAN_POINT('',(133.379600223517,2.00000000000002,93.4125010721267));
#4587=CARTESIAN_POINT('',(133.379600223517,0.,93.2875009387732));
#4588=CARTESIAN_POINT('',(133.379600223517,1.00000000000001,93.2875009387732));
#4589=CARTESIAN_POINT('',(133.379600223517,0.,94.457501191336));
#4590=CARTESIAN_POINT('',(133.379600223518,0.,79.1583621251673));
#4591=CARTESIAN_POINT('',(133.379600223517,-6.54999999999998,94.457501191336));
#4592=CARTESIAN_POINT('',(133.379600223517,-2.27499999999998,94.457501191336));
#4593=CARTESIAN_POINT('',(133.379600223517,-6.54999999999998,93.287501191336));
#4594=CARTESIAN_POINT('',(133.379600223518,-6.54999999999998,83.1896122514486));
#4595=CARTESIAN_POINT('',(133.379600223517,-8.0000000748053,93.287501191336));
#4596=CARTESIAN_POINT('',(133.379600223517,-3.00000007450579,93.287501191336));
#4597=CARTESIAN_POINT('',(133.379600223518,-8.00000007481239,73.6925006862099));
#4598=CARTESIAN_POINT('',(133.379600223517,-7.99999999999998,93.4125010721267));
#4599=CARTESIAN_POINT('',(133.379600223518,-2.27499999999998,73.6925006862099));
#4600=CARTESIAN_POINT('',(133.379600223518,0.,79.1583621251673));
#4601=CARTESIAN_POINT('Origin',(148.279600223518,-6.54999999999998,73.6925006862103));
#4602=CARTESIAN_POINT('',(148.279600223518,-8.00000007481239,73.6925006862103));
#4603=CARTESIAN_POINT('',(148.279600223518,-8.00000014901158,73.6925006862103));
#4604=CARTESIAN_POINT('',(148.279600223518,-2.27499999999998,73.6925006862103));
#4605=CARTESIAN_POINT('Origin',(148.279600223517,-8.00000014901158,93.2875011913364));
#4606=CARTESIAN_POINT('',(148.279600223517,-6.54999999999998,93.2875011913364));
#4607=CARTESIAN_POINT('',(148.279600223517,-6.54999999999998,93.2875011913364));
#4608=CARTESIAN_POINT('',(148.279600223517,-8.0000000748053,93.2875011913364));
#4609=CARTESIAN_POINT('',(148.279600223517,-3.00000007450579,93.2875011913364));
#4610=CARTESIAN_POINT('',(148.279600223517,-8.00000014901158,93.2875011913364));
#4611=CARTESIAN_POINT('Origin',(148.279600223517,-6.54999999999998,93.2875011913364));
#4612=CARTESIAN_POINT('',(148.279600223517,-6.54999999999998,94.4575011913364));
#4613=CARTESIAN_POINT('',(148.279600223517,-6.54999999999998,94.4575011913364));
#4614=CARTESIAN_POINT('',(148.279600223517,-6.54999999999998,95.3853900120145));
#4615=CARTESIAN_POINT('Origin',(148.279600223517,-6.54999999999998,94.4575011913364));
#4616=CARTESIAN_POINT('',(148.279600223517,0.,94.4575011913364));
#4617=CARTESIAN_POINT('',(137.889800111759,0.,94.4575011913361));
#4618=CARTESIAN_POINT('',(148.279600223517,-2.27499999999998,94.4575011913364));
#4619=CARTESIAN_POINT('Origin',(148.279600223517,2.00000000000002,97.4832788326926));
#4620=CARTESIAN_POINT('',(148.279600223517,0.,91.3541398857332));
#4621=CARTESIAN_POINT('',(148.279600223518,-7.99999999999998,77.1625010721271));
#4622=CARTESIAN_POINT('Origin',(148.279600223518,-8.00000014901158,71.2875008635108));
#4623=CARTESIAN_POINT('',(148.279600223518,-8.00000014901158,71.2875008635108));
#4624=CARTESIAN_POINT('Origin',(148.279600223518,-8.00000014901158,73.6925006862103));
#4625=CARTESIAN_POINT('Origin',(133.377773567975,0.,77.1625009387731));
#4626=CARTESIAN_POINT('',(148.277773567975,0.,77.1625009387731));
#4627=CARTESIAN_POINT('',(148.277773567975,0.,77.1625009387731));
#4628=CARTESIAN_POINT('',(148.277773567975,2.,77.1625009387731));
#4629=CARTESIAN_POINT('',(148.277773567975,0.,77.1625009387731));
#4630=CARTESIAN_POINT('',(148.277773567975,2.,77.1625009387731));
#4631=CARTESIAN_POINT('Origin',(148.277773567975,0.,93.2875009387732));
#4632=CARTESIAN_POINT('',(148.277773567975,0.,93.2875009387732));
#4633=CARTESIAN_POINT('',(148.277773567975,2.,93.2875009387732));
#4634=CARTESIAN_POINT('',(148.277773567975,0.,93.2875009387732));
#4635=CARTESIAN_POINT('',(133.377773567975,0.,93.2875009387732));
#4636=CARTESIAN_POINT('',(133.377773567975,2.,93.2875009387732));
#4637=CARTESIAN_POINT('Origin',(127.5,0.,85.2250009387731));
#4638=CARTESIAN_POINT('',(148.277773567975,0.,93.2875009387732));
#4639=CARTESIAN_POINT('Origin',(102.623600223517,-3.00000007450579,95.3875009953856));
#4640=CARTESIAN_POINT('',(102.623600223518,-8.00000014901158,71.2875008635103));
#4641=CARTESIAN_POINT('',(102.623600223518,-8.00000014901158,71.2875008635103));
#4642=CARTESIAN_POINT('',(102.623600223518,-8.00000014901158,73.6925006862098));
#4643=CARTESIAN_POINT('Origin',(121.623600223518,0.250000000000018,72.1625006862103));
#4644=CARTESIAN_POINT('',(106.723600223518,0.,72.1625006862099));
#4645=CARTESIAN_POINT('',(121.623600223518,0.,72.1625006862103));
#4646=CARTESIAN_POINT('',(124.561800111759,0.,72.1625006862104));
#4647=CARTESIAN_POINT('',(106.723600223518,-6.54999999999998,72.1625006862099));
#4648=CARTESIAN_POINT('',(106.723600223518,0.250000000000018,72.1625006862099));
#4649=CARTESIAN_POINT('',(121.623600223518,-6.54999999999998,72.1625006862103));
#4650=CARTESIAN_POINT('',(121.623600223518,-6.54999999999998,72.1625006862103));
#4651=CARTESIAN_POINT('',(121.623600223518,-3.14999999999998,72.1625006862103));
#4652=CARTESIAN_POINT('Origin',(121.623600223518,-6.54999999999998,72.1625006862103));
#4653=CARTESIAN_POINT('',(121.623600223518,-6.54999999999998,73.6925006862103));
#4654=CARTESIAN_POINT('',(121.623600223518,-6.54999999999998,72.6271119988859));
#4655=CARTESIAN_POINT('',(106.723600223518,-6.54999999999998,73.6925006862099));
#4656=CARTESIAN_POINT('',(106.723600223518,-6.54999999999998,72.6271119988855));
#4657=CARTESIAN_POINT('',(121.623600223518,-6.54999999999998,73.6925006862103));
#4658=CARTESIAN_POINT('Origin',(106.723600223518,2.00000000000002,73.0917233115612));
#4659=CARTESIAN_POINT('',(106.723600223518,2.00000000000002,77.1625006862099));
#4660=CARTESIAN_POINT('',(106.723600223518,0.,77.1625009387731));
#4661=CARTESIAN_POINT('',(106.723600223518,1.00000000000001,77.1625009387731));
#4662=CARTESIAN_POINT('',(106.723600223517,2.00000000000002,93.287501191336));
#4663=CARTESIAN_POINT('',(106.723600223517,2.00000000000002,93.4125010721267));
#4664=CARTESIAN_POINT('',(106.723600223517,0.,93.2875009387732));
#4665=CARTESIAN_POINT('',(106.723600223517,1.00000000000001,93.2875009387732));
#4666=CARTESIAN_POINT('',(106.723600223517,0.,94.457501191336));
#4667=CARTESIAN_POINT('',(106.723600223518,0.,79.1583621251669));
#4668=CARTESIAN_POINT('',(106.723600223517,-6.54999999999998,94.457501191336));
#4669=CARTESIAN_POINT('',(106.723600223517,-2.27499999999998,94.457501191336));
#4670=CARTESIAN_POINT('',(106.723600223517,-6.54999999999998,93.287501191336));
#4671=CARTESIAN_POINT('',(106.723600223518,-6.54999999999998,83.1896122514486));
#4672=CARTESIAN_POINT('',(106.723600223517,-8.0000000748053,93.287501191336));
#4673=CARTESIAN_POINT('',(106.723600223517,-3.00000007450579,93.287501191336));
#4674=CARTESIAN_POINT('',(106.723600223518,-8.00000007481239,73.6925006862099));
#4675=CARTESIAN_POINT('',(106.723600223517,-7.99999999999998,93.4125010721267));
#4676=CARTESIAN_POINT('',(106.723600223518,-2.27499999999998,73.6925006862099));
#4677=CARTESIAN_POINT('',(106.723600223518,0.,79.1583621251669));
#4678=CARTESIAN_POINT('Origin',(121.623600223518,-6.54999999999998,73.6925006862103));
#4679=CARTESIAN_POINT('',(121.623600223518,-8.00000007481239,73.6925006862103));
#4680=CARTESIAN_POINT('',(121.623600223518,-8.00000014901158,73.6925006862103));
#4681=CARTESIAN_POINT('',(121.623600223518,-2.27499999999998,73.6925006862103));
#4682=CARTESIAN_POINT('Origin',(121.623600223517,-8.00000014901158,93.2875011913364));
#4683=CARTESIAN_POINT('',(121.623600223517,-6.54999999999998,93.2875011913364));
#4684=CARTESIAN_POINT('',(121.623600223517,-6.54999999999998,93.2875011913364));
#4685=CARTESIAN_POINT('',(121.623600223517,-8.0000000748053,93.2875011913364));
#4686=CARTESIAN_POINT('',(121.623600223517,-3.00000007450579,93.2875011913364));
#4687=CARTESIAN_POINT('',(121.623600223517,-8.00000014901158,93.2875011913364));
#4688=CARTESIAN_POINT('Origin',(121.623600223517,-6.54999999999998,93.2875011913364));
#4689=CARTESIAN_POINT('',(121.623600223517,-6.54999999999998,94.4575011913364));
#4690=CARTESIAN_POINT('',(121.623600223517,-6.54999999999998,94.4575011913364));
#4691=CARTESIAN_POINT('',(121.623600223517,-6.54999999999998,95.3853900120145));
#4692=CARTESIAN_POINT('Origin',(121.623600223517,-6.54999999999998,94.4575011913364));
#4693=CARTESIAN_POINT('',(121.623600223517,0.,94.4575011913364));
#4694=CARTESIAN_POINT('',(124.561800111759,0.,94.4575011913365));
#4695=CARTESIAN_POINT('',(121.623600223517,-2.27499999999998,94.4575011913364));
#4696=CARTESIAN_POINT('Origin',(121.623600223517,2.00000000000002,97.4832788326926));
#4697=CARTESIAN_POINT('',(121.623600223517,0.,91.3541398857328));
#4698=CARTESIAN_POINT('',(121.623600223518,-7.99999999999998,77.1625010721271));
#4699=CARTESIAN_POINT('Origin',(121.623600223518,-8.00000014901158,71.2875008635108));
#4700=CARTESIAN_POINT('',(121.623600223518,-8.00000014901158,71.2875008635108));
#4701=CARTESIAN_POINT('Origin',(121.623600223518,-8.00000014901158,73.6925006862103));
#4702=CARTESIAN_POINT('Origin',(106.72223023186,0.,77.1625009387731));
#4703=CARTESIAN_POINT('',(121.62223023186,0.,77.1625009387731));
#4704=CARTESIAN_POINT('',(121.62223023186,0.,77.1625009387731));
#4705=CARTESIAN_POINT('',(121.62223023186,2.,77.1625009387731));
#4706=CARTESIAN_POINT('',(121.62223023186,0.,77.1625009387731));
#4707=CARTESIAN_POINT('',(121.62223023186,2.,77.1625009387731));
#4708=CARTESIAN_POINT('Origin',(121.62223023186,0.,93.2875009387732));
#4709=CARTESIAN_POINT('',(121.62223023186,0.,93.2875009387732));
#4710=CARTESIAN_POINT('',(121.62223023186,2.,93.2875009387732));
#4711=CARTESIAN_POINT('',(121.62223023186,0.,93.2875009387732));
#4712=CARTESIAN_POINT('',(106.72223023186,0.,93.2875009387732));
#4713=CARTESIAN_POINT('',(106.72223023186,2.,93.2875009387732));
#4714=CARTESIAN_POINT('Origin',(127.5,0.,85.2250009387731));
#4715=CARTESIAN_POINT('',(121.62223023186,0.,93.2875009387732));
#4716=CARTESIAN_POINT('Origin',(75.9676002235173,-3.00000007450579,95.3875009953856));
#4717=CARTESIAN_POINT('',(75.9676002235179,-8.00000014901158,71.2875008635103));
#4718=CARTESIAN_POINT('',(75.9676002235179,-8.00000014901158,71.2875008635103));
#4719=CARTESIAN_POINT('',(75.9676002235179,-8.00000014901158,73.6925006862098));
#4720=CARTESIAN_POINT('Origin',(94.9676002235179,0.250000000000018,72.1625006862103));
#4721=CARTESIAN_POINT('',(80.0676002235179,0.,72.1625006862099));
#4722=CARTESIAN_POINT('',(94.9676002235179,0.,72.1625006862103));
#4723=CARTESIAN_POINT('',(111.233800111759,0.,72.1625006862107));
#4724=CARTESIAN_POINT('',(80.0676002235179,-6.54999999999998,72.1625006862099));
#4725=CARTESIAN_POINT('',(80.0676002235179,0.250000000000018,72.1625006862099));
#4726=CARTESIAN_POINT('',(94.9676002235179,-6.54999999999998,72.1625006862103));
#4727=CARTESIAN_POINT('',(94.9676002235179,-6.54999999999998,72.1625006862103));
#4728=CARTESIAN_POINT('',(94.9676002235179,-3.14999999999998,72.1625006862103));
#4729=CARTESIAN_POINT('Origin',(94.9676002235179,-6.54999999999998,72.1625006862103));
#4730=CARTESIAN_POINT('',(94.9676002235179,-6.54999999999998,73.6925006862103));
#4731=CARTESIAN_POINT('',(94.9676002235179,-6.54999999999998,72.6271119988859));
#4732=CARTESIAN_POINT('',(80.0676002235179,-6.54999999999998,73.6925006862099));
#4733=CARTESIAN_POINT('',(80.0676002235179,-6.54999999999998,72.6271119988855));
#4734=CARTESIAN_POINT('',(94.9676002235179,-6.54999999999998,73.6925006862103));
#4735=CARTESIAN_POINT('Origin',(80.0676002235179,2.00000000000002,73.0917233115612));
#4736=CARTESIAN_POINT('',(80.0676002235178,2.00000000000002,77.1625006862099));
#4737=CARTESIAN_POINT('',(80.0676002235178,0.,77.1625009387731));
#4738=CARTESIAN_POINT('',(80.0676002235178,1.00000000000001,77.1625009387731));
#4739=CARTESIAN_POINT('',(80.0676002235173,2.00000000000002,93.287501191336));
#4740=CARTESIAN_POINT('',(80.0676002235173,2.00000000000002,93.4125010721267));
#4741=CARTESIAN_POINT('',(80.0676002235173,0.,93.2875009387732));
#4742=CARTESIAN_POINT('',(80.0676002235173,1.00000000000001,93.2875009387732));
#4743=CARTESIAN_POINT('',(80.0676002235173,0.,94.457501191336));
#4744=CARTESIAN_POINT('',(80.0676002235177,0.,79.1583621251665));
#4745=CARTESIAN_POINT('',(80.0676002235173,-6.54999999999998,94.457501191336));
#4746=CARTESIAN_POINT('',(80.0676002235173,-2.27499999999998,94.457501191336));
#4747=CARTESIAN_POINT('',(80.0676002235173,-6.54999999999998,93.287501191336));
#4748=CARTESIAN_POINT('',(80.0676002235176,-6.54999999999998,83.1896122514486));
#4749=CARTESIAN_POINT('',(80.0676002235173,-8.0000000748053,93.287501191336));
#4750=CARTESIAN_POINT('',(80.0676002235173,-3.00000007450579,93.287501191336));
#4751=CARTESIAN_POINT('',(80.0676002235179,-8.00000007481239,73.6925006862099));
#4752=CARTESIAN_POINT('',(80.0676002235173,-7.99999999999998,93.4125010721267));
#4753=CARTESIAN_POINT('',(80.0676002235179,-2.27499999999998,73.6925006862099));
#4754=CARTESIAN_POINT('',(80.0676002235177,0.,79.1583621251665));
#4755=CARTESIAN_POINT('Origin',(94.9676002235179,-6.54999999999998,73.6925006862103));
#4756=CARTESIAN_POINT('',(94.9676002235179,-8.00000007481239,73.6925006862103));
#4757=CARTESIAN_POINT('',(94.9676002235179,-8.00000014901158,73.6925006862103));
#4758=CARTESIAN_POINT('',(94.9676002235179,-2.27499999999998,73.6925006862103));
#4759=CARTESIAN_POINT('Origin',(94.9676002235173,-8.00000014901158,93.2875011913364));
#4760=CARTESIAN_POINT('',(94.9676002235173,-6.54999999999998,93.2875011913364));
#4761=CARTESIAN_POINT('',(94.9676002235173,-6.54999999999998,93.2875011913364));
#4762=CARTESIAN_POINT('',(94.9676002235173,-8.0000000748053,93.2875011913364));
#4763=CARTESIAN_POINT('',(94.9676002235173,-3.00000007450579,93.2875011913364));
#4764=CARTESIAN_POINT('',(94.9676002235173,-8.00000014901158,93.2875011913364));
#4765=CARTESIAN_POINT('Origin',(94.9676002235173,-6.54999999999998,93.2875011913364));
#4766=CARTESIAN_POINT('',(94.9676002235173,-6.54999999999998,94.4575011913364));
#4767=CARTESIAN_POINT('',(94.9676002235173,-6.54999999999998,94.4575011913364));
#4768=CARTESIAN_POINT('',(94.9676002235173,-6.54999999999998,95.3853900120145));
#4769=CARTESIAN_POINT('Origin',(94.9676002235173,-6.54999999999998,94.4575011913364));
#4770=CARTESIAN_POINT('',(94.9676002235173,0.,94.4575011913364));
#4771=CARTESIAN_POINT('',(111.233800111759,0.,94.4575011913368));
#4772=CARTESIAN_POINT('',(94.9676002235173,-2.27499999999998,94.4575011913364));
#4773=CARTESIAN_POINT('Origin',(94.9676002235172,2.00000000000002,97.4832788326926));
#4774=CARTESIAN_POINT('',(94.9676002235174,0.,91.3541398857325));
#4775=CARTESIAN_POINT('',(94.9676002235178,-7.99999999999998,77.1625010721271));
#4776=CARTESIAN_POINT('Origin',(94.9676002235179,-8.00000014901158,71.2875008635108));
#4777=CARTESIAN_POINT('',(94.9676002235179,-8.00000014901158,71.2875008635108));
#4778=CARTESIAN_POINT('Origin',(94.9676002235179,-8.00000014901158,73.6925006862103));
#4779=CARTESIAN_POINT('Origin',(80.066686895746,0.,77.1625009387731));
#4780=CARTESIAN_POINT('',(94.966686895746,0.,77.1625009387731));
#4781=CARTESIAN_POINT('',(94.966686895746,0.,77.1625009387731));
#4782=CARTESIAN_POINT('',(94.966686895746,2.,77.1625009387731));
#4783=CARTESIAN_POINT('',(94.966686895746,0.,77.1625009387731));
#4784=CARTESIAN_POINT('',(94.966686895746,2.,77.1625009387731));
#4785=CARTESIAN_POINT('Origin',(94.966686895746,0.,93.2875009387732));
#4786=CARTESIAN_POINT('',(94.966686895746,0.,93.2875009387732));
#4787=CARTESIAN_POINT('',(94.966686895746,2.,93.2875009387732));
#4788=CARTESIAN_POINT('',(94.966686895746,0.,93.2875009387732));
#4789=CARTESIAN_POINT('',(80.066686895746,0.,93.2875009387732));
#4790=CARTESIAN_POINT('',(80.066686895746,2.,93.2875009387732));
#4791=CARTESIAN_POINT('Origin',(127.5,0.,85.2250009387731));
#4792=CARTESIAN_POINT('',(94.966686895746,0.,93.2875009387732));
#4793=CARTESIAN_POINT('Origin',(49.3116002235173,-3.00000007450579,95.3875009953856));
#4794=CARTESIAN_POINT('',(49.3116002235179,-8.00000014901158,71.2875008635103));
#4795=CARTESIAN_POINT('',(49.3116002235179,-8.00000014901158,71.2875008635103));
#4796=CARTESIAN_POINT('',(49.3116002235179,-8.00000014901158,73.6925006862098));
#4797=CARTESIAN_POINT('Origin',(68.3116002235179,0.250000000000018,72.1625006862103));
#4798=CARTESIAN_POINT('',(53.4116002235179,0.,72.1625006862099));
#4799=CARTESIAN_POINT('',(68.3116002235179,0.,72.1625006862103));
#4800=CARTESIAN_POINT('',(97.9058001117591,0.,72.1625006862111));
#4801=CARTESIAN_POINT('',(53.4116002235179,-6.54999999999998,72.1625006862099));
#4802=CARTESIAN_POINT('',(53.4116002235179,0.250000000000018,72.1625006862099));
#4803=CARTESIAN_POINT('',(68.3116002235179,-6.54999999999998,72.1625006862103));
#4804=CARTESIAN_POINT('',(68.3116002235179,-6.54999999999998,72.1625006862103));
#4805=CARTESIAN_POINT('',(68.3116002235179,-3.14999999999998,72.1625006862103));
#4806=CARTESIAN_POINT('Origin',(68.3116002235179,-6.54999999999998,72.1625006862103));
#4807=CARTESIAN_POINT('',(68.3116002235179,-6.54999999999998,73.6925006862103));
#4808=CARTESIAN_POINT('',(68.3116002235179,-6.54999999999998,72.6271119988859));
#4809=CARTESIAN_POINT('',(53.4116002235179,-6.54999999999998,73.6925006862099));
#4810=CARTESIAN_POINT('',(53.4116002235179,-6.54999999999998,72.6271119988855));
#4811=CARTESIAN_POINT('',(68.3116002235179,-6.54999999999998,73.6925006862103));
#4812=CARTESIAN_POINT('Origin',(53.4116002235179,2.00000000000002,73.0917233115612));
#4813=CARTESIAN_POINT('',(53.4116002235178,2.00000000000002,77.1625006862099));
#4814=CARTESIAN_POINT('',(53.4116002235178,0.,77.1625009387731));
#4815=CARTESIAN_POINT('',(53.4116002235178,1.00000000000001,77.1625009387731));
#4816=CARTESIAN_POINT('',(53.4116002235173,2.00000000000002,93.287501191336));
#4817=CARTESIAN_POINT('',(53.4116002235173,2.00000000000002,93.4125010721267));
#4818=CARTESIAN_POINT('',(53.4116002235173,0.,93.2875009387732));
#4819=CARTESIAN_POINT('',(53.4116002235173,1.00000000000001,93.2875009387732));
#4820=CARTESIAN_POINT('',(53.4116002235173,0.,94.457501191336));
#4821=CARTESIAN_POINT('',(53.4116002235177,0.,79.1583621251662));
#4822=CARTESIAN_POINT('',(53.4116002235173,-6.54999999999998,94.457501191336));
#4823=CARTESIAN_POINT('',(53.4116002235173,-2.27499999999998,94.457501191336));
#4824=CARTESIAN_POINT('',(53.4116002235173,-6.54999999999998,93.287501191336));
#4825=CARTESIAN_POINT('',(53.4116002235176,-6.54999999999998,83.1896122514486));
#4826=CARTESIAN_POINT('',(53.4116002235173,-8.0000000748053,93.287501191336));
#4827=CARTESIAN_POINT('',(53.4116002235173,-3.00000007450579,93.287501191336));
#4828=CARTESIAN_POINT('',(53.4116002235179,-8.00000007481239,73.6925006862099));
#4829=CARTESIAN_POINT('',(53.4116002235173,-7.99999999999998,93.4125010721267));
#4830=CARTESIAN_POINT('',(53.4116002235179,-2.27499999999998,73.6925006862099));
#4831=CARTESIAN_POINT('',(53.4116002235177,0.,79.1583621251662));
#4832=CARTESIAN_POINT('Origin',(68.3116002235179,-6.54999999999998,73.6925006862103));
#4833=CARTESIAN_POINT('',(68.3116002235179,-8.00000007481239,73.6925006862103));
#4834=CARTESIAN_POINT('',(68.3116002235179,-8.00000014901158,73.6925006862103));
#4835=CARTESIAN_POINT('',(68.3116002235179,-2.27499999999998,73.6925006862103));
#4836=CARTESIAN_POINT('Origin',(68.3116002235173,-8.00000014901158,93.2875011913364));
#4837=CARTESIAN_POINT('',(68.3116002235173,-6.54999999999998,93.2875011913364));
#4838=CARTESIAN_POINT('',(68.3116002235173,-6.54999999999998,93.2875011913364));
#4839=CARTESIAN_POINT('',(68.3116002235173,-8.0000000748053,93.2875011913364));
#4840=CARTESIAN_POINT('',(68.3116002235173,-3.00000007450579,93.2875011913364));
#4841=CARTESIAN_POINT('',(68.3116002235173,-8.00000014901158,93.2875011913364));
#4842=CARTESIAN_POINT('Origin',(68.3116002235173,-6.54999999999998,93.2875011913364));
#4843=CARTESIAN_POINT('',(68.3116002235173,-6.54999999999998,94.4575011913364));
#4844=CARTESIAN_POINT('',(68.3116002235173,-6.54999999999998,94.4575011913364));
#4845=CARTESIAN_POINT('',(68.3116002235173,-6.54999999999998,95.3853900120145));
#4846=CARTESIAN_POINT('Origin',(68.3116002235173,-6.54999999999998,94.4575011913364));
#4847=CARTESIAN_POINT('',(68.3116002235173,0.,94.4575011913364));
#4848=CARTESIAN_POINT('',(97.9058001117585,0.,94.4575011913372));
#4849=CARTESIAN_POINT('',(68.3116002235173,-2.27499999999998,94.4575011913364));
#4850=CARTESIAN_POINT('Origin',(68.3116002235172,2.00000000000002,97.4832788326926));
#4851=CARTESIAN_POINT('',(68.3116002235174,0.,91.3541398857321));
#4852=CARTESIAN_POINT('',(68.3116002235178,-7.99999999999998,77.1625010721271));
#4853=CARTESIAN_POINT('Origin',(68.3116002235179,-8.00000014901158,71.2875008635108));
#4854=CARTESIAN_POINT('',(68.3116002235179,-8.00000014901158,71.2875008635108));
#4855=CARTESIAN_POINT('Origin',(68.3116002235179,-8.00000014901158,73.6925006862103));
#4856=CARTESIAN_POINT('Origin',(53.4111435596317,0.,77.1625009387731));
#4857=CARTESIAN_POINT('',(68.3111435596317,0.,77.1625009387731));
#4858=CARTESIAN_POINT('',(68.3111435596317,0.,77.1625009387731));
#4859=CARTESIAN_POINT('',(68.3111435596317,2.,77.1625009387731));
#4860=CARTESIAN_POINT('',(68.3111435596317,0.,77.1625009387731));
#4861=CARTESIAN_POINT('',(68.3111435596317,2.,77.1625009387731));
#4862=CARTESIAN_POINT('Origin',(68.3111435596317,0.,93.2875009387732));
#4863=CARTESIAN_POINT('',(68.3111435596317,0.,93.2875009387732));
#4864=CARTESIAN_POINT('',(68.3111435596317,2.,93.2875009387732));
#4865=CARTESIAN_POINT('',(68.3111435596317,0.,93.2875009387732));
#4866=CARTESIAN_POINT('',(53.4111435596317,0.,93.2875009387732));
#4867=CARTESIAN_POINT('',(53.4111435596317,2.,93.2875009387732));
#4868=CARTESIAN_POINT('Origin',(127.5,0.,85.2250009387731));
#4869=CARTESIAN_POINT('',(68.3111435596317,0.,93.2875009387732));
#4870=CARTESIAN_POINT('Origin',(148.277773567975,0.,77.1625009387731));
#4871=CARTESIAN_POINT('',(148.277773567975,2.,93.2875009387732));
#4872=CARTESIAN_POINT('Origin',(246.5,0.,69.3500009387731));
#4873=CARTESIAN_POINT('',(243.7,2.,69.3500009387731));
#4874=CARTESIAN_POINT('Origin',(246.5,2.,69.3500009387731));
#4875=CARTESIAN_POINT('',(243.7,0.,69.3500009387731));
#4876=CARTESIAN_POINT('Origin',(246.5,0.,101.100000938773));
#4877=CARTESIAN_POINT('',(243.7,2.,101.100000938773));
#4878=CARTESIAN_POINT('Origin',(246.5,2.,101.100000938773));
#4879=CARTESIAN_POINT('',(243.7,0.,101.100000938773));
#4880=CARTESIAN_POINT('Origin',(68.3111435596317,0.,77.1625009387731));
#4881=CARTESIAN_POINT('',(68.3111435596317,2.,93.2875009387732));
#4882=CARTESIAN_POINT('Origin',(201.588860240203,0.,77.1625009387731));
#4883=CARTESIAN_POINT('',(201.588860240203,2.,93.2875009387732));
#4884=CARTESIAN_POINT('Origin',(228.244403576317,0.,77.1625009387731));
#4885=CARTESIAN_POINT('',(228.244403576317,2.,93.2875009387732));
#4886=CARTESIAN_POINT('Origin',(8.5,0.,69.3500009387731));
#4887=CARTESIAN_POINT('',(5.7,2.,69.3500009387731));
#4888=CARTESIAN_POINT('Origin',(8.5,2.,69.3500009387731));
#4889=CARTESIAN_POINT('',(5.7,0.,69.3500009387731));
#4890=CARTESIAN_POINT('Origin',(8.5,0.,85.2250009387731));
#4891=CARTESIAN_POINT('',(5.7,2.,85.2250009387731));
#4892=CARTESIAN_POINT('Origin',(8.5,2.,85.2250009387731));
#4893=CARTESIAN_POINT('',(5.7,0.,85.2250009387731));
#4894=CARTESIAN_POINT('Origin',(174.933316904089,0.,77.1625009387731));
#4895=CARTESIAN_POINT('',(174.933316904089,2.,93.2875009387732));
#4896=CARTESIAN_POINT('Origin',(94.966686895746,0.,77.1625009387731));
#4897=CARTESIAN_POINT('',(94.966686895746,2.,93.2875009387732));
#4898=CARTESIAN_POINT('Origin',(8.5,0.,101.100000938773));
#4899=CARTESIAN_POINT('',(5.7,2.,101.100000938773));
#4900=CARTESIAN_POINT('Origin',(8.5,2.,101.100000938773));
#4901=CARTESIAN_POINT('',(5.7,0.,101.100000938773));
#4902=CARTESIAN_POINT('Origin',(246.5,0.,85.2250009387731));
#4903=CARTESIAN_POINT('',(243.7,2.,85.2250009387731));
#4904=CARTESIAN_POINT('Origin',(246.5,2.,85.2250009387731));
#4905=CARTESIAN_POINT('',(243.7,0.,85.2250009387731));
#4906=CARTESIAN_POINT('Origin',(121.62223023186,0.,77.1625009387731));
#4907=CARTESIAN_POINT('',(121.62223023186,2.,93.2875009387732));
#4908=CARTESIAN_POINT('Origin',(255.,0.,63.0000009387732));
#4909=CARTESIAN_POINT('',(0.,2.,63.0000009387732));
#4910=CARTESIAN_POINT('Origin',(127.5,2.,85.2250009387731));
#4911=UNCERTAINTY_MEASURE_WITH_UNIT(LENGTH_MEASURE(0.01),#4915,
'DISTANCE_ACCURACY_VALUE',
'Maximum model space distance between geometric entities at asserted c
onnectivities');
#4912=UNCERTAINTY_MEASURE_WITH_UNIT(LENGTH_MEASURE(0.01),#4915,
'DISTANCE_ACCURACY_VALUE',
'Maximum model space distance between geometric entities at asserted c
onnectivities');
#4913=(
GEOMETRIC_REPRESENTATION_CONTEXT(3)
GLOBAL_UNCERTAINTY_ASSIGNED_CONTEXT((#4911))
GLOBAL_UNIT_ASSIGNED_CONTEXT((#4915,#4916,#4917))
REPRESENTATION_CONTEXT('','3D')
);
#4914=(
GEOMETRIC_REPRESENTATION_CONTEXT(3)
GLOBAL_UNCERTAINTY_ASSIGNED_CONTEXT((#4912))
GLOBAL_UNIT_ASSIGNED_CONTEXT((#4915,#4916,#4917))
REPRESENTATION_CONTEXT('','3D')
);
#4915=(
LENGTH_UNIT()
NAMED_UNIT(*)
SI_UNIT(.MILLI.,.METRE.)
);
#4916=(
NAMED_UNIT(*)
PLANE_ANGLE_UNIT()
SI_UNIT($,.RADIAN.)
);
#4917=(
NAMED_UNIT(*)
SI_UNIT($,.STERADIAN.)
SOLID_ANGLE_UNIT()
);
#4918=SHAPE_DEFINITION_REPRESENTATION(#4919,#4920);
#4919=PRODUCT_DEFINITION_SHAPE('',$,#4922);
#4920=SHAPE_REPRESENTATION('',(#3111),#4913);
#4921=PRODUCT_DEFINITION_CONTEXT('part definition',#4926,'design');
#4922=PRODUCT_DEFINITION('PatchPanel Plate','PatchPanel Plate',#4923,#4921);
#4923=PRODUCT_DEFINITION_FORMATION('',$,#4928);
#4924=PRODUCT_RELATED_PRODUCT_CATEGORY('PatchPanel Plate',
'PatchPanel Plate',(#4928));
#4925=APPLICATION_PROTOCOL_DEFINITION('international standard',
'automotive_design',2009,#4926);
#4926=APPLICATION_CONTEXT(
'Core Data for Automotive Mechanical Design Process');
#4927=PRODUCT_CONTEXT('part definition',#4926,'mechanical');
#4928=PRODUCT('PatchPanel Plate','PatchPanel Plate',$,(#4927));
#4929=PRESENTATION_STYLE_ASSIGNMENT((#4931));
#4930=PRESENTATION_STYLE_ASSIGNMENT((#4932));
#4931=SURFACE_STYLE_USAGE(.BOTH.,#4933);
#4932=SURFACE_STYLE_USAGE(.BOTH.,#4934);
#4933=SURFACE_SIDE_STYLE('',(#4935));
#4934=SURFACE_SIDE_STYLE('',(#4936));
#4935=SURFACE_STYLE_FILL_AREA(#4937);
#4936=SURFACE_STYLE_FILL_AREA(#4938);
#4937=FILL_AREA_STYLE('Steel - Satin',(#4939));
#4938=FILL_AREA_STYLE('Tough 2000 (with Formlabs SLA 3D Printers)',(#4940));
#4939=FILL_AREA_STYLE_COLOUR('Steel - Satin',#4941);
#4940=FILL_AREA_STYLE_COLOUR(
'Tough 2000 (with Formlabs SLA 3D Printers)',#4942);
#4941=COLOUR_RGB('Steel - Satin',0.627450980392157,0.627450980392157,0.627450980392157);
#4942=COLOUR_RGB('Tough 2000 (with Formlabs SLA 3D Printers)',0.247058823529412,
0.247058823529412,0.247058823529412);
ENDSEC;
END-ISO-10303-21;
