ISO-10303-21;
HEADER;
/* Generated by software containing ST-Developer
 * from STEP Tools, Inc. (www.steptools.com) 
 */

FILE_DESCRIPTION(
/* description */ (''),
/* implementation_level */ '2;1');

FILE_NAME(
/* name */ 'PatchPanel New.step',
/* time_stamp */ '2026-08-30T16:49:58+05:30',
/* author */ (''),
/* organization */ (''),
/* preprocessor_version */ 'ST-DEVELOPER v20.1',
/* originating_system */ 'Autodesk Translation Framework v15.8.0.0',
/* authorisation */ '');

FILE_SCHEMA (('AUTOMOTIVE_DESIGN { 1 0 10303 214 3 1 1 }'));
ENDSEC;

DATA;
#10=MECHANICAL_DESIGN_GEOMETRIC_PRESENTATION_REPRESENTATION('',(#13),#2781);
#11=SHAPE_REPRESENTATION_RELATIONSHIP('SRR','None',#2788,#12);
#12=ADVANCED_BREP_SHAPE_REPRESENTATION('',(#14),#2780);
#13=STYLED_ITEM('',(#2797),#14);
#14=MANIFOLD_SOLID_BREP('no filet',#1745);
#15=CIRCLE('',#1832,5.);
#16=CIRCLE('',#1833,5.);
#17=CIRCLE('',#1836,5.);
#18=CIRCLE('',#1837,5.);
#19=CIRCLE('',#1838,5.);
#20=CIRCLE('',#1839,2.80000000000001);
#21=CIRCLE('',#1840,2.80000000000001);
#22=CIRCLE('',#1841,2.80000000000001);
#23=CIRCLE('',#1842,2.8);
#24=CIRCLE('',#1843,2.8);
#25=CIRCLE('',#1844,2.8);
#26=CIRCLE('',#1846,5.);
#27=CIRCLE('',#1849,5.);
#28=CIRCLE('',#1851,5.);
#29=CIRCLE('',#1854,2.80000000000001);
#30=CIRCLE('',#1856,2.80000000000001);
#31=CIRCLE('',#1858,2.80000000000001);
#32=CIRCLE('',#1860,2.8);
#33=CIRCLE('',#1862,2.8);
#34=CIRCLE('',#1864,2.8);
#35=CYLINDRICAL_SURFACE('',#1831,5.);
#36=CYLINDRICAL_SURFACE('',#1845,5.);
#37=CYLINDRICAL_SURFACE('',#1848,5.);
#38=CYLINDRICAL_SURFACE('',#1850,5.);
#39=CYLINDRICAL_SURFACE('',#1853,2.80000000000001);
#40=CYLINDRICAL_SURFACE('',#1855,2.80000000000001);
#41=CYLINDRICAL_SURFACE('',#1857,2.80000000000001);
#42=CYLINDRICAL_SURFACE('',#1859,2.8);
#43=CYLINDRICAL_SURFACE('',#1861,2.8);
#44=CYLINDRICAL_SURFACE('',#1863,2.8);
#45=FACE_BOUND('',#174,.T.);
#46=FACE_BOUND('',#180,.T.);
#47=FACE_BOUND('',#186,.T.);
#48=FACE_BOUND('',#192,.T.);
#49=FACE_BOUND('',#198,.T.);
#50=FACE_BOUND('',#204,.T.);
#51=FACE_BOUND('',#210,.T.);
#52=FACE_BOUND('',#216,.T.);
#53=FACE_BOUND('',#252,.T.);
#54=FACE_BOUND('',#253,.T.);
#55=FACE_BOUND('',#254,.T.);
#56=FACE_BOUND('',#255,.T.);
#57=FACE_BOUND('',#256,.T.);
#58=FACE_BOUND('',#257,.T.);
#59=FACE_BOUND('',#258,.T.);
#60=FACE_BOUND('',#259,.T.);
#61=FACE_BOUND('',#260,.T.);
#62=FACE_BOUND('',#261,.T.);
#63=FACE_BOUND('',#262,.T.);
#64=FACE_BOUND('',#263,.T.);
#65=FACE_BOUND('',#264,.T.);
#66=FACE_BOUND('',#265,.T.);
#67=FACE_BOUND('',#279,.T.);
#68=FACE_BOUND('',#280,.T.);
#69=FACE_BOUND('',#281,.T.);
#70=FACE_BOUND('',#282,.T.);
#71=FACE_BOUND('',#283,.T.);
#72=FACE_BOUND('',#284,.T.);
#73=FACE_BOUND('',#285,.T.);
#74=FACE_BOUND('',#286,.T.);
#75=FACE_BOUND('',#287,.T.);
#76=FACE_BOUND('',#288,.T.);
#77=FACE_BOUND('',#289,.T.);
#78=FACE_BOUND('',#290,.T.);
#79=FACE_BOUND('',#291,.T.);
#80=FACE_BOUND('',#292,.T.);
#81=FACE_OUTER_BOUND('',#169,.T.);
#82=FACE_OUTER_BOUND('',#170,.T.);
#83=FACE_OUTER_BOUND('',#171,.T.);
#84=FACE_OUTER_BOUND('',#172,.T.);
#85=FACE_OUTER_BOUND('',#173,.T.);
#86=FACE_OUTER_BOUND('',#175,.T.);
#87=FACE_OUTER_BOUND('',#176,.T.);
#88=FACE_OUTER_BOUND('',#177,.T.);
#89=FACE_OUTER_BOUND('',#178,.T.);
#90=FACE_OUTER_BOUND('',#179,.T.);
#91=FACE_OUTER_BOUND('',#181,.T.);
#92=FACE_OUTER_BOUND('',#182,.T.);
#93=FACE_OUTER_BOUND('',#183,.T.);
#94=FACE_OUTER_BOUND('',#184,.T.);
#95=FACE_OUTER_BOUND('',#185,.T.);
#96=FACE_OUTER_BOUND('',#187,.T.);
#97=FACE_OUTER_BOUND('',#188,.T.);
#98=FACE_OUTER_BOUND('',#189,.T.);
#99=FACE_OUTER_BOUND('',#190,.T.);
#100=FACE_OUTER_BOUND('',#191,.T.);
#101=FACE_OUTER_BOUND('',#193,.T.);
#102=FACE_OUTER_BOUND('',#194,.T.);
#103=FACE_OUTER_BOUND('',#195,.T.);
#104=FACE_OUTER_BOUND('',#196,.T.);
#105=FACE_OUTER_BOUND('',#197,.T.);
#106=FACE_OUTER_BOUND('',#199,.T.);
#107=FACE_OUTER_BOUND('',#200,.T.);
#108=FACE_OUTER_BOUND('',#201,.T.);
#109=FACE_OUTER_BOUND('',#202,.T.);
#110=FACE_OUTER_BOUND('',#203,.T.);
#111=FACE_OUTER_BOUND('',#205,.T.);
#112=FACE_OUTER_BOUND('',#206,.T.);
#113=FACE_OUTER_BOUND('',#207,.T.);
#114=FACE_OUTER_BOUND('',#208,.T.);
#115=FACE_OUTER_BOUND('',#209,.T.);
#116=FACE_OUTER_BOUND('',#211,.T.);
#117=FACE_OUTER_BOUND('',#212,.T.);
#118=FACE_OUTER_BOUND('',#213,.T.);
#119=FACE_OUTER_BOUND('',#214,.T.);
#120=FACE_OUTER_BOUND('',#215,.T.);
#121=FACE_OUTER_BOUND('',#217,.T.);
#122=FACE_OUTER_BOUND('',#218,.T.);
#123=FACE_OUTER_BOUND('',#219,.T.);
#124=FACE_OUTER_BOUND('',#220,.T.);
#125=FACE_OUTER_BOUND('',#221,.T.);
#126=FACE_OUTER_BOUND('',#222,.T.);
#127=FACE_OUTER_BOUND('',#223,.T.);
#128=FACE_OUTER_BOUND('',#224,.T.);
#129=FACE_OUTER_BOUND('',#225,.T.);
#130=FACE_OUTER_BOUND('',#226,.T.);
#131=FACE_OUTER_BOUND('',#227,.T.);
#132=FACE_OUTER_BOUND('',#228,.T.);
#133=FACE_OUTER_BOUND('',#229,.T.);
#134=FACE_OUTER_BOUND('',#230,.T.);
#135=FACE_OUTER_BOUND('',#231,.T.);
#136=FACE_OUTER_BOUND('',#232,.T.);
#137=FACE_OUTER_BOUND('',#233,.T.);
#138=FACE_OUTER_BOUND('',#234,.T.);
#139=FACE_OUTER_BOUND('',#235,.T.);
#140=FACE_OUTER_BOUND('',#236,.T.);
#141=FACE_OUTER_BOUND('',#237,.T.);
#142=FACE_OUTER_BOUND('',#238,.T.);
#143=FACE_OUTER_BOUND('',#239,.T.);
#144=FACE_OUTER_BOUND('',#240,.T.);
#145=FACE_OUTER_BOUND('',#241,.T.);
#146=FACE_OUTER_BOUND('',#242,.T.);
#147=FACE_OUTER_BOUND('',#243,.T.);
#148=FACE_OUTER_BOUND('',#244,.T.);
#149=FACE_OUTER_BOUND('',#245,.T.);
#150=FACE_OUTER_BOUND('',#246,.T.);
#151=FACE_OUTER_BOUND('',#247,.T.);
#152=FACE_OUTER_BOUND('',#248,.T.);
#153=FACE_OUTER_BOUND('',#249,.T.);
#154=FACE_OUTER_BOUND('',#250,.T.);
#155=FACE_OUTER_BOUND('',#251,.T.);
#156=FACE_OUTER_BOUND('',#266,.T.);
#157=FACE_OUTER_BOUND('',#267,.T.);
#158=FACE_OUTER_BOUND('',#268,.T.);
#159=FACE_OUTER_BOUND('',#269,.T.);
#160=FACE_OUTER_BOUND('',#270,.T.);
#161=FACE_OUTER_BOUND('',#271,.T.);
#162=FACE_OUTER_BOUND('',#272,.T.);
#163=FACE_OUTER_BOUND('',#273,.T.);
#164=FACE_OUTER_BOUND('',#274,.T.);
#165=FACE_OUTER_BOUND('',#275,.T.);
#166=FACE_OUTER_BOUND('',#276,.T.);
#167=FACE_OUTER_BOUND('',#277,.T.);
#168=FACE_OUTER_BOUND('',#278,.T.);
#169=EDGE_LOOP('',(#1111,#1112,#1113,#1114));
#170=EDGE_LOOP('',(#1115,#1116,#1117,#1118));
#171=EDGE_LOOP('',(#1119,#1120,#1121,#1122));
#172=EDGE_LOOP('',(#1123,#1124,#1125,#1126));
#173=EDGE_LOOP('',(#1127,#1128,#1129,#1130));
#174=EDGE_LOOP('',(#1131,#1132,#1133,#1134));
#175=EDGE_LOOP('',(#1135,#1136,#1137,#1138));
#176=EDGE_LOOP('',(#1139,#1140,#1141,#1142));
#177=EDGE_LOOP('',(#1143,#1144,#1145,#1146));
#178=EDGE_LOOP('',(#1147,#1148,#1149,#1150));
#179=EDGE_LOOP('',(#1151,#1152,#1153,#1154));
#180=EDGE_LOOP('',(#1155,#1156,#1157,#1158));
#181=EDGE_LOOP('',(#1159,#1160,#1161,#1162));
#182=EDGE_LOOP('',(#1163,#1164,#1165,#1166));
#183=EDGE_LOOP('',(#1167,#1168,#1169,#1170));
#184=EDGE_LOOP('',(#1171,#1172,#1173,#1174));
#185=EDGE_LOOP('',(#1175,#1176,#1177,#1178));
#186=EDGE_LOOP('',(#1179,#1180,#1181,#1182));
#187=EDGE_LOOP('',(#1183,#1184,#1185,#1186));
#188=EDGE_LOOP('',(#1187,#1188,#1189,#1190));
#189=EDGE_LOOP('',(#1191,#1192,#1193,#1194));
#190=EDGE_LOOP('',(#1195,#1196,#1197,#1198));
#191=EDGE_LOOP('',(#1199,#1200,#1201,#1202));
#192=EDGE_LOOP('',(#1203,#1204,#1205,#1206));
#193=EDGE_LOOP('',(#1207,#1208,#1209,#1210));
#194=EDGE_LOOP('',(#1211,#1212,#1213,#1214));
#195=EDGE_LOOP('',(#1215,#1216,#1217,#1218));
#196=EDGE_LOOP('',(#1219,#1220,#1221,#1222));
#197=EDGE_LOOP('',(#1223,#1224,#1225,#1226));
#198=EDGE_LOOP('',(#1227,#1228,#1229,#1230));
#199=EDGE_LOOP('',(#1231,#1232,#1233,#1234));
#200=EDGE_LOOP('',(#1235,#1236,#1237,#1238));
#201=EDGE_LOOP('',(#1239,#1240,#1241,#1242));
#202=EDGE_LOOP('',(#1243,#1244,#1245,#1246));
#203=EDGE_LOOP('',(#1247,#1248,#1249,#1250));
#204=EDGE_LOOP('',(#1251,#1252,#1253,#1254));
#205=EDGE_LOOP('',(#1255,#1256,#1257,#1258));
#206=EDGE_LOOP('',(#1259,#1260,#1261,#1262));
#207=EDGE_LOOP('',(#1263,#1264,#1265,#1266));
#208=EDGE_LOOP('',(#1267,#1268,#1269,#1270));
#209=EDGE_LOOP('',(#1271,#1272,#1273,#1274));
#210=EDGE_LOOP('',(#1275,#1276,#1277,#1278));
#211=EDGE_LOOP('',(#1279,#1280,#1281,#1282));
#212=EDGE_LOOP('',(#1283,#1284,#1285,#1286));
#213=EDGE_LOOP('',(#1287,#1288,#1289,#1290));
#214=EDGE_LOOP('',(#1291,#1292,#1293,#1294));
#215=EDGE_LOOP('',(#1295,#1296,#1297,#1298));
#216=EDGE_LOOP('',(#1299,#1300,#1301,#1302));
#217=EDGE_LOOP('',(#1303,#1304,#1305,#1306));
#218=EDGE_LOOP('',(#1307,#1308,#1309,#1310));
#219=EDGE_LOOP('',(#1311,#1312,#1313,#1314));
#220=EDGE_LOOP('',(#1315,#1316,#1317,#1318));
#221=EDGE_LOOP('',(#1319,#1320,#1321,#1322));
#222=EDGE_LOOP('',(#1323,#1324,#1325,#1326));
#223=EDGE_LOOP('',(#1327,#1328,#1329,#1330));
#224=EDGE_LOOP('',(#1331,#1332,#1333,#1334));
#225=EDGE_LOOP('',(#1335,#1336,#1337,#1338));
#226=EDGE_LOOP('',(#1339,#1340,#1341,#1342));
#227=EDGE_LOOP('',(#1343,#1344,#1345,#1346));
#228=EDGE_LOOP('',(#1347,#1348,#1349,#1350));
#229=EDGE_LOOP('',(#1351,#1352,#1353,#1354));
#230=EDGE_LOOP('',(#1355,#1356,#1357,#1358));
#231=EDGE_LOOP('',(#1359,#1360,#1361,#1362));
#232=EDGE_LOOP('',(#1363,#1364,#1365,#1366));
#233=EDGE_LOOP('',(#1367,#1368,#1369,#1370));
#234=EDGE_LOOP('',(#1371,#1372,#1373,#1374));
#235=EDGE_LOOP('',(#1375,#1376,#1377,#1378));
#236=EDGE_LOOP('',(#1379,#1380,#1381,#1382));
#237=EDGE_LOOP('',(#1383,#1384,#1385,#1386));
#238=EDGE_LOOP('',(#1387,#1388,#1389,#1390));
#239=EDGE_LOOP('',(#1391,#1392,#1393,#1394));
#240=EDGE_LOOP('',(#1395,#1396,#1397,#1398));
#241=EDGE_LOOP('',(#1399,#1400,#1401,#1402));
#242=EDGE_LOOP('',(#1403,#1404,#1405,#1406));
#243=EDGE_LOOP('',(#1407,#1408,#1409,#1410));
#244=EDGE_LOOP('',(#1411,#1412,#1413,#1414));
#245=EDGE_LOOP('',(#1415,#1416,#1417,#1418));
#246=EDGE_LOOP('',(#1419,#1420,#1421,#1422));
#247=EDGE_LOOP('',(#1423,#1424,#1425,#1426));
#248=EDGE_LOOP('',(#1427,#1428,#1429,#1430));
#249=EDGE_LOOP('',(#1431,#1432,#1433,#1434));
#250=EDGE_LOOP('',(#1435,#1436,#1437,#1438));
#251=EDGE_LOOP('',(#1439,#1440,#1441,#1442,#1443,#1444,#1445,#1446));
#252=EDGE_LOOP('',(#1447,#1448,#1449,#1450));
#253=EDGE_LOOP('',(#1451,#1452,#1453,#1454));
#254=EDGE_LOOP('',(#1455,#1456,#1457,#1458));
#255=EDGE_LOOP('',(#1459,#1460,#1461,#1462));
#256=EDGE_LOOP('',(#1463,#1464,#1465,#1466));
#257=EDGE_LOOP('',(#1467,#1468,#1469,#1470));
#258=EDGE_LOOP('',(#1471,#1472,#1473,#1474));
#259=EDGE_LOOP('',(#1475,#1476,#1477,#1478));
#260=EDGE_LOOP('',(#1479));
#261=EDGE_LOOP('',(#1480));
#262=EDGE_LOOP('',(#1481));
#263=EDGE_LOOP('',(#1482));
#264=EDGE_LOOP('',(#1483));
#265=EDGE_LOOP('',(#1484));
#266=EDGE_LOOP('',(#1485,#1486,#1487,#1488));
#267=EDGE_LOOP('',(#1489,#1490,#1491,#1492));
#268=EDGE_LOOP('',(#1493,#1494,#1495,#1496));
#269=EDGE_LOOP('',(#1497,#1498,#1499,#1500));
#270=EDGE_LOOP('',(#1501,#1502,#1503,#1504));
#271=EDGE_LOOP('',(#1505,#1506,#1507,#1508));
#272=EDGE_LOOP('',(#1509,#1510,#1511,#1512));
#273=EDGE_LOOP('',(#1513,#1514,#1515,#1516));
#274=EDGE_LOOP('',(#1517,#1518,#1519,#1520));
#275=EDGE_LOOP('',(#1521,#1522,#1523,#1524));
#276=EDGE_LOOP('',(#1525,#1526,#1527,#1528));
#277=EDGE_LOOP('',(#1529,#1530,#1531,#1532));
#278=EDGE_LOOP('',(#1533,#1534,#1535,#1536,#1537,#1538,#1539,#1540));
#279=EDGE_LOOP('',(#1541,#1542,#1543,#1544));
#280=EDGE_LOOP('',(#1545,#1546,#1547,#1548));
#281=EDGE_LOOP('',(#1549,#1550,#1551,#1552));
#282=EDGE_LOOP('',(#1553,#1554,#1555,#1556));
#283=EDGE_LOOP('',(#1557,#1558,#1559,#1560));
#284=EDGE_LOOP('',(#1561,#1562,#1563,#1564));
#285=EDGE_LOOP('',(#1565,#1566,#1567,#1568));
#286=EDGE_LOOP('',(#1569,#1570,#1571,#1572));
#287=EDGE_LOOP('',(#1573));
#288=EDGE_LOOP('',(#1574));
#289=EDGE_LOOP('',(#1575));
#290=EDGE_LOOP('',(#1576));
#291=EDGE_LOOP('',(#1577));
#292=EDGE_LOOP('',(#1578));
#293=LINE('',#2303,#507);
#294=LINE('',#2305,#508);
#295=LINE('',#2307,#509);
#296=LINE('',#2308,#510);
#297=LINE('',#2311,#511);
#298=LINE('',#2313,#512);
#299=LINE('',#2314,#513);
#300=LINE('',#2317,#514);
#301=LINE('',#2319,#515);
#302=LINE('',#2320,#516);
#303=LINE('',#2322,#517);
#304=LINE('',#2323,#518);
#305=LINE('',#2327,#519);
#306=LINE('',#2329,#520);
#307=LINE('',#2331,#521);
#308=LINE('',#2332,#522);
#309=LINE('',#2336,#523);
#310=LINE('',#2338,#524);
#311=LINE('',#2340,#525);
#312=LINE('',#2341,#526);
#313=LINE('',#2344,#527);
#314=LINE('',#2346,#528);
#315=LINE('',#2347,#529);
#316=LINE('',#2350,#530);
#317=LINE('',#2352,#531);
#318=LINE('',#2353,#532);
#319=LINE('',#2355,#533);
#320=LINE('',#2356,#534);
#321=LINE('',#2360,#535);
#322=LINE('',#2362,#536);
#323=LINE('',#2364,#537);
#324=LINE('',#2365,#538);
#325=LINE('',#2369,#539);
#326=LINE('',#2371,#540);
#327=LINE('',#2373,#541);
#328=LINE('',#2374,#542);
#329=LINE('',#2377,#543);
#330=LINE('',#2379,#544);
#331=LINE('',#2380,#545);
#332=LINE('',#2383,#546);
#333=LINE('',#2385,#547);
#334=LINE('',#2386,#548);
#335=LINE('',#2388,#549);
#336=LINE('',#2389,#550);
#337=LINE('',#2393,#551);
#338=LINE('',#2395,#552);
#339=LINE('',#2397,#553);
#340=LINE('',#2398,#554);
#341=LINE('',#2402,#555);
#342=LINE('',#2404,#556);
#343=LINE('',#2406,#557);
#344=LINE('',#2407,#558);
#345=LINE('',#2410,#559);
#346=LINE('',#2412,#560);
#347=LINE('',#2413,#561);
#348=LINE('',#2416,#562);
#349=LINE('',#2418,#563);
#350=LINE('',#2419,#564);
#351=LINE('',#2421,#565);
#352=LINE('',#2422,#566);
#353=LINE('',#2426,#567);
#354=LINE('',#2428,#568);
#355=LINE('',#2430,#569);
#356=LINE('',#2431,#570);
#357=LINE('',#2435,#571);
#358=LINE('',#2437,#572);
#359=LINE('',#2439,#573);
#360=LINE('',#2440,#574);
#361=LINE('',#2443,#575);
#362=LINE('',#2445,#576);
#363=LINE('',#2446,#577);
#364=LINE('',#2449,#578);
#365=LINE('',#2451,#579);
#366=LINE('',#2452,#580);
#367=LINE('',#2454,#581);
#368=LINE('',#2455,#582);
#369=LINE('',#2459,#583);
#370=LINE('',#2461,#584);
#371=LINE('',#2463,#585);
#372=LINE('',#2464,#586);
#373=LINE('',#2468,#587);
#374=LINE('',#2470,#588);
#375=LINE('',#2472,#589);
#376=LINE('',#2473,#590);
#377=LINE('',#2476,#591);
#378=LINE('',#2478,#592);
#379=LINE('',#2479,#593);
#380=LINE('',#2482,#594);
#381=LINE('',#2484,#595);
#382=LINE('',#2485,#596);
#383=LINE('',#2487,#597);
#384=LINE('',#2488,#598);
#385=LINE('',#2492,#599);
#386=LINE('',#2494,#600);
#387=LINE('',#2496,#601);
#388=LINE('',#2497,#602);
#389=LINE('',#2501,#603);
#390=LINE('',#2503,#604);
#391=LINE('',#2505,#605);
#392=LINE('',#2506,#606);
#393=LINE('',#2509,#607);
#394=LINE('',#2511,#608);
#395=LINE('',#2512,#609);
#396=LINE('',#2515,#610);
#397=LINE('',#2517,#611);
#398=LINE('',#2518,#612);
#399=LINE('',#2520,#613);
#400=LINE('',#2521,#614);
#401=LINE('',#2525,#615);
#402=LINE('',#2527,#616);
#403=LINE('',#2529,#617);
#404=LINE('',#2530,#618);
#405=LINE('',#2534,#619);
#406=LINE('',#2536,#620);
#407=LINE('',#2538,#621);
#408=LINE('',#2539,#622);
#409=LINE('',#2542,#623);
#410=LINE('',#2544,#624);
#411=LINE('',#2545,#625);
#412=LINE('',#2548,#626);
#413=LINE('',#2550,#627);
#414=LINE('',#2551,#628);
#415=LINE('',#2553,#629);
#416=LINE('',#2554,#630);
#417=LINE('',#2558,#631);
#418=LINE('',#2560,#632);
#419=LINE('',#2562,#633);
#420=LINE('',#2563,#634);
#421=LINE('',#2566,#635);
#422=LINE('',#2568,#636);
#423=LINE('',#2569,#637);
#424=LINE('',#2572,#638);
#425=LINE('',#2573,#639);
#426=LINE('',#2576,#640);
#427=LINE('',#2577,#641);
#428=LINE('',#2579,#642);
#429=LINE('',#2582,#643);
#430=LINE('',#2584,#644);
#431=LINE('',#2585,#645);
#432=LINE('',#2588,#646);
#433=LINE('',#2589,#647);
#434=LINE('',#2592,#648);
#435=LINE('',#2593,#649);
#436=LINE('',#2595,#650);
#437=LINE('',#2598,#651);
#438=LINE('',#2600,#652);
#439=LINE('',#2601,#653);
#440=LINE('',#2604,#654);
#441=LINE('',#2605,#655);
#442=LINE('',#2608,#656);
#443=LINE('',#2609,#657);
#444=LINE('',#2611,#658);
#445=LINE('',#2614,#659);
#446=LINE('',#2616,#660);
#447=LINE('',#2617,#661);
#448=LINE('',#2620,#662);
#449=LINE('',#2621,#663);
#450=LINE('',#2624,#664);
#451=LINE('',#2625,#665);
#452=LINE('',#2627,#666);
#453=LINE('',#2630,#667);
#454=LINE('',#2632,#668);
#455=LINE('',#2633,#669);
#456=LINE('',#2636,#670);
#457=LINE('',#2637,#671);
#458=LINE('',#2640,#672);
#459=LINE('',#2641,#673);
#460=LINE('',#2643,#674);
#461=LINE('',#2646,#675);
#462=LINE('',#2648,#676);
#463=LINE('',#2649,#677);
#464=LINE('',#2652,#678);
#465=LINE('',#2653,#679);
#466=LINE('',#2656,#680);
#467=LINE('',#2657,#681);
#468=LINE('',#2659,#682);
#469=LINE('',#2662,#683);
#470=LINE('',#2664,#684);
#471=LINE('',#2665,#685);
#472=LINE('',#2668,#686);
#473=LINE('',#2669,#687);
#474=LINE('',#2672,#688);
#475=LINE('',#2673,#689);
#476=LINE('',#2675,#690);
#477=LINE('',#2678,#691);
#478=LINE('',#2680,#692);
#479=LINE('',#2681,#693);
#480=LINE('',#2684,#694);
#481=LINE('',#2685,#695);
#482=LINE('',#2688,#696);
#483=LINE('',#2689,#697);
#484=LINE('',#2691,#698);
#485=LINE('',#2697,#699);
#486=LINE('',#2700,#700);
#487=LINE('',#2703,#701);
#488=LINE('',#2705,#702);
#489=LINE('',#2706,#703);
#490=LINE('',#2709,#704);
#491=LINE('',#2713,#705);
#492=LINE('',#2717,#706);
#493=LINE('',#2733,#707);
#494=LINE('',#2736,#708);
#495=LINE('',#2739,#709);
#496=LINE('',#2740,#710);
#497=LINE('',#2745,#711);
#498=LINE('',#2748,#712);
#499=LINE('',#2750,#713);
#500=LINE('',#2754,#714);
#501=LINE('',#2758,#715);
#502=LINE('',#2762,#716);
#503=LINE('',#2765,#717);
#504=LINE('',#2769,#718);
#505=LINE('',#2773,#719);
#506=LINE('',#2776,#720);
#507=VECTOR('',#1871,10.);
#508=VECTOR('',#1872,10.);
#509=VECTOR('',#1873,10.);
#510=VECTOR('',#1874,10.);
#511=VECTOR('',#1877,10.);
#512=VECTOR('',#1878,10.);
#513=VECTOR('',#1879,10.);
#514=VECTOR('',#1882,10.);
#515=VECTOR('',#1883,10.);
#516=VECTOR('',#1884,10.);
#517=VECTOR('',#1887,10.);
#518=VECTOR('',#1888,10.);
#519=VECTOR('',#1891,10.);
#520=VECTOR('',#1892,10.);
#521=VECTOR('',#1893,10.);
#522=VECTOR('',#1894,10.);
#523=VECTOR('',#1897,10.);
#524=VECTOR('',#1898,10.);
#525=VECTOR('',#1899,10.);
#526=VECTOR('',#1900,10.);
#527=VECTOR('',#1903,10.);
#528=VECTOR('',#1904,10.);
#529=VECTOR('',#1905,10.);
#530=VECTOR('',#1908,10.);
#531=VECTOR('',#1909,10.);
#532=VECTOR('',#1910,10.);
#533=VECTOR('',#1913,10.);
#534=VECTOR('',#1914,10.);
#535=VECTOR('',#1917,10.);
#536=VECTOR('',#1918,10.);
#537=VECTOR('',#1919,10.);
#538=VECTOR('',#1920,10.);
#539=VECTOR('',#1923,10.);
#540=VECTOR('',#1924,10.);
#541=VECTOR('',#1925,10.);
#542=VECTOR('',#1926,10.);
#543=VECTOR('',#1929,10.);
#544=VECTOR('',#1930,10.);
#545=VECTOR('',#1931,10.);
#546=VECTOR('',#1934,10.);
#547=VECTOR('',#1935,10.);
#548=VECTOR('',#1936,10.);
#549=VECTOR('',#1939,10.);
#550=VECTOR('',#1940,10.);
#551=VECTOR('',#1943,10.);
#552=VECTOR('',#1944,10.);
#553=VECTOR('',#1945,10.);
#554=VECTOR('',#1946,10.);
#555=VECTOR('',#1949,10.);
#556=VECTOR('',#1950,10.);
#557=VECTOR('',#1951,10.);
#558=VECTOR('',#1952,10.);
#559=VECTOR('',#1955,10.);
#560=VECTOR('',#1956,10.);
#561=VECTOR('',#1957,10.);
#562=VECTOR('',#1960,10.);
#563=VECTOR('',#1961,10.);
#564=VECTOR('',#1962,10.);
#565=VECTOR('',#1965,10.);
#566=VECTOR('',#1966,10.);
#567=VECTOR('',#1969,10.);
#568=VECTOR('',#1970,10.);
#569=VECTOR('',#1971,10.);
#570=VECTOR('',#1972,10.);
#571=VECTOR('',#1975,10.);
#572=VECTOR('',#1976,10.);
#573=VECTOR('',#1977,10.);
#574=VECTOR('',#1978,10.);
#575=VECTOR('',#1981,10.);
#576=VECTOR('',#1982,10.);
#577=VECTOR('',#1983,10.);
#578=VECTOR('',#1986,10.);
#579=VECTOR('',#1987,10.);
#580=VECTOR('',#1988,10.);
#581=VECTOR('',#1991,10.);
#582=VECTOR('',#1992,10.);
#583=VECTOR('',#1995,10.);
#584=VECTOR('',#1996,10.);
#585=VECTOR('',#1997,10.);
#586=VECTOR('',#1998,10.);
#587=VECTOR('',#2001,10.);
#588=VECTOR('',#2002,10.);
#589=VECTOR('',#2003,10.);
#590=VECTOR('',#2004,10.);
#591=VECTOR('',#2007,10.);
#592=VECTOR('',#2008,10.);
#593=VECTOR('',#2009,10.);
#594=VECTOR('',#2012,10.);
#595=VECTOR('',#2013,10.);
#596=VECTOR('',#2014,10.);
#597=VECTOR('',#2017,10.);
#598=VECTOR('',#2018,10.);
#599=VECTOR('',#2021,10.);
#600=VECTOR('',#2022,10.);
#601=VECTOR('',#2023,10.);
#602=VECTOR('',#2024,10.);
#603=VECTOR('',#2027,10.);
#604=VECTOR('',#2028,10.);
#605=VECTOR('',#2029,10.);
#606=VECTOR('',#2030,10.);
#607=VECTOR('',#2033,10.);
#608=VECTOR('',#2034,10.);
#609=VECTOR('',#2035,10.);
#610=VECTOR('',#2038,10.);
#611=VECTOR('',#2039,10.);
#612=VECTOR('',#2040,10.);
#613=VECTOR('',#2043,10.);
#614=VECTOR('',#2044,10.);
#615=VECTOR('',#2047,10.);
#616=VECTOR('',#2048,10.);
#617=VECTOR('',#2049,10.);
#618=VECTOR('',#2050,10.);
#619=VECTOR('',#2053,10.);
#620=VECTOR('',#2054,10.);
#621=VECTOR('',#2055,10.);
#622=VECTOR('',#2056,10.);
#623=VECTOR('',#2059,10.);
#624=VECTOR('',#2060,10.);
#625=VECTOR('',#2061,10.);
#626=VECTOR('',#2064,10.);
#627=VECTOR('',#2065,10.);
#628=VECTOR('',#2066,10.);
#629=VECTOR('',#2069,10.);
#630=VECTOR('',#2070,10.);
#631=VECTOR('',#2073,10.);
#632=VECTOR('',#2074,10.);
#633=VECTOR('',#2075,10.);
#634=VECTOR('',#2076,10.);
#635=VECTOR('',#2079,10.);
#636=VECTOR('',#2080,10.);
#637=VECTOR('',#2081,10.);
#638=VECTOR('',#2084,10.);
#639=VECTOR('',#2085,10.);
#640=VECTOR('',#2088,10.);
#641=VECTOR('',#2089,10.);
#642=VECTOR('',#2092,10.);
#643=VECTOR('',#2095,10.);
#644=VECTOR('',#2096,10.);
#645=VECTOR('',#2097,10.);
#646=VECTOR('',#2100,10.);
#647=VECTOR('',#2101,10.);
#648=VECTOR('',#2104,10.);
#649=VECTOR('',#2105,10.);
#650=VECTOR('',#2108,10.);
#651=VECTOR('',#2111,10.);
#652=VECTOR('',#2112,10.);
#653=VECTOR('',#2113,10.);
#654=VECTOR('',#2116,10.);
#655=VECTOR('',#2117,10.);
#656=VECTOR('',#2120,10.);
#657=VECTOR('',#2121,10.);
#658=VECTOR('',#2124,10.);
#659=VECTOR('',#2127,10.);
#660=VECTOR('',#2128,10.);
#661=VECTOR('',#2129,10.);
#662=VECTOR('',#2132,10.);
#663=VECTOR('',#2133,10.);
#664=VECTOR('',#2136,10.);
#665=VECTOR('',#2137,10.);
#666=VECTOR('',#2140,10.);
#667=VECTOR('',#2143,10.);
#668=VECTOR('',#2144,10.);
#669=VECTOR('',#2145,10.);
#670=VECTOR('',#2148,10.);
#671=VECTOR('',#2149,10.);
#672=VECTOR('',#2152,10.);
#673=VECTOR('',#2153,10.);
#674=VECTOR('',#2156,10.);
#675=VECTOR('',#2159,10.);
#676=VECTOR('',#2160,10.);
#677=VECTOR('',#2161,10.);
#678=VECTOR('',#2164,10.);
#679=VECTOR('',#2165,10.);
#680=VECTOR('',#2168,10.);
#681=VECTOR('',#2169,10.);
#682=VECTOR('',#2172,10.);
#683=VECTOR('',#2175,10.);
#684=VECTOR('',#2176,10.);
#685=VECTOR('',#2177,10.);
#686=VECTOR('',#2180,10.);
#687=VECTOR('',#2181,10.);
#688=VECTOR('',#2184,10.);
#689=VECTOR('',#2185,10.);
#690=VECTOR('',#2188,10.);
#691=VECTOR('',#2191,10.);
#692=VECTOR('',#2192,10.);
#693=VECTOR('',#2193,10.);
#694=VECTOR('',#2196,10.);
#695=VECTOR('',#2197,10.);
#696=VECTOR('',#2200,10.);
#697=VECTOR('',#2201,10.);
#698=VECTOR('',#2204,10.);
#699=VECTOR('',#2209,10.);
#700=VECTOR('',#2212,10.);
#701=VECTOR('',#2215,10.);
#702=VECTOR('',#2216,10.);
#703=VECTOR('',#2217,10.);
#704=VECTOR('',#2220,10.);
#705=VECTOR('',#2223,10.);
#706=VECTOR('',#2226,10.);
#707=VECTOR('',#2243,10.);
#708=VECTOR('',#2246,10.);
#709=VECTOR('',#2249,10.);
#710=VECTOR('',#2250,10.);
#711=VECTOR('',#2257,10.);
#712=VECTOR('',#2260,10.);
#713=VECTOR('',#2263,10.);
#714=VECTOR('',#2268,2.80000000000001);
#715=VECTOR('',#2273,2.80000000000001);
#716=VECTOR('',#2278,2.80000000000001);
#717=VECTOR('',#2281,2.8);
#718=VECTOR('',#2286,2.8);
#719=VECTOR('',#2291,2.8);
#720=VECTOR('',#2296,10.);
#721=VERTEX_POINT('',#2301);
#722=VERTEX_POINT('',#2302);
#723=VERTEX_POINT('',#2304);
#724=VERTEX_POINT('',#2306);
#725=VERTEX_POINT('',#2310);
#726=VERTEX_POINT('',#2312);
#727=VERTEX_POINT('',#2316);
#728=VERTEX_POINT('',#2318);
#729=VERTEX_POINT('',#2325);
#730=VERTEX_POINT('',#2326);
#731=VERTEX_POINT('',#2328);
#732=VERTEX_POINT('',#2330);
#733=VERTEX_POINT('',#2334);
#734=VERTEX_POINT('',#2335);
#735=VERTEX_POINT('',#2337);
#736=VERTEX_POINT('',#2339);
#737=VERTEX_POINT('',#2343);
#738=VERTEX_POINT('',#2345);
#739=VERTEX_POINT('',#2349);
#740=VERTEX_POINT('',#2351);
#741=VERTEX_POINT('',#2358);
#742=VERTEX_POINT('',#2359);
#743=VERTEX_POINT('',#2361);
#744=VERTEX_POINT('',#2363);
#745=VERTEX_POINT('',#2367);
#746=VERTEX_POINT('',#2368);
#747=VERTEX_POINT('',#2370);
#748=VERTEX_POINT('',#2372);
#749=VERTEX_POINT('',#2376);
#750=VERTEX_POINT('',#2378);
#751=VERTEX_POINT('',#2382);
#752=VERTEX_POINT('',#2384);
#753=VERTEX_POINT('',#2391);
#754=VERTEX_POINT('',#2392);
#755=VERTEX_POINT('',#2394);
#756=VERTEX_POINT('',#2396);
#757=VERTEX_POINT('',#2400);
#758=VERTEX_POINT('',#2401);
#759=VERTEX_POINT('',#2403);
#760=VERTEX_POINT('',#2405);
#761=VERTEX_POINT('',#2409);
#762=VERTEX_POINT('',#2411);
#763=VERTEX_POINT('',#2415);
#764=VERTEX_POINT('',#2417);
#765=VERTEX_POINT('',#2424);
#766=VERTEX_POINT('',#2425);
#767=VERTEX_POINT('',#2427);
#768=VERTEX_POINT('',#2429);
#769=VERTEX_POINT('',#2433);
#770=VERTEX_POINT('',#2434);
#771=VERTEX_POINT('',#2436);
#772=VERTEX_POINT('',#2438);
#773=VERTEX_POINT('',#2442);
#774=VERTEX_POINT('',#2444);
#775=VERTEX_POINT('',#2448);
#776=VERTEX_POINT('',#2450);
#777=VERTEX_POINT('',#2457);
#778=VERTEX_POINT('',#2458);
#779=VERTEX_POINT('',#2460);
#780=VERTEX_POINT('',#2462);
#781=VERTEX_POINT('',#2466);
#782=VERTEX_POINT('',#2467);
#783=VERTEX_POINT('',#2469);
#784=VERTEX_POINT('',#2471);
#785=VERTEX_POINT('',#2475);
#786=VERTEX_POINT('',#2477);
#787=VERTEX_POINT('',#2481);
#788=VERTEX_POINT('',#2483);
#789=VERTEX_POINT('',#2490);
#790=VERTEX_POINT('',#2491);
#791=VERTEX_POINT('',#2493);
#792=VERTEX_POINT('',#2495);
#793=VERTEX_POINT('',#2499);
#794=VERTEX_POINT('',#2500);
#795=VERTEX_POINT('',#2502);
#796=VERTEX_POINT('',#2504);
#797=VERTEX_POINT('',#2508);
#798=VERTEX_POINT('',#2510);
#799=VERTEX_POINT('',#2514);
#800=VERTEX_POINT('',#2516);
#801=VERTEX_POINT('',#2523);
#802=VERTEX_POINT('',#2524);
#803=VERTEX_POINT('',#2526);
#804=VERTEX_POINT('',#2528);
#805=VERTEX_POINT('',#2532);
#806=VERTEX_POINT('',#2533);
#807=VERTEX_POINT('',#2535);
#808=VERTEX_POINT('',#2537);
#809=VERTEX_POINT('',#2541);
#810=VERTEX_POINT('',#2543);
#811=VERTEX_POINT('',#2547);
#812=VERTEX_POINT('',#2549);
#813=VERTEX_POINT('',#2556);
#814=VERTEX_POINT('',#2557);
#815=VERTEX_POINT('',#2559);
#816=VERTEX_POINT('',#2561);
#817=VERTEX_POINT('',#2565);
#818=VERTEX_POINT('',#2567);
#819=VERTEX_POINT('',#2571);
#820=VERTEX_POINT('',#2575);
#821=VERTEX_POINT('',#2581);
#822=VERTEX_POINT('',#2583);
#823=VERTEX_POINT('',#2587);
#824=VERTEX_POINT('',#2591);
#825=VERTEX_POINT('',#2597);
#826=VERTEX_POINT('',#2599);
#827=VERTEX_POINT('',#2603);
#828=VERTEX_POINT('',#2607);
#829=VERTEX_POINT('',#2613);
#830=VERTEX_POINT('',#2615);
#831=VERTEX_POINT('',#2619);
#832=VERTEX_POINT('',#2623);
#833=VERTEX_POINT('',#2629);
#834=VERTEX_POINT('',#2631);
#835=VERTEX_POINT('',#2635);
#836=VERTEX_POINT('',#2639);
#837=VERTEX_POINT('',#2645);
#838=VERTEX_POINT('',#2647);
#839=VERTEX_POINT('',#2651);
#840=VERTEX_POINT('',#2655);
#841=VERTEX_POINT('',#2661);
#842=VERTEX_POINT('',#2663);
#843=VERTEX_POINT('',#2667);
#844=VERTEX_POINT('',#2671);
#845=VERTEX_POINT('',#2677);
#846=VERTEX_POINT('',#2679);
#847=VERTEX_POINT('',#2683);
#848=VERTEX_POINT('',#2687);
#849=VERTEX_POINT('',#2693);
#850=VERTEX_POINT('',#2694);
#851=VERTEX_POINT('',#2696);
#852=VERTEX_POINT('',#2698);
#853=VERTEX_POINT('',#2702);
#854=VERTEX_POINT('',#2704);
#855=VERTEX_POINT('',#2708);
#856=VERTEX_POINT('',#2710);
#857=VERTEX_POINT('',#2712);
#858=VERTEX_POINT('',#2714);
#859=VERTEX_POINT('',#2716);
#860=VERTEX_POINT('',#2719);
#861=VERTEX_POINT('',#2721);
#862=VERTEX_POINT('',#2723);
#863=VERTEX_POINT('',#2725);
#864=VERTEX_POINT('',#2727);
#865=VERTEX_POINT('',#2729);
#866=VERTEX_POINT('',#2732);
#867=VERTEX_POINT('',#2734);
#868=VERTEX_POINT('',#2738);
#869=VERTEX_POINT('',#2744);
#870=VERTEX_POINT('',#2746);
#871=VERTEX_POINT('',#2752);
#872=VERTEX_POINT('',#2756);
#873=VERTEX_POINT('',#2760);
#874=VERTEX_POINT('',#2764);
#875=VERTEX_POINT('',#2768);
#876=VERTEX_POINT('',#2772);
#877=EDGE_CURVE('',#721,#722,#293,.T.);
#878=EDGE_CURVE('',#721,#723,#294,.T.);
#879=EDGE_CURVE('',#724,#723,#295,.T.);
#880=EDGE_CURVE('',#722,#724,#296,.T.);
#881=EDGE_CURVE('',#725,#721,#297,.T.);
#882=EDGE_CURVE('',#725,#726,#298,.T.);
#883=EDGE_CURVE('',#723,#726,#299,.T.);
#884=EDGE_CURVE('',#722,#727,#300,.T.);
#885=EDGE_CURVE('',#728,#724,#301,.T.);
#886=EDGE_CURVE('',#727,#728,#302,.T.);
#887=EDGE_CURVE('',#727,#725,#303,.T.);
#888=EDGE_CURVE('',#726,#728,#304,.T.);
#889=EDGE_CURVE('',#729,#730,#305,.T.);
#890=EDGE_CURVE('',#730,#731,#306,.T.);
#891=EDGE_CURVE('',#731,#732,#307,.T.);
#892=EDGE_CURVE('',#732,#729,#308,.T.);
#893=EDGE_CURVE('',#733,#734,#309,.T.);
#894=EDGE_CURVE('',#733,#735,#310,.T.);
#895=EDGE_CURVE('',#736,#735,#311,.T.);
#896=EDGE_CURVE('',#734,#736,#312,.T.);
#897=EDGE_CURVE('',#737,#733,#313,.T.);
#898=EDGE_CURVE('',#737,#738,#314,.T.);
#899=EDGE_CURVE('',#735,#738,#315,.T.);
#900=EDGE_CURVE('',#734,#739,#316,.T.);
#901=EDGE_CURVE('',#740,#736,#317,.T.);
#902=EDGE_CURVE('',#739,#740,#318,.T.);
#903=EDGE_CURVE('',#739,#737,#319,.T.);
#904=EDGE_CURVE('',#738,#740,#320,.T.);
#905=EDGE_CURVE('',#741,#742,#321,.T.);
#906=EDGE_CURVE('',#742,#743,#322,.T.);
#907=EDGE_CURVE('',#743,#744,#323,.T.);
#908=EDGE_CURVE('',#744,#741,#324,.T.);
#909=EDGE_CURVE('',#745,#746,#325,.T.);
#910=EDGE_CURVE('',#745,#747,#326,.T.);
#911=EDGE_CURVE('',#748,#747,#327,.T.);
#912=EDGE_CURVE('',#746,#748,#328,.T.);
#913=EDGE_CURVE('',#749,#745,#329,.T.);
#914=EDGE_CURVE('',#749,#750,#330,.T.);
#915=EDGE_CURVE('',#747,#750,#331,.T.);
#916=EDGE_CURVE('',#746,#751,#332,.T.);
#917=EDGE_CURVE('',#752,#748,#333,.T.);
#918=EDGE_CURVE('',#751,#752,#334,.T.);
#919=EDGE_CURVE('',#751,#749,#335,.T.);
#920=EDGE_CURVE('',#750,#752,#336,.T.);
#921=EDGE_CURVE('',#753,#754,#337,.T.);
#922=EDGE_CURVE('',#754,#755,#338,.T.);
#923=EDGE_CURVE('',#755,#756,#339,.T.);
#924=EDGE_CURVE('',#756,#753,#340,.T.);
#925=EDGE_CURVE('',#757,#758,#341,.T.);
#926=EDGE_CURVE('',#757,#759,#342,.T.);
#927=EDGE_CURVE('',#760,#759,#343,.T.);
#928=EDGE_CURVE('',#758,#760,#344,.T.);
#929=EDGE_CURVE('',#761,#757,#345,.T.);
#930=EDGE_CURVE('',#761,#762,#346,.T.);
#931=EDGE_CURVE('',#759,#762,#347,.T.);
#932=EDGE_CURVE('',#758,#763,#348,.T.);
#933=EDGE_CURVE('',#764,#760,#349,.T.);
#934=EDGE_CURVE('',#763,#764,#350,.T.);
#935=EDGE_CURVE('',#763,#761,#351,.T.);
#936=EDGE_CURVE('',#762,#764,#352,.T.);
#937=EDGE_CURVE('',#765,#766,#353,.T.);
#938=EDGE_CURVE('',#766,#767,#354,.T.);
#939=EDGE_CURVE('',#767,#768,#355,.T.);
#940=EDGE_CURVE('',#768,#765,#356,.T.);
#941=EDGE_CURVE('',#769,#770,#357,.T.);
#942=EDGE_CURVE('',#769,#771,#358,.T.);
#943=EDGE_CURVE('',#772,#771,#359,.T.);
#944=EDGE_CURVE('',#770,#772,#360,.T.);
#945=EDGE_CURVE('',#773,#769,#361,.T.);
#946=EDGE_CURVE('',#773,#774,#362,.T.);
#947=EDGE_CURVE('',#771,#774,#363,.T.);
#948=EDGE_CURVE('',#770,#775,#364,.T.);
#949=EDGE_CURVE('',#776,#772,#365,.T.);
#950=EDGE_CURVE('',#775,#776,#366,.T.);
#951=EDGE_CURVE('',#775,#773,#367,.T.);
#952=EDGE_CURVE('',#774,#776,#368,.T.);
#953=EDGE_CURVE('',#777,#778,#369,.T.);
#954=EDGE_CURVE('',#778,#779,#370,.T.);
#955=EDGE_CURVE('',#779,#780,#371,.T.);
#956=EDGE_CURVE('',#780,#777,#372,.T.);
#957=EDGE_CURVE('',#781,#782,#373,.T.);
#958=EDGE_CURVE('',#781,#783,#374,.T.);
#959=EDGE_CURVE('',#784,#783,#375,.T.);
#960=EDGE_CURVE('',#782,#784,#376,.T.);
#961=EDGE_CURVE('',#785,#781,#377,.T.);
#962=EDGE_CURVE('',#785,#786,#378,.T.);
#963=EDGE_CURVE('',#783,#786,#379,.T.);
#964=EDGE_CURVE('',#782,#787,#380,.T.);
#965=EDGE_CURVE('',#788,#784,#381,.T.);
#966=EDGE_CURVE('',#787,#788,#382,.T.);
#967=EDGE_CURVE('',#787,#785,#383,.T.);
#968=EDGE_CURVE('',#786,#788,#384,.T.);
#969=EDGE_CURVE('',#789,#790,#385,.T.);
#970=EDGE_CURVE('',#790,#791,#386,.T.);
#971=EDGE_CURVE('',#791,#792,#387,.T.);
#972=EDGE_CURVE('',#792,#789,#388,.T.);
#973=EDGE_CURVE('',#793,#794,#389,.T.);
#974=EDGE_CURVE('',#793,#795,#390,.T.);
#975=EDGE_CURVE('',#796,#795,#391,.T.);
#976=EDGE_CURVE('',#794,#796,#392,.T.);
#977=EDGE_CURVE('',#797,#793,#393,.T.);
#978=EDGE_CURVE('',#797,#798,#394,.T.);
#979=EDGE_CURVE('',#795,#798,#395,.T.);
#980=EDGE_CURVE('',#794,#799,#396,.T.);
#981=EDGE_CURVE('',#800,#796,#397,.T.);
#982=EDGE_CURVE('',#799,#800,#398,.T.);
#983=EDGE_CURVE('',#799,#797,#399,.T.);
#984=EDGE_CURVE('',#798,#800,#400,.T.);
#985=EDGE_CURVE('',#801,#802,#401,.T.);
#986=EDGE_CURVE('',#802,#803,#402,.T.);
#987=EDGE_CURVE('',#803,#804,#403,.T.);
#988=EDGE_CURVE('',#804,#801,#404,.T.);
#989=EDGE_CURVE('',#805,#806,#405,.T.);
#990=EDGE_CURVE('',#805,#807,#406,.T.);
#991=EDGE_CURVE('',#808,#807,#407,.T.);
#992=EDGE_CURVE('',#806,#808,#408,.T.);
#993=EDGE_CURVE('',#809,#805,#409,.T.);
#994=EDGE_CURVE('',#809,#810,#410,.T.);
#995=EDGE_CURVE('',#807,#810,#411,.T.);
#996=EDGE_CURVE('',#806,#811,#412,.T.);
#997=EDGE_CURVE('',#812,#808,#413,.T.);
#998=EDGE_CURVE('',#811,#812,#414,.T.);
#999=EDGE_CURVE('',#811,#809,#415,.T.);
#1000=EDGE_CURVE('',#810,#812,#416,.T.);
#1001=EDGE_CURVE('',#813,#814,#417,.T.);
#1002=EDGE_CURVE('',#814,#815,#418,.T.);
#1003=EDGE_CURVE('',#815,#816,#419,.T.);
#1004=EDGE_CURVE('',#816,#813,#420,.T.);
#1005=EDGE_CURVE('',#817,#792,#421,.T.);
#1006=EDGE_CURVE('',#818,#817,#422,.T.);
#1007=EDGE_CURVE('',#818,#789,#423,.T.);
#1008=EDGE_CURVE('',#819,#818,#424,.T.);
#1009=EDGE_CURVE('',#819,#790,#425,.T.);
#1010=EDGE_CURVE('',#820,#819,#426,.T.);
#1011=EDGE_CURVE('',#820,#791,#427,.T.);
#1012=EDGE_CURVE('',#817,#820,#428,.T.);
#1013=EDGE_CURVE('',#821,#780,#429,.T.);
#1014=EDGE_CURVE('',#822,#821,#430,.T.);
#1015=EDGE_CURVE('',#822,#777,#431,.T.);
#1016=EDGE_CURVE('',#823,#822,#432,.T.);
#1017=EDGE_CURVE('',#823,#778,#433,.T.);
#1018=EDGE_CURVE('',#824,#823,#434,.T.);
#1019=EDGE_CURVE('',#824,#779,#435,.T.);
#1020=EDGE_CURVE('',#821,#824,#436,.T.);
#1021=EDGE_CURVE('',#825,#816,#437,.T.);
#1022=EDGE_CURVE('',#826,#825,#438,.T.);
#1023=EDGE_CURVE('',#826,#813,#439,.T.);
#1024=EDGE_CURVE('',#827,#826,#440,.T.);
#1025=EDGE_CURVE('',#827,#814,#441,.T.);
#1026=EDGE_CURVE('',#828,#827,#442,.T.);
#1027=EDGE_CURVE('',#828,#815,#443,.T.);
#1028=EDGE_CURVE('',#825,#828,#444,.T.);
#1029=EDGE_CURVE('',#829,#804,#445,.T.);
#1030=EDGE_CURVE('',#830,#829,#446,.T.);
#1031=EDGE_CURVE('',#830,#801,#447,.T.);
#1032=EDGE_CURVE('',#831,#830,#448,.T.);
#1033=EDGE_CURVE('',#831,#802,#449,.T.);
#1034=EDGE_CURVE('',#832,#831,#450,.T.);
#1035=EDGE_CURVE('',#832,#803,#451,.T.);
#1036=EDGE_CURVE('',#829,#832,#452,.T.);
#1037=EDGE_CURVE('',#833,#744,#453,.T.);
#1038=EDGE_CURVE('',#834,#833,#454,.T.);
#1039=EDGE_CURVE('',#834,#741,#455,.T.);
#1040=EDGE_CURVE('',#835,#834,#456,.T.);
#1041=EDGE_CURVE('',#835,#742,#457,.T.);
#1042=EDGE_CURVE('',#836,#835,#458,.T.);
#1043=EDGE_CURVE('',#836,#743,#459,.T.);
#1044=EDGE_CURVE('',#833,#836,#460,.T.);
#1045=EDGE_CURVE('',#837,#732,#461,.T.);
#1046=EDGE_CURVE('',#838,#837,#462,.T.);
#1047=EDGE_CURVE('',#838,#729,#463,.T.);
#1048=EDGE_CURVE('',#839,#838,#464,.T.);
#1049=EDGE_CURVE('',#839,#730,#465,.T.);
#1050=EDGE_CURVE('',#840,#839,#466,.T.);
#1051=EDGE_CURVE('',#840,#731,#467,.T.);
#1052=EDGE_CURVE('',#837,#840,#468,.T.);
#1053=EDGE_CURVE('',#841,#768,#469,.T.);
#1054=EDGE_CURVE('',#842,#841,#470,.T.);
#1055=EDGE_CURVE('',#842,#765,#471,.T.);
#1056=EDGE_CURVE('',#843,#842,#472,.T.);
#1057=EDGE_CURVE('',#843,#766,#473,.T.);
#1058=EDGE_CURVE('',#844,#843,#474,.T.);
#1059=EDGE_CURVE('',#844,#767,#475,.T.);
#1060=EDGE_CURVE('',#841,#844,#476,.T.);
#1061=EDGE_CURVE('',#845,#756,#477,.T.);
#1062=EDGE_CURVE('',#846,#845,#478,.T.);
#1063=EDGE_CURVE('',#846,#753,#479,.T.);
#1064=EDGE_CURVE('',#847,#846,#480,.T.);
#1065=EDGE_CURVE('',#847,#754,#481,.T.);
#1066=EDGE_CURVE('',#848,#847,#482,.T.);
#1067=EDGE_CURVE('',#848,#755,#483,.T.);
#1068=EDGE_CURVE('',#845,#848,#484,.T.);
#1069=EDGE_CURVE('',#849,#850,#15,.T.);
#1070=EDGE_CURVE('',#850,#851,#485,.T.);
#1071=EDGE_CURVE('',#851,#852,#16,.T.);
#1072=EDGE_CURVE('',#852,#849,#486,.T.);
#1073=EDGE_CURVE('',#853,#850,#487,.T.);
#1074=EDGE_CURVE('',#854,#853,#488,.T.);
#1075=EDGE_CURVE('',#851,#854,#489,.T.);
#1076=EDGE_CURVE('',#849,#855,#490,.T.);
#1077=EDGE_CURVE('',#856,#855,#17,.T.);
#1078=EDGE_CURVE('',#856,#857,#491,.T.);
#1079=EDGE_CURVE('',#858,#857,#18,.T.);
#1080=EDGE_CURVE('',#858,#859,#492,.T.);
#1081=EDGE_CURVE('',#853,#859,#19,.T.);
#1082=EDGE_CURVE('',#860,#860,#20,.T.);
#1083=EDGE_CURVE('',#861,#861,#21,.T.);
#1084=EDGE_CURVE('',#862,#862,#22,.T.);
#1085=EDGE_CURVE('',#863,#863,#23,.T.);
#1086=EDGE_CURVE('',#864,#864,#24,.T.);
#1087=EDGE_CURVE('',#865,#865,#25,.T.);
#1088=EDGE_CURVE('',#857,#866,#493,.T.);
#1089=EDGE_CURVE('',#866,#867,#26,.T.);
#1090=EDGE_CURVE('',#867,#858,#494,.T.);
#1091=EDGE_CURVE('',#868,#867,#495,.T.);
#1092=EDGE_CURVE('',#859,#868,#496,.T.);
#1093=EDGE_CURVE('',#868,#854,#27,.T.);
#1094=EDGE_CURVE('',#855,#869,#497,.T.);
#1095=EDGE_CURVE('',#869,#870,#28,.T.);
#1096=EDGE_CURVE('',#870,#856,#498,.T.);
#1097=EDGE_CURVE('',#866,#870,#499,.T.);
#1098=EDGE_CURVE('',#871,#871,#29,.T.);
#1099=EDGE_CURVE('',#871,#860,#500,.T.);
#1100=EDGE_CURVE('',#872,#872,#30,.T.);
#1101=EDGE_CURVE('',#872,#861,#501,.T.);
#1102=EDGE_CURVE('',#873,#873,#31,.T.);
#1103=EDGE_CURVE('',#873,#862,#502,.T.);
#1104=EDGE_CURVE('',#865,#874,#503,.T.);
#1105=EDGE_CURVE('',#874,#874,#32,.T.);
#1106=EDGE_CURVE('',#864,#875,#504,.T.);
#1107=EDGE_CURVE('',#875,#875,#33,.T.);
#1108=EDGE_CURVE('',#863,#876,#505,.T.);
#1109=EDGE_CURVE('',#876,#876,#34,.T.);
#1110=EDGE_CURVE('',#869,#852,#506,.T.);
#1111=ORIENTED_EDGE('',*,*,#877,.F.);
#1112=ORIENTED_EDGE('',*,*,#878,.T.);
#1113=ORIENTED_EDGE('',*,*,#879,.F.);
#1114=ORIENTED_EDGE('',*,*,#880,.F.);
#1115=ORIENTED_EDGE('',*,*,#881,.F.);
#1116=ORIENTED_EDGE('',*,*,#882,.T.);
#1117=ORIENTED_EDGE('',*,*,#883,.F.);
#1118=ORIENTED_EDGE('',*,*,#878,.F.);
#1119=ORIENTED_EDGE('',*,*,#884,.F.);
#1120=ORIENTED_EDGE('',*,*,#880,.T.);
#1121=ORIENTED_EDGE('',*,*,#885,.F.);
#1122=ORIENTED_EDGE('',*,*,#886,.F.);
#1123=ORIENTED_EDGE('',*,*,#887,.F.);
#1124=ORIENTED_EDGE('',*,*,#886,.T.);
#1125=ORIENTED_EDGE('',*,*,#888,.F.);
#1126=ORIENTED_EDGE('',*,*,#882,.F.);
#1127=ORIENTED_EDGE('',*,*,#888,.T.);
#1128=ORIENTED_EDGE('',*,*,#885,.T.);
#1129=ORIENTED_EDGE('',*,*,#879,.T.);
#1130=ORIENTED_EDGE('',*,*,#883,.T.);
#1131=ORIENTED_EDGE('',*,*,#889,.T.);
#1132=ORIENTED_EDGE('',*,*,#890,.T.);
#1133=ORIENTED_EDGE('',*,*,#891,.T.);
#1134=ORIENTED_EDGE('',*,*,#892,.T.);
#1135=ORIENTED_EDGE('',*,*,#893,.F.);
#1136=ORIENTED_EDGE('',*,*,#894,.T.);
#1137=ORIENTED_EDGE('',*,*,#895,.F.);
#1138=ORIENTED_EDGE('',*,*,#896,.F.);
#1139=ORIENTED_EDGE('',*,*,#897,.F.);
#1140=ORIENTED_EDGE('',*,*,#898,.T.);
#1141=ORIENTED_EDGE('',*,*,#899,.F.);
#1142=ORIENTED_EDGE('',*,*,#894,.F.);
#1143=ORIENTED_EDGE('',*,*,#900,.F.);
#1144=ORIENTED_EDGE('',*,*,#896,.T.);
#1145=ORIENTED_EDGE('',*,*,#901,.F.);
#1146=ORIENTED_EDGE('',*,*,#902,.F.);
#1147=ORIENTED_EDGE('',*,*,#903,.F.);
#1148=ORIENTED_EDGE('',*,*,#902,.T.);
#1149=ORIENTED_EDGE('',*,*,#904,.F.);
#1150=ORIENTED_EDGE('',*,*,#898,.F.);
#1151=ORIENTED_EDGE('',*,*,#904,.T.);
#1152=ORIENTED_EDGE('',*,*,#901,.T.);
#1153=ORIENTED_EDGE('',*,*,#895,.T.);
#1154=ORIENTED_EDGE('',*,*,#899,.T.);
#1155=ORIENTED_EDGE('',*,*,#905,.T.);
#1156=ORIENTED_EDGE('',*,*,#906,.T.);
#1157=ORIENTED_EDGE('',*,*,#907,.T.);
#1158=ORIENTED_EDGE('',*,*,#908,.T.);
#1159=ORIENTED_EDGE('',*,*,#909,.F.);
#1160=ORIENTED_EDGE('',*,*,#910,.T.);
#1161=ORIENTED_EDGE('',*,*,#911,.F.);
#1162=ORIENTED_EDGE('',*,*,#912,.F.);
#1163=ORIENTED_EDGE('',*,*,#913,.F.);
#1164=ORIENTED_EDGE('',*,*,#914,.T.);
#1165=ORIENTED_EDGE('',*,*,#915,.F.);
#1166=ORIENTED_EDGE('',*,*,#910,.F.);
#1167=ORIENTED_EDGE('',*,*,#916,.F.);
#1168=ORIENTED_EDGE('',*,*,#912,.T.);
#1169=ORIENTED_EDGE('',*,*,#917,.F.);
#1170=ORIENTED_EDGE('',*,*,#918,.F.);
#1171=ORIENTED_EDGE('',*,*,#919,.F.);
#1172=ORIENTED_EDGE('',*,*,#918,.T.);
#1173=ORIENTED_EDGE('',*,*,#920,.F.);
#1174=ORIENTED_EDGE('',*,*,#914,.F.);
#1175=ORIENTED_EDGE('',*,*,#920,.T.);
#1176=ORIENTED_EDGE('',*,*,#917,.T.);
#1177=ORIENTED_EDGE('',*,*,#911,.T.);
#1178=ORIENTED_EDGE('',*,*,#915,.T.);
#1179=ORIENTED_EDGE('',*,*,#921,.T.);
#1180=ORIENTED_EDGE('',*,*,#922,.T.);
#1181=ORIENTED_EDGE('',*,*,#923,.T.);
#1182=ORIENTED_EDGE('',*,*,#924,.T.);
#1183=ORIENTED_EDGE('',*,*,#925,.F.);
#1184=ORIENTED_EDGE('',*,*,#926,.T.);
#1185=ORIENTED_EDGE('',*,*,#927,.F.);
#1186=ORIENTED_EDGE('',*,*,#928,.F.);
#1187=ORIENTED_EDGE('',*,*,#929,.F.);
#1188=ORIENTED_EDGE('',*,*,#930,.T.);
#1189=ORIENTED_EDGE('',*,*,#931,.F.);
#1190=ORIENTED_EDGE('',*,*,#926,.F.);
#1191=ORIENTED_EDGE('',*,*,#932,.F.);
#1192=ORIENTED_EDGE('',*,*,#928,.T.);
#1193=ORIENTED_EDGE('',*,*,#933,.F.);
#1194=ORIENTED_EDGE('',*,*,#934,.F.);
#1195=ORIENTED_EDGE('',*,*,#935,.F.);
#1196=ORIENTED_EDGE('',*,*,#934,.T.);
#1197=ORIENTED_EDGE('',*,*,#936,.F.);
#1198=ORIENTED_EDGE('',*,*,#930,.F.);
#1199=ORIENTED_EDGE('',*,*,#936,.T.);
#1200=ORIENTED_EDGE('',*,*,#933,.T.);
#1201=ORIENTED_EDGE('',*,*,#927,.T.);
#1202=ORIENTED_EDGE('',*,*,#931,.T.);
#1203=ORIENTED_EDGE('',*,*,#937,.T.);
#1204=ORIENTED_EDGE('',*,*,#938,.T.);
#1205=ORIENTED_EDGE('',*,*,#939,.T.);
#1206=ORIENTED_EDGE('',*,*,#940,.T.);
#1207=ORIENTED_EDGE('',*,*,#941,.F.);
#1208=ORIENTED_EDGE('',*,*,#942,.T.);
#1209=ORIENTED_EDGE('',*,*,#943,.F.);
#1210=ORIENTED_EDGE('',*,*,#944,.F.);
#1211=ORIENTED_EDGE('',*,*,#945,.F.);
#1212=ORIENTED_EDGE('',*,*,#946,.T.);
#1213=ORIENTED_EDGE('',*,*,#947,.F.);
#1214=ORIENTED_EDGE('',*,*,#942,.F.);
#1215=ORIENTED_EDGE('',*,*,#948,.F.);
#1216=ORIENTED_EDGE('',*,*,#944,.T.);
#1217=ORIENTED_EDGE('',*,*,#949,.F.);
#1218=ORIENTED_EDGE('',*,*,#950,.F.);
#1219=ORIENTED_EDGE('',*,*,#951,.F.);
#1220=ORIENTED_EDGE('',*,*,#950,.T.);
#1221=ORIENTED_EDGE('',*,*,#952,.F.);
#1222=ORIENTED_EDGE('',*,*,#946,.F.);
#1223=ORIENTED_EDGE('',*,*,#952,.T.);
#1224=ORIENTED_EDGE('',*,*,#949,.T.);
#1225=ORIENTED_EDGE('',*,*,#943,.T.);
#1226=ORIENTED_EDGE('',*,*,#947,.T.);
#1227=ORIENTED_EDGE('',*,*,#953,.T.);
#1228=ORIENTED_EDGE('',*,*,#954,.T.);
#1229=ORIENTED_EDGE('',*,*,#955,.T.);
#1230=ORIENTED_EDGE('',*,*,#956,.T.);
#1231=ORIENTED_EDGE('',*,*,#957,.F.);
#1232=ORIENTED_EDGE('',*,*,#958,.T.);
#1233=ORIENTED_EDGE('',*,*,#959,.F.);
#1234=ORIENTED_EDGE('',*,*,#960,.F.);
#1235=ORIENTED_EDGE('',*,*,#961,.F.);
#1236=ORIENTED_EDGE('',*,*,#962,.T.);
#1237=ORIENTED_EDGE('',*,*,#963,.F.);
#1238=ORIENTED_EDGE('',*,*,#958,.F.);
#1239=ORIENTED_EDGE('',*,*,#964,.F.);
#1240=ORIENTED_EDGE('',*,*,#960,.T.);
#1241=ORIENTED_EDGE('',*,*,#965,.F.);
#1242=ORIENTED_EDGE('',*,*,#966,.F.);
#1243=ORIENTED_EDGE('',*,*,#967,.F.);
#1244=ORIENTED_EDGE('',*,*,#966,.T.);
#1245=ORIENTED_EDGE('',*,*,#968,.F.);
#1246=ORIENTED_EDGE('',*,*,#962,.F.);
#1247=ORIENTED_EDGE('',*,*,#968,.T.);
#1248=ORIENTED_EDGE('',*,*,#965,.T.);
#1249=ORIENTED_EDGE('',*,*,#959,.T.);
#1250=ORIENTED_EDGE('',*,*,#963,.T.);
#1251=ORIENTED_EDGE('',*,*,#969,.T.);
#1252=ORIENTED_EDGE('',*,*,#970,.T.);
#1253=ORIENTED_EDGE('',*,*,#971,.T.);
#1254=ORIENTED_EDGE('',*,*,#972,.T.);
#1255=ORIENTED_EDGE('',*,*,#973,.F.);
#1256=ORIENTED_EDGE('',*,*,#974,.T.);
#1257=ORIENTED_EDGE('',*,*,#975,.F.);
#1258=ORIENTED_EDGE('',*,*,#976,.F.);
#1259=ORIENTED_EDGE('',*,*,#977,.F.);
#1260=ORIENTED_EDGE('',*,*,#978,.T.);
#1261=ORIENTED_EDGE('',*,*,#979,.F.);
#1262=ORIENTED_EDGE('',*,*,#974,.F.);
#1263=ORIENTED_EDGE('',*,*,#980,.F.);
#1264=ORIENTED_EDGE('',*,*,#976,.T.);
#1265=ORIENTED_EDGE('',*,*,#981,.F.);
#1266=ORIENTED_EDGE('',*,*,#982,.F.);
#1267=ORIENTED_EDGE('',*,*,#983,.F.);
#1268=ORIENTED_EDGE('',*,*,#982,.T.);
#1269=ORIENTED_EDGE('',*,*,#984,.F.);
#1270=ORIENTED_EDGE('',*,*,#978,.F.);
#1271=ORIENTED_EDGE('',*,*,#984,.T.);
#1272=ORIENTED_EDGE('',*,*,#981,.T.);
#1273=ORIENTED_EDGE('',*,*,#975,.T.);
#1274=ORIENTED_EDGE('',*,*,#979,.T.);
#1275=ORIENTED_EDGE('',*,*,#985,.T.);
#1276=ORIENTED_EDGE('',*,*,#986,.T.);
#1277=ORIENTED_EDGE('',*,*,#987,.T.);
#1278=ORIENTED_EDGE('',*,*,#988,.T.);
#1279=ORIENTED_EDGE('',*,*,#989,.F.);
#1280=ORIENTED_EDGE('',*,*,#990,.T.);
#1281=ORIENTED_EDGE('',*,*,#991,.F.);
#1282=ORIENTED_EDGE('',*,*,#992,.F.);
#1283=ORIENTED_EDGE('',*,*,#993,.F.);
#1284=ORIENTED_EDGE('',*,*,#994,.T.);
#1285=ORIENTED_EDGE('',*,*,#995,.F.);
#1286=ORIENTED_EDGE('',*,*,#990,.F.);
#1287=ORIENTED_EDGE('',*,*,#996,.F.);
#1288=ORIENTED_EDGE('',*,*,#992,.T.);
#1289=ORIENTED_EDGE('',*,*,#997,.F.);
#1290=ORIENTED_EDGE('',*,*,#998,.F.);
#1291=ORIENTED_EDGE('',*,*,#999,.F.);
#1292=ORIENTED_EDGE('',*,*,#998,.T.);
#1293=ORIENTED_EDGE('',*,*,#1000,.F.);
#1294=ORIENTED_EDGE('',*,*,#994,.F.);
#1295=ORIENTED_EDGE('',*,*,#1000,.T.);
#1296=ORIENTED_EDGE('',*,*,#997,.T.);
#1297=ORIENTED_EDGE('',*,*,#991,.T.);
#1298=ORIENTED_EDGE('',*,*,#995,.T.);
#1299=ORIENTED_EDGE('',*,*,#1001,.T.);
#1300=ORIENTED_EDGE('',*,*,#1002,.T.);
#1301=ORIENTED_EDGE('',*,*,#1003,.T.);
#1302=ORIENTED_EDGE('',*,*,#1004,.T.);
#1303=ORIENTED_EDGE('',*,*,#1005,.F.);
#1304=ORIENTED_EDGE('',*,*,#1006,.F.);
#1305=ORIENTED_EDGE('',*,*,#1007,.T.);
#1306=ORIENTED_EDGE('',*,*,#972,.F.);
#1307=ORIENTED_EDGE('',*,*,#1007,.F.);
#1308=ORIENTED_EDGE('',*,*,#1008,.F.);
#1309=ORIENTED_EDGE('',*,*,#1009,.T.);
#1310=ORIENTED_EDGE('',*,*,#969,.F.);
#1311=ORIENTED_EDGE('',*,*,#1009,.F.);
#1312=ORIENTED_EDGE('',*,*,#1010,.F.);
#1313=ORIENTED_EDGE('',*,*,#1011,.T.);
#1314=ORIENTED_EDGE('',*,*,#970,.F.);
#1315=ORIENTED_EDGE('',*,*,#1011,.F.);
#1316=ORIENTED_EDGE('',*,*,#1012,.F.);
#1317=ORIENTED_EDGE('',*,*,#1005,.T.);
#1318=ORIENTED_EDGE('',*,*,#971,.F.);
#1319=ORIENTED_EDGE('',*,*,#1013,.F.);
#1320=ORIENTED_EDGE('',*,*,#1014,.F.);
#1321=ORIENTED_EDGE('',*,*,#1015,.T.);
#1322=ORIENTED_EDGE('',*,*,#956,.F.);
#1323=ORIENTED_EDGE('',*,*,#1015,.F.);
#1324=ORIENTED_EDGE('',*,*,#1016,.F.);
#1325=ORIENTED_EDGE('',*,*,#1017,.T.);
#1326=ORIENTED_EDGE('',*,*,#953,.F.);
#1327=ORIENTED_EDGE('',*,*,#1017,.F.);
#1328=ORIENTED_EDGE('',*,*,#1018,.F.);
#1329=ORIENTED_EDGE('',*,*,#1019,.T.);
#1330=ORIENTED_EDGE('',*,*,#954,.F.);
#1331=ORIENTED_EDGE('',*,*,#1019,.F.);
#1332=ORIENTED_EDGE('',*,*,#1020,.F.);
#1333=ORIENTED_EDGE('',*,*,#1013,.T.);
#1334=ORIENTED_EDGE('',*,*,#955,.F.);
#1335=ORIENTED_EDGE('',*,*,#1021,.F.);
#1336=ORIENTED_EDGE('',*,*,#1022,.F.);
#1337=ORIENTED_EDGE('',*,*,#1023,.T.);
#1338=ORIENTED_EDGE('',*,*,#1004,.F.);
#1339=ORIENTED_EDGE('',*,*,#1023,.F.);
#1340=ORIENTED_EDGE('',*,*,#1024,.F.);
#1341=ORIENTED_EDGE('',*,*,#1025,.T.);
#1342=ORIENTED_EDGE('',*,*,#1001,.F.);
#1343=ORIENTED_EDGE('',*,*,#1025,.F.);
#1344=ORIENTED_EDGE('',*,*,#1026,.F.);
#1345=ORIENTED_EDGE('',*,*,#1027,.T.);
#1346=ORIENTED_EDGE('',*,*,#1002,.F.);
#1347=ORIENTED_EDGE('',*,*,#1027,.F.);
#1348=ORIENTED_EDGE('',*,*,#1028,.F.);
#1349=ORIENTED_EDGE('',*,*,#1021,.T.);
#1350=ORIENTED_EDGE('',*,*,#1003,.F.);
#1351=ORIENTED_EDGE('',*,*,#1029,.F.);
#1352=ORIENTED_EDGE('',*,*,#1030,.F.);
#1353=ORIENTED_EDGE('',*,*,#1031,.T.);
#1354=ORIENTED_EDGE('',*,*,#988,.F.);
#1355=ORIENTED_EDGE('',*,*,#1031,.F.);
#1356=ORIENTED_EDGE('',*,*,#1032,.F.);
#1357=ORIENTED_EDGE('',*,*,#1033,.T.);
#1358=ORIENTED_EDGE('',*,*,#985,.F.);
#1359=ORIENTED_EDGE('',*,*,#1033,.F.);
#1360=ORIENTED_EDGE('',*,*,#1034,.F.);
#1361=ORIENTED_EDGE('',*,*,#1035,.T.);
#1362=ORIENTED_EDGE('',*,*,#986,.F.);
#1363=ORIENTED_EDGE('',*,*,#1035,.F.);
#1364=ORIENTED_EDGE('',*,*,#1036,.F.);
#1365=ORIENTED_EDGE('',*,*,#1029,.T.);
#1366=ORIENTED_EDGE('',*,*,#987,.F.);
#1367=ORIENTED_EDGE('',*,*,#1037,.F.);
#1368=ORIENTED_EDGE('',*,*,#1038,.F.);
#1369=ORIENTED_EDGE('',*,*,#1039,.T.);
#1370=ORIENTED_EDGE('',*,*,#908,.F.);
#1371=ORIENTED_EDGE('',*,*,#1039,.F.);
#1372=ORIENTED_EDGE('',*,*,#1040,.F.);
#1373=ORIENTED_EDGE('',*,*,#1041,.T.);
#1374=ORIENTED_EDGE('',*,*,#905,.F.);
#1375=ORIENTED_EDGE('',*,*,#1041,.F.);
#1376=ORIENTED_EDGE('',*,*,#1042,.F.);
#1377=ORIENTED_EDGE('',*,*,#1043,.T.);
#1378=ORIENTED_EDGE('',*,*,#906,.F.);
#1379=ORIENTED_EDGE('',*,*,#1043,.F.);
#1380=ORIENTED_EDGE('',*,*,#1044,.F.);
#1381=ORIENTED_EDGE('',*,*,#1037,.T.);
#1382=ORIENTED_EDGE('',*,*,#907,.F.);
#1383=ORIENTED_EDGE('',*,*,#1045,.F.);
#1384=ORIENTED_EDGE('',*,*,#1046,.F.);
#1385=ORIENTED_EDGE('',*,*,#1047,.T.);
#1386=ORIENTED_EDGE('',*,*,#892,.F.);
#1387=ORIENTED_EDGE('',*,*,#1047,.F.);
#1388=ORIENTED_EDGE('',*,*,#1048,.F.);
#1389=ORIENTED_EDGE('',*,*,#1049,.T.);
#1390=ORIENTED_EDGE('',*,*,#889,.F.);
#1391=ORIENTED_EDGE('',*,*,#1049,.F.);
#1392=ORIENTED_EDGE('',*,*,#1050,.F.);
#1393=ORIENTED_EDGE('',*,*,#1051,.T.);
#1394=ORIENTED_EDGE('',*,*,#890,.F.);
#1395=ORIENTED_EDGE('',*,*,#1051,.F.);
#1396=ORIENTED_EDGE('',*,*,#1052,.F.);
#1397=ORIENTED_EDGE('',*,*,#1045,.T.);
#1398=ORIENTED_EDGE('',*,*,#891,.F.);
#1399=ORIENTED_EDGE('',*,*,#1053,.F.);
#1400=ORIENTED_EDGE('',*,*,#1054,.F.);
#1401=ORIENTED_EDGE('',*,*,#1055,.T.);
#1402=ORIENTED_EDGE('',*,*,#940,.F.);
#1403=ORIENTED_EDGE('',*,*,#1055,.F.);
#1404=ORIENTED_EDGE('',*,*,#1056,.F.);
#1405=ORIENTED_EDGE('',*,*,#1057,.T.);
#1406=ORIENTED_EDGE('',*,*,#937,.F.);
#1407=ORIENTED_EDGE('',*,*,#1057,.F.);
#1408=ORIENTED_EDGE('',*,*,#1058,.F.);
#1409=ORIENTED_EDGE('',*,*,#1059,.T.);
#1410=ORIENTED_EDGE('',*,*,#938,.F.);
#1411=ORIENTED_EDGE('',*,*,#1059,.F.);
#1412=ORIENTED_EDGE('',*,*,#1060,.F.);
#1413=ORIENTED_EDGE('',*,*,#1053,.T.);
#1414=ORIENTED_EDGE('',*,*,#939,.F.);
#1415=ORIENTED_EDGE('',*,*,#1061,.F.);
#1416=ORIENTED_EDGE('',*,*,#1062,.F.);
#1417=ORIENTED_EDGE('',*,*,#1063,.T.);
#1418=ORIENTED_EDGE('',*,*,#924,.F.);
#1419=ORIENTED_EDGE('',*,*,#1063,.F.);
#1420=ORIENTED_EDGE('',*,*,#1064,.F.);
#1421=ORIENTED_EDGE('',*,*,#1065,.T.);
#1422=ORIENTED_EDGE('',*,*,#921,.F.);
#1423=ORIENTED_EDGE('',*,*,#1065,.F.);
#1424=ORIENTED_EDGE('',*,*,#1066,.F.);
#1425=ORIENTED_EDGE('',*,*,#1067,.T.);
#1426=ORIENTED_EDGE('',*,*,#922,.F.);
#1427=ORIENTED_EDGE('',*,*,#1067,.F.);
#1428=ORIENTED_EDGE('',*,*,#1068,.F.);
#1429=ORIENTED_EDGE('',*,*,#1061,.T.);
#1430=ORIENTED_EDGE('',*,*,#923,.F.);
#1431=ORIENTED_EDGE('',*,*,#1069,.T.);
#1432=ORIENTED_EDGE('',*,*,#1070,.T.);
#1433=ORIENTED_EDGE('',*,*,#1071,.T.);
#1434=ORIENTED_EDGE('',*,*,#1072,.T.);
#1435=ORIENTED_EDGE('',*,*,#1070,.F.);
#1436=ORIENTED_EDGE('',*,*,#1073,.F.);
#1437=ORIENTED_EDGE('',*,*,#1074,.F.);
#1438=ORIENTED_EDGE('',*,*,#1075,.F.);
#1439=ORIENTED_EDGE('',*,*,#1069,.F.);
#1440=ORIENTED_EDGE('',*,*,#1076,.T.);
#1441=ORIENTED_EDGE('',*,*,#1077,.F.);
#1442=ORIENTED_EDGE('',*,*,#1078,.T.);
#1443=ORIENTED_EDGE('',*,*,#1079,.F.);
#1444=ORIENTED_EDGE('',*,*,#1080,.T.);
#1445=ORIENTED_EDGE('',*,*,#1081,.F.);
#1446=ORIENTED_EDGE('',*,*,#1073,.T.);
#1447=ORIENTED_EDGE('',*,*,#881,.T.);
#1448=ORIENTED_EDGE('',*,*,#877,.T.);
#1449=ORIENTED_EDGE('',*,*,#884,.T.);
#1450=ORIENTED_EDGE('',*,*,#887,.T.);
#1451=ORIENTED_EDGE('',*,*,#897,.T.);
#1452=ORIENTED_EDGE('',*,*,#893,.T.);
#1453=ORIENTED_EDGE('',*,*,#900,.T.);
#1454=ORIENTED_EDGE('',*,*,#903,.T.);
#1455=ORIENTED_EDGE('',*,*,#913,.T.);
#1456=ORIENTED_EDGE('',*,*,#909,.T.);
#1457=ORIENTED_EDGE('',*,*,#916,.T.);
#1458=ORIENTED_EDGE('',*,*,#919,.T.);
#1459=ORIENTED_EDGE('',*,*,#929,.T.);
#1460=ORIENTED_EDGE('',*,*,#925,.T.);
#1461=ORIENTED_EDGE('',*,*,#932,.T.);
#1462=ORIENTED_EDGE('',*,*,#935,.T.);
#1463=ORIENTED_EDGE('',*,*,#945,.T.);
#1464=ORIENTED_EDGE('',*,*,#941,.T.);
#1465=ORIENTED_EDGE('',*,*,#948,.T.);
#1466=ORIENTED_EDGE('',*,*,#951,.T.);
#1467=ORIENTED_EDGE('',*,*,#961,.T.);
#1468=ORIENTED_EDGE('',*,*,#957,.T.);
#1469=ORIENTED_EDGE('',*,*,#964,.T.);
#1470=ORIENTED_EDGE('',*,*,#967,.T.);
#1471=ORIENTED_EDGE('',*,*,#977,.T.);
#1472=ORIENTED_EDGE('',*,*,#973,.T.);
#1473=ORIENTED_EDGE('',*,*,#980,.T.);
#1474=ORIENTED_EDGE('',*,*,#983,.T.);
#1475=ORIENTED_EDGE('',*,*,#993,.T.);
#1476=ORIENTED_EDGE('',*,*,#989,.T.);
#1477=ORIENTED_EDGE('',*,*,#996,.T.);
#1478=ORIENTED_EDGE('',*,*,#999,.T.);
#1479=ORIENTED_EDGE('',*,*,#1082,.T.);
#1480=ORIENTED_EDGE('',*,*,#1083,.T.);
#1481=ORIENTED_EDGE('',*,*,#1084,.T.);
#1482=ORIENTED_EDGE('',*,*,#1085,.T.);
#1483=ORIENTED_EDGE('',*,*,#1086,.T.);
#1484=ORIENTED_EDGE('',*,*,#1087,.T.);
#1485=ORIENTED_EDGE('',*,*,#1079,.T.);
#1486=ORIENTED_EDGE('',*,*,#1088,.T.);
#1487=ORIENTED_EDGE('',*,*,#1089,.T.);
#1488=ORIENTED_EDGE('',*,*,#1090,.T.);
#1489=ORIENTED_EDGE('',*,*,#1090,.F.);
#1490=ORIENTED_EDGE('',*,*,#1091,.F.);
#1491=ORIENTED_EDGE('',*,*,#1092,.F.);
#1492=ORIENTED_EDGE('',*,*,#1080,.F.);
#1493=ORIENTED_EDGE('',*,*,#1081,.T.);
#1494=ORIENTED_EDGE('',*,*,#1092,.T.);
#1495=ORIENTED_EDGE('',*,*,#1093,.T.);
#1496=ORIENTED_EDGE('',*,*,#1074,.T.);
#1497=ORIENTED_EDGE('',*,*,#1077,.T.);
#1498=ORIENTED_EDGE('',*,*,#1094,.T.);
#1499=ORIENTED_EDGE('',*,*,#1095,.T.);
#1500=ORIENTED_EDGE('',*,*,#1096,.T.);
#1501=ORIENTED_EDGE('',*,*,#1088,.F.);
#1502=ORIENTED_EDGE('',*,*,#1078,.F.);
#1503=ORIENTED_EDGE('',*,*,#1096,.F.);
#1504=ORIENTED_EDGE('',*,*,#1097,.F.);
#1505=ORIENTED_EDGE('',*,*,#1098,.F.);
#1506=ORIENTED_EDGE('',*,*,#1099,.T.);
#1507=ORIENTED_EDGE('',*,*,#1082,.F.);
#1508=ORIENTED_EDGE('',*,*,#1099,.F.);
#1509=ORIENTED_EDGE('',*,*,#1100,.F.);
#1510=ORIENTED_EDGE('',*,*,#1101,.T.);
#1511=ORIENTED_EDGE('',*,*,#1083,.F.);
#1512=ORIENTED_EDGE('',*,*,#1101,.F.);
#1513=ORIENTED_EDGE('',*,*,#1102,.F.);
#1514=ORIENTED_EDGE('',*,*,#1103,.T.);
#1515=ORIENTED_EDGE('',*,*,#1084,.F.);
#1516=ORIENTED_EDGE('',*,*,#1103,.F.);
#1517=ORIENTED_EDGE('',*,*,#1087,.F.);
#1518=ORIENTED_EDGE('',*,*,#1104,.T.);
#1519=ORIENTED_EDGE('',*,*,#1105,.T.);
#1520=ORIENTED_EDGE('',*,*,#1104,.F.);
#1521=ORIENTED_EDGE('',*,*,#1086,.F.);
#1522=ORIENTED_EDGE('',*,*,#1106,.T.);
#1523=ORIENTED_EDGE('',*,*,#1107,.T.);
#1524=ORIENTED_EDGE('',*,*,#1106,.F.);
#1525=ORIENTED_EDGE('',*,*,#1085,.F.);
#1526=ORIENTED_EDGE('',*,*,#1108,.T.);
#1527=ORIENTED_EDGE('',*,*,#1109,.T.);
#1528=ORIENTED_EDGE('',*,*,#1108,.F.);
#1529=ORIENTED_EDGE('',*,*,#1072,.F.);
#1530=ORIENTED_EDGE('',*,*,#1110,.F.);
#1531=ORIENTED_EDGE('',*,*,#1094,.F.);
#1532=ORIENTED_EDGE('',*,*,#1076,.F.);
#1533=ORIENTED_EDGE('',*,*,#1071,.F.);
#1534=ORIENTED_EDGE('',*,*,#1075,.T.);
#1535=ORIENTED_EDGE('',*,*,#1093,.F.);
#1536=ORIENTED_EDGE('',*,*,#1091,.T.);
#1537=ORIENTED_EDGE('',*,*,#1089,.F.);
#1538=ORIENTED_EDGE('',*,*,#1097,.T.);
#1539=ORIENTED_EDGE('',*,*,#1095,.F.);
#1540=ORIENTED_EDGE('',*,*,#1110,.T.);
#1541=ORIENTED_EDGE('',*,*,#1046,.T.);
#1542=ORIENTED_EDGE('',*,*,#1052,.T.);
#1543=ORIENTED_EDGE('',*,*,#1050,.T.);
#1544=ORIENTED_EDGE('',*,*,#1048,.T.);
#1545=ORIENTED_EDGE('',*,*,#1038,.T.);
#1546=ORIENTED_EDGE('',*,*,#1044,.T.);
#1547=ORIENTED_EDGE('',*,*,#1042,.T.);
#1548=ORIENTED_EDGE('',*,*,#1040,.T.);
#1549=ORIENTED_EDGE('',*,*,#1062,.T.);
#1550=ORIENTED_EDGE('',*,*,#1068,.T.);
#1551=ORIENTED_EDGE('',*,*,#1066,.T.);
#1552=ORIENTED_EDGE('',*,*,#1064,.T.);
#1553=ORIENTED_EDGE('',*,*,#1054,.T.);
#1554=ORIENTED_EDGE('',*,*,#1060,.T.);
#1555=ORIENTED_EDGE('',*,*,#1058,.T.);
#1556=ORIENTED_EDGE('',*,*,#1056,.T.);
#1557=ORIENTED_EDGE('',*,*,#1014,.T.);
#1558=ORIENTED_EDGE('',*,*,#1020,.T.);
#1559=ORIENTED_EDGE('',*,*,#1018,.T.);
#1560=ORIENTED_EDGE('',*,*,#1016,.T.);
#1561=ORIENTED_EDGE('',*,*,#1006,.T.);
#1562=ORIENTED_EDGE('',*,*,#1012,.T.);
#1563=ORIENTED_EDGE('',*,*,#1010,.T.);
#1564=ORIENTED_EDGE('',*,*,#1008,.T.);
#1565=ORIENTED_EDGE('',*,*,#1030,.T.);
#1566=ORIENTED_EDGE('',*,*,#1036,.T.);
#1567=ORIENTED_EDGE('',*,*,#1034,.T.);
#1568=ORIENTED_EDGE('',*,*,#1032,.T.);
#1569=ORIENTED_EDGE('',*,*,#1022,.T.);
#1570=ORIENTED_EDGE('',*,*,#1028,.T.);
#1571=ORIENTED_EDGE('',*,*,#1026,.T.);
#1572=ORIENTED_EDGE('',*,*,#1024,.T.);
#1573=ORIENTED_EDGE('',*,*,#1098,.T.);
#1574=ORIENTED_EDGE('',*,*,#1100,.T.);
#1575=ORIENTED_EDGE('',*,*,#1102,.T.);
#1576=ORIENTED_EDGE('',*,*,#1109,.F.);
#1577=ORIENTED_EDGE('',*,*,#1107,.F.);
#1578=ORIENTED_EDGE('',*,*,#1105,.F.);
#1579=PLANE('',#1759);
#1580=PLANE('',#1760);
#1581=PLANE('',#1761);
#1582=PLANE('',#1762);
#1583=PLANE('',#1763);
#1584=PLANE('',#1764);
#1585=PLANE('',#1765);
#1586=PLANE('',#1766);
#1587=PLANE('',#1767);
#1588=PLANE('',#1768);
#1589=PLANE('',#1769);
#1590=PLANE('',#1770);
#1591=PLANE('',#1771);
#1592=PLANE('',#1772);
#1593=PLANE('',#1773);
#1594=PLANE('',#1774);
#1595=PLANE('',#1775);
#1596=PLANE('',#1776);
#1597=PLANE('',#1777);
#1598=PLANE('',#1778);
#1599=PLANE('',#1779);
#1600=PLANE('',#1780);
#1601=PLANE('',#1781);
#1602=PLANE('',#1782);
#1603=PLANE('',#1783);
#1604=PLANE('',#1784);
#1605=PLANE('',#1785);
#1606=PLANE('',#1786);
#1607=PLANE('',#1787);
#1608=PLANE('',#1788);
#1609=PLANE('',#1789);
#1610=PLANE('',#1790);
#1611=PLANE('',#1791);
#1612=PLANE('',#1792);
#1613=PLANE('',#1793);
#1614=PLANE('',#1794);
#1615=PLANE('',#1795);
#1616=PLANE('',#1796);
#1617=PLANE('',#1797);
#1618=PLANE('',#1798);
#1619=PLANE('',#1799);
#1620=PLANE('',#1800);
#1621=PLANE('',#1801);
#1622=PLANE('',#1802);
#1623=PLANE('',#1803);
#1624=PLANE('',#1804);
#1625=PLANE('',#1805);
#1626=PLANE('',#1806);
#1627=PLANE('',#1807);
#1628=PLANE('',#1808);
#1629=PLANE('',#1809);
#1630=PLANE('',#1810);
#1631=PLANE('',#1811);
#1632=PLANE('',#1812);
#1633=PLANE('',#1813);
#1634=PLANE('',#1814);
#1635=PLANE('',#1815);
#1636=PLANE('',#1816);
#1637=PLANE('',#1817);
#1638=PLANE('',#1818);
#1639=PLANE('',#1819);
#1640=PLANE('',#1820);
#1641=PLANE('',#1821);
#1642=PLANE('',#1822);
#1643=PLANE('',#1823);
#1644=PLANE('',#1824);
#1645=PLANE('',#1825);
#1646=PLANE('',#1826);
#1647=PLANE('',#1827);
#1648=PLANE('',#1828);
#1649=PLANE('',#1829);
#1650=PLANE('',#1830);
#1651=PLANE('',#1834);
#1652=PLANE('',#1835);
#1653=PLANE('',#1847);
#1654=PLANE('',#1852);
#1655=PLANE('',#1865);
#1656=PLANE('',#1866);
#1657=ADVANCED_FACE('',(#81),#1579,.T.);
#1658=ADVANCED_FACE('',(#82),#1580,.T.);
#1659=ADVANCED_FACE('',(#83),#1581,.T.);
#1660=ADVANCED_FACE('',(#84),#1582,.T.);
#1661=ADVANCED_FACE('',(#85,#45),#1583,.T.);
#1662=ADVANCED_FACE('',(#86),#1584,.T.);
#1663=ADVANCED_FACE('',(#87),#1585,.T.);
#1664=ADVANCED_FACE('',(#88),#1586,.T.);
#1665=ADVANCED_FACE('',(#89),#1587,.T.);
#1666=ADVANCED_FACE('',(#90,#46),#1588,.T.);
#1667=ADVANCED_FACE('',(#91),#1589,.T.);
#1668=ADVANCED_FACE('',(#92),#1590,.T.);
#1669=ADVANCED_FACE('',(#93),#1591,.T.);
#1670=ADVANCED_FACE('',(#94),#1592,.T.);
#1671=ADVANCED_FACE('',(#95,#47),#1593,.T.);
#1672=ADVANCED_FACE('',(#96),#1594,.T.);
#1673=ADVANCED_FACE('',(#97),#1595,.T.);
#1674=ADVANCED_FACE('',(#98),#1596,.T.);
#1675=ADVANCED_FACE('',(#99),#1597,.T.);
#1676=ADVANCED_FACE('',(#100,#48),#1598,.T.);
#1677=ADVANCED_FACE('',(#101),#1599,.T.);
#1678=ADVANCED_FACE('',(#102),#1600,.T.);
#1679=ADVANCED_FACE('',(#103),#1601,.T.);
#1680=ADVANCED_FACE('',(#104),#1602,.T.);
#1681=ADVANCED_FACE('',(#105,#49),#1603,.T.);
#1682=ADVANCED_FACE('',(#106),#1604,.T.);
#1683=ADVANCED_FACE('',(#107),#1605,.T.);
#1684=ADVANCED_FACE('',(#108),#1606,.T.);
#1685=ADVANCED_FACE('',(#109),#1607,.T.);
#1686=ADVANCED_FACE('',(#110,#50),#1608,.T.);
#1687=ADVANCED_FACE('',(#111),#1609,.T.);
#1688=ADVANCED_FACE('',(#112),#1610,.T.);
#1689=ADVANCED_FACE('',(#113),#1611,.T.);
#1690=ADVANCED_FACE('',(#114),#1612,.T.);
#1691=ADVANCED_FACE('',(#115,#51),#1613,.T.);
#1692=ADVANCED_FACE('',(#116),#1614,.T.);
#1693=ADVANCED_FACE('',(#117),#1615,.T.);
#1694=ADVANCED_FACE('',(#118),#1616,.T.);
#1695=ADVANCED_FACE('',(#119),#1617,.T.);
#1696=ADVANCED_FACE('',(#120,#52),#1618,.T.);
#1697=ADVANCED_FACE('',(#121),#1619,.F.);
#1698=ADVANCED_FACE('',(#122),#1620,.F.);
#1699=ADVANCED_FACE('',(#123),#1621,.F.);
#1700=ADVANCED_FACE('',(#124),#1622,.F.);
#1701=ADVANCED_FACE('',(#125),#1623,.F.);
#1702=ADVANCED_FACE('',(#126),#1624,.F.);
#1703=ADVANCED_FACE('',(#127),#1625,.F.);
#1704=ADVANCED_FACE('',(#128),#1626,.F.);
#1705=ADVANCED_FACE('',(#129),#1627,.F.);
#1706=ADVANCED_FACE('',(#130),#1628,.F.);
#1707=ADVANCED_FACE('',(#131),#1629,.F.);
#1708=ADVANCED_FACE('',(#132),#1630,.F.);
#1709=ADVANCED_FACE('',(#133),#1631,.F.);
#1710=ADVANCED_FACE('',(#134),#1632,.F.);
#1711=ADVANCED_FACE('',(#135),#1633,.F.);
#1712=ADVANCED_FACE('',(#136),#1634,.F.);
#1713=ADVANCED_FACE('',(#137),#1635,.F.);
#1714=ADVANCED_FACE('',(#138),#1636,.F.);
#1715=ADVANCED_FACE('',(#139),#1637,.F.);
#1716=ADVANCED_FACE('',(#140),#1638,.F.);
#1717=ADVANCED_FACE('',(#141),#1639,.F.);
#1718=ADVANCED_FACE('',(#142),#1640,.F.);
#1719=ADVANCED_FACE('',(#143),#1641,.F.);
#1720=ADVANCED_FACE('',(#144),#1642,.F.);
#1721=ADVANCED_FACE('',(#145),#1643,.F.);
#1722=ADVANCED_FACE('',(#146),#1644,.F.);
#1723=ADVANCED_FACE('',(#147),#1645,.F.);
#1724=ADVANCED_FACE('',(#148),#1646,.F.);
#1725=ADVANCED_FACE('',(#149),#1647,.F.);
#1726=ADVANCED_FACE('',(#150),#1648,.F.);
#1727=ADVANCED_FACE('',(#151),#1649,.F.);
#1728=ADVANCED_FACE('',(#152),#1650,.F.);
#1729=ADVANCED_FACE('',(#153),#35,.T.);
#1730=ADVANCED_FACE('',(#154),#1651,.T.);
#1731=ADVANCED_FACE('',(#155,#53,#54,#55,#56,#57,#58,#59,#60,#61,#62,#63,
#64,#65,#66),#1652,.T.);
#1732=ADVANCED_FACE('',(#156),#36,.T.);
#1733=ADVANCED_FACE('',(#157),#1653,.T.);
#1734=ADVANCED_FACE('',(#158),#37,.T.);
#1735=ADVANCED_FACE('',(#159),#38,.T.);
#1736=ADVANCED_FACE('',(#160),#1654,.T.);
#1737=ADVANCED_FACE('',(#161),#39,.F.);
#1738=ADVANCED_FACE('',(#162),#40,.F.);
#1739=ADVANCED_FACE('',(#163),#41,.F.);
#1740=ADVANCED_FACE('',(#164),#42,.F.);
#1741=ADVANCED_FACE('',(#165),#43,.F.);
#1742=ADVANCED_FACE('',(#166),#44,.F.);
#1743=ADVANCED_FACE('',(#167),#1655,.T.);
#1744=ADVANCED_FACE('',(#168,#67,#68,#69,#70,#71,#72,#73,#74,#75,#76,#77,
#78,#79,#80),#1656,.F.);
#1745=CLOSED_SHELL('',(#1657,#1658,#1659,#1660,#1661,#1662,#1663,#1664,
#1665,#1666,#1667,#1668,#1669,#1670,#1671,#1672,#1673,#1674,#1675,#1676,
#1677,#1678,#1679,#1680,#1681,#1682,#1683,#1684,#1685,#1686,#1687,#1688,
#1689,#1690,#1691,#1692,#1693,#1694,#1695,#1696,#1697,#1698,#1699,#1700,
#1701,#1702,#1703,#1704,#1705,#1706,#1707,#1708,#1709,#1710,#1711,#1712,
#1713,#1714,#1715,#1716,#1717,#1718,#1719,#1720,#1721,#1722,#1723,#1724,
#1725,#1726,#1727,#1728,#1729,#1730,#1731,#1732,#1733,#1734,#1735,#1736,
#1737,#1738,#1739,#1740,#1741,#1742,#1743,#1744));
#1746=DERIVED_UNIT_ELEMENT(#1748,1.);
#1747=DERIVED_UNIT_ELEMENT(#2783,-3.);
#1748=(
MASS_UNIT()
NAMED_UNIT(*)
SI_UNIT(.KILO.,.GRAM.)
);
#1749=DERIVED_UNIT((#1746,#1747));
#1750=MEASURE_REPRESENTATION_ITEM('density measure',
POSITIVE_RATIO_MEASURE(2700.),#1749);
#1751=PROPERTY_DEFINITION_REPRESENTATION(#1756,#1753);
#1752=PROPERTY_DEFINITION_REPRESENTATION(#1757,#1754);
#1753=REPRESENTATION('material name',(#1755),#2780);
#1754=REPRESENTATION('density',(#1750),#2780);
#1755=DESCRIPTIVE_REPRESENTATION_ITEM('SOLIDWORKS Materials|1060 Alloy',
'SOLIDWORKS Materials|1060 Alloy');
#1756=PROPERTY_DEFINITION('material property','material name',#2790);
#1757=PROPERTY_DEFINITION('material property','density of part',#2790);
#1758=AXIS2_PLACEMENT_3D('',#2299,#1867,#1868);
#1759=AXIS2_PLACEMENT_3D('',#2300,#1869,#1870);
#1760=AXIS2_PLACEMENT_3D('',#2309,#1875,#1876);
#1761=AXIS2_PLACEMENT_3D('',#2315,#1880,#1881);
#1762=AXIS2_PLACEMENT_3D('',#2321,#1885,#1886);
#1763=AXIS2_PLACEMENT_3D('',#2324,#1889,#1890);
#1764=AXIS2_PLACEMENT_3D('',#2333,#1895,#1896);
#1765=AXIS2_PLACEMENT_3D('',#2342,#1901,#1902);
#1766=AXIS2_PLACEMENT_3D('',#2348,#1906,#1907);
#1767=AXIS2_PLACEMENT_3D('',#2354,#1911,#1912);
#1768=AXIS2_PLACEMENT_3D('',#2357,#1915,#1916);
#1769=AXIS2_PLACEMENT_3D('',#2366,#1921,#1922);
#1770=AXIS2_PLACEMENT_3D('',#2375,#1927,#1928);
#1771=AXIS2_PLACEMENT_3D('',#2381,#1932,#1933);
#1772=AXIS2_PLACEMENT_3D('',#2387,#1937,#1938);
#1773=AXIS2_PLACEMENT_3D('',#2390,#1941,#1942);
#1774=AXIS2_PLACEMENT_3D('',#2399,#1947,#1948);
#1775=AXIS2_PLACEMENT_3D('',#2408,#1953,#1954);
#1776=AXIS2_PLACEMENT_3D('',#2414,#1958,#1959);
#1777=AXIS2_PLACEMENT_3D('',#2420,#1963,#1964);
#1778=AXIS2_PLACEMENT_3D('',#2423,#1967,#1968);
#1779=AXIS2_PLACEMENT_3D('',#2432,#1973,#1974);
#1780=AXIS2_PLACEMENT_3D('',#2441,#1979,#1980);
#1781=AXIS2_PLACEMENT_3D('',#2447,#1984,#1985);
#1782=AXIS2_PLACEMENT_3D('',#2453,#1989,#1990);
#1783=AXIS2_PLACEMENT_3D('',#2456,#1993,#1994);
#1784=AXIS2_PLACEMENT_3D('',#2465,#1999,#2000);
#1785=AXIS2_PLACEMENT_3D('',#2474,#2005,#2006);
#1786=AXIS2_PLACEMENT_3D('',#2480,#2010,#2011);
#1787=AXIS2_PLACEMENT_3D('',#2486,#2015,#2016);
#1788=AXIS2_PLACEMENT_3D('',#2489,#2019,#2020);
#1789=AXIS2_PLACEMENT_3D('',#2498,#2025,#2026);
#1790=AXIS2_PLACEMENT_3D('',#2507,#2031,#2032);
#1791=AXIS2_PLACEMENT_3D('',#2513,#2036,#2037);
#1792=AXIS2_PLACEMENT_3D('',#2519,#2041,#2042);
#1793=AXIS2_PLACEMENT_3D('',#2522,#2045,#2046);
#1794=AXIS2_PLACEMENT_3D('',#2531,#2051,#2052);
#1795=AXIS2_PLACEMENT_3D('',#2540,#2057,#2058);
#1796=AXIS2_PLACEMENT_3D('',#2546,#2062,#2063);
#1797=AXIS2_PLACEMENT_3D('',#2552,#2067,#2068);
#1798=AXIS2_PLACEMENT_3D('',#2555,#2071,#2072);
#1799=AXIS2_PLACEMENT_3D('',#2564,#2077,#2078);
#1800=AXIS2_PLACEMENT_3D('',#2570,#2082,#2083);
#1801=AXIS2_PLACEMENT_3D('',#2574,#2086,#2087);
#1802=AXIS2_PLACEMENT_3D('',#2578,#2090,#2091);
#1803=AXIS2_PLACEMENT_3D('',#2580,#2093,#2094);
#1804=AXIS2_PLACEMENT_3D('',#2586,#2098,#2099);
#1805=AXIS2_PLACEMENT_3D('',#2590,#2102,#2103);
#1806=AXIS2_PLACEMENT_3D('',#2594,#2106,#2107);
#1807=AXIS2_PLACEMENT_3D('',#2596,#2109,#2110);
#1808=AXIS2_PLACEMENT_3D('',#2602,#2114,#2115);
#1809=AXIS2_PLACEMENT_3D('',#2606,#2118,#2119);
#1810=AXIS2_PLACEMENT_3D('',#2610,#2122,#2123);
#1811=AXIS2_PLACEMENT_3D('',#2612,#2125,#2126);
#1812=AXIS2_PLACEMENT_3D('',#2618,#2130,#2131);
#1813=AXIS2_PLACEMENT_3D('',#2622,#2134,#2135);
#1814=AXIS2_PLACEMENT_3D('',#2626,#2138,#2139);
#1815=AXIS2_PLACEMENT_3D('',#2628,#2141,#2142);
#1816=AXIS2_PLACEMENT_3D('',#2634,#2146,#2147);
#1817=AXIS2_PLACEMENT_3D('',#2638,#2150,#2151);
#1818=AXIS2_PLACEMENT_3D('',#2642,#2154,#2155);
#1819=AXIS2_PLACEMENT_3D('',#2644,#2157,#2158);
#1820=AXIS2_PLACEMENT_3D('',#2650,#2162,#2163);
#1821=AXIS2_PLACEMENT_3D('',#2654,#2166,#2167);
#1822=AXIS2_PLACEMENT_3D('',#2658,#2170,#2171);
#1823=AXIS2_PLACEMENT_3D('',#2660,#2173,#2174);
#1824=AXIS2_PLACEMENT_3D('',#2666,#2178,#2179);
#1825=AXIS2_PLACEMENT_3D('',#2670,#2182,#2183);
#1826=AXIS2_PLACEMENT_3D('',#2674,#2186,#2187);
#1827=AXIS2_PLACEMENT_3D('',#2676,#2189,#2190);
#1828=AXIS2_PLACEMENT_3D('',#2682,#2194,#2195);
#1829=AXIS2_PLACEMENT_3D('',#2686,#2198,#2199);
#1830=AXIS2_PLACEMENT_3D('',#2690,#2202,#2203);
#1831=AXIS2_PLACEMENT_3D('',#2692,#2205,#2206);
#1832=AXIS2_PLACEMENT_3D('',#2695,#2207,#2208);
#1833=AXIS2_PLACEMENT_3D('',#2699,#2210,#2211);
#1834=AXIS2_PLACEMENT_3D('',#2701,#2213,#2214);
#1835=AXIS2_PLACEMENT_3D('',#2707,#2218,#2219);
#1836=AXIS2_PLACEMENT_3D('',#2711,#2221,#2222);
#1837=AXIS2_PLACEMENT_3D('',#2715,#2224,#2225);
#1838=AXIS2_PLACEMENT_3D('',#2718,#2227,#2228);
#1839=AXIS2_PLACEMENT_3D('',#2720,#2229,#2230);
#1840=AXIS2_PLACEMENT_3D('',#2722,#2231,#2232);
#1841=AXIS2_PLACEMENT_3D('',#2724,#2233,#2234);
#1842=AXIS2_PLACEMENT_3D('',#2726,#2235,#2236);
#1843=AXIS2_PLACEMENT_3D('',#2728,#2237,#2238);
#1844=AXIS2_PLACEMENT_3D('',#2730,#2239,#2240);
#1845=AXIS2_PLACEMENT_3D('',#2731,#2241,#2242);
#1846=AXIS2_PLACEMENT_3D('',#2735,#2244,#2245);
#1847=AXIS2_PLACEMENT_3D('',#2737,#2247,#2248);
#1848=AXIS2_PLACEMENT_3D('',#2741,#2251,#2252);
#1849=AXIS2_PLACEMENT_3D('',#2742,#2253,#2254);
#1850=AXIS2_PLACEMENT_3D('',#2743,#2255,#2256);
#1851=AXIS2_PLACEMENT_3D('',#2747,#2258,#2259);
#1852=AXIS2_PLACEMENT_3D('',#2749,#2261,#2262);
#1853=AXIS2_PLACEMENT_3D('',#2751,#2264,#2265);
#1854=AXIS2_PLACEMENT_3D('',#2753,#2266,#2267);
#1855=AXIS2_PLACEMENT_3D('',#2755,#2269,#2270);
#1856=AXIS2_PLACEMENT_3D('',#2757,#2271,#2272);
#1857=AXIS2_PLACEMENT_3D('',#2759,#2274,#2275);
#1858=AXIS2_PLACEMENT_3D('',#2761,#2276,#2277);
#1859=AXIS2_PLACEMENT_3D('',#2763,#2279,#2280);
#1860=AXIS2_PLACEMENT_3D('',#2766,#2282,#2283);
#1861=AXIS2_PLACEMENT_3D('',#2767,#2284,#2285);
#1862=AXIS2_PLACEMENT_3D('',#2770,#2287,#2288);
#1863=AXIS2_PLACEMENT_3D('',#2771,#2289,#2290);
#1864=AXIS2_PLACEMENT_3D('',#2774,#2292,#2293);
#1865=AXIS2_PLACEMENT_3D('',#2775,#2294,#2295);
#1866=AXIS2_PLACEMENT_3D('',#2777,#2297,#2298);
#1867=DIRECTION('axis',(0.,0.,1.));
#1868=DIRECTION('refdir',(1.,0.,0.));
#1869=DIRECTION('center_axis',(1.,0.,0.));
#1870=DIRECTION('ref_axis',(0.,0.,-1.));
#1871=DIRECTION('',(0.,0.,1.));
#1872=DIRECTION('',(0.,1.,0.));
#1873=DIRECTION('',(0.,0.,-1.));
#1874=DIRECTION('',(0.,1.,0.));
#1875=DIRECTION('center_axis',(0.,0.,-1.));
#1876=DIRECTION('ref_axis',(-1.,0.,0.));
#1877=DIRECTION('',(1.,0.,0.));
#1878=DIRECTION('',(0.,1.,0.));
#1879=DIRECTION('',(-1.,0.,0.));
#1880=DIRECTION('center_axis',(-1.65242496688395E-15,0.,1.));
#1881=DIRECTION('ref_axis',(1.,0.,1.65242496688395E-15));
#1882=DIRECTION('',(-1.,0.,-1.65242496688395E-15));
#1883=DIRECTION('',(1.,0.,1.65242496688395E-15));
#1884=DIRECTION('',(0.,1.,0.));
#1885=DIRECTION('center_axis',(-1.,0.,0.));
#1886=DIRECTION('ref_axis',(0.,0.,1.));
#1887=DIRECTION('',(0.,0.,-1.));
#1888=DIRECTION('',(0.,0.,1.));
#1889=DIRECTION('center_axis',(0.,1.,0.));
#1890=DIRECTION('ref_axis',(0.,0.,1.));
#1891=DIRECTION('',(0.,0.,1.));
#1892=DIRECTION('',(-1.,0.,-2.15315980533364E-15));
#1893=DIRECTION('',(0.,0.,-1.));
#1894=DIRECTION('',(1.,0.,0.));
#1895=DIRECTION('center_axis',(1.,0.,0.));
#1896=DIRECTION('ref_axis',(0.,0.,-1.));
#1897=DIRECTION('',(0.,0.,1.));
#1898=DIRECTION('',(0.,1.,0.));
#1899=DIRECTION('',(0.,0.,-1.));
#1900=DIRECTION('',(0.,1.,0.));
#1901=DIRECTION('center_axis',(0.,0.,-1.));
#1902=DIRECTION('ref_axis',(-1.,0.,0.));
#1903=DIRECTION('',(1.,0.,0.));
#1904=DIRECTION('',(0.,1.,0.));
#1905=DIRECTION('',(-1.,0.,0.));
#1906=DIRECTION('center_axis',(-1.65242496688395E-15,0.,1.));
#1907=DIRECTION('ref_axis',(1.,0.,1.65242496688395E-15));
#1908=DIRECTION('',(-1.,0.,-1.65242496688395E-15));
#1909=DIRECTION('',(1.,0.,1.65242496688395E-15));
#1910=DIRECTION('',(0.,1.,0.));
#1911=DIRECTION('center_axis',(-1.,0.,0.));
#1912=DIRECTION('ref_axis',(0.,0.,1.));
#1913=DIRECTION('',(0.,0.,-1.));
#1914=DIRECTION('',(0.,0.,1.));
#1915=DIRECTION('center_axis',(0.,1.,0.));
#1916=DIRECTION('ref_axis',(0.,0.,1.));
#1917=DIRECTION('',(0.,0.,-1.));
#1918=DIRECTION('',(1.,0.,0.));
#1919=DIRECTION('',(-2.59954659424427E-15,0.,1.));
#1920=DIRECTION('',(-1.,0.,-2.15315980533364E-15));
#1921=DIRECTION('center_axis',(1.,0.,0.));
#1922=DIRECTION('ref_axis',(0.,0.,-1.));
#1923=DIRECTION('',(0.,0.,1.));
#1924=DIRECTION('',(0.,1.,0.));
#1925=DIRECTION('',(0.,0.,-1.));
#1926=DIRECTION('',(0.,1.,0.));
#1927=DIRECTION('center_axis',(0.,0.,-1.));
#1928=DIRECTION('ref_axis',(-1.,0.,0.));
#1929=DIRECTION('',(1.,0.,0.));
#1930=DIRECTION('',(0.,1.,0.));
#1931=DIRECTION('',(-1.,0.,0.));
#1932=DIRECTION('center_axis',(-1.65242496688395E-15,0.,1.));
#1933=DIRECTION('ref_axis',(1.,0.,1.65242496688395E-15));
#1934=DIRECTION('',(-1.,0.,-1.65242496688395E-15));
#1935=DIRECTION('',(1.,0.,1.65242496688395E-15));
#1936=DIRECTION('',(0.,1.,0.));
#1937=DIRECTION('center_axis',(-1.,0.,0.));
#1938=DIRECTION('ref_axis',(0.,0.,1.));
#1939=DIRECTION('',(0.,0.,-1.));
#1940=DIRECTION('',(0.,0.,1.));
#1941=DIRECTION('center_axis',(0.,1.,0.));
#1942=DIRECTION('ref_axis',(0.,0.,1.));
#1943=DIRECTION('',(1.,0.,0.));
#1944=DIRECTION('',(0.,0.,1.));
#1945=DIRECTION('',(-1.,0.,-2.15315980533364E-15));
#1946=DIRECTION('',(0.,0.,-1.));
#1947=DIRECTION('center_axis',(1.,0.,0.));
#1948=DIRECTION('ref_axis',(0.,0.,-1.));
#1949=DIRECTION('',(0.,0.,1.));
#1950=DIRECTION('',(0.,1.,0.));
#1951=DIRECTION('',(0.,0.,-1.));
#1952=DIRECTION('',(0.,1.,0.));
#1953=DIRECTION('center_axis',(0.,0.,-1.));
#1954=DIRECTION('ref_axis',(-1.,0.,0.));
#1955=DIRECTION('',(1.,0.,0.));
#1956=DIRECTION('',(0.,1.,0.));
#1957=DIRECTION('',(-1.,0.,0.));
#1958=DIRECTION('center_axis',(-1.65242496688395E-15,0.,1.));
#1959=DIRECTION('ref_axis',(1.,0.,1.65242496688395E-15));
#1960=DIRECTION('',(-1.,0.,-1.65242496688395E-15));
#1961=DIRECTION('',(1.,0.,1.65242496688395E-15));
#1962=DIRECTION('',(0.,1.,0.));
#1963=DIRECTION('center_axis',(-1.,0.,0.));
#1964=DIRECTION('ref_axis',(0.,0.,1.));
#1965=DIRECTION('',(0.,0.,-1.));
#1966=DIRECTION('',(0.,0.,1.));
#1967=DIRECTION('center_axis',(0.,1.,0.));
#1968=DIRECTION('ref_axis',(0.,0.,1.));
#1969=DIRECTION('',(0.,0.,1.));
#1970=DIRECTION('',(-1.,0.,-2.15315980533364E-15));
#1971=DIRECTION('',(0.,0.,-1.));
#1972=DIRECTION('',(1.,0.,0.));
#1973=DIRECTION('center_axis',(1.,0.,0.));
#1974=DIRECTION('ref_axis',(0.,0.,-1.));
#1975=DIRECTION('',(0.,0.,1.));
#1976=DIRECTION('',(0.,1.,0.));
#1977=DIRECTION('',(0.,0.,-1.));
#1978=DIRECTION('',(0.,1.,0.));
#1979=DIRECTION('center_axis',(0.,0.,-1.));
#1980=DIRECTION('ref_axis',(-1.,0.,0.));
#1981=DIRECTION('',(1.,0.,0.));
#1982=DIRECTION('',(0.,1.,0.));
#1983=DIRECTION('',(-1.,0.,0.));
#1984=DIRECTION('center_axis',(-1.65242496688395E-15,0.,1.));
#1985=DIRECTION('ref_axis',(1.,0.,1.65242496688395E-15));
#1986=DIRECTION('',(-1.,0.,-1.65242496688395E-15));
#1987=DIRECTION('',(1.,0.,1.65242496688395E-15));
#1988=DIRECTION('',(0.,1.,0.));
#1989=DIRECTION('center_axis',(-1.,0.,0.));
#1990=DIRECTION('ref_axis',(0.,0.,1.));
#1991=DIRECTION('',(0.,0.,-1.));
#1992=DIRECTION('',(0.,0.,1.));
#1993=DIRECTION('center_axis',(0.,1.,0.));
#1994=DIRECTION('ref_axis',(0.,0.,1.));
#1995=DIRECTION('',(0.,0.,1.));
#1996=DIRECTION('',(-1.,0.,-2.15315980533363E-15));
#1997=DIRECTION('',(0.,0.,-1.));
#1998=DIRECTION('',(1.,0.,0.));
#1999=DIRECTION('center_axis',(1.,0.,0.));
#2000=DIRECTION('ref_axis',(0.,0.,-1.));
#2001=DIRECTION('',(0.,0.,1.));
#2002=DIRECTION('',(0.,1.,0.));
#2003=DIRECTION('',(0.,0.,-1.));
#2004=DIRECTION('',(0.,1.,0.));
#2005=DIRECTION('center_axis',(0.,0.,-1.));
#2006=DIRECTION('ref_axis',(-1.,0.,0.));
#2007=DIRECTION('',(1.,0.,0.));
#2008=DIRECTION('',(0.,1.,0.));
#2009=DIRECTION('',(-1.,0.,0.));
#2010=DIRECTION('center_axis',(-1.65242496688395E-15,0.,1.));
#2011=DIRECTION('ref_axis',(1.,0.,1.65242496688395E-15));
#2012=DIRECTION('',(-1.,0.,-1.65242496688395E-15));
#2013=DIRECTION('',(1.,0.,1.65242496688395E-15));
#2014=DIRECTION('',(0.,1.,0.));
#2015=DIRECTION('center_axis',(-1.,0.,0.));
#2016=DIRECTION('ref_axis',(0.,0.,1.));
#2017=DIRECTION('',(0.,0.,-1.));
#2018=DIRECTION('',(0.,0.,1.));
#2019=DIRECTION('center_axis',(0.,1.,0.));
#2020=DIRECTION('ref_axis',(0.,0.,1.));
#2021=DIRECTION('',(0.,0.,1.));
#2022=DIRECTION('',(-1.,0.,-2.15315980533364E-15));
#2023=DIRECTION('',(0.,0.,-1.));
#2024=DIRECTION('',(1.,0.,0.));
#2025=DIRECTION('center_axis',(1.,0.,0.));
#2026=DIRECTION('ref_axis',(0.,0.,-1.));
#2027=DIRECTION('',(0.,0.,1.));
#2028=DIRECTION('',(0.,1.,0.));
#2029=DIRECTION('',(0.,0.,-1.));
#2030=DIRECTION('',(0.,1.,0.));
#2031=DIRECTION('center_axis',(0.,0.,-1.));
#2032=DIRECTION('ref_axis',(-1.,0.,0.));
#2033=DIRECTION('',(1.,0.,0.));
#2034=DIRECTION('',(0.,1.,0.));
#2035=DIRECTION('',(-1.,0.,0.));
#2036=DIRECTION('center_axis',(-1.65242496688395E-15,0.,1.));
#2037=DIRECTION('ref_axis',(1.,0.,1.65242496688395E-15));
#2038=DIRECTION('',(-1.,0.,-1.65242496688395E-15));
#2039=DIRECTION('',(1.,0.,1.65242496688395E-15));
#2040=DIRECTION('',(0.,1.,0.));
#2041=DIRECTION('center_axis',(-1.,0.,0.));
#2042=DIRECTION('ref_axis',(0.,0.,1.));
#2043=DIRECTION('',(0.,0.,-1.));
#2044=DIRECTION('',(0.,0.,1.));
#2045=DIRECTION('center_axis',(0.,1.,0.));
#2046=DIRECTION('ref_axis',(0.,0.,1.));
#2047=DIRECTION('',(0.,0.,1.));
#2048=DIRECTION('',(-1.,0.,-2.15315980533364E-15));
#2049=DIRECTION('',(0.,0.,-1.));
#2050=DIRECTION('',(1.,0.,0.));
#2051=DIRECTION('center_axis',(1.,0.,0.));
#2052=DIRECTION('ref_axis',(0.,0.,-1.));
#2053=DIRECTION('',(0.,0.,1.));
#2054=DIRECTION('',(0.,1.,0.));
#2055=DIRECTION('',(0.,0.,-1.));
#2056=DIRECTION('',(0.,1.,0.));
#2057=DIRECTION('center_axis',(0.,0.,-1.));
#2058=DIRECTION('ref_axis',(-1.,0.,0.));
#2059=DIRECTION('',(1.,0.,0.));
#2060=DIRECTION('',(0.,1.,0.));
#2061=DIRECTION('',(-1.,0.,0.));
#2062=DIRECTION('center_axis',(-1.65242496688395E-15,0.,1.));
#2063=DIRECTION('ref_axis',(1.,0.,1.65242496688395E-15));
#2064=DIRECTION('',(-1.,0.,-1.65242496688395E-15));
#2065=DIRECTION('',(1.,0.,1.65242496688395E-15));
#2066=DIRECTION('',(0.,1.,0.));
#2067=DIRECTION('center_axis',(-1.,0.,0.));
#2068=DIRECTION('ref_axis',(0.,0.,1.));
#2069=DIRECTION('',(0.,0.,-1.));
#2070=DIRECTION('',(0.,0.,1.));
#2071=DIRECTION('center_axis',(0.,1.,0.));
#2072=DIRECTION('ref_axis',(0.,0.,1.));
#2073=DIRECTION('',(0.,0.,1.));
#2074=DIRECTION('',(-1.,0.,-2.15315980533363E-15));
#2075=DIRECTION('',(0.,0.,-1.));
#2076=DIRECTION('',(1.,0.,0.));
#2077=DIRECTION('center_axis',(0.,0.,-1.));
#2078=DIRECTION('ref_axis',(-1.,0.,0.));
#2079=DIRECTION('',(0.,1.,0.));
#2080=DIRECTION('',(-1.,0.,0.));
#2081=DIRECTION('',(0.,1.,0.));
#2082=DIRECTION('center_axis',(1.,0.,0.));
#2083=DIRECTION('ref_axis',(0.,0.,-1.));
#2084=DIRECTION('',(0.,0.,-1.));
#2085=DIRECTION('',(0.,1.,0.));
#2086=DIRECTION('center_axis',(-2.15315980533364E-15,0.,1.));
#2087=DIRECTION('ref_axis',(1.,0.,2.15315980533364E-15));
#2088=DIRECTION('',(1.,0.,2.15315980533364E-15));
#2089=DIRECTION('',(0.,1.,0.));
#2090=DIRECTION('center_axis',(-1.,0.,0.));
#2091=DIRECTION('ref_axis',(0.,0.,1.));
#2092=DIRECTION('',(0.,0.,1.));
#2093=DIRECTION('center_axis',(0.,0.,-1.));
#2094=DIRECTION('ref_axis',(-1.,0.,0.));
#2095=DIRECTION('',(0.,1.,0.));
#2096=DIRECTION('',(-1.,0.,0.));
#2097=DIRECTION('',(0.,1.,0.));
#2098=DIRECTION('center_axis',(1.,0.,0.));
#2099=DIRECTION('ref_axis',(0.,0.,-1.));
#2100=DIRECTION('',(0.,0.,-1.));
#2101=DIRECTION('',(0.,1.,0.));
#2102=DIRECTION('center_axis',(-2.15315980533363E-15,0.,1.));
#2103=DIRECTION('ref_axis',(1.,0.,2.15315980533363E-15));
#2104=DIRECTION('',(1.,0.,2.15315980533363E-15));
#2105=DIRECTION('',(0.,1.,0.));
#2106=DIRECTION('center_axis',(-1.,0.,0.));
#2107=DIRECTION('ref_axis',(0.,0.,1.));
#2108=DIRECTION('',(0.,0.,1.));
#2109=DIRECTION('center_axis',(0.,0.,-1.));
#2110=DIRECTION('ref_axis',(-1.,0.,0.));
#2111=DIRECTION('',(0.,1.,0.));
#2112=DIRECTION('',(-1.,0.,0.));
#2113=DIRECTION('',(0.,1.,0.));
#2114=DIRECTION('center_axis',(1.,0.,0.));
#2115=DIRECTION('ref_axis',(0.,0.,-1.));
#2116=DIRECTION('',(0.,0.,-1.));
#2117=DIRECTION('',(0.,1.,0.));
#2118=DIRECTION('center_axis',(-2.15315980533363E-15,0.,1.));
#2119=DIRECTION('ref_axis',(1.,0.,2.15315980533363E-15));
#2120=DIRECTION('',(1.,0.,2.15315980533363E-15));
#2121=DIRECTION('',(0.,1.,0.));
#2122=DIRECTION('center_axis',(-1.,0.,0.));
#2123=DIRECTION('ref_axis',(0.,0.,1.));
#2124=DIRECTION('',(0.,0.,1.));
#2125=DIRECTION('center_axis',(0.,0.,-1.));
#2126=DIRECTION('ref_axis',(-1.,0.,0.));
#2127=DIRECTION('',(0.,1.,0.));
#2128=DIRECTION('',(-1.,0.,0.));
#2129=DIRECTION('',(0.,1.,0.));
#2130=DIRECTION('center_axis',(1.,0.,0.));
#2131=DIRECTION('ref_axis',(0.,0.,-1.));
#2132=DIRECTION('',(0.,0.,-1.));
#2133=DIRECTION('',(0.,1.,0.));
#2134=DIRECTION('center_axis',(-2.15315980533364E-15,0.,1.));
#2135=DIRECTION('ref_axis',(1.,0.,2.15315980533364E-15));
#2136=DIRECTION('',(1.,0.,2.15315980533364E-15));
#2137=DIRECTION('',(0.,1.,0.));
#2138=DIRECTION('center_axis',(-1.,0.,0.));
#2139=DIRECTION('ref_axis',(0.,0.,1.));
#2140=DIRECTION('',(0.,0.,1.));
#2141=DIRECTION('center_axis',(-2.15315980533364E-15,0.,1.));
#2142=DIRECTION('ref_axis',(1.,0.,2.15315980533364E-15));
#2143=DIRECTION('',(0.,1.,0.));
#2144=DIRECTION('',(1.,0.,2.15315980533364E-15));
#2145=DIRECTION('',(0.,1.,0.));
#2146=DIRECTION('center_axis',(-1.,0.,0.));
#2147=DIRECTION('ref_axis',(0.,0.,1.));
#2148=DIRECTION('',(0.,0.,1.));
#2149=DIRECTION('',(0.,1.,0.));
#2150=DIRECTION('center_axis',(0.,0.,-1.));
#2151=DIRECTION('ref_axis',(-1.,0.,0.));
#2152=DIRECTION('',(-1.,0.,0.));
#2153=DIRECTION('',(0.,1.,0.));
#2154=DIRECTION('center_axis',(1.,0.,2.59954659424427E-15));
#2155=DIRECTION('ref_axis',(2.59954659424427E-15,0.,-1.));
#2156=DIRECTION('',(2.59954659424427E-15,0.,-1.));
#2157=DIRECTION('center_axis',(0.,0.,-1.));
#2158=DIRECTION('ref_axis',(-1.,0.,0.));
#2159=DIRECTION('',(0.,1.,0.));
#2160=DIRECTION('',(-1.,0.,0.));
#2161=DIRECTION('',(0.,1.,0.));
#2162=DIRECTION('center_axis',(1.,0.,0.));
#2163=DIRECTION('ref_axis',(0.,0.,-1.));
#2164=DIRECTION('',(0.,0.,-1.));
#2165=DIRECTION('',(0.,1.,0.));
#2166=DIRECTION('center_axis',(-2.15315980533364E-15,0.,1.));
#2167=DIRECTION('ref_axis',(1.,0.,2.15315980533364E-15));
#2168=DIRECTION('',(1.,0.,2.15315980533364E-15));
#2169=DIRECTION('',(0.,1.,0.));
#2170=DIRECTION('center_axis',(-1.,0.,0.));
#2171=DIRECTION('ref_axis',(0.,0.,1.));
#2172=DIRECTION('',(0.,0.,1.));
#2173=DIRECTION('center_axis',(0.,0.,-1.));
#2174=DIRECTION('ref_axis',(-1.,0.,0.));
#2175=DIRECTION('',(0.,1.,0.));
#2176=DIRECTION('',(-1.,0.,0.));
#2177=DIRECTION('',(0.,1.,0.));
#2178=DIRECTION('center_axis',(1.,0.,0.));
#2179=DIRECTION('ref_axis',(0.,0.,-1.));
#2180=DIRECTION('',(0.,0.,-1.));
#2181=DIRECTION('',(0.,1.,0.));
#2182=DIRECTION('center_axis',(-2.15315980533364E-15,0.,1.));
#2183=DIRECTION('ref_axis',(1.,0.,2.15315980533364E-15));
#2184=DIRECTION('',(1.,0.,2.15315980533364E-15));
#2185=DIRECTION('',(0.,1.,0.));
#2186=DIRECTION('center_axis',(-1.,0.,0.));
#2187=DIRECTION('ref_axis',(0.,0.,1.));
#2188=DIRECTION('',(0.,0.,1.));
#2189=DIRECTION('center_axis',(-1.,0.,0.));
#2190=DIRECTION('ref_axis',(0.,0.,1.));
#2191=DIRECTION('',(0.,1.,0.));
#2192=DIRECTION('',(0.,0.,1.));
#2193=DIRECTION('',(0.,1.,0.));
#2194=DIRECTION('center_axis',(0.,0.,-1.));
#2195=DIRECTION('ref_axis',(-1.,0.,0.));
#2196=DIRECTION('',(-1.,0.,0.));
#2197=DIRECTION('',(0.,1.,0.));
#2198=DIRECTION('center_axis',(1.,0.,0.));
#2199=DIRECTION('ref_axis',(0.,0.,-1.));
#2200=DIRECTION('',(0.,0.,-1.));
#2201=DIRECTION('',(0.,1.,0.));
#2202=DIRECTION('center_axis',(-2.15315980533364E-15,0.,1.));
#2203=DIRECTION('ref_axis',(1.,0.,2.15315980533364E-15));
#2204=DIRECTION('',(1.,0.,2.15315980533364E-15));
#2205=DIRECTION('center_axis',(0.,1.,0.));
#2206=DIRECTION('ref_axis',(-0.707106781186548,0.,-0.707106781186547));
#2207=DIRECTION('center_axis',(0.,-1.,0.));
#2208=DIRECTION('ref_axis',(-0.707106781186548,0.,-0.707106781186547));
#2209=DIRECTION('',(0.,-1.,0.));
#2210=DIRECTION('center_axis',(0.,1.,0.));
#2211=DIRECTION('ref_axis',(-0.707106781186548,0.,-0.707106781186547));
#2212=DIRECTION('',(0.,1.,0.));
#2213=DIRECTION('center_axis',(0.,0.,-1.));
#2214=DIRECTION('ref_axis',(-1.,0.,0.));
#2215=DIRECTION('',(-1.,0.,0.));
#2216=DIRECTION('',(0.,1.,0.));
#2217=DIRECTION('',(1.,0.,0.));
#2218=DIRECTION('center_axis',(0.,1.,0.));
#2219=DIRECTION('ref_axis',(1.,0.,0.));
#2220=DIRECTION('',(0.,0.,1.));
#2221=DIRECTION('center_axis',(0.,-1.,0.));
#2222=DIRECTION('ref_axis',(-0.707106781186547,0.,0.707106781186547));
#2223=DIRECTION('',(1.,0.,0.));
#2224=DIRECTION('center_axis',(0.,-1.,0.));
#2225=DIRECTION('ref_axis',(0.707106781186547,0.,0.707106781186547));
#2226=DIRECTION('',(0.,0.,-1.));
#2227=DIRECTION('center_axis',(0.,-1.,0.));
#2228=DIRECTION('ref_axis',(0.707106781186547,0.,-0.707106781186547));
#2229=DIRECTION('center_axis',(0.,-1.,0.));
#2230=DIRECTION('ref_axis',(1.,0.,0.));
#2231=DIRECTION('center_axis',(0.,-1.,0.));
#2232=DIRECTION('ref_axis',(1.,0.,0.));
#2233=DIRECTION('center_axis',(0.,-1.,0.));
#2234=DIRECTION('ref_axis',(1.,0.,0.));
#2235=DIRECTION('center_axis',(0.,-1.,0.));
#2236=DIRECTION('ref_axis',(1.,0.,0.));
#2237=DIRECTION('center_axis',(0.,-1.,0.));
#2238=DIRECTION('ref_axis',(1.,0.,0.));
#2239=DIRECTION('center_axis',(0.,-1.,0.));
#2240=DIRECTION('ref_axis',(1.,0.,0.));
#2241=DIRECTION('center_axis',(0.,1.,0.));
#2242=DIRECTION('ref_axis',(0.707106781186547,0.,0.707106781186547));
#2243=DIRECTION('',(0.,-1.,0.));
#2244=DIRECTION('center_axis',(0.,1.,0.));
#2245=DIRECTION('ref_axis',(0.707106781186547,0.,0.707106781186547));
#2246=DIRECTION('',(0.,1.,0.));
#2247=DIRECTION('center_axis',(1.,0.,0.));
#2248=DIRECTION('ref_axis',(0.,0.,-1.));
#2249=DIRECTION('',(0.,0.,1.));
#2250=DIRECTION('',(0.,-1.,0.));
#2251=DIRECTION('center_axis',(0.,1.,0.));
#2252=DIRECTION('ref_axis',(0.707106781186547,0.,-0.707106781186547));
#2253=DIRECTION('center_axis',(0.,1.,0.));
#2254=DIRECTION('ref_axis',(0.707106781186547,0.,-0.707106781186547));
#2255=DIRECTION('center_axis',(0.,1.,0.));
#2256=DIRECTION('ref_axis',(-0.707106781186547,0.,0.707106781186547));
#2257=DIRECTION('',(0.,-1.,0.));
#2258=DIRECTION('center_axis',(0.,1.,0.));
#2259=DIRECTION('ref_axis',(-0.707106781186547,0.,0.707106781186547));
#2260=DIRECTION('',(0.,1.,0.));
#2261=DIRECTION('center_axis',(0.,0.,1.));
#2262=DIRECTION('ref_axis',(1.,0.,0.));
#2263=DIRECTION('',(-1.,0.,0.));
#2264=DIRECTION('center_axis',(0.,1.,0.));
#2265=DIRECTION('ref_axis',(1.,0.,0.));
#2266=DIRECTION('center_axis',(0.,1.,0.));
#2267=DIRECTION('ref_axis',(1.,0.,0.));
#2268=DIRECTION('',(0.,1.,0.));
#2269=DIRECTION('center_axis',(0.,1.,0.));
#2270=DIRECTION('ref_axis',(1.,0.,0.));
#2271=DIRECTION('center_axis',(0.,1.,0.));
#2272=DIRECTION('ref_axis',(1.,0.,0.));
#2273=DIRECTION('',(0.,1.,0.));
#2274=DIRECTION('center_axis',(0.,1.,0.));
#2275=DIRECTION('ref_axis',(1.,0.,0.));
#2276=DIRECTION('center_axis',(0.,1.,0.));
#2277=DIRECTION('ref_axis',(1.,0.,0.));
#2278=DIRECTION('',(0.,1.,0.));
#2279=DIRECTION('center_axis',(0.,1.,0.));
#2280=DIRECTION('ref_axis',(1.,0.,0.));
#2281=DIRECTION('',(0.,-1.,0.));
#2282=DIRECTION('center_axis',(0.,-1.,0.));
#2283=DIRECTION('ref_axis',(1.,0.,0.));
#2284=DIRECTION('center_axis',(0.,1.,0.));
#2285=DIRECTION('ref_axis',(1.,0.,0.));
#2286=DIRECTION('',(0.,-1.,0.));
#2287=DIRECTION('center_axis',(0.,-1.,0.));
#2288=DIRECTION('ref_axis',(1.,0.,0.));
#2289=DIRECTION('center_axis',(0.,1.,0.));
#2290=DIRECTION('ref_axis',(1.,0.,0.));
#2291=DIRECTION('',(0.,-1.,0.));
#2292=DIRECTION('center_axis',(0.,-1.,0.));
#2293=DIRECTION('ref_axis',(1.,0.,0.));
#2294=DIRECTION('center_axis',(-1.,0.,0.));
#2295=DIRECTION('ref_axis',(0.,0.,1.));
#2296=DIRECTION('',(0.,0.,-1.));
#2297=DIRECTION('center_axis',(0.,1.,0.));
#2298=DIRECTION('ref_axis',(1.,0.,0.));
#2299=CARTESIAN_POINT('',(0.,0.,0.));
#2300=CARTESIAN_POINT('Origin',(231.256,-5.,223.200001877546));
#2301=CARTESIAN_POINT('',(231.256,0.,197.700001877546));
#2302=CARTESIAN_POINT('',(231.256,0.,223.200001877546));
#2303=CARTESIAN_POINT('',(231.256,0.,216.825001877546));
#2304=CARTESIAN_POINT('',(231.256,10.,197.700001877546));
#2305=CARTESIAN_POINT('',(231.256,-5.,197.700001877546));
#2306=CARTESIAN_POINT('',(231.256,10.,223.200001877546));
#2307=CARTESIAN_POINT('',(231.256,10.,223.200001877546));
#2308=CARTESIAN_POINT('',(231.256,-5.,223.200001877546));
#2309=CARTESIAN_POINT('Origin',(231.256,-5.,197.700001877546));
#2310=CARTESIAN_POINT('',(209.756,0.,197.700001877546));
#2311=CARTESIAN_POINT('',(179.628,0.,197.700001877546));
#2312=CARTESIAN_POINT('',(209.756,10.,197.700001877546));
#2313=CARTESIAN_POINT('',(209.756,-5.,197.700001877546));
#2314=CARTESIAN_POINT('',(231.256,10.,197.700001877546));
#2315=CARTESIAN_POINT('Origin',(209.756,-5.,223.200001877546));
#2316=CARTESIAN_POINT('',(209.756,0.,223.200001877546));
#2317=CARTESIAN_POINT('',(168.878,0.,223.200001877546));
#2318=CARTESIAN_POINT('',(209.756,10.,223.200001877546));
#2319=CARTESIAN_POINT('',(209.756,10.,223.200001877546));
#2320=CARTESIAN_POINT('',(209.756,-5.,223.200001877546));
#2321=CARTESIAN_POINT('Origin',(209.756,-5.,197.700001877546));
#2322=CARTESIAN_POINT('',(209.756,0.,204.075001877546));
#2323=CARTESIAN_POINT('',(209.756,10.,197.700001877546));
#2324=CARTESIAN_POINT('Origin',(220.506,10.,210.450001877546));
#2325=CARTESIAN_POINT('',(228.756,10.,200.200001877546));
#2326=CARTESIAN_POINT('',(228.756,10.,220.700001877546));
#2327=CARTESIAN_POINT('',(228.756,10.,220.700001877546));
#2328=CARTESIAN_POINT('',(212.256,10.,220.700001877546));
#2329=CARTESIAN_POINT('',(212.256,10.,220.700001877546));
#2330=CARTESIAN_POINT('',(212.256,10.,200.200001877546));
#2331=CARTESIAN_POINT('',(212.256,10.,200.200001877546));
#2332=CARTESIAN_POINT('',(228.756,10.,200.200001877546));
#2333=CARTESIAN_POINT('Origin',(125.541714285714,-5.,223.200001877546));
#2334=CARTESIAN_POINT('',(125.541714285714,0.,197.700001877546));
#2335=CARTESIAN_POINT('',(125.541714285714,0.,223.200001877546));
#2336=CARTESIAN_POINT('',(125.541714285714,0.,216.825001877546));
#2337=CARTESIAN_POINT('',(125.541714285714,10.,197.700001877546));
#2338=CARTESIAN_POINT('',(125.541714285714,-5.,197.700001877546));
#2339=CARTESIAN_POINT('',(125.541714285714,10.,223.200001877546));
#2340=CARTESIAN_POINT('',(125.541714285714,10.,223.200001877546));
#2341=CARTESIAN_POINT('',(125.541714285714,-5.,223.200001877546));
#2342=CARTESIAN_POINT('Origin',(125.541714285714,-5.,197.700001877546));
#2343=CARTESIAN_POINT('',(104.041714285714,0.,197.700001877546));
#2344=CARTESIAN_POINT('',(126.770857142857,0.,197.700001877546));
#2345=CARTESIAN_POINT('',(104.041714285714,10.,197.700001877546));
#2346=CARTESIAN_POINT('',(104.041714285714,-5.,197.700001877546));
#2347=CARTESIAN_POINT('',(125.541714285714,10.,197.700001877546));
#2348=CARTESIAN_POINT('Origin',(104.041714285714,-5.,223.200001877546));
#2349=CARTESIAN_POINT('',(104.041714285714,0.,223.200001877546));
#2350=CARTESIAN_POINT('',(116.020857142857,0.,223.200001877546));
#2351=CARTESIAN_POINT('',(104.041714285714,10.,223.200001877546));
#2352=CARTESIAN_POINT('',(104.041714285714,10.,223.200001877546));
#2353=CARTESIAN_POINT('',(104.041714285714,-5.,223.200001877546));
#2354=CARTESIAN_POINT('Origin',(104.041714285714,-5.,197.700001877546));
#2355=CARTESIAN_POINT('',(104.041714285714,0.,204.075001877546));
#2356=CARTESIAN_POINT('',(104.041714285714,10.,197.700001877546));
#2357=CARTESIAN_POINT('Origin',(114.791714285714,10.,210.450001877546));
#2358=CARTESIAN_POINT('',(106.541714285714,10.,220.700001877546));
#2359=CARTESIAN_POINT('',(106.541714285714,10.,200.200001877546));
#2360=CARTESIAN_POINT('',(106.541714285714,10.,200.200001877546));
#2361=CARTESIAN_POINT('',(123.041714285714,10.,200.200001877546));
#2362=CARTESIAN_POINT('',(123.041714285714,10.,200.200001877546));
#2363=CARTESIAN_POINT('',(123.041714285714,10.,220.700001877546));
#2364=CARTESIAN_POINT('',(123.041714285714,10.,220.700001877546));
#2365=CARTESIAN_POINT('',(106.541714285714,10.,220.700001877546));
#2366=CARTESIAN_POINT('Origin',(46.256,-5.,223.200001877546));
#2367=CARTESIAN_POINT('',(46.256,0.,197.700001877546));
#2368=CARTESIAN_POINT('',(46.256,0.,223.200001877546));
#2369=CARTESIAN_POINT('',(46.256,0.,216.825001877546));
#2370=CARTESIAN_POINT('',(46.256,10.,197.700001877546));
#2371=CARTESIAN_POINT('',(46.256,-5.,197.700001877546));
#2372=CARTESIAN_POINT('',(46.256,10.,223.200001877546));
#2373=CARTESIAN_POINT('',(46.256,10.,223.200001877546));
#2374=CARTESIAN_POINT('',(46.256,-5.,223.200001877546));
#2375=CARTESIAN_POINT('Origin',(46.256,-5.,197.700001877546));
#2376=CARTESIAN_POINT('',(24.756,0.,197.700001877546));
#2377=CARTESIAN_POINT('',(87.128,0.,197.700001877546));
#2378=CARTESIAN_POINT('',(24.756,10.,197.700001877546));
#2379=CARTESIAN_POINT('',(24.756,-5.,197.700001877546));
#2380=CARTESIAN_POINT('',(46.256,10.,197.700001877546));
#2381=CARTESIAN_POINT('Origin',(24.756,-5.,223.200001877546));
#2382=CARTESIAN_POINT('',(24.756,0.,223.200001877546));
#2383=CARTESIAN_POINT('',(76.378,0.,223.200001877546));
#2384=CARTESIAN_POINT('',(24.756,10.,223.200001877546));
#2385=CARTESIAN_POINT('',(24.756,10.,223.200001877546));
#2386=CARTESIAN_POINT('',(24.756,-5.,223.200001877546));
#2387=CARTESIAN_POINT('Origin',(24.756,-5.,197.700001877546));
#2388=CARTESIAN_POINT('',(24.756,0.,204.075001877546));
#2389=CARTESIAN_POINT('',(24.756,10.,197.700001877546));
#2390=CARTESIAN_POINT('Origin',(35.506,10.,210.450001877546));
#2391=CARTESIAN_POINT('',(27.256,10.,200.200001877546));
#2392=CARTESIAN_POINT('',(43.756,10.,200.200001877546));
#2393=CARTESIAN_POINT('',(43.756,10.,200.200001877546));
#2394=CARTESIAN_POINT('',(43.756,10.,220.700001877546));
#2395=CARTESIAN_POINT('',(43.756,10.,220.700001877546));
#2396=CARTESIAN_POINT('',(27.256,10.,220.700001877546));
#2397=CARTESIAN_POINT('',(27.256,10.,220.700001877546));
#2398=CARTESIAN_POINT('',(27.256,10.,200.200001877546));
#2399=CARTESIAN_POINT('Origin',(151.970285714286,-5.,223.200001877546));
#2400=CARTESIAN_POINT('',(151.970285714286,0.,197.700001877546));
#2401=CARTESIAN_POINT('',(151.970285714286,0.,223.200001877546));
#2402=CARTESIAN_POINT('',(151.970285714286,0.,216.825001877546));
#2403=CARTESIAN_POINT('',(151.970285714286,10.,197.700001877546));
#2404=CARTESIAN_POINT('',(151.970285714286,-5.,197.700001877546));
#2405=CARTESIAN_POINT('',(151.970285714286,10.,223.200001877546));
#2406=CARTESIAN_POINT('',(151.970285714286,10.,223.200001877546));
#2407=CARTESIAN_POINT('',(151.970285714286,-5.,223.200001877546));
#2408=CARTESIAN_POINT('Origin',(151.970285714286,-5.,197.700001877546));
#2409=CARTESIAN_POINT('',(130.470285714286,0.,197.700001877546));
#2410=CARTESIAN_POINT('',(139.985142857143,0.,197.700001877546));
#2411=CARTESIAN_POINT('',(130.470285714286,10.,197.700001877546));
#2412=CARTESIAN_POINT('',(130.470285714286,-5.,197.700001877546));
#2413=CARTESIAN_POINT('',(151.970285714286,10.,197.700001877546));
#2414=CARTESIAN_POINT('Origin',(130.470285714286,-5.,223.200001877546));
#2415=CARTESIAN_POINT('',(130.470285714286,0.,223.200001877546));
#2416=CARTESIAN_POINT('',(129.235142857143,0.,223.200001877546));
#2417=CARTESIAN_POINT('',(130.470285714286,10.,223.200001877546));
#2418=CARTESIAN_POINT('',(130.470285714286,10.,223.200001877546));
#2419=CARTESIAN_POINT('',(130.470285714286,-5.,223.200001877546));
#2420=CARTESIAN_POINT('Origin',(130.470285714286,-5.,197.700001877546));
#2421=CARTESIAN_POINT('',(130.470285714286,0.,204.075001877546));
#2422=CARTESIAN_POINT('',(130.470285714286,10.,197.700001877546));
#2423=CARTESIAN_POINT('Origin',(141.220285714286,10.,210.450001877546));
#2424=CARTESIAN_POINT('',(149.470285714286,10.,200.200001877546));
#2425=CARTESIAN_POINT('',(149.470285714286,10.,220.700001877546));
#2426=CARTESIAN_POINT('',(149.470285714286,10.,220.700001877546));
#2427=CARTESIAN_POINT('',(132.970285714286,10.,220.700001877546));
#2428=CARTESIAN_POINT('',(132.970285714286,10.,220.700001877546));
#2429=CARTESIAN_POINT('',(132.970285714286,10.,200.200001877546));
#2430=CARTESIAN_POINT('',(132.970285714286,10.,200.200001877546));
#2431=CARTESIAN_POINT('',(149.470285714286,10.,200.200001877546));
#2432=CARTESIAN_POINT('Origin',(204.827428571429,-5.,223.200001877546));
#2433=CARTESIAN_POINT('',(204.827428571429,0.,197.700001877546));
#2434=CARTESIAN_POINT('',(204.827428571429,0.,223.200001877546));
#2435=CARTESIAN_POINT('',(204.827428571429,0.,216.825001877546));
#2436=CARTESIAN_POINT('',(204.827428571429,10.,197.700001877546));
#2437=CARTESIAN_POINT('',(204.827428571429,-5.,197.700001877546));
#2438=CARTESIAN_POINT('',(204.827428571429,10.,223.200001877546));
#2439=CARTESIAN_POINT('',(204.827428571429,10.,223.200001877546));
#2440=CARTESIAN_POINT('',(204.827428571429,-5.,223.200001877546));
#2441=CARTESIAN_POINT('Origin',(204.827428571429,-5.,197.700001877546));
#2442=CARTESIAN_POINT('',(183.327428571429,0.,197.700001877546));
#2443=CARTESIAN_POINT('',(166.413714285714,0.,197.700001877546));
#2444=CARTESIAN_POINT('',(183.327428571429,10.,197.700001877546));
#2445=CARTESIAN_POINT('',(183.327428571429,-5.,197.700001877546));
#2446=CARTESIAN_POINT('',(204.827428571429,10.,197.700001877546));
#2447=CARTESIAN_POINT('Origin',(183.327428571429,-5.,223.200001877546));
#2448=CARTESIAN_POINT('',(183.327428571429,0.,223.200001877546));
#2449=CARTESIAN_POINT('',(155.663714285714,0.,223.200001877546));
#2450=CARTESIAN_POINT('',(183.327428571429,10.,223.200001877546));
#2451=CARTESIAN_POINT('',(183.327428571429,10.,223.200001877546));
#2452=CARTESIAN_POINT('',(183.327428571429,-5.,223.200001877546));
#2453=CARTESIAN_POINT('Origin',(183.327428571429,-5.,197.700001877546));
#2454=CARTESIAN_POINT('',(183.327428571429,0.,204.075001877546));
#2455=CARTESIAN_POINT('',(183.327428571429,10.,197.700001877546));
#2456=CARTESIAN_POINT('Origin',(194.077428571429,10.,210.450001877546));
#2457=CARTESIAN_POINT('',(202.327428571429,10.,200.200001877546));
#2458=CARTESIAN_POINT('',(202.327428571429,10.,220.700001877546));
#2459=CARTESIAN_POINT('',(202.327428571429,10.,220.700001877546));
#2460=CARTESIAN_POINT('',(185.827428571429,10.,220.700001877546));
#2461=CARTESIAN_POINT('',(185.827428571429,10.,220.700001877546));
#2462=CARTESIAN_POINT('',(185.827428571429,10.,200.200001877546));
#2463=CARTESIAN_POINT('',(185.827428571429,10.,200.200001877546));
#2464=CARTESIAN_POINT('',(202.327428571429,10.,200.200001877546));
#2465=CARTESIAN_POINT('Origin',(99.1131428571429,-5.,223.200001877546));
#2466=CARTESIAN_POINT('',(99.1131428571429,0.,197.700001877546));
#2467=CARTESIAN_POINT('',(99.1131428571429,0.,223.200001877546));
#2468=CARTESIAN_POINT('',(99.1131428571429,0.,216.825001877546));
#2469=CARTESIAN_POINT('',(99.1131428571429,10.,197.700001877546));
#2470=CARTESIAN_POINT('',(99.1131428571429,-5.,197.700001877546));
#2471=CARTESIAN_POINT('',(99.1131428571429,10.,223.200001877546));
#2472=CARTESIAN_POINT('',(99.1131428571429,10.,223.200001877546));
#2473=CARTESIAN_POINT('',(99.1131428571429,-5.,223.200001877546));
#2474=CARTESIAN_POINT('Origin',(99.1131428571429,-5.,197.700001877546));
#2475=CARTESIAN_POINT('',(77.6131428571428,0.,197.700001877546));
#2476=CARTESIAN_POINT('',(113.556571428571,0.,197.700001877546));
#2477=CARTESIAN_POINT('',(77.6131428571428,10.,197.700001877546));
#2478=CARTESIAN_POINT('',(77.6131428571428,-5.,197.700001877546));
#2479=CARTESIAN_POINT('',(99.1131428571429,10.,197.700001877546));
#2480=CARTESIAN_POINT('Origin',(77.6131428571428,-5.,223.200001877546));
#2481=CARTESIAN_POINT('',(77.6131428571428,0.,223.200001877546));
#2482=CARTESIAN_POINT('',(102.806571428571,0.,223.200001877546));
#2483=CARTESIAN_POINT('',(77.6131428571428,10.,223.200001877546));
#2484=CARTESIAN_POINT('',(77.6131428571428,10.,223.200001877546));
#2485=CARTESIAN_POINT('',(77.6131428571428,-5.,223.200001877546));
#2486=CARTESIAN_POINT('Origin',(77.6131428571428,-5.,197.700001877546));
#2487=CARTESIAN_POINT('',(77.6131428571428,0.,204.075001877546));
#2488=CARTESIAN_POINT('',(77.6131428571428,10.,197.700001877546));
#2489=CARTESIAN_POINT('Origin',(88.3631428571429,10.,210.450001877546));
#2490=CARTESIAN_POINT('',(96.6131428571429,10.,200.200001877546));
#2491=CARTESIAN_POINT('',(96.6131428571428,10.,220.700001877546));
#2492=CARTESIAN_POINT('',(96.6131428571429,10.,220.700001877546));
#2493=CARTESIAN_POINT('',(80.1131428571428,10.,220.700001877546));
#2494=CARTESIAN_POINT('',(80.1131428571428,10.,220.700001877546));
#2495=CARTESIAN_POINT('',(80.1131428571428,10.,200.200001877546));
#2496=CARTESIAN_POINT('',(80.1131428571428,10.,200.200001877546));
#2497=CARTESIAN_POINT('',(96.6131428571429,10.,200.200001877546));
#2498=CARTESIAN_POINT('Origin',(72.6845714285715,-5.,223.200001877546));
#2499=CARTESIAN_POINT('',(72.6845714285715,0.,197.700001877546));
#2500=CARTESIAN_POINT('',(72.6845714285715,0.,223.200001877546));
#2501=CARTESIAN_POINT('',(72.6845714285715,0.,216.825001877546));
#2502=CARTESIAN_POINT('',(72.6845714285715,10.,197.700001877546));
#2503=CARTESIAN_POINT('',(72.6845714285715,-5.,197.700001877546));
#2504=CARTESIAN_POINT('',(72.6845714285715,10.,223.200001877546));
#2505=CARTESIAN_POINT('',(72.6845714285715,10.,223.200001877546));
#2506=CARTESIAN_POINT('',(72.6845714285715,-5.,223.200001877546));
#2507=CARTESIAN_POINT('Origin',(72.6845714285715,-5.,197.700001877546));
#2508=CARTESIAN_POINT('',(51.1845714285714,0.,197.700001877546));
#2509=CARTESIAN_POINT('',(100.342285714286,0.,197.700001877546));
#2510=CARTESIAN_POINT('',(51.1845714285714,10.,197.700001877546));
#2511=CARTESIAN_POINT('',(51.1845714285714,-5.,197.700001877546));
#2512=CARTESIAN_POINT('',(72.6845714285715,10.,197.700001877546));
#2513=CARTESIAN_POINT('Origin',(51.1845714285714,-5.,223.200001877546));
#2514=CARTESIAN_POINT('',(51.1845714285714,0.,223.200001877546));
#2515=CARTESIAN_POINT('',(89.5922857142857,0.,223.200001877546));
#2516=CARTESIAN_POINT('',(51.1845714285714,10.,223.200001877546));
#2517=CARTESIAN_POINT('',(51.1845714285714,10.,223.200001877546));
#2518=CARTESIAN_POINT('',(51.1845714285714,-5.,223.200001877546));
#2519=CARTESIAN_POINT('Origin',(51.1845714285714,-5.,197.700001877546));
#2520=CARTESIAN_POINT('',(51.1845714285714,0.,204.075001877546));
#2521=CARTESIAN_POINT('',(51.1845714285714,10.,197.700001877546));
#2522=CARTESIAN_POINT('Origin',(61.9345714285714,10.,210.450001877546));
#2523=CARTESIAN_POINT('',(70.1845714285715,10.,200.200001877546));
#2524=CARTESIAN_POINT('',(70.1845714285714,10.,220.700001877546));
#2525=CARTESIAN_POINT('',(70.1845714285715,10.,220.700001877546));
#2526=CARTESIAN_POINT('',(53.6845714285714,10.,220.700001877546));
#2527=CARTESIAN_POINT('',(53.6845714285714,10.,220.700001877546));
#2528=CARTESIAN_POINT('',(53.6845714285714,10.,200.200001877546));
#2529=CARTESIAN_POINT('',(53.6845714285714,10.,200.200001877546));
#2530=CARTESIAN_POINT('',(70.1845714285715,10.,200.200001877546));
#2531=CARTESIAN_POINT('Origin',(178.398857142857,-5.,223.200001877546));
#2532=CARTESIAN_POINT('',(178.398857142857,0.,197.700001877546));
#2533=CARTESIAN_POINT('',(178.398857142857,0.,223.200001877546));
#2534=CARTESIAN_POINT('',(178.398857142857,0.,216.825001877546));
#2535=CARTESIAN_POINT('',(178.398857142857,10.,197.700001877546));
#2536=CARTESIAN_POINT('',(178.398857142857,-5.,197.700001877546));
#2537=CARTESIAN_POINT('',(178.398857142857,10.,223.200001877546));
#2538=CARTESIAN_POINT('',(178.398857142857,10.,223.200001877546));
#2539=CARTESIAN_POINT('',(178.398857142857,-5.,223.200001877546));
#2540=CARTESIAN_POINT('Origin',(178.398857142857,-5.,197.700001877546));
#2541=CARTESIAN_POINT('',(156.898857142857,0.,197.700001877546));
#2542=CARTESIAN_POINT('',(153.199428571429,0.,197.700001877546));
#2543=CARTESIAN_POINT('',(156.898857142857,10.,197.700001877546));
#2544=CARTESIAN_POINT('',(156.898857142857,-5.,197.700001877546));
#2545=CARTESIAN_POINT('',(178.398857142857,10.,197.700001877546));
#2546=CARTESIAN_POINT('Origin',(156.898857142857,-5.,223.200001877546));
#2547=CARTESIAN_POINT('',(156.898857142857,0.,223.200001877546));
#2548=CARTESIAN_POINT('',(142.449428571429,0.,223.200001877546));
#2549=CARTESIAN_POINT('',(156.898857142857,10.,223.200001877546));
#2550=CARTESIAN_POINT('',(156.898857142857,10.,223.200001877546));
#2551=CARTESIAN_POINT('',(156.898857142857,-5.,223.200001877546));
#2552=CARTESIAN_POINT('Origin',(156.898857142857,-5.,197.700001877546));
#2553=CARTESIAN_POINT('',(156.898857142857,0.,204.075001877546));
#2554=CARTESIAN_POINT('',(156.898857142857,10.,197.700001877546));
#2555=CARTESIAN_POINT('Origin',(167.648857142857,10.,210.450001877546));
#2556=CARTESIAN_POINT('',(175.898857142857,10.,200.200001877546));
#2557=CARTESIAN_POINT('',(175.898857142857,10.,220.700001877546));
#2558=CARTESIAN_POINT('',(175.898857142857,10.,220.700001877546));
#2559=CARTESIAN_POINT('',(159.398857142857,10.,220.700001877546));
#2560=CARTESIAN_POINT('',(159.398857142857,10.,220.700001877546));
#2561=CARTESIAN_POINT('',(159.398857142857,10.,200.200001877546));
#2562=CARTESIAN_POINT('',(159.398857142857,10.,200.200001877546));
#2563=CARTESIAN_POINT('',(175.898857142857,10.,200.200001877546));
#2564=CARTESIAN_POINT('Origin',(96.6131428571429,-5.,200.200001877546));
#2565=CARTESIAN_POINT('',(80.1131428571428,-5.,200.200001877546));
#2566=CARTESIAN_POINT('',(80.1131428571428,-5.,200.200001877546));
#2567=CARTESIAN_POINT('',(96.6131428571429,-5.,200.200001877546));
#2568=CARTESIAN_POINT('',(112.306571428571,-5.,200.200001877546));
#2569=CARTESIAN_POINT('',(96.6131428571429,-5.,200.200001877546));
#2570=CARTESIAN_POINT('Origin',(96.6131428571429,-5.,220.700001877546));
#2571=CARTESIAN_POINT('',(96.6131428571428,-5.,220.700001877546));
#2572=CARTESIAN_POINT('',(96.6131428571429,-5.,215.575001877546));
#2573=CARTESIAN_POINT('',(96.6131428571428,-5.,220.700001877546));
#2574=CARTESIAN_POINT('Origin',(80.1131428571428,-5.,220.700001877546));
#2575=CARTESIAN_POINT('',(80.1131428571428,-5.,220.700001877546));
#2576=CARTESIAN_POINT('',(104.056571428571,-5.,220.700001877546));
#2577=CARTESIAN_POINT('',(80.1131428571428,-5.,220.700001877546));
#2578=CARTESIAN_POINT('Origin',(80.1131428571428,-5.,200.200001877546));
#2579=CARTESIAN_POINT('',(80.1131428571428,-5.,205.325001877546));
#2580=CARTESIAN_POINT('Origin',(202.327428571429,-5.,200.200001877546));
#2581=CARTESIAN_POINT('',(185.827428571429,-5.,200.200001877546));
#2582=CARTESIAN_POINT('',(185.827428571429,-5.,200.200001877546));
#2583=CARTESIAN_POINT('',(202.327428571429,-5.,200.200001877546));
#2584=CARTESIAN_POINT('',(165.163714285714,-5.,200.200001877546));
#2585=CARTESIAN_POINT('',(202.327428571429,-5.,200.200001877546));
#2586=CARTESIAN_POINT('Origin',(202.327428571429,-5.,220.700001877546));
#2587=CARTESIAN_POINT('',(202.327428571429,-5.,220.700001877546));
#2588=CARTESIAN_POINT('',(202.327428571429,-5.,215.575001877546));
#2589=CARTESIAN_POINT('',(202.327428571429,-5.,220.700001877546));
#2590=CARTESIAN_POINT('Origin',(185.827428571429,-5.,220.700001877546));
#2591=CARTESIAN_POINT('',(185.827428571429,-5.,220.700001877546));
#2592=CARTESIAN_POINT('',(156.913714285714,-5.,220.700001877546));
#2593=CARTESIAN_POINT('',(185.827428571429,-5.,220.700001877546));
#2594=CARTESIAN_POINT('Origin',(185.827428571429,-5.,200.200001877546));
#2595=CARTESIAN_POINT('',(185.827428571429,-5.,205.325001877546));
#2596=CARTESIAN_POINT('Origin',(175.898857142857,-5.,200.200001877546));
#2597=CARTESIAN_POINT('',(159.398857142857,-5.,200.200001877546));
#2598=CARTESIAN_POINT('',(159.398857142857,-5.,200.200001877546));
#2599=CARTESIAN_POINT('',(175.898857142857,-5.,200.200001877546));
#2600=CARTESIAN_POINT('',(151.949428571429,-5.,200.200001877546));
#2601=CARTESIAN_POINT('',(175.898857142857,-5.,200.200001877546));
#2602=CARTESIAN_POINT('Origin',(175.898857142857,-5.,220.700001877546));
#2603=CARTESIAN_POINT('',(175.898857142857,-5.,220.700001877546));
#2604=CARTESIAN_POINT('',(175.898857142857,-5.,215.575001877546));
#2605=CARTESIAN_POINT('',(175.898857142857,-5.,220.700001877546));
#2606=CARTESIAN_POINT('Origin',(159.398857142857,-5.,220.700001877546));
#2607=CARTESIAN_POINT('',(159.398857142857,-5.,220.700001877546));
#2608=CARTESIAN_POINT('',(143.699428571429,-5.,220.700001877546));
#2609=CARTESIAN_POINT('',(159.398857142857,-5.,220.700001877546));
#2610=CARTESIAN_POINT('Origin',(159.398857142857,-5.,200.200001877546));
#2611=CARTESIAN_POINT('',(159.398857142857,-5.,205.325001877546));
#2612=CARTESIAN_POINT('Origin',(70.1845714285715,-5.,200.200001877546));
#2613=CARTESIAN_POINT('',(53.6845714285714,-5.,200.200001877546));
#2614=CARTESIAN_POINT('',(53.6845714285714,-5.,200.200001877546));
#2615=CARTESIAN_POINT('',(70.1845714285715,-5.,200.200001877546));
#2616=CARTESIAN_POINT('',(99.0922857142857,-5.,200.200001877546));
#2617=CARTESIAN_POINT('',(70.1845714285715,-5.,200.200001877546));
#2618=CARTESIAN_POINT('Origin',(70.1845714285715,-5.,220.700001877546));
#2619=CARTESIAN_POINT('',(70.1845714285714,-5.,220.700001877546));
#2620=CARTESIAN_POINT('',(70.1845714285715,-5.,215.575001877546));
#2621=CARTESIAN_POINT('',(70.1845714285714,-5.,220.700001877546));
#2622=CARTESIAN_POINT('Origin',(53.6845714285714,-5.,220.700001877546));
#2623=CARTESIAN_POINT('',(53.6845714285714,-5.,220.700001877546));
#2624=CARTESIAN_POINT('',(90.8422857142857,-5.,220.700001877546));
#2625=CARTESIAN_POINT('',(53.6845714285714,-5.,220.700001877546));
#2626=CARTESIAN_POINT('Origin',(53.6845714285714,-5.,200.200001877546));
#2627=CARTESIAN_POINT('',(53.6845714285714,-5.,205.325001877546));
#2628=CARTESIAN_POINT('Origin',(106.541714285714,-5.,220.700001877546));
#2629=CARTESIAN_POINT('',(123.041714285714,-5.,220.700001877546));
#2630=CARTESIAN_POINT('',(123.041714285714,-5.,220.700001877546));
#2631=CARTESIAN_POINT('',(106.541714285714,-5.,220.700001877546));
#2632=CARTESIAN_POINT('',(117.270857142857,-5.,220.700001877546));
#2633=CARTESIAN_POINT('',(106.541714285714,-5.,220.700001877546));
#2634=CARTESIAN_POINT('Origin',(106.541714285714,-5.,200.200001877546));
#2635=CARTESIAN_POINT('',(106.541714285714,-5.,200.200001877546));
#2636=CARTESIAN_POINT('',(106.541714285714,-5.,205.325001877546));
#2637=CARTESIAN_POINT('',(106.541714285714,-5.,200.200001877546));
#2638=CARTESIAN_POINT('Origin',(123.041714285714,-5.,200.200001877546));
#2639=CARTESIAN_POINT('',(123.041714285714,-5.,200.200001877546));
#2640=CARTESIAN_POINT('',(125.520857142857,-5.,200.200001877546));
#2641=CARTESIAN_POINT('',(123.041714285714,-5.,200.200001877546));
#2642=CARTESIAN_POINT('Origin',(123.041714285714,-5.,220.700001877546));
#2643=CARTESIAN_POINT('',(123.041714285714,-5.,215.575001877546));
#2644=CARTESIAN_POINT('Origin',(228.756,-5.,200.200001877546));
#2645=CARTESIAN_POINT('',(212.256,-5.,200.200001877546));
#2646=CARTESIAN_POINT('',(212.256,-5.,200.200001877546));
#2647=CARTESIAN_POINT('',(228.756,-5.,200.200001877546));
#2648=CARTESIAN_POINT('',(178.378,-5.,200.200001877546));
#2649=CARTESIAN_POINT('',(228.756,-5.,200.200001877546));
#2650=CARTESIAN_POINT('Origin',(228.756,-5.,220.700001877546));
#2651=CARTESIAN_POINT('',(228.756,-5.,220.700001877546));
#2652=CARTESIAN_POINT('',(228.756,-5.,215.575001877546));
#2653=CARTESIAN_POINT('',(228.756,-5.,220.700001877546));
#2654=CARTESIAN_POINT('Origin',(212.256,-5.,220.700001877546));
#2655=CARTESIAN_POINT('',(212.256,-5.,220.700001877546));
#2656=CARTESIAN_POINT('',(170.128,-5.,220.700001877546));
#2657=CARTESIAN_POINT('',(212.256,-5.,220.700001877546));
#2658=CARTESIAN_POINT('Origin',(212.256,-5.,200.200001877546));
#2659=CARTESIAN_POINT('',(212.256,-5.,205.325001877546));
#2660=CARTESIAN_POINT('Origin',(149.470285714286,-5.,200.200001877546));
#2661=CARTESIAN_POINT('',(132.970285714286,-5.,200.200001877546));
#2662=CARTESIAN_POINT('',(132.970285714286,-5.,200.200001877546));
#2663=CARTESIAN_POINT('',(149.470285714286,-5.,200.200001877546));
#2664=CARTESIAN_POINT('',(138.735142857143,-5.,200.200001877546));
#2665=CARTESIAN_POINT('',(149.470285714286,-5.,200.200001877546));
#2666=CARTESIAN_POINT('Origin',(149.470285714286,-5.,220.700001877546));
#2667=CARTESIAN_POINT('',(149.470285714286,-5.,220.700001877546));
#2668=CARTESIAN_POINT('',(149.470285714286,-5.,215.575001877546));
#2669=CARTESIAN_POINT('',(149.470285714286,-5.,220.700001877546));
#2670=CARTESIAN_POINT('Origin',(132.970285714286,-5.,220.700001877546));
#2671=CARTESIAN_POINT('',(132.970285714286,-5.,220.700001877546));
#2672=CARTESIAN_POINT('',(130.485142857143,-5.,220.700001877546));
#2673=CARTESIAN_POINT('',(132.970285714286,-5.,220.700001877546));
#2674=CARTESIAN_POINT('Origin',(132.970285714286,-5.,200.200001877546));
#2675=CARTESIAN_POINT('',(132.970285714286,-5.,205.325001877546));
#2676=CARTESIAN_POINT('Origin',(27.256,-5.,200.200001877546));
#2677=CARTESIAN_POINT('',(27.256,-5.,220.700001877546));
#2678=CARTESIAN_POINT('',(27.256,-5.,220.700001877546));
#2679=CARTESIAN_POINT('',(27.256,-5.,200.200001877546));
#2680=CARTESIAN_POINT('',(27.256,-5.,205.325001877546));
#2681=CARTESIAN_POINT('',(27.256,-5.,200.200001877546));
#2682=CARTESIAN_POINT('Origin',(43.756,-5.,200.200001877546));
#2683=CARTESIAN_POINT('',(43.756,-5.,200.200001877546));
#2684=CARTESIAN_POINT('',(85.878,-5.,200.200001877546));
#2685=CARTESIAN_POINT('',(43.756,-5.,200.200001877546));
#2686=CARTESIAN_POINT('Origin',(43.756,-5.,220.700001877546));
#2687=CARTESIAN_POINT('',(43.756,-5.,220.700001877546));
#2688=CARTESIAN_POINT('',(43.756,-5.,215.575001877546));
#2689=CARTESIAN_POINT('',(43.756,-5.,220.700001877546));
#2690=CARTESIAN_POINT('Origin',(27.256,-5.,220.700001877546));
#2691=CARTESIAN_POINT('',(77.628,-5.,220.700001877546));
#2692=CARTESIAN_POINT('Origin',(5.50000000000001,-5.,193.225001877546));
#2693=CARTESIAN_POINT('',(0.5,0.,193.225001877546));
#2694=CARTESIAN_POINT('',(5.50000000000001,0.,188.225001877546));
#2695=CARTESIAN_POINT('Origin',(5.50000000000001,0.,193.225001877546));
#2696=CARTESIAN_POINT('',(5.50000000000001,-5.,188.225001877546));
#2697=CARTESIAN_POINT('',(5.50000000000001,-5.,188.225001877546));
#2698=CARTESIAN_POINT('',(0.5,-5.,193.225001877546));
#2699=CARTESIAN_POINT('Origin',(5.50000000000001,-5.,193.225001877546));
#2700=CARTESIAN_POINT('',(0.5,-5.,193.225001877546));
#2701=CARTESIAN_POINT('Origin',(255.5,-5.,188.225001877546));
#2702=CARTESIAN_POINT('',(250.5,0.,188.225001877546));
#2703=CARTESIAN_POINT('',(0.5,0.,188.225001877546));
#2704=CARTESIAN_POINT('',(250.5,-5.,188.225001877546));
#2705=CARTESIAN_POINT('',(250.5,-5.,188.225001877546));
#2706=CARTESIAN_POINT('',(0.5,-5.,188.225001877546));
#2707=CARTESIAN_POINT('Origin',(128.,0.,210.450001877546));
#2708=CARTESIAN_POINT('',(0.5,0.,227.675001877546));
#2709=CARTESIAN_POINT('',(0.5,0.,232.675001877546));
#2710=CARTESIAN_POINT('',(5.50000000000001,0.,232.675001877546));
#2711=CARTESIAN_POINT('Origin',(5.5,0.,227.675001877546));
#2712=CARTESIAN_POINT('',(250.5,0.,232.675001877546));
#2713=CARTESIAN_POINT('',(255.5,0.,232.675001877546));
#2714=CARTESIAN_POINT('',(255.5,0.,227.675001877546));
#2715=CARTESIAN_POINT('Origin',(250.5,0.,227.675001877546));
#2716=CARTESIAN_POINT('',(255.5,0.,193.225001877546));
#2717=CARTESIAN_POINT('',(255.5,0.,188.225001877546));
#2718=CARTESIAN_POINT('Origin',(250.5,0.,193.225001877546));
#2719=CARTESIAN_POINT('',(244.2,0.,226.325001877546));
#2720=CARTESIAN_POINT('Origin',(247.,0.,226.325001877546));
#2721=CARTESIAN_POINT('',(244.2,0.,210.450001877546));
#2722=CARTESIAN_POINT('Origin',(247.,0.,210.450001877546));
#2723=CARTESIAN_POINT('',(244.2,0.,194.575001877546));
#2724=CARTESIAN_POINT('Origin',(247.,0.,194.575001877546));
#2725=CARTESIAN_POINT('',(6.2,0.,226.325001877546));
#2726=CARTESIAN_POINT('Origin',(9.,0.,226.325001877546));
#2727=CARTESIAN_POINT('',(6.2,0.,194.575001877546));
#2728=CARTESIAN_POINT('Origin',(9.,0.,194.575001877546));
#2729=CARTESIAN_POINT('',(6.2,0.,210.450001877546));
#2730=CARTESIAN_POINT('Origin',(9.,0.,210.450001877546));
#2731=CARTESIAN_POINT('Origin',(250.5,-5.,227.675001877546));
#2732=CARTESIAN_POINT('',(250.5,-5.,232.675001877546));
#2733=CARTESIAN_POINT('',(250.5,-5.,232.675001877546));
#2734=CARTESIAN_POINT('',(255.5,-5.,227.675001877546));
#2735=CARTESIAN_POINT('Origin',(250.5,-5.,227.675001877546));
#2736=CARTESIAN_POINT('',(255.5,-5.,227.675001877546));
#2737=CARTESIAN_POINT('Origin',(255.5,-5.,232.675001877546));
#2738=CARTESIAN_POINT('',(255.5,-5.,193.225001877546));
#2739=CARTESIAN_POINT('',(255.5,-5.,188.225001877546));
#2740=CARTESIAN_POINT('',(255.5,-5.,193.225001877546));
#2741=CARTESIAN_POINT('Origin',(250.5,-5.,193.225001877546));
#2742=CARTESIAN_POINT('Origin',(250.5,-5.,193.225001877546));
#2743=CARTESIAN_POINT('Origin',(5.5,-5.,227.675001877546));
#2744=CARTESIAN_POINT('',(0.5,-5.,227.675001877546));
#2745=CARTESIAN_POINT('',(0.5,-5.,227.675001877546));
#2746=CARTESIAN_POINT('',(5.50000000000001,-5.,232.675001877546));
#2747=CARTESIAN_POINT('Origin',(5.5,-5.,227.675001877546));
#2748=CARTESIAN_POINT('',(5.5,-5.,232.675001877546));
#2749=CARTESIAN_POINT('Origin',(0.5,-5.,232.675001877546));
#2750=CARTESIAN_POINT('',(255.5,-5.,232.675001877546));
#2751=CARTESIAN_POINT('Origin',(247.,-5.,226.325001877546));
#2752=CARTESIAN_POINT('',(244.2,-5.,226.325001877546));
#2753=CARTESIAN_POINT('Origin',(247.,-5.,226.325001877546));
#2754=CARTESIAN_POINT('',(244.2,-5.,226.325001877546));
#2755=CARTESIAN_POINT('Origin',(247.,-5.,210.450001877546));
#2756=CARTESIAN_POINT('',(244.2,-5.,210.450001877546));
#2757=CARTESIAN_POINT('Origin',(247.,-5.,210.450001877546));
#2758=CARTESIAN_POINT('',(244.2,-5.,210.450001877546));
#2759=CARTESIAN_POINT('Origin',(247.,-5.,194.575001877546));
#2760=CARTESIAN_POINT('',(244.2,-5.,194.575001877546));
#2761=CARTESIAN_POINT('Origin',(247.,-5.,194.575001877546));
#2762=CARTESIAN_POINT('',(244.2,-5.,194.575001877546));
#2763=CARTESIAN_POINT('Origin',(9.,-5.,210.450001877546));
#2764=CARTESIAN_POINT('',(6.2,-5.,210.450001877546));
#2765=CARTESIAN_POINT('',(6.2,-5.,210.450001877546));
#2766=CARTESIAN_POINT('Origin',(9.,-5.,210.450001877546));
#2767=CARTESIAN_POINT('Origin',(9.,-5.,194.575001877546));
#2768=CARTESIAN_POINT('',(6.2,-5.,194.575001877546));
#2769=CARTESIAN_POINT('',(6.2,-5.,194.575001877546));
#2770=CARTESIAN_POINT('Origin',(9.,-5.,194.575001877546));
#2771=CARTESIAN_POINT('Origin',(9.,-5.,226.325001877546));
#2772=CARTESIAN_POINT('',(6.2,-5.,226.325001877546));
#2773=CARTESIAN_POINT('',(6.2,-5.,226.325001877546));
#2774=CARTESIAN_POINT('Origin',(9.,-5.,226.325001877546));
#2775=CARTESIAN_POINT('Origin',(0.5,-5.,188.225001877546));
#2776=CARTESIAN_POINT('',(0.5,-5.,232.675001877546));
#2777=CARTESIAN_POINT('Origin',(128.,-5.,210.450001877546));
#2778=UNCERTAINTY_MEASURE_WITH_UNIT(LENGTH_MEASURE(0.01),#2782,
'DISTANCE_ACCURACY_VALUE',
'Maximum model space distance between geometric entities at asserted c
onnectivities');
#2779=UNCERTAINTY_MEASURE_WITH_UNIT(LENGTH_MEASURE(0.01),#2782,
'DISTANCE_ACCURACY_VALUE',
'Maximum model space distance between geometric entities at asserted c
onnectivities');
#2780=(
GEOMETRIC_REPRESENTATION_CONTEXT(3)
GLOBAL_UNCERTAINTY_ASSIGNED_CONTEXT((#2778))
GLOBAL_UNIT_ASSIGNED_CONTEXT((#2782,#2784,#2785))
REPRESENTATION_CONTEXT('','3D')
);
#2781=(
GEOMETRIC_REPRESENTATION_CONTEXT(3)
GLOBAL_UNCERTAINTY_ASSIGNED_CONTEXT((#2779))
GLOBAL_UNIT_ASSIGNED_CONTEXT((#2782,#2784,#2785))
REPRESENTATION_CONTEXT('','3D')
);
#2782=(
LENGTH_UNIT()
NAMED_UNIT(*)
SI_UNIT(.MILLI.,.METRE.)
);
#2783=(
LENGTH_UNIT()
NAMED_UNIT(*)
SI_UNIT($,.METRE.)
);
#2784=(
NAMED_UNIT(*)
PLANE_ANGLE_UNIT()
SI_UNIT($,.RADIAN.)
);
#2785=(
NAMED_UNIT(*)
SI_UNIT($,.STERADIAN.)
SOLID_ANGLE_UNIT()
);
#2786=SHAPE_DEFINITION_REPRESENTATION(#2787,#2788);
#2787=PRODUCT_DEFINITION_SHAPE('',$,#2790);
#2788=SHAPE_REPRESENTATION('',(#1758),#2780);
#2789=PRODUCT_DEFINITION_CONTEXT('part definition',#2794,'design');
#2790=PRODUCT_DEFINITION('PatchPanel New','PatchPanel New',#2791,#2789);
#2791=PRODUCT_DEFINITION_FORMATION('',$,#2796);
#2792=PRODUCT_RELATED_PRODUCT_CATEGORY('PatchPanel New',
'PatchPanel New',(#2796));
#2793=APPLICATION_PROTOCOL_DEFINITION('international standard',
'automotive_design',2009,#2794);
#2794=APPLICATION_CONTEXT(
'Core Data for Automotive Mechanical Design Process');
#2795=PRODUCT_CONTEXT('part definition',#2794,'mechanical');
#2796=PRODUCT('PatchPanel New','PatchPanel New',$,(#2795));
#2797=PRESENTATION_STYLE_ASSIGNMENT((#2798));
#2798=SURFACE_STYLE_USAGE(.BOTH.,#2799);
#2799=SURFACE_SIDE_STYLE('',(#2800));
#2800=SURFACE_STYLE_FILL_AREA(#2801);
#2801=FILL_AREA_STYLE('Steel - Satin',(#2802));
#2802=FILL_AREA_STYLE_COLOUR('Steel - Satin',#2803);
#2803=COLOUR_RGB('Steel - Satin',0.627450980392157,0.627450980392157,0.627450980392157);
ENDSEC;
END-ISO-10303-21;
