ISO-10303-21;
HEADER;
/* Generated by software containing ST-Developer
 * from STEP Tools, Inc. (www.steptools.com) 
 */

FILE_DESCRIPTION(
/* description */ (''),
/* implementation_level */ '2;1');

FILE_NAME(
/* name */ 'Tray.step',
/* time_stamp */ '2026-08-30T16:48:27+05:30',
/* author */ (''),
/* organization */ (''),
/* preprocessor_version */ 'ST-DEVELOPER v20.1',
/* originating_system */ 'Autodesk Translation Framework v15.8.0.0',
/* authorisation */ '');

FILE_SCHEMA (('AUTOMOTIVE_DESIGN { 1 0 10303 214 3 1 1 }'));
ENDSEC;

DATA;
#10=MECHANICAL_DESIGN_GEOMETRIC_PRESENTATION_REPRESENTATION('',(#13,#14,
#15,#16),#15856);
#11=SHAPE_REPRESENTATION_RELATIONSHIP('SRR','None',#15863,#12);
#12=ADVANCED_BREP_SHAPE_REPRESENTATION('',(#17,#18,#19,#20),#15855);
#13=STYLED_ITEM('',(#15872),#17);
#14=STYLED_ITEM('',(#15872),#18);
#15=STYLED_ITEM('',(#15872),#19);
#16=STYLED_ITEM('',(#15872),#20);
#17=MANIFOLD_SOLID_BREP('Body1',#9889);
#18=MANIFOLD_SOLID_BREP('Body3',#9890);
#19=MANIFOLD_SOLID_BREP('Body4',#9891);
#20=MANIFOLD_SOLID_BREP('Body5',#9892);
#21=CYLINDRICAL_SURFACE('',#9944,2.8);
#22=CYLINDRICAL_SURFACE('',#9945,2.8);
#23=CYLINDRICAL_SURFACE('',#9946,2.80000000000001);
#24=CYLINDRICAL_SURFACE('',#9947,2.80000000000001);
#25=CYLINDRICAL_SURFACE('',#10117,2.5);
#26=CYLINDRICAL_SURFACE('',#10121,2.49999999999999);
#27=CYLINDRICAL_SURFACE('',#10125,2.5);
#28=CYLINDRICAL_SURFACE('',#10129,2.49999999999999);
#29=CYLINDRICAL_SURFACE('',#10133,2.5);
#30=CYLINDRICAL_SURFACE('',#10137,2.5);
#31=CYLINDRICAL_SURFACE('',#10141,2.5);
#32=CYLINDRICAL_SURFACE('',#10145,2.49999999999999);
#33=CYLINDRICAL_SURFACE('',#10149,2.50000000000001);
#34=CYLINDRICAL_SURFACE('',#10153,2.49999999999999);
#35=CYLINDRICAL_SURFACE('',#10157,2.5);
#36=CYLINDRICAL_SURFACE('',#10161,2.49999999999999);
#37=CYLINDRICAL_SURFACE('',#10165,2.5);
#38=CYLINDRICAL_SURFACE('',#10169,2.49999999999999);
#39=CYLINDRICAL_SURFACE('',#10173,2.50000000000001);
#40=CYLINDRICAL_SURFACE('',#10177,2.49999999999999);
#41=CYLINDRICAL_SURFACE('',#10181,2.5);
#42=CYLINDRICAL_SURFACE('',#10185,2.49999999999999);
#43=CYLINDRICAL_SURFACE('',#10189,2.5);
#44=CYLINDRICAL_SURFACE('',#10193,2.49999999999999);
#45=CYLINDRICAL_SURFACE('',#10197,2.50000000000001);
#46=CYLINDRICAL_SURFACE('',#10201,2.49999999999999);
#47=CYLINDRICAL_SURFACE('',#10205,2.5);
#48=CYLINDRICAL_SURFACE('',#10209,2.49999999999999);
#49=CYLINDRICAL_SURFACE('',#10213,2.5);
#50=CYLINDRICAL_SURFACE('',#10217,2.49999999999999);
#51=CYLINDRICAL_SURFACE('',#10221,2.50000000000001);
#52=CYLINDRICAL_SURFACE('',#10225,2.49999999999999);
#53=CYLINDRICAL_SURFACE('',#10229,2.5);
#54=CYLINDRICAL_SURFACE('',#10233,2.49999999999999);
#55=CYLINDRICAL_SURFACE('',#10237,2.5);
#56=CYLINDRICAL_SURFACE('',#10241,2.49999999999999);
#57=CYLINDRICAL_SURFACE('',#10245,2.5);
#58=CYLINDRICAL_SURFACE('',#10249,2.49999999999999);
#59=CYLINDRICAL_SURFACE('',#10253,2.5);
#60=CYLINDRICAL_SURFACE('',#10257,2.5);
#61=CYLINDRICAL_SURFACE('',#10261,2.5);
#62=CYLINDRICAL_SURFACE('',#10265,2.49999999999999);
#63=CYLINDRICAL_SURFACE('',#10269,2.5);
#64=CYLINDRICAL_SURFACE('',#10273,2.49999999999999);
#65=CYLINDRICAL_SURFACE('',#10277,2.5);
#66=CYLINDRICAL_SURFACE('',#10281,2.5);
#67=CYLINDRICAL_SURFACE('',#10285,2.5);
#68=CYLINDRICAL_SURFACE('',#10289,2.49999999999999);
#69=CYLINDRICAL_SURFACE('',#10293,2.5);
#70=CYLINDRICAL_SURFACE('',#10297,2.49999999999999);
#71=CYLINDRICAL_SURFACE('',#10301,2.5);
#72=CYLINDRICAL_SURFACE('',#10305,2.5);
#73=CYLINDRICAL_SURFACE('',#10309,2.5);
#74=CYLINDRICAL_SURFACE('',#10313,2.49999999999999);
#75=CYLINDRICAL_SURFACE('',#10317,2.50000000000001);
#76=CYLINDRICAL_SURFACE('',#10321,2.49999999999999);
#77=CYLINDRICAL_SURFACE('',#10325,2.5);
#78=CYLINDRICAL_SURFACE('',#10329,2.49999999999999);
#79=CYLINDRICAL_SURFACE('',#10333,2.5);
#80=CYLINDRICAL_SURFACE('',#10337,2.49999999999999);
#81=CYLINDRICAL_SURFACE('',#10341,2.5);
#82=CYLINDRICAL_SURFACE('',#10345,2.49999999999999);
#83=CYLINDRICAL_SURFACE('',#10349,2.5);
#84=CYLINDRICAL_SURFACE('',#10353,2.5);
#85=CYLINDRICAL_SURFACE('',#10357,2.50000000000001);
#86=CYLINDRICAL_SURFACE('',#10361,2.49999999999999);
#87=CYLINDRICAL_SURFACE('',#10365,2.50000000000001);
#88=CYLINDRICAL_SURFACE('',#10369,2.49999999999999);
#89=CYLINDRICAL_SURFACE('',#10373,2.50000000000001);
#90=CYLINDRICAL_SURFACE('',#10377,2.49999999999999);
#91=CYLINDRICAL_SURFACE('',#10381,2.50000000000001);
#92=CYLINDRICAL_SURFACE('',#10385,2.49999999999999);
#93=CYLINDRICAL_SURFACE('',#10389,2.49999999999999);
#94=CYLINDRICAL_SURFACE('',#10393,2.50000000000001);
#95=FACE_BOUND('',#802,.T.);
#96=FACE_BOUND('',#803,.T.);
#97=FACE_BOUND('',#804,.T.);
#98=FACE_BOUND('',#805,.T.);
#99=FACE_BOUND('',#812,.T.);
#100=FACE_BOUND('',#813,.T.);
#101=FACE_BOUND('',#814,.T.);
#102=FACE_BOUND('',#815,.T.);
#103=FACE_BOUND('',#1198,.T.);
#104=FACE_BOUND('',#1199,.T.);
#105=FACE_BOUND('',#1200,.T.);
#106=FACE_BOUND('',#1201,.T.);
#107=FACE_BOUND('',#1202,.T.);
#108=FACE_BOUND('',#1203,.T.);
#109=FACE_BOUND('',#1204,.T.);
#110=FACE_BOUND('',#1205,.T.);
#111=FACE_BOUND('',#1206,.T.);
#112=FACE_BOUND('',#1207,.T.);
#113=FACE_BOUND('',#1208,.T.);
#114=FACE_BOUND('',#1209,.T.);
#115=FACE_BOUND('',#1210,.T.);
#116=FACE_BOUND('',#1211,.T.);
#117=FACE_BOUND('',#1212,.T.);
#118=FACE_BOUND('',#1213,.T.);
#119=FACE_BOUND('',#1214,.T.);
#120=FACE_BOUND('',#1215,.T.);
#121=FACE_BOUND('',#1216,.T.);
#122=FACE_BOUND('',#1217,.T.);
#123=FACE_BOUND('',#1218,.T.);
#124=FACE_BOUND('',#1219,.T.);
#125=FACE_BOUND('',#1220,.T.);
#126=FACE_BOUND('',#1221,.T.);
#127=FACE_BOUND('',#1222,.T.);
#128=FACE_BOUND('',#1223,.T.);
#129=FACE_BOUND('',#1224,.T.);
#130=FACE_BOUND('',#1225,.T.);
#131=FACE_BOUND('',#1226,.T.);
#132=FACE_BOUND('',#1227,.T.);
#133=FACE_BOUND('',#1228,.T.);
#134=FACE_BOUND('',#1229,.T.);
#135=FACE_BOUND('',#1230,.T.);
#136=FACE_BOUND('',#1231,.T.);
#137=FACE_BOUND('',#1232,.T.);
#138=FACE_BOUND('',#1315,.T.);
#139=FACE_BOUND('',#1316,.T.);
#140=FACE_BOUND('',#1317,.T.);
#141=FACE_BOUND('',#1318,.T.);
#142=FACE_BOUND('',#1319,.T.);
#143=FACE_BOUND('',#1320,.T.);
#144=FACE_BOUND('',#1321,.T.);
#145=FACE_BOUND('',#1322,.T.);
#146=FACE_BOUND('',#1323,.T.);
#147=FACE_BOUND('',#1324,.T.);
#148=FACE_BOUND('',#1325,.T.);
#149=FACE_BOUND('',#1326,.T.);
#150=FACE_BOUND('',#1327,.T.);
#151=FACE_BOUND('',#1328,.T.);
#152=FACE_BOUND('',#1329,.T.);
#153=FACE_BOUND('',#1330,.T.);
#154=FACE_BOUND('',#1331,.T.);
#155=FACE_BOUND('',#1332,.T.);
#156=FACE_BOUND('',#1333,.T.);
#157=FACE_BOUND('',#1334,.T.);
#158=FACE_BOUND('',#1335,.T.);
#159=FACE_BOUND('',#1336,.T.);
#160=FACE_BOUND('',#1337,.T.);
#161=FACE_BOUND('',#1338,.T.);
#162=FACE_BOUND('',#1339,.T.);
#163=FACE_BOUND('',#1340,.T.);
#164=FACE_BOUND('',#1341,.T.);
#165=FACE_BOUND('',#1342,.T.);
#166=FACE_BOUND('',#1343,.T.);
#167=FACE_BOUND('',#1344,.T.);
#168=FACE_BOUND('',#1345,.T.);
#169=FACE_BOUND('',#1346,.T.);
#170=FACE_BOUND('',#1347,.T.);
#171=FACE_BOUND('',#1348,.T.);
#172=FACE_BOUND('',#1349,.T.);
#173=CIRCLE('',#9911,2.80000000000001);
#174=CIRCLE('',#9912,2.80000000000001);
#175=CIRCLE('',#9913,2.8);
#176=CIRCLE('',#9914,2.8);
#177=CIRCLE('',#9921,2.80000000000001);
#178=CIRCLE('',#9922,2.80000000000001);
#179=CIRCLE('',#9923,2.8);
#180=CIRCLE('',#9924,2.8);
#181=CIRCLE('',#10118,2.5);
#182=CIRCLE('',#10119,2.5);
#183=CIRCLE('',#10122,2.49999999999999);
#184=CIRCLE('',#10123,2.49999999999999);
#185=CIRCLE('',#10126,2.5);
#186=CIRCLE('',#10127,2.5);
#187=CIRCLE('',#10130,2.49999999999999);
#188=CIRCLE('',#10131,2.49999999999999);
#189=CIRCLE('',#10134,2.5);
#190=CIRCLE('',#10135,2.5);
#191=CIRCLE('',#10138,2.5);
#192=CIRCLE('',#10139,2.5);
#193=CIRCLE('',#10142,2.5);
#194=CIRCLE('',#10143,2.5);
#195=CIRCLE('',#10146,2.49999999999999);
#196=CIRCLE('',#10147,2.49999999999999);
#197=CIRCLE('',#10150,2.50000000000001);
#198=CIRCLE('',#10151,2.50000000000001);
#199=CIRCLE('',#10154,2.49999999999999);
#200=CIRCLE('',#10155,2.49999999999999);
#201=CIRCLE('',#10158,2.5);
#202=CIRCLE('',#10159,2.5);
#203=CIRCLE('',#10162,2.49999999999999);
#204=CIRCLE('',#10163,2.49999999999999);
#205=CIRCLE('',#10166,2.5);
#206=CIRCLE('',#10167,2.5);
#207=CIRCLE('',#10170,2.49999999999999);
#208=CIRCLE('',#10171,2.49999999999999);
#209=CIRCLE('',#10174,2.50000000000001);
#210=CIRCLE('',#10175,2.50000000000001);
#211=CIRCLE('',#10178,2.49999999999999);
#212=CIRCLE('',#10179,2.49999999999999);
#213=CIRCLE('',#10182,2.5);
#214=CIRCLE('',#10183,2.5);
#215=CIRCLE('',#10186,2.49999999999999);
#216=CIRCLE('',#10187,2.49999999999999);
#217=CIRCLE('',#10190,2.5);
#218=CIRCLE('',#10191,2.5);
#219=CIRCLE('',#10194,2.49999999999999);
#220=CIRCLE('',#10195,2.49999999999999);
#221=CIRCLE('',#10198,2.50000000000001);
#222=CIRCLE('',#10199,2.50000000000001);
#223=CIRCLE('',#10202,2.49999999999999);
#224=CIRCLE('',#10203,2.49999999999999);
#225=CIRCLE('',#10206,2.5);
#226=CIRCLE('',#10207,2.5);
#227=CIRCLE('',#10210,2.49999999999999);
#228=CIRCLE('',#10211,2.49999999999999);
#229=CIRCLE('',#10214,2.5);
#230=CIRCLE('',#10215,2.5);
#231=CIRCLE('',#10218,2.49999999999999);
#232=CIRCLE('',#10219,2.49999999999999);
#233=CIRCLE('',#10222,2.50000000000001);
#234=CIRCLE('',#10223,2.50000000000001);
#235=CIRCLE('',#10226,2.49999999999999);
#236=CIRCLE('',#10227,2.49999999999999);
#237=CIRCLE('',#10230,2.5);
#238=CIRCLE('',#10231,2.5);
#239=CIRCLE('',#10234,2.49999999999999);
#240=CIRCLE('',#10235,2.49999999999999);
#241=CIRCLE('',#10238,2.5);
#242=CIRCLE('',#10239,2.5);
#243=CIRCLE('',#10242,2.49999999999999);
#244=CIRCLE('',#10243,2.49999999999999);
#245=CIRCLE('',#10246,2.5);
#246=CIRCLE('',#10247,2.5);
#247=CIRCLE('',#10250,2.49999999999999);
#248=CIRCLE('',#10251,2.49999999999999);
#249=CIRCLE('',#10254,2.5);
#250=CIRCLE('',#10255,2.5);
#251=CIRCLE('',#10258,2.5);
#252=CIRCLE('',#10259,2.5);
#253=CIRCLE('',#10262,2.5);
#254=CIRCLE('',#10263,2.5);
#255=CIRCLE('',#10266,2.49999999999999);
#256=CIRCLE('',#10267,2.49999999999999);
#257=CIRCLE('',#10270,2.5);
#258=CIRCLE('',#10271,2.5);
#259=CIRCLE('',#10274,2.49999999999999);
#260=CIRCLE('',#10275,2.49999999999999);
#261=CIRCLE('',#10278,2.5);
#262=CIRCLE('',#10279,2.5);
#263=CIRCLE('',#10282,2.5);
#264=CIRCLE('',#10283,2.5);
#265=CIRCLE('',#10286,2.5);
#266=CIRCLE('',#10287,2.5);
#267=CIRCLE('',#10290,2.49999999999999);
#268=CIRCLE('',#10291,2.49999999999999);
#269=CIRCLE('',#10294,2.5);
#270=CIRCLE('',#10295,2.5);
#271=CIRCLE('',#10298,2.49999999999999);
#272=CIRCLE('',#10299,2.49999999999999);
#273=CIRCLE('',#10302,2.5);
#274=CIRCLE('',#10303,2.5);
#275=CIRCLE('',#10306,2.5);
#276=CIRCLE('',#10307,2.5);
#277=CIRCLE('',#10310,2.5);
#278=CIRCLE('',#10311,2.5);
#279=CIRCLE('',#10314,2.49999999999999);
#280=CIRCLE('',#10315,2.49999999999999);
#281=CIRCLE('',#10318,2.50000000000001);
#282=CIRCLE('',#10319,2.50000000000001);
#283=CIRCLE('',#10322,2.49999999999999);
#284=CIRCLE('',#10323,2.49999999999999);
#285=CIRCLE('',#10326,2.5);
#286=CIRCLE('',#10327,2.5);
#287=CIRCLE('',#10330,2.49999999999999);
#288=CIRCLE('',#10331,2.49999999999999);
#289=CIRCLE('',#10334,2.5);
#290=CIRCLE('',#10335,2.5);
#291=CIRCLE('',#10338,2.49999999999999);
#292=CIRCLE('',#10339,2.49999999999999);
#293=CIRCLE('',#10342,2.5);
#294=CIRCLE('',#10343,2.5);
#295=CIRCLE('',#10346,2.49999999999999);
#296=CIRCLE('',#10347,2.49999999999999);
#297=CIRCLE('',#10350,2.5);
#298=CIRCLE('',#10351,2.5);
#299=CIRCLE('',#10354,2.5);
#300=CIRCLE('',#10355,2.5);
#301=CIRCLE('',#10358,2.50000000000001);
#302=CIRCLE('',#10359,2.50000000000001);
#303=CIRCLE('',#10362,2.49999999999999);
#304=CIRCLE('',#10363,2.49999999999999);
#305=CIRCLE('',#10366,2.50000000000001);
#306=CIRCLE('',#10367,2.50000000000001);
#307=CIRCLE('',#10370,2.49999999999999);
#308=CIRCLE('',#10371,2.49999999999999);
#309=CIRCLE('',#10374,2.50000000000001);
#310=CIRCLE('',#10375,2.50000000000001);
#311=CIRCLE('',#10378,2.49999999999999);
#312=CIRCLE('',#10379,2.49999999999999);
#313=CIRCLE('',#10382,2.50000000000001);
#314=CIRCLE('',#10383,2.50000000000001);
#315=CIRCLE('',#10386,2.49999999999999);
#316=CIRCLE('',#10387,2.49999999999999);
#317=CIRCLE('',#10390,2.49999999999999);
#318=CIRCLE('',#10391,2.49999999999999);
#319=CIRCLE('',#10394,2.50000000000001);
#320=CIRCLE('',#10395,2.50000000000001);
#321=FACE_OUTER_BOUND('',#797,.T.);
#322=FACE_OUTER_BOUND('',#798,.T.);
#323=FACE_OUTER_BOUND('',#799,.T.);
#324=FACE_OUTER_BOUND('',#800,.T.);
#325=FACE_OUTER_BOUND('',#801,.T.);
#326=FACE_OUTER_BOUND('',#806,.T.);
#327=FACE_OUTER_BOUND('',#807,.T.);
#328=FACE_OUTER_BOUND('',#808,.T.);
#329=FACE_OUTER_BOUND('',#809,.T.);
#330=FACE_OUTER_BOUND('',#810,.T.);
#331=FACE_OUTER_BOUND('',#811,.T.);
#332=FACE_OUTER_BOUND('',#816,.T.);
#333=FACE_OUTER_BOUND('',#817,.T.);
#334=FACE_OUTER_BOUND('',#818,.T.);
#335=FACE_OUTER_BOUND('',#819,.T.);
#336=FACE_OUTER_BOUND('',#820,.T.);
#337=FACE_OUTER_BOUND('',#821,.T.);
#338=FACE_OUTER_BOUND('',#822,.T.);
#339=FACE_OUTER_BOUND('',#823,.T.);
#340=FACE_OUTER_BOUND('',#824,.T.);
#341=FACE_OUTER_BOUND('',#825,.T.);
#342=FACE_OUTER_BOUND('',#826,.T.);
#343=FACE_OUTER_BOUND('',#827,.T.);
#344=FACE_OUTER_BOUND('',#828,.T.);
#345=FACE_OUTER_BOUND('',#829,.T.);
#346=FACE_OUTER_BOUND('',#830,.T.);
#347=FACE_OUTER_BOUND('',#831,.T.);
#348=FACE_OUTER_BOUND('',#832,.T.);
#349=FACE_OUTER_BOUND('',#833,.T.);
#350=FACE_OUTER_BOUND('',#834,.T.);
#351=FACE_OUTER_BOUND('',#835,.T.);
#352=FACE_OUTER_BOUND('',#836,.T.);
#353=FACE_OUTER_BOUND('',#837,.T.);
#354=FACE_OUTER_BOUND('',#838,.T.);
#355=FACE_OUTER_BOUND('',#839,.T.);
#356=FACE_OUTER_BOUND('',#840,.T.);
#357=FACE_OUTER_BOUND('',#841,.T.);
#358=FACE_OUTER_BOUND('',#842,.T.);
#359=FACE_OUTER_BOUND('',#843,.T.);
#360=FACE_OUTER_BOUND('',#844,.T.);
#361=FACE_OUTER_BOUND('',#845,.T.);
#362=FACE_OUTER_BOUND('',#846,.T.);
#363=FACE_OUTER_BOUND('',#847,.T.);
#364=FACE_OUTER_BOUND('',#848,.T.);
#365=FACE_OUTER_BOUND('',#849,.T.);
#366=FACE_OUTER_BOUND('',#850,.T.);
#367=FACE_OUTER_BOUND('',#851,.T.);
#368=FACE_OUTER_BOUND('',#852,.T.);
#369=FACE_OUTER_BOUND('',#853,.T.);
#370=FACE_OUTER_BOUND('',#854,.T.);
#371=FACE_OUTER_BOUND('',#855,.T.);
#372=FACE_OUTER_BOUND('',#856,.T.);
#373=FACE_OUTER_BOUND('',#857,.T.);
#374=FACE_OUTER_BOUND('',#858,.T.);
#375=FACE_OUTER_BOUND('',#859,.T.);
#376=FACE_OUTER_BOUND('',#860,.T.);
#377=FACE_OUTER_BOUND('',#861,.T.);
#378=FACE_OUTER_BOUND('',#862,.T.);
#379=FACE_OUTER_BOUND('',#863,.T.);
#380=FACE_OUTER_BOUND('',#864,.T.);
#381=FACE_OUTER_BOUND('',#865,.T.);
#382=FACE_OUTER_BOUND('',#866,.T.);
#383=FACE_OUTER_BOUND('',#867,.T.);
#384=FACE_OUTER_BOUND('',#868,.T.);
#385=FACE_OUTER_BOUND('',#869,.T.);
#386=FACE_OUTER_BOUND('',#870,.T.);
#387=FACE_OUTER_BOUND('',#871,.T.);
#388=FACE_OUTER_BOUND('',#872,.T.);
#389=FACE_OUTER_BOUND('',#873,.T.);
#390=FACE_OUTER_BOUND('',#874,.T.);
#391=FACE_OUTER_BOUND('',#875,.T.);
#392=FACE_OUTER_BOUND('',#876,.T.);
#393=FACE_OUTER_BOUND('',#877,.T.);
#394=FACE_OUTER_BOUND('',#878,.T.);
#395=FACE_OUTER_BOUND('',#879,.T.);
#396=FACE_OUTER_BOUND('',#880,.T.);
#397=FACE_OUTER_BOUND('',#881,.T.);
#398=FACE_OUTER_BOUND('',#882,.T.);
#399=FACE_OUTER_BOUND('',#883,.T.);
#400=FACE_OUTER_BOUND('',#884,.T.);
#401=FACE_OUTER_BOUND('',#885,.T.);
#402=FACE_OUTER_BOUND('',#886,.T.);
#403=FACE_OUTER_BOUND('',#887,.T.);
#404=FACE_OUTER_BOUND('',#888,.T.);
#405=FACE_OUTER_BOUND('',#889,.T.);
#406=FACE_OUTER_BOUND('',#890,.T.);
#407=FACE_OUTER_BOUND('',#891,.T.);
#408=FACE_OUTER_BOUND('',#892,.T.);
#409=FACE_OUTER_BOUND('',#893,.T.);
#410=FACE_OUTER_BOUND('',#894,.T.);
#411=FACE_OUTER_BOUND('',#895,.T.);
#412=FACE_OUTER_BOUND('',#896,.T.);
#413=FACE_OUTER_BOUND('',#897,.T.);
#414=FACE_OUTER_BOUND('',#898,.T.);
#415=FACE_OUTER_BOUND('',#899,.T.);
#416=FACE_OUTER_BOUND('',#900,.T.);
#417=FACE_OUTER_BOUND('',#901,.T.);
#418=FACE_OUTER_BOUND('',#902,.T.);
#419=FACE_OUTER_BOUND('',#903,.T.);
#420=FACE_OUTER_BOUND('',#904,.T.);
#421=FACE_OUTER_BOUND('',#905,.T.);
#422=FACE_OUTER_BOUND('',#906,.T.);
#423=FACE_OUTER_BOUND('',#907,.T.);
#424=FACE_OUTER_BOUND('',#908,.T.);
#425=FACE_OUTER_BOUND('',#909,.T.);
#426=FACE_OUTER_BOUND('',#910,.T.);
#427=FACE_OUTER_BOUND('',#911,.T.);
#428=FACE_OUTER_BOUND('',#912,.T.);
#429=FACE_OUTER_BOUND('',#913,.T.);
#430=FACE_OUTER_BOUND('',#914,.T.);
#431=FACE_OUTER_BOUND('',#915,.T.);
#432=FACE_OUTER_BOUND('',#916,.T.);
#433=FACE_OUTER_BOUND('',#917,.T.);
#434=FACE_OUTER_BOUND('',#918,.T.);
#435=FACE_OUTER_BOUND('',#919,.T.);
#436=FACE_OUTER_BOUND('',#920,.T.);
#437=FACE_OUTER_BOUND('',#921,.T.);
#438=FACE_OUTER_BOUND('',#922,.T.);
#439=FACE_OUTER_BOUND('',#923,.T.);
#440=FACE_OUTER_BOUND('',#924,.T.);
#441=FACE_OUTER_BOUND('',#925,.T.);
#442=FACE_OUTER_BOUND('',#926,.T.);
#443=FACE_OUTER_BOUND('',#927,.T.);
#444=FACE_OUTER_BOUND('',#928,.T.);
#445=FACE_OUTER_BOUND('',#929,.T.);
#446=FACE_OUTER_BOUND('',#930,.T.);
#447=FACE_OUTER_BOUND('',#931,.T.);
#448=FACE_OUTER_BOUND('',#932,.T.);
#449=FACE_OUTER_BOUND('',#933,.T.);
#450=FACE_OUTER_BOUND('',#934,.T.);
#451=FACE_OUTER_BOUND('',#935,.T.);
#452=FACE_OUTER_BOUND('',#936,.T.);
#453=FACE_OUTER_BOUND('',#937,.T.);
#454=FACE_OUTER_BOUND('',#938,.T.);
#455=FACE_OUTER_BOUND('',#939,.T.);
#456=FACE_OUTER_BOUND('',#940,.T.);
#457=FACE_OUTER_BOUND('',#941,.T.);
#458=FACE_OUTER_BOUND('',#942,.T.);
#459=FACE_OUTER_BOUND('',#943,.T.);
#460=FACE_OUTER_BOUND('',#944,.T.);
#461=FACE_OUTER_BOUND('',#945,.T.);
#462=FACE_OUTER_BOUND('',#946,.T.);
#463=FACE_OUTER_BOUND('',#947,.T.);
#464=FACE_OUTER_BOUND('',#948,.T.);
#465=FACE_OUTER_BOUND('',#949,.T.);
#466=FACE_OUTER_BOUND('',#950,.T.);
#467=FACE_OUTER_BOUND('',#951,.T.);
#468=FACE_OUTER_BOUND('',#952,.T.);
#469=FACE_OUTER_BOUND('',#953,.T.);
#470=FACE_OUTER_BOUND('',#954,.T.);
#471=FACE_OUTER_BOUND('',#955,.T.);
#472=FACE_OUTER_BOUND('',#956,.T.);
#473=FACE_OUTER_BOUND('',#957,.T.);
#474=FACE_OUTER_BOUND('',#958,.T.);
#475=FACE_OUTER_BOUND('',#959,.T.);
#476=FACE_OUTER_BOUND('',#960,.T.);
#477=FACE_OUTER_BOUND('',#961,.T.);
#478=FACE_OUTER_BOUND('',#962,.T.);
#479=FACE_OUTER_BOUND('',#963,.T.);
#480=FACE_OUTER_BOUND('',#964,.T.);
#481=FACE_OUTER_BOUND('',#965,.T.);
#482=FACE_OUTER_BOUND('',#966,.T.);
#483=FACE_OUTER_BOUND('',#967,.T.);
#484=FACE_OUTER_BOUND('',#968,.T.);
#485=FACE_OUTER_BOUND('',#969,.T.);
#486=FACE_OUTER_BOUND('',#970,.T.);
#487=FACE_OUTER_BOUND('',#971,.T.);
#488=FACE_OUTER_BOUND('',#972,.T.);
#489=FACE_OUTER_BOUND('',#973,.T.);
#490=FACE_OUTER_BOUND('',#974,.T.);
#491=FACE_OUTER_BOUND('',#975,.T.);
#492=FACE_OUTER_BOUND('',#976,.T.);
#493=FACE_OUTER_BOUND('',#977,.T.);
#494=FACE_OUTER_BOUND('',#978,.T.);
#495=FACE_OUTER_BOUND('',#979,.T.);
#496=FACE_OUTER_BOUND('',#980,.T.);
#497=FACE_OUTER_BOUND('',#981,.T.);
#498=FACE_OUTER_BOUND('',#982,.T.);
#499=FACE_OUTER_BOUND('',#983,.T.);
#500=FACE_OUTER_BOUND('',#984,.T.);
#501=FACE_OUTER_BOUND('',#985,.T.);
#502=FACE_OUTER_BOUND('',#986,.T.);
#503=FACE_OUTER_BOUND('',#987,.T.);
#504=FACE_OUTER_BOUND('',#988,.T.);
#505=FACE_OUTER_BOUND('',#989,.T.);
#506=FACE_OUTER_BOUND('',#990,.T.);
#507=FACE_OUTER_BOUND('',#991,.T.);
#508=FACE_OUTER_BOUND('',#992,.T.);
#509=FACE_OUTER_BOUND('',#993,.T.);
#510=FACE_OUTER_BOUND('',#994,.T.);
#511=FACE_OUTER_BOUND('',#995,.T.);
#512=FACE_OUTER_BOUND('',#996,.T.);
#513=FACE_OUTER_BOUND('',#997,.T.);
#514=FACE_OUTER_BOUND('',#998,.T.);
#515=FACE_OUTER_BOUND('',#999,.T.);
#516=FACE_OUTER_BOUND('',#1000,.T.);
#517=FACE_OUTER_BOUND('',#1001,.T.);
#518=FACE_OUTER_BOUND('',#1002,.T.);
#519=FACE_OUTER_BOUND('',#1003,.T.);
#520=FACE_OUTER_BOUND('',#1004,.T.);
#521=FACE_OUTER_BOUND('',#1005,.T.);
#522=FACE_OUTER_BOUND('',#1006,.T.);
#523=FACE_OUTER_BOUND('',#1007,.T.);
#524=FACE_OUTER_BOUND('',#1008,.T.);
#525=FACE_OUTER_BOUND('',#1009,.T.);
#526=FACE_OUTER_BOUND('',#1010,.T.);
#527=FACE_OUTER_BOUND('',#1011,.T.);
#528=FACE_OUTER_BOUND('',#1012,.T.);
#529=FACE_OUTER_BOUND('',#1013,.T.);
#530=FACE_OUTER_BOUND('',#1014,.T.);
#531=FACE_OUTER_BOUND('',#1015,.T.);
#532=FACE_OUTER_BOUND('',#1016,.T.);
#533=FACE_OUTER_BOUND('',#1017,.T.);
#534=FACE_OUTER_BOUND('',#1018,.T.);
#535=FACE_OUTER_BOUND('',#1019,.T.);
#536=FACE_OUTER_BOUND('',#1020,.T.);
#537=FACE_OUTER_BOUND('',#1021,.T.);
#538=FACE_OUTER_BOUND('',#1022,.T.);
#539=FACE_OUTER_BOUND('',#1023,.T.);
#540=FACE_OUTER_BOUND('',#1024,.T.);
#541=FACE_OUTER_BOUND('',#1025,.T.);
#542=FACE_OUTER_BOUND('',#1026,.T.);
#543=FACE_OUTER_BOUND('',#1027,.T.);
#544=FACE_OUTER_BOUND('',#1028,.T.);
#545=FACE_OUTER_BOUND('',#1029,.T.);
#546=FACE_OUTER_BOUND('',#1030,.T.);
#547=FACE_OUTER_BOUND('',#1031,.T.);
#548=FACE_OUTER_BOUND('',#1032,.T.);
#549=FACE_OUTER_BOUND('',#1033,.T.);
#550=FACE_OUTER_BOUND('',#1034,.T.);
#551=FACE_OUTER_BOUND('',#1035,.T.);
#552=FACE_OUTER_BOUND('',#1036,.T.);
#553=FACE_OUTER_BOUND('',#1037,.T.);
#554=FACE_OUTER_BOUND('',#1038,.T.);
#555=FACE_OUTER_BOUND('',#1039,.T.);
#556=FACE_OUTER_BOUND('',#1040,.T.);
#557=FACE_OUTER_BOUND('',#1041,.T.);
#558=FACE_OUTER_BOUND('',#1042,.T.);
#559=FACE_OUTER_BOUND('',#1043,.T.);
#560=FACE_OUTER_BOUND('',#1044,.T.);
#561=FACE_OUTER_BOUND('',#1045,.T.);
#562=FACE_OUTER_BOUND('',#1046,.T.);
#563=FACE_OUTER_BOUND('',#1047,.T.);
#564=FACE_OUTER_BOUND('',#1048,.T.);
#565=FACE_OUTER_BOUND('',#1049,.T.);
#566=FACE_OUTER_BOUND('',#1050,.T.);
#567=FACE_OUTER_BOUND('',#1051,.T.);
#568=FACE_OUTER_BOUND('',#1052,.T.);
#569=FACE_OUTER_BOUND('',#1053,.T.);
#570=FACE_OUTER_BOUND('',#1054,.T.);
#571=FACE_OUTER_BOUND('',#1055,.T.);
#572=FACE_OUTER_BOUND('',#1056,.T.);
#573=FACE_OUTER_BOUND('',#1057,.T.);
#574=FACE_OUTER_BOUND('',#1058,.T.);
#575=FACE_OUTER_BOUND('',#1059,.T.);
#576=FACE_OUTER_BOUND('',#1060,.T.);
#577=FACE_OUTER_BOUND('',#1061,.T.);
#578=FACE_OUTER_BOUND('',#1062,.T.);
#579=FACE_OUTER_BOUND('',#1063,.T.);
#580=FACE_OUTER_BOUND('',#1064,.T.);
#581=FACE_OUTER_BOUND('',#1065,.T.);
#582=FACE_OUTER_BOUND('',#1066,.T.);
#583=FACE_OUTER_BOUND('',#1067,.T.);
#584=FACE_OUTER_BOUND('',#1068,.T.);
#585=FACE_OUTER_BOUND('',#1069,.T.);
#586=FACE_OUTER_BOUND('',#1070,.T.);
#587=FACE_OUTER_BOUND('',#1071,.T.);
#588=FACE_OUTER_BOUND('',#1072,.T.);
#589=FACE_OUTER_BOUND('',#1073,.T.);
#590=FACE_OUTER_BOUND('',#1074,.T.);
#591=FACE_OUTER_BOUND('',#1075,.T.);
#592=FACE_OUTER_BOUND('',#1076,.T.);
#593=FACE_OUTER_BOUND('',#1077,.T.);
#594=FACE_OUTER_BOUND('',#1078,.T.);
#595=FACE_OUTER_BOUND('',#1079,.T.);
#596=FACE_OUTER_BOUND('',#1080,.T.);
#597=FACE_OUTER_BOUND('',#1081,.T.);
#598=FACE_OUTER_BOUND('',#1082,.T.);
#599=FACE_OUTER_BOUND('',#1083,.T.);
#600=FACE_OUTER_BOUND('',#1084,.T.);
#601=FACE_OUTER_BOUND('',#1085,.T.);
#602=FACE_OUTER_BOUND('',#1086,.T.);
#603=FACE_OUTER_BOUND('',#1087,.T.);
#604=FACE_OUTER_BOUND('',#1088,.T.);
#605=FACE_OUTER_BOUND('',#1089,.T.);
#606=FACE_OUTER_BOUND('',#1090,.T.);
#607=FACE_OUTER_BOUND('',#1091,.T.);
#608=FACE_OUTER_BOUND('',#1092,.T.);
#609=FACE_OUTER_BOUND('',#1093,.T.);
#610=FACE_OUTER_BOUND('',#1094,.T.);
#611=FACE_OUTER_BOUND('',#1095,.T.);
#612=FACE_OUTER_BOUND('',#1096,.T.);
#613=FACE_OUTER_BOUND('',#1097,.T.);
#614=FACE_OUTER_BOUND('',#1098,.T.);
#615=FACE_OUTER_BOUND('',#1099,.T.);
#616=FACE_OUTER_BOUND('',#1100,.T.);
#617=FACE_OUTER_BOUND('',#1101,.T.);
#618=FACE_OUTER_BOUND('',#1102,.T.);
#619=FACE_OUTER_BOUND('',#1103,.T.);
#620=FACE_OUTER_BOUND('',#1104,.T.);
#621=FACE_OUTER_BOUND('',#1105,.T.);
#622=FACE_OUTER_BOUND('',#1106,.T.);
#623=FACE_OUTER_BOUND('',#1107,.T.);
#624=FACE_OUTER_BOUND('',#1108,.T.);
#625=FACE_OUTER_BOUND('',#1109,.T.);
#626=FACE_OUTER_BOUND('',#1110,.T.);
#627=FACE_OUTER_BOUND('',#1111,.T.);
#628=FACE_OUTER_BOUND('',#1112,.T.);
#629=FACE_OUTER_BOUND('',#1113,.T.);
#630=FACE_OUTER_BOUND('',#1114,.T.);
#631=FACE_OUTER_BOUND('',#1115,.T.);
#632=FACE_OUTER_BOUND('',#1116,.T.);
#633=FACE_OUTER_BOUND('',#1117,.T.);
#634=FACE_OUTER_BOUND('',#1118,.T.);
#635=FACE_OUTER_BOUND('',#1119,.T.);
#636=FACE_OUTER_BOUND('',#1120,.T.);
#637=FACE_OUTER_BOUND('',#1121,.T.);
#638=FACE_OUTER_BOUND('',#1122,.T.);
#639=FACE_OUTER_BOUND('',#1123,.T.);
#640=FACE_OUTER_BOUND('',#1124,.T.);
#641=FACE_OUTER_BOUND('',#1125,.T.);
#642=FACE_OUTER_BOUND('',#1126,.T.);
#643=FACE_OUTER_BOUND('',#1127,.T.);
#644=FACE_OUTER_BOUND('',#1128,.T.);
#645=FACE_OUTER_BOUND('',#1129,.T.);
#646=FACE_OUTER_BOUND('',#1130,.T.);
#647=FACE_OUTER_BOUND('',#1131,.T.);
#648=FACE_OUTER_BOUND('',#1132,.T.);
#649=FACE_OUTER_BOUND('',#1133,.T.);
#650=FACE_OUTER_BOUND('',#1134,.T.);
#651=FACE_OUTER_BOUND('',#1135,.T.);
#652=FACE_OUTER_BOUND('',#1136,.T.);
#653=FACE_OUTER_BOUND('',#1137,.T.);
#654=FACE_OUTER_BOUND('',#1138,.T.);
#655=FACE_OUTER_BOUND('',#1139,.T.);
#656=FACE_OUTER_BOUND('',#1140,.T.);
#657=FACE_OUTER_BOUND('',#1141,.T.);
#658=FACE_OUTER_BOUND('',#1142,.T.);
#659=FACE_OUTER_BOUND('',#1143,.T.);
#660=FACE_OUTER_BOUND('',#1144,.T.);
#661=FACE_OUTER_BOUND('',#1145,.T.);
#662=FACE_OUTER_BOUND('',#1146,.T.);
#663=FACE_OUTER_BOUND('',#1147,.T.);
#664=FACE_OUTER_BOUND('',#1148,.T.);
#665=FACE_OUTER_BOUND('',#1149,.T.);
#666=FACE_OUTER_BOUND('',#1150,.T.);
#667=FACE_OUTER_BOUND('',#1151,.T.);
#668=FACE_OUTER_BOUND('',#1152,.T.);
#669=FACE_OUTER_BOUND('',#1153,.T.);
#670=FACE_OUTER_BOUND('',#1154,.T.);
#671=FACE_OUTER_BOUND('',#1155,.T.);
#672=FACE_OUTER_BOUND('',#1156,.T.);
#673=FACE_OUTER_BOUND('',#1157,.T.);
#674=FACE_OUTER_BOUND('',#1158,.T.);
#675=FACE_OUTER_BOUND('',#1159,.T.);
#676=FACE_OUTER_BOUND('',#1160,.T.);
#677=FACE_OUTER_BOUND('',#1161,.T.);
#678=FACE_OUTER_BOUND('',#1162,.T.);
#679=FACE_OUTER_BOUND('',#1163,.T.);
#680=FACE_OUTER_BOUND('',#1164,.T.);
#681=FACE_OUTER_BOUND('',#1165,.T.);
#682=FACE_OUTER_BOUND('',#1166,.T.);
#683=FACE_OUTER_BOUND('',#1167,.T.);
#684=FACE_OUTER_BOUND('',#1168,.T.);
#685=FACE_OUTER_BOUND('',#1169,.T.);
#686=FACE_OUTER_BOUND('',#1170,.T.);
#687=FACE_OUTER_BOUND('',#1171,.T.);
#688=FACE_OUTER_BOUND('',#1172,.T.);
#689=FACE_OUTER_BOUND('',#1173,.T.);
#690=FACE_OUTER_BOUND('',#1174,.T.);
#691=FACE_OUTER_BOUND('',#1175,.T.);
#692=FACE_OUTER_BOUND('',#1176,.T.);
#693=FACE_OUTER_BOUND('',#1177,.T.);
#694=FACE_OUTER_BOUND('',#1178,.T.);
#695=FACE_OUTER_BOUND('',#1179,.T.);
#696=FACE_OUTER_BOUND('',#1180,.T.);
#697=FACE_OUTER_BOUND('',#1181,.T.);
#698=FACE_OUTER_BOUND('',#1182,.T.);
#699=FACE_OUTER_BOUND('',#1183,.T.);
#700=FACE_OUTER_BOUND('',#1184,.T.);
#701=FACE_OUTER_BOUND('',#1185,.T.);
#702=FACE_OUTER_BOUND('',#1186,.T.);
#703=FACE_OUTER_BOUND('',#1187,.T.);
#704=FACE_OUTER_BOUND('',#1188,.T.);
#705=FACE_OUTER_BOUND('',#1189,.T.);
#706=FACE_OUTER_BOUND('',#1190,.T.);
#707=FACE_OUTER_BOUND('',#1191,.T.);
#708=FACE_OUTER_BOUND('',#1192,.T.);
#709=FACE_OUTER_BOUND('',#1193,.T.);
#710=FACE_OUTER_BOUND('',#1194,.T.);
#711=FACE_OUTER_BOUND('',#1195,.T.);
#712=FACE_OUTER_BOUND('',#1196,.T.);
#713=FACE_OUTER_BOUND('',#1197,.T.);
#714=FACE_OUTER_BOUND('',#1233,.T.);
#715=FACE_OUTER_BOUND('',#1234,.T.);
#716=FACE_OUTER_BOUND('',#1235,.T.);
#717=FACE_OUTER_BOUND('',#1236,.T.);
#718=FACE_OUTER_BOUND('',#1237,.T.);
#719=FACE_OUTER_BOUND('',#1238,.T.);
#720=FACE_OUTER_BOUND('',#1239,.T.);
#721=FACE_OUTER_BOUND('',#1240,.T.);
#722=FACE_OUTER_BOUND('',#1241,.T.);
#723=FACE_OUTER_BOUND('',#1242,.T.);
#724=FACE_OUTER_BOUND('',#1243,.T.);
#725=FACE_OUTER_BOUND('',#1244,.T.);
#726=FACE_OUTER_BOUND('',#1245,.T.);
#727=FACE_OUTER_BOUND('',#1246,.T.);
#728=FACE_OUTER_BOUND('',#1247,.T.);
#729=FACE_OUTER_BOUND('',#1248,.T.);
#730=FACE_OUTER_BOUND('',#1249,.T.);
#731=FACE_OUTER_BOUND('',#1250,.T.);
#732=FACE_OUTER_BOUND('',#1251,.T.);
#733=FACE_OUTER_BOUND('',#1252,.T.);
#734=FACE_OUTER_BOUND('',#1253,.T.);
#735=FACE_OUTER_BOUND('',#1254,.T.);
#736=FACE_OUTER_BOUND('',#1255,.T.);
#737=FACE_OUTER_BOUND('',#1256,.T.);
#738=FACE_OUTER_BOUND('',#1257,.T.);
#739=FACE_OUTER_BOUND('',#1258,.T.);
#740=FACE_OUTER_BOUND('',#1259,.T.);
#741=FACE_OUTER_BOUND('',#1260,.T.);
#742=FACE_OUTER_BOUND('',#1261,.T.);
#743=FACE_OUTER_BOUND('',#1262,.T.);
#744=FACE_OUTER_BOUND('',#1263,.T.);
#745=FACE_OUTER_BOUND('',#1264,.T.);
#746=FACE_OUTER_BOUND('',#1265,.T.);
#747=FACE_OUTER_BOUND('',#1266,.T.);
#748=FACE_OUTER_BOUND('',#1267,.T.);
#749=FACE_OUTER_BOUND('',#1268,.T.);
#750=FACE_OUTER_BOUND('',#1269,.T.);
#751=FACE_OUTER_BOUND('',#1270,.T.);
#752=FACE_OUTER_BOUND('',#1271,.T.);
#753=FACE_OUTER_BOUND('',#1272,.T.);
#754=FACE_OUTER_BOUND('',#1273,.T.);
#755=FACE_OUTER_BOUND('',#1274,.T.);
#756=FACE_OUTER_BOUND('',#1275,.T.);
#757=FACE_OUTER_BOUND('',#1276,.T.);
#758=FACE_OUTER_BOUND('',#1277,.T.);
#759=FACE_OUTER_BOUND('',#1278,.T.);
#760=FACE_OUTER_BOUND('',#1279,.T.);
#761=FACE_OUTER_BOUND('',#1280,.T.);
#762=FACE_OUTER_BOUND('',#1281,.T.);
#763=FACE_OUTER_BOUND('',#1282,.T.);
#764=FACE_OUTER_BOUND('',#1283,.T.);
#765=FACE_OUTER_BOUND('',#1284,.T.);
#766=FACE_OUTER_BOUND('',#1285,.T.);
#767=FACE_OUTER_BOUND('',#1286,.T.);
#768=FACE_OUTER_BOUND('',#1287,.T.);
#769=FACE_OUTER_BOUND('',#1288,.T.);
#770=FACE_OUTER_BOUND('',#1289,.T.);
#771=FACE_OUTER_BOUND('',#1290,.T.);
#772=FACE_OUTER_BOUND('',#1291,.T.);
#773=FACE_OUTER_BOUND('',#1292,.T.);
#774=FACE_OUTER_BOUND('',#1293,.T.);
#775=FACE_OUTER_BOUND('',#1294,.T.);
#776=FACE_OUTER_BOUND('',#1295,.T.);
#777=FACE_OUTER_BOUND('',#1296,.T.);
#778=FACE_OUTER_BOUND('',#1297,.T.);
#779=FACE_OUTER_BOUND('',#1298,.T.);
#780=FACE_OUTER_BOUND('',#1299,.T.);
#781=FACE_OUTER_BOUND('',#1300,.T.);
#782=FACE_OUTER_BOUND('',#1301,.T.);
#783=FACE_OUTER_BOUND('',#1302,.T.);
#784=FACE_OUTER_BOUND('',#1303,.T.);
#785=FACE_OUTER_BOUND('',#1304,.T.);
#786=FACE_OUTER_BOUND('',#1305,.T.);
#787=FACE_OUTER_BOUND('',#1306,.T.);
#788=FACE_OUTER_BOUND('',#1307,.T.);
#789=FACE_OUTER_BOUND('',#1308,.T.);
#790=FACE_OUTER_BOUND('',#1309,.T.);
#791=FACE_OUTER_BOUND('',#1310,.T.);
#792=FACE_OUTER_BOUND('',#1311,.T.);
#793=FACE_OUTER_BOUND('',#1312,.T.);
#794=FACE_OUTER_BOUND('',#1313,.T.);
#795=FACE_OUTER_BOUND('',#1314,.T.);
#796=FACE_OUTER_BOUND('',#1350,.T.);
#797=EDGE_LOOP('',(#6203,#6204,#6205,#6206));
#798=EDGE_LOOP('',(#6207,#6208,#6209,#6210));
#799=EDGE_LOOP('',(#6211,#6212,#6213,#6214));
#800=EDGE_LOOP('',(#6215,#6216,#6217,#6218));
#801=EDGE_LOOP('',(#6219,#6220,#6221,#6222,#6223,#6224,#6225,#6226,#6227,
#6228,#6229,#6230,#6231,#6232,#6233,#6234,#6235,#6236,#6237,#6238,#6239,
#6240,#6241,#6242,#6243,#6244,#6245,#6246,#6247,#6248,#6249,#6250));
#802=EDGE_LOOP('',(#6251));
#803=EDGE_LOOP('',(#6252));
#804=EDGE_LOOP('',(#6253));
#805=EDGE_LOOP('',(#6254));
#806=EDGE_LOOP('',(#6255,#6256,#6257,#6258));
#807=EDGE_LOOP('',(#6259,#6260,#6261,#6262));
#808=EDGE_LOOP('',(#6263,#6264,#6265,#6266));
#809=EDGE_LOOP('',(#6267,#6268,#6269,#6270));
#810=EDGE_LOOP('',(#6271,#6272,#6273,#6274));
#811=EDGE_LOOP('',(#6275,#6276,#6277,#6278,#6279,#6280,#6281,#6282,#6283,
#6284,#6285,#6286,#6287,#6288,#6289,#6290,#6291,#6292,#6293,#6294,#6295,
#6296,#6297,#6298,#6299,#6300,#6301,#6302,#6303,#6304,#6305,#6306));
#812=EDGE_LOOP('',(#6307));
#813=EDGE_LOOP('',(#6308));
#814=EDGE_LOOP('',(#6309));
#815=EDGE_LOOP('',(#6310));
#816=EDGE_LOOP('',(#6311,#6312,#6313,#6314));
#817=EDGE_LOOP('',(#6315,#6316,#6317,#6318));
#818=EDGE_LOOP('',(#6319,#6320,#6321,#6322));
#819=EDGE_LOOP('',(#6323,#6324,#6325,#6326));
#820=EDGE_LOOP('',(#6327,#6328,#6329,#6330));
#821=EDGE_LOOP('',(#6331,#6332,#6333,#6334));
#822=EDGE_LOOP('',(#6335,#6336,#6337,#6338));
#823=EDGE_LOOP('',(#6339,#6340,#6341,#6342));
#824=EDGE_LOOP('',(#6343,#6344,#6345,#6346));
#825=EDGE_LOOP('',(#6347,#6348,#6349,#6350));
#826=EDGE_LOOP('',(#6351,#6352,#6353,#6354));
#827=EDGE_LOOP('',(#6355,#6356,#6357,#6358));
#828=EDGE_LOOP('',(#6359,#6360,#6361,#6362));
#829=EDGE_LOOP('',(#6363,#6364,#6365,#6366));
#830=EDGE_LOOP('',(#6367,#6368,#6369,#6370));
#831=EDGE_LOOP('',(#6371,#6372,#6373,#6374));
#832=EDGE_LOOP('',(#6375,#6376,#6377,#6378));
#833=EDGE_LOOP('',(#6379,#6380,#6381,#6382));
#834=EDGE_LOOP('',(#6383,#6384,#6385,#6386));
#835=EDGE_LOOP('',(#6387,#6388,#6389,#6390));
#836=EDGE_LOOP('',(#6391,#6392,#6393,#6394));
#837=EDGE_LOOP('',(#6395,#6396,#6397,#6398));
#838=EDGE_LOOP('',(#6399,#6400,#6401,#6402));
#839=EDGE_LOOP('',(#6403,#6404,#6405,#6406));
#840=EDGE_LOOP('',(#6407,#6408,#6409,#6410));
#841=EDGE_LOOP('',(#6411,#6412,#6413,#6414));
#842=EDGE_LOOP('',(#6415,#6416,#6417,#6418));
#843=EDGE_LOOP('',(#6419,#6420,#6421,#6422));
#844=EDGE_LOOP('',(#6423,#6424,#6425,#6426));
#845=EDGE_LOOP('',(#6427,#6428,#6429,#6430));
#846=EDGE_LOOP('',(#6431,#6432,#6433,#6434));
#847=EDGE_LOOP('',(#6435,#6436,#6437,#6438));
#848=EDGE_LOOP('',(#6439,#6440,#6441,#6442));
#849=EDGE_LOOP('',(#6443,#6444,#6445,#6446));
#850=EDGE_LOOP('',(#6447,#6448,#6449,#6450));
#851=EDGE_LOOP('',(#6451,#6452,#6453,#6454));
#852=EDGE_LOOP('',(#6455,#6456,#6457,#6458));
#853=EDGE_LOOP('',(#6459,#6460,#6461,#6462));
#854=EDGE_LOOP('',(#6463,#6464,#6465,#6466));
#855=EDGE_LOOP('',(#6467,#6468,#6469,#6470));
#856=EDGE_LOOP('',(#6471,#6472,#6473,#6474));
#857=EDGE_LOOP('',(#6475,#6476,#6477,#6478));
#858=EDGE_LOOP('',(#6479,#6480,#6481,#6482));
#859=EDGE_LOOP('',(#6483,#6484,#6485,#6486));
#860=EDGE_LOOP('',(#6487,#6488,#6489,#6490));
#861=EDGE_LOOP('',(#6491,#6492,#6493,#6494));
#862=EDGE_LOOP('',(#6495,#6496,#6497,#6498));
#863=EDGE_LOOP('',(#6499,#6500,#6501,#6502));
#864=EDGE_LOOP('',(#6503,#6504,#6505,#6506));
#865=EDGE_LOOP('',(#6507,#6508,#6509,#6510));
#866=EDGE_LOOP('',(#6511,#6512,#6513,#6514));
#867=EDGE_LOOP('',(#6515,#6516,#6517,#6518));
#868=EDGE_LOOP('',(#6519,#6520,#6521,#6522));
#869=EDGE_LOOP('',(#6523,#6524,#6525,#6526));
#870=EDGE_LOOP('',(#6527,#6528,#6529,#6530));
#871=EDGE_LOOP('',(#6531,#6532,#6533,#6534));
#872=EDGE_LOOP('',(#6535,#6536,#6537,#6538));
#873=EDGE_LOOP('',(#6539,#6540,#6541,#6542));
#874=EDGE_LOOP('',(#6543,#6544,#6545,#6546));
#875=EDGE_LOOP('',(#6547,#6548,#6549,#6550));
#876=EDGE_LOOP('',(#6551,#6552,#6553,#6554));
#877=EDGE_LOOP('',(#6555,#6556,#6557,#6558));
#878=EDGE_LOOP('',(#6559,#6560,#6561,#6562));
#879=EDGE_LOOP('',(#6563,#6564,#6565,#6566));
#880=EDGE_LOOP('',(#6567,#6568,#6569,#6570));
#881=EDGE_LOOP('',(#6571,#6572,#6573,#6574));
#882=EDGE_LOOP('',(#6575,#6576,#6577,#6578));
#883=EDGE_LOOP('',(#6579,#6580,#6581,#6582));
#884=EDGE_LOOP('',(#6583,#6584,#6585,#6586));
#885=EDGE_LOOP('',(#6587,#6588,#6589,#6590));
#886=EDGE_LOOP('',(#6591,#6592,#6593,#6594));
#887=EDGE_LOOP('',(#6595,#6596,#6597,#6598));
#888=EDGE_LOOP('',(#6599,#6600,#6601,#6602));
#889=EDGE_LOOP('',(#6603,#6604,#6605,#6606));
#890=EDGE_LOOP('',(#6607,#6608,#6609,#6610));
#891=EDGE_LOOP('',(#6611,#6612,#6613,#6614,#6615,#6616,#6617,#6618,#6619,
#6620,#6621,#6622,#6623,#6624,#6625,#6626,#6627,#6628,#6629,#6630,#6631,
#6632,#6633,#6634,#6635,#6636,#6637,#6638,#6639,#6640,#6641,#6642,#6643,
#6644,#6645,#6646,#6647,#6648,#6649,#6650,#6651,#6652,#6653,#6654,#6655,
#6656,#6657,#6658,#6659,#6660,#6661,#6662,#6663,#6664,#6665,#6666,#6667,
#6668,#6669,#6670,#6671,#6672,#6673,#6674,#6675,#6676,#6677,#6678,#6679,
#6680,#6681,#6682,#6683,#6684,#6685,#6686,#6687,#6688,#6689,#6690));
#892=EDGE_LOOP('',(#6691,#6692,#6693,#6694));
#893=EDGE_LOOP('',(#6695,#6696,#6697,#6698));
#894=EDGE_LOOP('',(#6699,#6700,#6701,#6702));
#895=EDGE_LOOP('',(#6703,#6704,#6705,#6706));
#896=EDGE_LOOP('',(#6707,#6708,#6709,#6710));
#897=EDGE_LOOP('',(#6711,#6712,#6713,#6714));
#898=EDGE_LOOP('',(#6715,#6716,#6717,#6718));
#899=EDGE_LOOP('',(#6719,#6720,#6721,#6722));
#900=EDGE_LOOP('',(#6723,#6724,#6725,#6726));
#901=EDGE_LOOP('',(#6727,#6728,#6729,#6730));
#902=EDGE_LOOP('',(#6731,#6732,#6733,#6734));
#903=EDGE_LOOP('',(#6735,#6736,#6737,#6738));
#904=EDGE_LOOP('',(#6739,#6740,#6741,#6742));
#905=EDGE_LOOP('',(#6743,#6744,#6745,#6746));
#906=EDGE_LOOP('',(#6747,#6748,#6749,#6750));
#907=EDGE_LOOP('',(#6751,#6752,#6753,#6754));
#908=EDGE_LOOP('',(#6755,#6756,#6757,#6758));
#909=EDGE_LOOP('',(#6759,#6760,#6761,#6762));
#910=EDGE_LOOP('',(#6763,#6764,#6765,#6766));
#911=EDGE_LOOP('',(#6767,#6768,#6769,#6770));
#912=EDGE_LOOP('',(#6771,#6772,#6773,#6774));
#913=EDGE_LOOP('',(#6775,#6776,#6777,#6778));
#914=EDGE_LOOP('',(#6779,#6780,#6781,#6782));
#915=EDGE_LOOP('',(#6783,#6784,#6785,#6786));
#916=EDGE_LOOP('',(#6787,#6788,#6789,#6790));
#917=EDGE_LOOP('',(#6791,#6792,#6793,#6794));
#918=EDGE_LOOP('',(#6795,#6796,#6797,#6798));
#919=EDGE_LOOP('',(#6799,#6800,#6801,#6802));
#920=EDGE_LOOP('',(#6803,#6804,#6805,#6806));
#921=EDGE_LOOP('',(#6807,#6808,#6809,#6810,#6811,#6812,#6813,#6814,#6815,
#6816,#6817,#6818,#6819,#6820,#6821,#6822,#6823,#6824,#6825,#6826,#6827,
#6828,#6829,#6830,#6831,#6832,#6833,#6834,#6835,#6836,#6837,#6838,#6839,
#6840,#6841,#6842,#6843,#6844,#6845,#6846,#6847,#6848,#6849,#6850,#6851,
#6852,#6853,#6854,#6855,#6856,#6857,#6858,#6859,#6860,#6861,#6862,#6863,
#6864,#6865,#6866,#6867,#6868,#6869,#6870,#6871,#6872,#6873,#6874,#6875,
#6876,#6877,#6878,#6879,#6880,#6881,#6882,#6883,#6884,#6885,#6886));
#922=EDGE_LOOP('',(#6887,#6888,#6889,#6890));
#923=EDGE_LOOP('',(#6891,#6892,#6893,#6894));
#924=EDGE_LOOP('',(#6895,#6896,#6897,#6898));
#925=EDGE_LOOP('',(#6899,#6900,#6901,#6902));
#926=EDGE_LOOP('',(#6903,#6904,#6905,#6906));
#927=EDGE_LOOP('',(#6907,#6908,#6909,#6910));
#928=EDGE_LOOP('',(#6911,#6912,#6913,#6914));
#929=EDGE_LOOP('',(#6915,#6916,#6917,#6918));
#930=EDGE_LOOP('',(#6919,#6920,#6921,#6922));
#931=EDGE_LOOP('',(#6923,#6924,#6925,#6926));
#932=EDGE_LOOP('',(#6927,#6928,#6929,#6930));
#933=EDGE_LOOP('',(#6931,#6932,#6933,#6934));
#934=EDGE_LOOP('',(#6935,#6936,#6937,#6938));
#935=EDGE_LOOP('',(#6939,#6940,#6941,#6942));
#936=EDGE_LOOP('',(#6943,#6944,#6945,#6946));
#937=EDGE_LOOP('',(#6947,#6948,#6949,#6950));
#938=EDGE_LOOP('',(#6951,#6952,#6953,#6954));
#939=EDGE_LOOP('',(#6955,#6956,#6957,#6958));
#940=EDGE_LOOP('',(#6959,#6960,#6961,#6962));
#941=EDGE_LOOP('',(#6963,#6964,#6965,#6966));
#942=EDGE_LOOP('',(#6967,#6968,#6969,#6970));
#943=EDGE_LOOP('',(#6971,#6972,#6973,#6974));
#944=EDGE_LOOP('',(#6975,#6976,#6977,#6978));
#945=EDGE_LOOP('',(#6979,#6980,#6981,#6982));
#946=EDGE_LOOP('',(#6983,#6984,#6985,#6986));
#947=EDGE_LOOP('',(#6987,#6988,#6989,#6990));
#948=EDGE_LOOP('',(#6991,#6992,#6993,#6994));
#949=EDGE_LOOP('',(#6995,#6996,#6997,#6998));
#950=EDGE_LOOP('',(#6999,#7000,#7001,#7002));
#951=EDGE_LOOP('',(#7003,#7004,#7005,#7006));
#952=EDGE_LOOP('',(#7007,#7008,#7009,#7010));
#953=EDGE_LOOP('',(#7011,#7012,#7013,#7014));
#954=EDGE_LOOP('',(#7015,#7016,#7017,#7018));
#955=EDGE_LOOP('',(#7019,#7020,#7021,#7022));
#956=EDGE_LOOP('',(#7023,#7024,#7025,#7026));
#957=EDGE_LOOP('',(#7027,#7028,#7029,#7030));
#958=EDGE_LOOP('',(#7031,#7032,#7033,#7034));
#959=EDGE_LOOP('',(#7035,#7036,#7037,#7038));
#960=EDGE_LOOP('',(#7039,#7040,#7041,#7042));
#961=EDGE_LOOP('',(#7043,#7044,#7045,#7046));
#962=EDGE_LOOP('',(#7047,#7048,#7049,#7050));
#963=EDGE_LOOP('',(#7051,#7052,#7053,#7054));
#964=EDGE_LOOP('',(#7055,#7056,#7057,#7058));
#965=EDGE_LOOP('',(#7059,#7060,#7061,#7062));
#966=EDGE_LOOP('',(#7063,#7064,#7065,#7066));
#967=EDGE_LOOP('',(#7067,#7068,#7069,#7070));
#968=EDGE_LOOP('',(#7071,#7072,#7073,#7074));
#969=EDGE_LOOP('',(#7075,#7076,#7077,#7078));
#970=EDGE_LOOP('',(#7079,#7080,#7081,#7082));
#971=EDGE_LOOP('',(#7083,#7084,#7085,#7086));
#972=EDGE_LOOP('',(#7087,#7088,#7089,#7090));
#973=EDGE_LOOP('',(#7091,#7092,#7093,#7094,#7095,#7096,#7097,#7098,#7099,
#7100,#7101,#7102,#7103,#7104,#7105,#7106,#7107,#7108,#7109,#7110,#7111,
#7112,#7113,#7114,#7115,#7116,#7117,#7118,#7119,#7120,#7121,#7122,#7123,
#7124,#7125,#7126,#7127,#7128,#7129,#7130,#7131,#7132,#7133,#7134,#7135,
#7136,#7137,#7138,#7139,#7140,#7141,#7142,#7143,#7144,#7145,#7146,#7147,
#7148,#7149,#7150,#7151,#7152,#7153,#7154,#7155,#7156,#7157,#7158,#7159,
#7160,#7161,#7162,#7163,#7164,#7165,#7166,#7167,#7168,#7169,#7170));
#974=EDGE_LOOP('',(#7171,#7172,#7173,#7174));
#975=EDGE_LOOP('',(#7175,#7176,#7177,#7178));
#976=EDGE_LOOP('',(#7179,#7180,#7181,#7182));
#977=EDGE_LOOP('',(#7183,#7184,#7185,#7186));
#978=EDGE_LOOP('',(#7187,#7188,#7189,#7190));
#979=EDGE_LOOP('',(#7191,#7192,#7193,#7194));
#980=EDGE_LOOP('',(#7195,#7196,#7197,#7198));
#981=EDGE_LOOP('',(#7199,#7200,#7201,#7202));
#982=EDGE_LOOP('',(#7203,#7204,#7205,#7206));
#983=EDGE_LOOP('',(#7207,#7208,#7209,#7210));
#984=EDGE_LOOP('',(#7211,#7212,#7213,#7214));
#985=EDGE_LOOP('',(#7215,#7216,#7217,#7218));
#986=EDGE_LOOP('',(#7219,#7220,#7221,#7222));
#987=EDGE_LOOP('',(#7223,#7224,#7225,#7226));
#988=EDGE_LOOP('',(#7227,#7228,#7229,#7230));
#989=EDGE_LOOP('',(#7231,#7232,#7233,#7234));
#990=EDGE_LOOP('',(#7235,#7236,#7237,#7238));
#991=EDGE_LOOP('',(#7239,#7240,#7241,#7242));
#992=EDGE_LOOP('',(#7243,#7244,#7245,#7246));
#993=EDGE_LOOP('',(#7247,#7248,#7249,#7250));
#994=EDGE_LOOP('',(#7251,#7252,#7253,#7254));
#995=EDGE_LOOP('',(#7255,#7256,#7257,#7258));
#996=EDGE_LOOP('',(#7259,#7260,#7261,#7262));
#997=EDGE_LOOP('',(#7263,#7264,#7265,#7266));
#998=EDGE_LOOP('',(#7267,#7268,#7269,#7270));
#999=EDGE_LOOP('',(#7271,#7272,#7273,#7274));
#1000=EDGE_LOOP('',(#7275,#7276,#7277,#7278));
#1001=EDGE_LOOP('',(#7279,#7280,#7281,#7282));
#1002=EDGE_LOOP('',(#7283,#7284,#7285,#7286));
#1003=EDGE_LOOP('',(#7287,#7288,#7289,#7290));
#1004=EDGE_LOOP('',(#7291,#7292,#7293,#7294));
#1005=EDGE_LOOP('',(#7295,#7296,#7297,#7298,#7299,#7300,#7301,#7302,#7303,
#7304,#7305,#7306,#7307,#7308,#7309,#7310,#7311,#7312,#7313,#7314,#7315,
#7316,#7317,#7318,#7319,#7320,#7321,#7322,#7323,#7324,#7325,#7326,#7327,
#7328,#7329,#7330,#7331,#7332,#7333,#7334,#7335,#7336,#7337,#7338,#7339,
#7340,#7341,#7342,#7343,#7344,#7345,#7346,#7347,#7348,#7349,#7350,#7351,
#7352,#7353,#7354,#7355,#7356,#7357,#7358,#7359,#7360,#7361,#7362,#7363,
#7364,#7365,#7366,#7367,#7368,#7369,#7370,#7371,#7372,#7373,#7374));
#1006=EDGE_LOOP('',(#7375,#7376,#7377,#7378));
#1007=EDGE_LOOP('',(#7379,#7380,#7381,#7382));
#1008=EDGE_LOOP('',(#7383,#7384,#7385,#7386));
#1009=EDGE_LOOP('',(#7387,#7388,#7389,#7390));
#1010=EDGE_LOOP('',(#7391,#7392,#7393,#7394));
#1011=EDGE_LOOP('',(#7395,#7396,#7397,#7398));
#1012=EDGE_LOOP('',(#7399,#7400,#7401,#7402));
#1013=EDGE_LOOP('',(#7403,#7404,#7405,#7406));
#1014=EDGE_LOOP('',(#7407,#7408,#7409,#7410));
#1015=EDGE_LOOP('',(#7411,#7412,#7413,#7414));
#1016=EDGE_LOOP('',(#7415,#7416,#7417,#7418));
#1017=EDGE_LOOP('',(#7419,#7420,#7421,#7422));
#1018=EDGE_LOOP('',(#7423,#7424,#7425,#7426));
#1019=EDGE_LOOP('',(#7427,#7428,#7429,#7430));
#1020=EDGE_LOOP('',(#7431,#7432,#7433,#7434));
#1021=EDGE_LOOP('',(#7435,#7436,#7437,#7438));
#1022=EDGE_LOOP('',(#7439,#7440,#7441,#7442));
#1023=EDGE_LOOP('',(#7443,#7444,#7445,#7446));
#1024=EDGE_LOOP('',(#7447,#7448,#7449,#7450));
#1025=EDGE_LOOP('',(#7451,#7452,#7453,#7454));
#1026=EDGE_LOOP('',(#7455,#7456,#7457,#7458));
#1027=EDGE_LOOP('',(#7459,#7460,#7461,#7462));
#1028=EDGE_LOOP('',(#7463,#7464,#7465,#7466));
#1029=EDGE_LOOP('',(#7467,#7468,#7469,#7470));
#1030=EDGE_LOOP('',(#7471,#7472,#7473,#7474));
#1031=EDGE_LOOP('',(#7475,#7476,#7477,#7478));
#1032=EDGE_LOOP('',(#7479,#7480,#7481,#7482));
#1033=EDGE_LOOP('',(#7483,#7484,#7485,#7486));
#1034=EDGE_LOOP('',(#7487,#7488,#7489,#7490));
#1035=EDGE_LOOP('',(#7491,#7492,#7493,#7494));
#1036=EDGE_LOOP('',(#7495,#7496,#7497,#7498));
#1037=EDGE_LOOP('',(#7499,#7500,#7501,#7502));
#1038=EDGE_LOOP('',(#7503,#7504,#7505,#7506));
#1039=EDGE_LOOP('',(#7507,#7508,#7509,#7510));
#1040=EDGE_LOOP('',(#7511,#7512,#7513,#7514));
#1041=EDGE_LOOP('',(#7515,#7516,#7517,#7518));
#1042=EDGE_LOOP('',(#7519,#7520,#7521,#7522));
#1043=EDGE_LOOP('',(#7523,#7524,#7525,#7526));
#1044=EDGE_LOOP('',(#7527,#7528,#7529,#7530));
#1045=EDGE_LOOP('',(#7531,#7532,#7533,#7534));
#1046=EDGE_LOOP('',(#7535,#7536,#7537,#7538));
#1047=EDGE_LOOP('',(#7539,#7540,#7541,#7542));
#1048=EDGE_LOOP('',(#7543,#7544,#7545,#7546));
#1049=EDGE_LOOP('',(#7547,#7548,#7549,#7550));
#1050=EDGE_LOOP('',(#7551,#7552,#7553,#7554));
#1051=EDGE_LOOP('',(#7555,#7556,#7557,#7558));
#1052=EDGE_LOOP('',(#7559,#7560,#7561,#7562));
#1053=EDGE_LOOP('',(#7563,#7564,#7565,#7566));
#1054=EDGE_LOOP('',(#7567,#7568,#7569,#7570));
#1055=EDGE_LOOP('',(#7571,#7572,#7573,#7574));
#1056=EDGE_LOOP('',(#7575,#7576,#7577,#7578));
#1057=EDGE_LOOP('',(#7579,#7580,#7581,#7582));
#1058=EDGE_LOOP('',(#7583,#7584,#7585,#7586));
#1059=EDGE_LOOP('',(#7587,#7588,#7589,#7590));
#1060=EDGE_LOOP('',(#7591,#7592,#7593,#7594));
#1061=EDGE_LOOP('',(#7595,#7596,#7597,#7598));
#1062=EDGE_LOOP('',(#7599,#7600,#7601,#7602));
#1063=EDGE_LOOP('',(#7603,#7604,#7605,#7606));
#1064=EDGE_LOOP('',(#7607,#7608,#7609,#7610));
#1065=EDGE_LOOP('',(#7611,#7612,#7613,#7614));
#1066=EDGE_LOOP('',(#7615,#7616,#7617,#7618));
#1067=EDGE_LOOP('',(#7619,#7620,#7621,#7622));
#1068=EDGE_LOOP('',(#7623,#7624,#7625,#7626));
#1069=EDGE_LOOP('',(#7627,#7628,#7629,#7630));
#1070=EDGE_LOOP('',(#7631,#7632,#7633,#7634));
#1071=EDGE_LOOP('',(#7635,#7636,#7637,#7638));
#1072=EDGE_LOOP('',(#7639,#7640,#7641,#7642));
#1073=EDGE_LOOP('',(#7643,#7644,#7645,#7646));
#1074=EDGE_LOOP('',(#7647,#7648,#7649,#7650));
#1075=EDGE_LOOP('',(#7651,#7652,#7653,#7654));
#1076=EDGE_LOOP('',(#7655,#7656,#7657,#7658));
#1077=EDGE_LOOP('',(#7659,#7660,#7661,#7662));
#1078=EDGE_LOOP('',(#7663,#7664,#7665,#7666));
#1079=EDGE_LOOP('',(#7667,#7668,#7669,#7670));
#1080=EDGE_LOOP('',(#7671,#7672,#7673,#7674));
#1081=EDGE_LOOP('',(#7675,#7676,#7677,#7678));
#1082=EDGE_LOOP('',(#7679,#7680,#7681,#7682));
#1083=EDGE_LOOP('',(#7683,#7684,#7685,#7686));
#1084=EDGE_LOOP('',(#7687,#7688,#7689,#7690));
#1085=EDGE_LOOP('',(#7691,#7692,#7693,#7694));
#1086=EDGE_LOOP('',(#7695,#7696,#7697,#7698));
#1087=EDGE_LOOP('',(#7699,#7700,#7701,#7702));
#1088=EDGE_LOOP('',(#7703,#7704,#7705,#7706));
#1089=EDGE_LOOP('',(#7707,#7708,#7709,#7710));
#1090=EDGE_LOOP('',(#7711,#7712,#7713,#7714));
#1091=EDGE_LOOP('',(#7715,#7716,#7717,#7718));
#1092=EDGE_LOOP('',(#7719,#7720,#7721,#7722));
#1093=EDGE_LOOP('',(#7723,#7724,#7725,#7726));
#1094=EDGE_LOOP('',(#7727,#7728,#7729,#7730));
#1095=EDGE_LOOP('',(#7731,#7732,#7733,#7734));
#1096=EDGE_LOOP('',(#7735,#7736,#7737,#7738));
#1097=EDGE_LOOP('',(#7739,#7740,#7741,#7742));
#1098=EDGE_LOOP('',(#7743,#7744,#7745,#7746));
#1099=EDGE_LOOP('',(#7747,#7748,#7749,#7750));
#1100=EDGE_LOOP('',(#7751,#7752,#7753,#7754));
#1101=EDGE_LOOP('',(#7755,#7756,#7757,#7758));
#1102=EDGE_LOOP('',(#7759,#7760,#7761,#7762));
#1103=EDGE_LOOP('',(#7763,#7764,#7765,#7766));
#1104=EDGE_LOOP('',(#7767,#7768,#7769,#7770));
#1105=EDGE_LOOP('',(#7771,#7772,#7773,#7774));
#1106=EDGE_LOOP('',(#7775,#7776,#7777,#7778));
#1107=EDGE_LOOP('',(#7779,#7780,#7781,#7782));
#1108=EDGE_LOOP('',(#7783,#7784,#7785,#7786));
#1109=EDGE_LOOP('',(#7787,#7788,#7789,#7790));
#1110=EDGE_LOOP('',(#7791,#7792,#7793,#7794));
#1111=EDGE_LOOP('',(#7795,#7796,#7797,#7798));
#1112=EDGE_LOOP('',(#7799,#7800,#7801,#7802));
#1113=EDGE_LOOP('',(#7803,#7804,#7805,#7806));
#1114=EDGE_LOOP('',(#7807,#7808,#7809,#7810));
#1115=EDGE_LOOP('',(#7811,#7812,#7813,#7814));
#1116=EDGE_LOOP('',(#7815,#7816,#7817,#7818));
#1117=EDGE_LOOP('',(#7819,#7820,#7821,#7822));
#1118=EDGE_LOOP('',(#7823,#7824,#7825,#7826));
#1119=EDGE_LOOP('',(#7827,#7828,#7829,#7830));
#1120=EDGE_LOOP('',(#7831,#7832,#7833,#7834));
#1121=EDGE_LOOP('',(#7835,#7836,#7837,#7838));
#1122=EDGE_LOOP('',(#7839,#7840,#7841,#7842));
#1123=EDGE_LOOP('',(#7843,#7844,#7845,#7846));
#1124=EDGE_LOOP('',(#7847,#7848,#7849,#7850));
#1125=EDGE_LOOP('',(#7851,#7852,#7853,#7854));
#1126=EDGE_LOOP('',(#7855,#7856,#7857,#7858));
#1127=EDGE_LOOP('',(#7859,#7860,#7861,#7862));
#1128=EDGE_LOOP('',(#7863,#7864,#7865,#7866));
#1129=EDGE_LOOP('',(#7867,#7868,#7869,#7870));
#1130=EDGE_LOOP('',(#7871,#7872,#7873,#7874));
#1131=EDGE_LOOP('',(#7875,#7876,#7877,#7878));
#1132=EDGE_LOOP('',(#7879,#7880,#7881,#7882));
#1133=EDGE_LOOP('',(#7883,#7884,#7885,#7886));
#1134=EDGE_LOOP('',(#7887,#7888,#7889,#7890));
#1135=EDGE_LOOP('',(#7891,#7892,#7893,#7894));
#1136=EDGE_LOOP('',(#7895,#7896,#7897,#7898));
#1137=EDGE_LOOP('',(#7899,#7900,#7901,#7902));
#1138=EDGE_LOOP('',(#7903,#7904,#7905,#7906));
#1139=EDGE_LOOP('',(#7907,#7908,#7909,#7910));
#1140=EDGE_LOOP('',(#7911,#7912,#7913,#7914));
#1141=EDGE_LOOP('',(#7915,#7916,#7917,#7918));
#1142=EDGE_LOOP('',(#7919,#7920,#7921,#7922));
#1143=EDGE_LOOP('',(#7923,#7924,#7925,#7926));
#1144=EDGE_LOOP('',(#7927,#7928,#7929,#7930));
#1145=EDGE_LOOP('',(#7931,#7932,#7933,#7934));
#1146=EDGE_LOOP('',(#7935,#7936,#7937,#7938));
#1147=EDGE_LOOP('',(#7939,#7940,#7941,#7942));
#1148=EDGE_LOOP('',(#7943,#7944,#7945,#7946));
#1149=EDGE_LOOP('',(#7947,#7948,#7949,#7950));
#1150=EDGE_LOOP('',(#7951,#7952,#7953,#7954));
#1151=EDGE_LOOP('',(#7955,#7956,#7957,#7958));
#1152=EDGE_LOOP('',(#7959,#7960,#7961,#7962));
#1153=EDGE_LOOP('',(#7963,#7964,#7965,#7966));
#1154=EDGE_LOOP('',(#7967,#7968,#7969,#7970));
#1155=EDGE_LOOP('',(#7971,#7972,#7973,#7974));
#1156=EDGE_LOOP('',(#7975,#7976,#7977,#7978));
#1157=EDGE_LOOP('',(#7979,#7980,#7981,#7982));
#1158=EDGE_LOOP('',(#7983,#7984,#7985,#7986));
#1159=EDGE_LOOP('',(#7987,#7988,#7989,#7990));
#1160=EDGE_LOOP('',(#7991,#7992,#7993,#7994));
#1161=EDGE_LOOP('',(#7995,#7996,#7997,#7998));
#1162=EDGE_LOOP('',(#7999,#8000,#8001,#8002));
#1163=EDGE_LOOP('',(#8003,#8004,#8005,#8006));
#1164=EDGE_LOOP('',(#8007,#8008,#8009,#8010));
#1165=EDGE_LOOP('',(#8011,#8012,#8013,#8014));
#1166=EDGE_LOOP('',(#8015,#8016,#8017,#8018));
#1167=EDGE_LOOP('',(#8019,#8020,#8021,#8022));
#1168=EDGE_LOOP('',(#8023,#8024,#8025,#8026));
#1169=EDGE_LOOP('',(#8027,#8028,#8029,#8030));
#1170=EDGE_LOOP('',(#8031,#8032,#8033,#8034));
#1171=EDGE_LOOP('',(#8035,#8036,#8037,#8038));
#1172=EDGE_LOOP('',(#8039,#8040,#8041,#8042));
#1173=EDGE_LOOP('',(#8043,#8044,#8045,#8046));
#1174=EDGE_LOOP('',(#8047,#8048,#8049,#8050));
#1175=EDGE_LOOP('',(#8051,#8052,#8053,#8054));
#1176=EDGE_LOOP('',(#8055,#8056,#8057,#8058));
#1177=EDGE_LOOP('',(#8059,#8060,#8061,#8062));
#1178=EDGE_LOOP('',(#8063,#8064,#8065,#8066));
#1179=EDGE_LOOP('',(#8067,#8068,#8069,#8070));
#1180=EDGE_LOOP('',(#8071,#8072,#8073,#8074));
#1181=EDGE_LOOP('',(#8075,#8076,#8077,#8078));
#1182=EDGE_LOOP('',(#8079,#8080,#8081,#8082));
#1183=EDGE_LOOP('',(#8083,#8084,#8085,#8086));
#1184=EDGE_LOOP('',(#8087,#8088,#8089,#8090));
#1185=EDGE_LOOP('',(#8091,#8092,#8093,#8094));
#1186=EDGE_LOOP('',(#8095,#8096,#8097,#8098));
#1187=EDGE_LOOP('',(#8099,#8100,#8101,#8102));
#1188=EDGE_LOOP('',(#8103,#8104,#8105,#8106));
#1189=EDGE_LOOP('',(#8107,#8108,#8109,#8110));
#1190=EDGE_LOOP('',(#8111,#8112,#8113,#8114));
#1191=EDGE_LOOP('',(#8115,#8116,#8117,#8118));
#1192=EDGE_LOOP('',(#8119,#8120,#8121,#8122));
#1193=EDGE_LOOP('',(#8123,#8124,#8125,#8126));
#1194=EDGE_LOOP('',(#8127,#8128,#8129,#8130));
#1195=EDGE_LOOP('',(#8131,#8132,#8133,#8134));
#1196=EDGE_LOOP('',(#8135,#8136,#8137,#8138));
#1197=EDGE_LOOP('',(#8139,#8140,#8141,#8142,#8143,#8144,#8145,#8146,#8147,
#8148,#8149,#8150,#8151,#8152,#8153,#8154,#8155,#8156,#8157,#8158,#8159,
#8160,#8161,#8162,#8163,#8164,#8165,#8166,#8167,#8168,#8169,#8170,#8171,
#8172,#8173,#8174,#8175,#8176,#8177,#8178,#8179,#8180,#8181,#8182,#8183,
#8184,#8185,#8186,#8187,#8188,#8189,#8190,#8191,#8192,#8193,#8194,#8195,
#8196,#8197,#8198,#8199,#8200,#8201,#8202,#8203,#8204,#8205,#8206,#8207,
#8208,#8209,#8210,#8211,#8212,#8213,#8214,#8215,#8216,#8217,#8218,#8219,
#8220,#8221,#8222,#8223,#8224,#8225,#8226,#8227,#8228,#8229,#8230,#8231,
#8232,#8233,#8234,#8235,#8236,#8237,#8238,#8239,#8240,#8241,#8242,#8243,
#8244,#8245,#8246,#8247,#8248,#8249,#8250,#8251,#8252,#8253,#8254,#8255,
#8256,#8257,#8258,#8259,#8260,#8261,#8262,#8263,#8264,#8265,#8266,#8267,
#8268,#8269,#8270));
#1198=EDGE_LOOP('',(#8271,#8272,#8273,#8274));
#1199=EDGE_LOOP('',(#8275,#8276,#8277,#8278));
#1200=EDGE_LOOP('',(#8279,#8280,#8281,#8282));
#1201=EDGE_LOOP('',(#8283,#8284,#8285,#8286));
#1202=EDGE_LOOP('',(#8287,#8288,#8289,#8290));
#1203=EDGE_LOOP('',(#8291,#8292,#8293,#8294));
#1204=EDGE_LOOP('',(#8295,#8296,#8297,#8298));
#1205=EDGE_LOOP('',(#8299,#8300,#8301,#8302));
#1206=EDGE_LOOP('',(#8303,#8304,#8305,#8306));
#1207=EDGE_LOOP('',(#8307,#8308,#8309,#8310));
#1208=EDGE_LOOP('',(#8311,#8312,#8313,#8314));
#1209=EDGE_LOOP('',(#8315,#8316,#8317,#8318));
#1210=EDGE_LOOP('',(#8319,#8320,#8321,#8322));
#1211=EDGE_LOOP('',(#8323,#8324,#8325,#8326));
#1212=EDGE_LOOP('',(#8327,#8328,#8329,#8330));
#1213=EDGE_LOOP('',(#8331,#8332,#8333,#8334));
#1214=EDGE_LOOP('',(#8335,#8336,#8337,#8338));
#1215=EDGE_LOOP('',(#8339,#8340,#8341,#8342));
#1216=EDGE_LOOP('',(#8343,#8344,#8345,#8346));
#1217=EDGE_LOOP('',(#8347,#8348,#8349,#8350));
#1218=EDGE_LOOP('',(#8351,#8352,#8353,#8354));
#1219=EDGE_LOOP('',(#8355,#8356,#8357,#8358));
#1220=EDGE_LOOP('',(#8359,#8360,#8361,#8362));
#1221=EDGE_LOOP('',(#8363,#8364,#8365,#8366));
#1222=EDGE_LOOP('',(#8367,#8368,#8369,#8370));
#1223=EDGE_LOOP('',(#8371,#8372,#8373,#8374));
#1224=EDGE_LOOP('',(#8375,#8376,#8377,#8378));
#1225=EDGE_LOOP('',(#8379,#8380,#8381,#8382));
#1226=EDGE_LOOP('',(#8383,#8384,#8385,#8386));
#1227=EDGE_LOOP('',(#8387,#8388,#8389,#8390));
#1228=EDGE_LOOP('',(#8391,#8392,#8393,#8394));
#1229=EDGE_LOOP('',(#8395,#8396,#8397,#8398));
#1230=EDGE_LOOP('',(#8399,#8400,#8401,#8402));
#1231=EDGE_LOOP('',(#8403,#8404,#8405,#8406));
#1232=EDGE_LOOP('',(#8407,#8408,#8409,#8410));
#1233=EDGE_LOOP('',(#8411,#8412,#8413,#8414));
#1234=EDGE_LOOP('',(#8415,#8416,#8417,#8418));
#1235=EDGE_LOOP('',(#8419,#8420,#8421,#8422));
#1236=EDGE_LOOP('',(#8423,#8424,#8425,#8426));
#1237=EDGE_LOOP('',(#8427,#8428,#8429,#8430));
#1238=EDGE_LOOP('',(#8431,#8432,#8433,#8434));
#1239=EDGE_LOOP('',(#8435,#8436,#8437,#8438));
#1240=EDGE_LOOP('',(#8439,#8440,#8441,#8442));
#1241=EDGE_LOOP('',(#8443,#8444,#8445,#8446));
#1242=EDGE_LOOP('',(#8447,#8448,#8449,#8450));
#1243=EDGE_LOOP('',(#8451,#8452,#8453,#8454));
#1244=EDGE_LOOP('',(#8455,#8456,#8457,#8458));
#1245=EDGE_LOOP('',(#8459,#8460,#8461,#8462));
#1246=EDGE_LOOP('',(#8463,#8464,#8465,#8466));
#1247=EDGE_LOOP('',(#8467,#8468,#8469,#8470));
#1248=EDGE_LOOP('',(#8471,#8472,#8473,#8474));
#1249=EDGE_LOOP('',(#8475,#8476,#8477,#8478));
#1250=EDGE_LOOP('',(#8479,#8480,#8481,#8482));
#1251=EDGE_LOOP('',(#8483,#8484,#8485,#8486));
#1252=EDGE_LOOP('',(#8487,#8488,#8489,#8490));
#1253=EDGE_LOOP('',(#8491,#8492,#8493,#8494));
#1254=EDGE_LOOP('',(#8495,#8496,#8497,#8498));
#1255=EDGE_LOOP('',(#8499,#8500,#8501,#8502));
#1256=EDGE_LOOP('',(#8503,#8504,#8505,#8506));
#1257=EDGE_LOOP('',(#8507,#8508,#8509,#8510));
#1258=EDGE_LOOP('',(#8511,#8512,#8513,#8514));
#1259=EDGE_LOOP('',(#8515,#8516,#8517,#8518));
#1260=EDGE_LOOP('',(#8519,#8520,#8521,#8522));
#1261=EDGE_LOOP('',(#8523,#8524,#8525,#8526));
#1262=EDGE_LOOP('',(#8527,#8528,#8529,#8530));
#1263=EDGE_LOOP('',(#8531,#8532,#8533,#8534));
#1264=EDGE_LOOP('',(#8535,#8536,#8537,#8538));
#1265=EDGE_LOOP('',(#8539,#8540,#8541,#8542));
#1266=EDGE_LOOP('',(#8543,#8544,#8545,#8546));
#1267=EDGE_LOOP('',(#8547,#8548,#8549,#8550));
#1268=EDGE_LOOP('',(#8551,#8552,#8553,#8554));
#1269=EDGE_LOOP('',(#8555,#8556,#8557,#8558));
#1270=EDGE_LOOP('',(#8559,#8560,#8561,#8562));
#1271=EDGE_LOOP('',(#8563,#8564,#8565,#8566));
#1272=EDGE_LOOP('',(#8567,#8568,#8569,#8570));
#1273=EDGE_LOOP('',(#8571,#8572,#8573,#8574));
#1274=EDGE_LOOP('',(#8575,#8576,#8577,#8578));
#1275=EDGE_LOOP('',(#8579,#8580,#8581,#8582));
#1276=EDGE_LOOP('',(#8583,#8584,#8585,#8586));
#1277=EDGE_LOOP('',(#8587,#8588,#8589,#8590));
#1278=EDGE_LOOP('',(#8591,#8592,#8593,#8594));
#1279=EDGE_LOOP('',(#8595,#8596,#8597,#8598));
#1280=EDGE_LOOP('',(#8599,#8600,#8601,#8602));
#1281=EDGE_LOOP('',(#8603,#8604,#8605,#8606));
#1282=EDGE_LOOP('',(#8607,#8608,#8609,#8610));
#1283=EDGE_LOOP('',(#8611,#8612,#8613,#8614));
#1284=EDGE_LOOP('',(#8615,#8616,#8617,#8618));
#1285=EDGE_LOOP('',(#8619,#8620,#8621,#8622));
#1286=EDGE_LOOP('',(#8623,#8624,#8625,#8626));
#1287=EDGE_LOOP('',(#8627,#8628,#8629,#8630));
#1288=EDGE_LOOP('',(#8631,#8632,#8633,#8634));
#1289=EDGE_LOOP('',(#8635,#8636,#8637,#8638));
#1290=EDGE_LOOP('',(#8639,#8640,#8641,#8642));
#1291=EDGE_LOOP('',(#8643,#8644,#8645,#8646));
#1292=EDGE_LOOP('',(#8647,#8648,#8649,#8650));
#1293=EDGE_LOOP('',(#8651,#8652,#8653,#8654));
#1294=EDGE_LOOP('',(#8655,#8656,#8657,#8658));
#1295=EDGE_LOOP('',(#8659,#8660,#8661,#8662));
#1296=EDGE_LOOP('',(#8663,#8664,#8665,#8666));
#1297=EDGE_LOOP('',(#8667,#8668,#8669,#8670));
#1298=EDGE_LOOP('',(#8671,#8672,#8673,#8674));
#1299=EDGE_LOOP('',(#8675,#8676,#8677,#8678));
#1300=EDGE_LOOP('',(#8679,#8680,#8681,#8682));
#1301=EDGE_LOOP('',(#8683,#8684,#8685,#8686));
#1302=EDGE_LOOP('',(#8687,#8688,#8689,#8690));
#1303=EDGE_LOOP('',(#8691,#8692,#8693,#8694));
#1304=EDGE_LOOP('',(#8695,#8696,#8697,#8698));
#1305=EDGE_LOOP('',(#8699,#8700,#8701,#8702));
#1306=EDGE_LOOP('',(#8703,#8704,#8705,#8706));
#1307=EDGE_LOOP('',(#8707,#8708,#8709,#8710));
#1308=EDGE_LOOP('',(#8711,#8712,#8713,#8714));
#1309=EDGE_LOOP('',(#8715,#8716,#8717,#8718));
#1310=EDGE_LOOP('',(#8719,#8720,#8721,#8722));
#1311=EDGE_LOOP('',(#8723,#8724,#8725,#8726));
#1312=EDGE_LOOP('',(#8727,#8728,#8729,#8730));
#1313=EDGE_LOOP('',(#8731,#8732,#8733,#8734));
#1314=EDGE_LOOP('',(#8735,#8736,#8737,#8738,#8739,#8740,#8741,#8742,#8743,
#8744,#8745,#8746,#8747,#8748,#8749,#8750,#8751,#8752,#8753,#8754,#8755,
#8756,#8757,#8758,#8759,#8760,#8761,#8762,#8763,#8764,#8765,#8766,#8767,
#8768,#8769,#8770,#8771,#8772,#8773,#8774,#8775,#8776,#8777,#8778,#8779,
#8780,#8781,#8782,#8783,#8784,#8785,#8786,#8787,#8788,#8789,#8790,#8791,
#8792,#8793,#8794,#8795,#8796,#8797,#8798,#8799,#8800,#8801,#8802,#8803,
#8804,#8805,#8806,#8807,#8808,#8809,#8810,#8811,#8812,#8813,#8814,#8815,
#8816,#8817,#8818,#8819,#8820,#8821,#8822,#8823,#8824,#8825,#8826,#8827,
#8828,#8829,#8830,#8831,#8832,#8833,#8834,#8835,#8836,#8837,#8838,#8839,
#8840,#8841,#8842,#8843,#8844,#8845,#8846,#8847,#8848,#8849,#8850,#8851,
#8852,#8853,#8854,#8855,#8856,#8857,#8858,#8859,#8860,#8861,#8862,#8863,
#8864,#8865,#8866));
#1315=EDGE_LOOP('',(#8867,#8868,#8869,#8870));
#1316=EDGE_LOOP('',(#8871,#8872,#8873,#8874));
#1317=EDGE_LOOP('',(#8875,#8876,#8877,#8878));
#1318=EDGE_LOOP('',(#8879,#8880,#8881,#8882));
#1319=EDGE_LOOP('',(#8883,#8884,#8885,#8886));
#1320=EDGE_LOOP('',(#8887,#8888,#8889,#8890));
#1321=EDGE_LOOP('',(#8891,#8892,#8893,#8894));
#1322=EDGE_LOOP('',(#8895,#8896,#8897,#8898));
#1323=EDGE_LOOP('',(#8899,#8900,#8901,#8902));
#1324=EDGE_LOOP('',(#8903,#8904,#8905,#8906));
#1325=EDGE_LOOP('',(#8907,#8908,#8909,#8910));
#1326=EDGE_LOOP('',(#8911,#8912,#8913,#8914));
#1327=EDGE_LOOP('',(#8915,#8916,#8917,#8918));
#1328=EDGE_LOOP('',(#8919,#8920,#8921,#8922));
#1329=EDGE_LOOP('',(#8923,#8924,#8925,#8926));
#1330=EDGE_LOOP('',(#8927,#8928,#8929,#8930));
#1331=EDGE_LOOP('',(#8931,#8932,#8933,#8934));
#1332=EDGE_LOOP('',(#8935,#8936,#8937,#8938));
#1333=EDGE_LOOP('',(#8939,#8940,#8941,#8942));
#1334=EDGE_LOOP('',(#8943,#8944,#8945,#8946));
#1335=EDGE_LOOP('',(#8947,#8948,#8949,#8950));
#1336=EDGE_LOOP('',(#8951,#8952,#8953,#8954));
#1337=EDGE_LOOP('',(#8955,#8956,#8957,#8958));
#1338=EDGE_LOOP('',(#8959,#8960,#8961,#8962));
#1339=EDGE_LOOP('',(#8963,#8964,#8965,#8966));
#1340=EDGE_LOOP('',(#8967,#8968,#8969,#8970));
#1341=EDGE_LOOP('',(#8971,#8972,#8973,#8974));
#1342=EDGE_LOOP('',(#8975,#8976,#8977,#8978));
#1343=EDGE_LOOP('',(#8979,#8980,#8981,#8982));
#1344=EDGE_LOOP('',(#8983,#8984,#8985,#8986));
#1345=EDGE_LOOP('',(#8987,#8988,#8989,#8990));
#1346=EDGE_LOOP('',(#8991,#8992,#8993,#8994));
#1347=EDGE_LOOP('',(#8995,#8996,#8997,#8998));
#1348=EDGE_LOOP('',(#8999,#9000,#9001,#9002));
#1349=EDGE_LOOP('',(#9003,#9004,#9005,#9006));
#1350=EDGE_LOOP('',(#9007,#9008,#9009,#9010));
#1351=LINE('',#13040,#2607);
#1352=LINE('',#13042,#2608);
#1353=LINE('',#13044,#2609);
#1354=LINE('',#13045,#2610);
#1355=LINE('',#13049,#2611);
#1356=LINE('',#13051,#2612);
#1357=LINE('',#13053,#2613);
#1358=LINE('',#13054,#2614);
#1359=LINE('',#13058,#2615);
#1360=LINE('',#13060,#2616);
#1361=LINE('',#13062,#2617);
#1362=LINE('',#13063,#2618);
#1363=LINE('',#13067,#2619);
#1364=LINE('',#13069,#2620);
#1365=LINE('',#13071,#2621);
#1366=LINE('',#13072,#2622);
#1367=LINE('',#13075,#2623);
#1368=LINE('',#13077,#2624);
#1369=LINE('',#13079,#2625);
#1370=LINE('',#13081,#2626);
#1371=LINE('',#13083,#2627);
#1372=LINE('',#13085,#2628);
#1373=LINE('',#13087,#2629);
#1374=LINE('',#13089,#2630);
#1375=LINE('',#13091,#2631);
#1376=LINE('',#13093,#2632);
#1377=LINE('',#13095,#2633);
#1378=LINE('',#13097,#2634);
#1379=LINE('',#13099,#2635);
#1380=LINE('',#13101,#2636);
#1381=LINE('',#13103,#2637);
#1382=LINE('',#13105,#2638);
#1383=LINE('',#13107,#2639);
#1384=LINE('',#13109,#2640);
#1385=LINE('',#13110,#2641);
#1386=LINE('',#13112,#2642);
#1387=LINE('',#13114,#2643);
#1388=LINE('',#13115,#2644);
#1389=LINE('',#13117,#2645);
#1390=LINE('',#13119,#2646);
#1391=LINE('',#13120,#2647);
#1392=LINE('',#13122,#2648);
#1393=LINE('',#13124,#2649);
#1394=LINE('',#13125,#2650);
#1395=LINE('',#13136,#2651);
#1396=LINE('',#13138,#2652);
#1397=LINE('',#13139,#2653);
#1398=LINE('',#13142,#2654);
#1399=LINE('',#13144,#2655);
#1400=LINE('',#13145,#2656);
#1401=LINE('',#13148,#2657);
#1402=LINE('',#13150,#2658);
#1403=LINE('',#13151,#2659);
#1404=LINE('',#13154,#2660);
#1405=LINE('',#13156,#2661);
#1406=LINE('',#13157,#2662);
#1407=LINE('',#13160,#2663);
#1408=LINE('',#13161,#2664);
#1409=LINE('',#13164,#2665);
#1410=LINE('',#13166,#2666);
#1411=LINE('',#13167,#2667);
#1412=LINE('',#13169,#2668);
#1413=LINE('',#13171,#2669);
#1414=LINE('',#13172,#2670);
#1415=LINE('',#13174,#2671);
#1416=LINE('',#13176,#2672);
#1417=LINE('',#13177,#2673);
#1418=LINE('',#13179,#2674);
#1419=LINE('',#13181,#2675);
#1420=LINE('',#13183,#2676);
#1421=LINE('',#13184,#2677);
#1422=LINE('',#13186,#2678);
#1423=LINE('',#13188,#2679);
#1424=LINE('',#13189,#2680);
#1425=LINE('',#13191,#2681);
#1426=LINE('',#13193,#2682);
#1427=LINE('',#13194,#2683);
#1428=LINE('',#13196,#2684);
#1429=LINE('',#13198,#2685);
#1430=LINE('',#13199,#2686);
#1431=LINE('',#13200,#2687);
#1432=LINE('',#13211,#2688);
#1433=LINE('',#13212,#2689);
#1434=LINE('',#13214,#2690);
#1435=LINE('',#13215,#2691);
#1436=LINE('',#13218,#2692);
#1437=LINE('',#13222,#2693);
#1438=LINE('',#13226,#2694);
#1439=LINE('',#13227,#2695);
#1440=LINE('',#13229,#2696);
#1441=LINE('',#13230,#2697);
#1442=LINE('',#13232,#2698);
#1443=LINE('',#13233,#2699);
#1444=LINE('',#13241,#2700);
#1445=LINE('',#13243,#2701);
#1446=LINE('',#13245,#2702);
#1447=LINE('',#13247,#2703);
#1448=LINE('',#13249,#2704);
#1449=LINE('',#13250,#2705);
#1450=LINE('',#13253,#2706);
#1451=LINE('',#13258,#2707);
#1452=LINE('',#13260,#2708);
#1453=LINE('',#13262,#2709);
#1454=LINE('',#13263,#2710);
#1455=LINE('',#13266,#2711);
#1456=LINE('',#13268,#2712);
#1457=LINE('',#13269,#2713);
#1458=LINE('',#13272,#2714);
#1459=LINE('',#13274,#2715);
#1460=LINE('',#13275,#2716);
#1461=LINE('',#13279,#2717);
#1462=LINE('',#13281,#2718);
#1463=LINE('',#13283,#2719);
#1464=LINE('',#13284,#2720);
#1465=LINE('',#13287,#2721);
#1466=LINE('',#13289,#2722);
#1467=LINE('',#13290,#2723);
#1468=LINE('',#13293,#2724);
#1469=LINE('',#13295,#2725);
#1470=LINE('',#13296,#2726);
#1471=LINE('',#13300,#2727);
#1472=LINE('',#13302,#2728);
#1473=LINE('',#13304,#2729);
#1474=LINE('',#13305,#2730);
#1475=LINE('',#13308,#2731);
#1476=LINE('',#13310,#2732);
#1477=LINE('',#13311,#2733);
#1478=LINE('',#13314,#2734);
#1479=LINE('',#13316,#2735);
#1480=LINE('',#13317,#2736);
#1481=LINE('',#13321,#2737);
#1482=LINE('',#13323,#2738);
#1483=LINE('',#13325,#2739);
#1484=LINE('',#13326,#2740);
#1485=LINE('',#13329,#2741);
#1486=LINE('',#13331,#2742);
#1487=LINE('',#13332,#2743);
#1488=LINE('',#13335,#2744);
#1489=LINE('',#13337,#2745);
#1490=LINE('',#13338,#2746);
#1491=LINE('',#13342,#2747);
#1492=LINE('',#13344,#2748);
#1493=LINE('',#13346,#2749);
#1494=LINE('',#13347,#2750);
#1495=LINE('',#13350,#2751);
#1496=LINE('',#13352,#2752);
#1497=LINE('',#13353,#2753);
#1498=LINE('',#13356,#2754);
#1499=LINE('',#13358,#2755);
#1500=LINE('',#13359,#2756);
#1501=LINE('',#13363,#2757);
#1502=LINE('',#13365,#2758);
#1503=LINE('',#13367,#2759);
#1504=LINE('',#13368,#2760);
#1505=LINE('',#13371,#2761);
#1506=LINE('',#13373,#2762);
#1507=LINE('',#13374,#2763);
#1508=LINE('',#13377,#2764);
#1509=LINE('',#13379,#2765);
#1510=LINE('',#13380,#2766);
#1511=LINE('',#13384,#2767);
#1512=LINE('',#13386,#2768);
#1513=LINE('',#13388,#2769);
#1514=LINE('',#13389,#2770);
#1515=LINE('',#13392,#2771);
#1516=LINE('',#13394,#2772);
#1517=LINE('',#13395,#2773);
#1518=LINE('',#13398,#2774);
#1519=LINE('',#13400,#2775);
#1520=LINE('',#13401,#2776);
#1521=LINE('',#13405,#2777);
#1522=LINE('',#13407,#2778);
#1523=LINE('',#13409,#2779);
#1524=LINE('',#13410,#2780);
#1525=LINE('',#13413,#2781);
#1526=LINE('',#13415,#2782);
#1527=LINE('',#13416,#2783);
#1528=LINE('',#13419,#2784);
#1529=LINE('',#13421,#2785);
#1530=LINE('',#13422,#2786);
#1531=LINE('',#13426,#2787);
#1532=LINE('',#13428,#2788);
#1533=LINE('',#13430,#2789);
#1534=LINE('',#13431,#2790);
#1535=LINE('',#13434,#2791);
#1536=LINE('',#13436,#2792);
#1537=LINE('',#13437,#2793);
#1538=LINE('',#13440,#2794);
#1539=LINE('',#13442,#2795);
#1540=LINE('',#13443,#2796);
#1541=LINE('',#13447,#2797);
#1542=LINE('',#13449,#2798);
#1543=LINE('',#13451,#2799);
#1544=LINE('',#13452,#2800);
#1545=LINE('',#13455,#2801);
#1546=LINE('',#13457,#2802);
#1547=LINE('',#13458,#2803);
#1548=LINE('',#13461,#2804);
#1549=LINE('',#13463,#2805);
#1550=LINE('',#13464,#2806);
#1551=LINE('',#13468,#2807);
#1552=LINE('',#13470,#2808);
#1553=LINE('',#13472,#2809);
#1554=LINE('',#13473,#2810);
#1555=LINE('',#13476,#2811);
#1556=LINE('',#13478,#2812);
#1557=LINE('',#13479,#2813);
#1558=LINE('',#13482,#2814);
#1559=LINE('',#13484,#2815);
#1560=LINE('',#13485,#2816);
#1561=LINE('',#13489,#2817);
#1562=LINE('',#13491,#2818);
#1563=LINE('',#13493,#2819);
#1564=LINE('',#13494,#2820);
#1565=LINE('',#13497,#2821);
#1566=LINE('',#13499,#2822);
#1567=LINE('',#13500,#2823);
#1568=LINE('',#13503,#2824);
#1569=LINE('',#13505,#2825);
#1570=LINE('',#13506,#2826);
#1571=LINE('',#13510,#2827);
#1572=LINE('',#13512,#2828);
#1573=LINE('',#13514,#2829);
#1574=LINE('',#13515,#2830);
#1575=LINE('',#13518,#2831);
#1576=LINE('',#13520,#2832);
#1577=LINE('',#13521,#2833);
#1578=LINE('',#13524,#2834);
#1579=LINE('',#13526,#2835);
#1580=LINE('',#13527,#2836);
#1581=LINE('',#13531,#2837);
#1582=LINE('',#13533,#2838);
#1583=LINE('',#13535,#2839);
#1584=LINE('',#13536,#2840);
#1585=LINE('',#13539,#2841);
#1586=LINE('',#13541,#2842);
#1587=LINE('',#13542,#2843);
#1588=LINE('',#13545,#2844);
#1589=LINE('',#13547,#2845);
#1590=LINE('',#13548,#2846);
#1591=LINE('',#13552,#2847);
#1592=LINE('',#13554,#2848);
#1593=LINE('',#13556,#2849);
#1594=LINE('',#13557,#2850);
#1595=LINE('',#13560,#2851);
#1596=LINE('',#13562,#2852);
#1597=LINE('',#13563,#2853);
#1598=LINE('',#13566,#2854);
#1599=LINE('',#13568,#2855);
#1600=LINE('',#13569,#2856);
#1601=LINE('',#13573,#2857);
#1602=LINE('',#13575,#2858);
#1603=LINE('',#13577,#2859);
#1604=LINE('',#13578,#2860);
#1605=LINE('',#13581,#2861);
#1606=LINE('',#13583,#2862);
#1607=LINE('',#13584,#2863);
#1608=LINE('',#13587,#2864);
#1609=LINE('',#13589,#2865);
#1610=LINE('',#13590,#2866);
#1611=LINE('',#13592,#2867);
#1612=LINE('',#13593,#2868);
#1613=LINE('',#13594,#2869);
#1614=LINE('',#13595,#2870);
#1615=LINE('',#13596,#2871);
#1616=LINE('',#13597,#2872);
#1617=LINE('',#13598,#2873);
#1618=LINE('',#13599,#2874);
#1619=LINE('',#13600,#2875);
#1620=LINE('',#13601,#2876);
#1621=LINE('',#13602,#2877);
#1622=LINE('',#13603,#2878);
#1623=LINE('',#13604,#2879);
#1624=LINE('',#13606,#2880);
#1625=LINE('',#13608,#2881);
#1626=LINE('',#13610,#2882);
#1627=LINE('',#13612,#2883);
#1628=LINE('',#13614,#2884);
#1629=LINE('',#13616,#2885);
#1630=LINE('',#13618,#2886);
#1631=LINE('',#13620,#2887);
#1632=LINE('',#13622,#2888);
#1633=LINE('',#13624,#2889);
#1634=LINE('',#13626,#2890);
#1635=LINE('',#13628,#2891);
#1636=LINE('',#13630,#2892);
#1637=LINE('',#13632,#2893);
#1638=LINE('',#13634,#2894);
#1639=LINE('',#13636,#2895);
#1640=LINE('',#13637,#2896);
#1641=LINE('',#13638,#2897);
#1642=LINE('',#13639,#2898);
#1643=LINE('',#13642,#2899);
#1644=LINE('',#13643,#2900);
#1645=LINE('',#13646,#2901);
#1646=LINE('',#13647,#2902);
#1647=LINE('',#13649,#2903);
#1648=LINE('',#13651,#2904);
#1649=LINE('',#13653,#2905);
#1650=LINE('',#13655,#2906);
#1651=LINE('',#13657,#2907);
#1652=LINE('',#13659,#2908);
#1653=LINE('',#13661,#2909);
#1654=LINE('',#13663,#2910);
#1655=LINE('',#13665,#2911);
#1656=LINE('',#13667,#2912);
#1657=LINE('',#13669,#2913);
#1658=LINE('',#13671,#2914);
#1659=LINE('',#13673,#2915);
#1660=LINE('',#13675,#2916);
#1661=LINE('',#13678,#2917);
#1662=LINE('',#13680,#2918);
#1663=LINE('',#13681,#2919);
#1664=LINE('',#13684,#2920);
#1665=LINE('',#13685,#2921);
#1666=LINE('',#13688,#2922);
#1667=LINE('',#13690,#2923);
#1668=LINE('',#13691,#2924);
#1669=LINE('',#13694,#2925);
#1670=LINE('',#13696,#2926);
#1671=LINE('',#13697,#2927);
#1672=LINE('',#13699,#2928);
#1673=LINE('',#13702,#2929);
#1674=LINE('',#13704,#2930);
#1675=LINE('',#13705,#2931);
#1676=LINE('',#13708,#2932);
#1677=LINE('',#13710,#2933);
#1678=LINE('',#13711,#2934);
#1679=LINE('',#13713,#2935);
#1680=LINE('',#13716,#2936);
#1681=LINE('',#13718,#2937);
#1682=LINE('',#13719,#2938);
#1683=LINE('',#13721,#2939);
#1684=LINE('',#13723,#2940);
#1685=LINE('',#13725,#2941);
#1686=LINE('',#13727,#2942);
#1687=LINE('',#13729,#2943);
#1688=LINE('',#13731,#2944);
#1689=LINE('',#13732,#2945);
#1690=LINE('',#13734,#2946);
#1691=LINE('',#13740,#2947);
#1692=LINE('',#13742,#2948);
#1693=LINE('',#13744,#2949);
#1694=LINE('',#13745,#2950);
#1695=LINE('',#13748,#2951);
#1696=LINE('',#13750,#2952);
#1697=LINE('',#13751,#2953);
#1698=LINE('',#13754,#2954);
#1699=LINE('',#13756,#2955);
#1700=LINE('',#13757,#2956);
#1701=LINE('',#13761,#2957);
#1702=LINE('',#13763,#2958);
#1703=LINE('',#13765,#2959);
#1704=LINE('',#13766,#2960);
#1705=LINE('',#13769,#2961);
#1706=LINE('',#13771,#2962);
#1707=LINE('',#13772,#2963);
#1708=LINE('',#13775,#2964);
#1709=LINE('',#13777,#2965);
#1710=LINE('',#13778,#2966);
#1711=LINE('',#13782,#2967);
#1712=LINE('',#13784,#2968);
#1713=LINE('',#13786,#2969);
#1714=LINE('',#13787,#2970);
#1715=LINE('',#13790,#2971);
#1716=LINE('',#13792,#2972);
#1717=LINE('',#13793,#2973);
#1718=LINE('',#13796,#2974);
#1719=LINE('',#13798,#2975);
#1720=LINE('',#13799,#2976);
#1721=LINE('',#13803,#2977);
#1722=LINE('',#13805,#2978);
#1723=LINE('',#13807,#2979);
#1724=LINE('',#13808,#2980);
#1725=LINE('',#13811,#2981);
#1726=LINE('',#13813,#2982);
#1727=LINE('',#13814,#2983);
#1728=LINE('',#13817,#2984);
#1729=LINE('',#13819,#2985);
#1730=LINE('',#13820,#2986);
#1731=LINE('',#13824,#2987);
#1732=LINE('',#13826,#2988);
#1733=LINE('',#13828,#2989);
#1734=LINE('',#13829,#2990);
#1735=LINE('',#13832,#2991);
#1736=LINE('',#13834,#2992);
#1737=LINE('',#13835,#2993);
#1738=LINE('',#13838,#2994);
#1739=LINE('',#13840,#2995);
#1740=LINE('',#13841,#2996);
#1741=LINE('',#13845,#2997);
#1742=LINE('',#13847,#2998);
#1743=LINE('',#13849,#2999);
#1744=LINE('',#13850,#3000);
#1745=LINE('',#13853,#3001);
#1746=LINE('',#13855,#3002);
#1747=LINE('',#13856,#3003);
#1748=LINE('',#13859,#3004);
#1749=LINE('',#13861,#3005);
#1750=LINE('',#13862,#3006);
#1751=LINE('',#13866,#3007);
#1752=LINE('',#13868,#3008);
#1753=LINE('',#13870,#3009);
#1754=LINE('',#13871,#3010);
#1755=LINE('',#13874,#3011);
#1756=LINE('',#13876,#3012);
#1757=LINE('',#13877,#3013);
#1758=LINE('',#13880,#3014);
#1759=LINE('',#13882,#3015);
#1760=LINE('',#13883,#3016);
#1761=LINE('',#13887,#3017);
#1762=LINE('',#13889,#3018);
#1763=LINE('',#13891,#3019);
#1764=LINE('',#13892,#3020);
#1765=LINE('',#13895,#3021);
#1766=LINE('',#13897,#3022);
#1767=LINE('',#13898,#3023);
#1768=LINE('',#13901,#3024);
#1769=LINE('',#13903,#3025);
#1770=LINE('',#13904,#3026);
#1771=LINE('',#13908,#3027);
#1772=LINE('',#13910,#3028);
#1773=LINE('',#13912,#3029);
#1774=LINE('',#13913,#3030);
#1775=LINE('',#13916,#3031);
#1776=LINE('',#13918,#3032);
#1777=LINE('',#13919,#3033);
#1778=LINE('',#13922,#3034);
#1779=LINE('',#13924,#3035);
#1780=LINE('',#13925,#3036);
#1781=LINE('',#13929,#3037);
#1782=LINE('',#13931,#3038);
#1783=LINE('',#13933,#3039);
#1784=LINE('',#13934,#3040);
#1785=LINE('',#13937,#3041);
#1786=LINE('',#13939,#3042);
#1787=LINE('',#13940,#3043);
#1788=LINE('',#13943,#3044);
#1789=LINE('',#13945,#3045);
#1790=LINE('',#13946,#3046);
#1791=LINE('',#13950,#3047);
#1792=LINE('',#13952,#3048);
#1793=LINE('',#13954,#3049);
#1794=LINE('',#13955,#3050);
#1795=LINE('',#13958,#3051);
#1796=LINE('',#13960,#3052);
#1797=LINE('',#13961,#3053);
#1798=LINE('',#13964,#3054);
#1799=LINE('',#13966,#3055);
#1800=LINE('',#13967,#3056);
#1801=LINE('',#13971,#3057);
#1802=LINE('',#13973,#3058);
#1803=LINE('',#13975,#3059);
#1804=LINE('',#13976,#3060);
#1805=LINE('',#13979,#3061);
#1806=LINE('',#13981,#3062);
#1807=LINE('',#13982,#3063);
#1808=LINE('',#13985,#3064);
#1809=LINE('',#13987,#3065);
#1810=LINE('',#13988,#3066);
#1811=LINE('',#13992,#3067);
#1812=LINE('',#13994,#3068);
#1813=LINE('',#13996,#3069);
#1814=LINE('',#13997,#3070);
#1815=LINE('',#14000,#3071);
#1816=LINE('',#14002,#3072);
#1817=LINE('',#14003,#3073);
#1818=LINE('',#14006,#3074);
#1819=LINE('',#14008,#3075);
#1820=LINE('',#14009,#3076);
#1821=LINE('',#14013,#3077);
#1822=LINE('',#14015,#3078);
#1823=LINE('',#14017,#3079);
#1824=LINE('',#14018,#3080);
#1825=LINE('',#14021,#3081);
#1826=LINE('',#14023,#3082);
#1827=LINE('',#14024,#3083);
#1828=LINE('',#14027,#3084);
#1829=LINE('',#14029,#3085);
#1830=LINE('',#14030,#3086);
#1831=LINE('',#14034,#3087);
#1832=LINE('',#14036,#3088);
#1833=LINE('',#14038,#3089);
#1834=LINE('',#14039,#3090);
#1835=LINE('',#14042,#3091);
#1836=LINE('',#14044,#3092);
#1837=LINE('',#14045,#3093);
#1838=LINE('',#14048,#3094);
#1839=LINE('',#14050,#3095);
#1840=LINE('',#14051,#3096);
#1841=LINE('',#14055,#3097);
#1842=LINE('',#14057,#3098);
#1843=LINE('',#14059,#3099);
#1844=LINE('',#14060,#3100);
#1845=LINE('',#14063,#3101);
#1846=LINE('',#14065,#3102);
#1847=LINE('',#14066,#3103);
#1848=LINE('',#14069,#3104);
#1849=LINE('',#14071,#3105);
#1850=LINE('',#14072,#3106);
#1851=LINE('',#14074,#3107);
#1852=LINE('',#14075,#3108);
#1853=LINE('',#14077,#3109);
#1854=LINE('',#14079,#3110);
#1855=LINE('',#14081,#3111);
#1856=LINE('',#14083,#3112);
#1857=LINE('',#14085,#3113);
#1858=LINE('',#14087,#3114);
#1859=LINE('',#14089,#3115);
#1860=LINE('',#14091,#3116);
#1861=LINE('',#14093,#3117);
#1862=LINE('',#14095,#3118);
#1863=LINE('',#14097,#3119);
#1864=LINE('',#14099,#3120);
#1865=LINE('',#14101,#3121);
#1866=LINE('',#14103,#3122);
#1867=LINE('',#14105,#3123);
#1868=LINE('',#14107,#3124);
#1869=LINE('',#14108,#3125);
#1870=LINE('',#14109,#3126);
#1871=LINE('',#14110,#3127);
#1872=LINE('',#14111,#3128);
#1873=LINE('',#14112,#3129);
#1874=LINE('',#14113,#3130);
#1875=LINE('',#14114,#3131);
#1876=LINE('',#14115,#3132);
#1877=LINE('',#14116,#3133);
#1878=LINE('',#14117,#3134);
#1879=LINE('',#14118,#3135);
#1880=LINE('',#14119,#3136);
#1881=LINE('',#14120,#3137);
#1882=LINE('',#14121,#3138);
#1883=LINE('',#14124,#3139);
#1884=LINE('',#14125,#3140);
#1885=LINE('',#14127,#3141);
#1886=LINE('',#14129,#3142);
#1887=LINE('',#14131,#3143);
#1888=LINE('',#14133,#3144);
#1889=LINE('',#14136,#3145);
#1890=LINE('',#14137,#3146);
#1891=LINE('',#14139,#3147);
#1892=LINE('',#14141,#3148);
#1893=LINE('',#14143,#3149);
#1894=LINE('',#14145,#3150);
#1895=LINE('',#14147,#3151);
#1896=LINE('',#14149,#3152);
#1897=LINE('',#14151,#3153);
#1898=LINE('',#14153,#3154);
#1899=LINE('',#14155,#3155);
#1900=LINE('',#14157,#3156);
#1901=LINE('',#14160,#3157);
#1902=LINE('',#14162,#3158);
#1903=LINE('',#14163,#3159);
#1904=LINE('',#14166,#3160);
#1905=LINE('',#14167,#3161);
#1906=LINE('',#14170,#3162);
#1907=LINE('',#14171,#3163);
#1908=LINE('',#14174,#3164);
#1909=LINE('',#14176,#3165);
#1910=LINE('',#14177,#3166);
#1911=LINE('',#14180,#3167);
#1912=LINE('',#14181,#3168);
#1913=LINE('',#14184,#3169);
#1914=LINE('',#14185,#3170);
#1915=LINE('',#14188,#3171);
#1916=LINE('',#14190,#3172);
#1917=LINE('',#14191,#3173);
#1918=LINE('',#14194,#3174);
#1919=LINE('',#14195,#3175);
#1920=LINE('',#14198,#3176);
#1921=LINE('',#14199,#3177);
#1922=LINE('',#14202,#3178);
#1923=LINE('',#14203,#3179);
#1924=LINE('',#14206,#3180);
#1925=LINE('',#14207,#3181);
#1926=LINE('',#14209,#3182);
#1927=LINE('',#14211,#3183);
#1928=LINE('',#14213,#3184);
#1929=LINE('',#14215,#3185);
#1930=LINE('',#14217,#3186);
#1931=LINE('',#14222,#3187);
#1932=LINE('',#14224,#3188);
#1933=LINE('',#14226,#3189);
#1934=LINE('',#14227,#3190);
#1935=LINE('',#14233,#3191);
#1936=LINE('',#14236,#3192);
#1937=LINE('',#14238,#3193);
#1938=LINE('',#14239,#3194);
#1939=LINE('',#14246,#3195);
#1940=LINE('',#14248,#3196);
#1941=LINE('',#14250,#3197);
#1942=LINE('',#14251,#3198);
#1943=LINE('',#14257,#3199);
#1944=LINE('',#14260,#3200);
#1945=LINE('',#14262,#3201);
#1946=LINE('',#14263,#3202);
#1947=LINE('',#14270,#3203);
#1948=LINE('',#14272,#3204);
#1949=LINE('',#14274,#3205);
#1950=LINE('',#14275,#3206);
#1951=LINE('',#14281,#3207);
#1952=LINE('',#14284,#3208);
#1953=LINE('',#14286,#3209);
#1954=LINE('',#14287,#3210);
#1955=LINE('',#14294,#3211);
#1956=LINE('',#14296,#3212);
#1957=LINE('',#14298,#3213);
#1958=LINE('',#14299,#3214);
#1959=LINE('',#14305,#3215);
#1960=LINE('',#14308,#3216);
#1961=LINE('',#14310,#3217);
#1962=LINE('',#14311,#3218);
#1963=LINE('',#14318,#3219);
#1964=LINE('',#14320,#3220);
#1965=LINE('',#14322,#3221);
#1966=LINE('',#14323,#3222);
#1967=LINE('',#14329,#3223);
#1968=LINE('',#14332,#3224);
#1969=LINE('',#14334,#3225);
#1970=LINE('',#14335,#3226);
#1971=LINE('',#14342,#3227);
#1972=LINE('',#14344,#3228);
#1973=LINE('',#14346,#3229);
#1974=LINE('',#14347,#3230);
#1975=LINE('',#14353,#3231);
#1976=LINE('',#14356,#3232);
#1977=LINE('',#14358,#3233);
#1978=LINE('',#14359,#3234);
#1979=LINE('',#14366,#3235);
#1980=LINE('',#14368,#3236);
#1981=LINE('',#14370,#3237);
#1982=LINE('',#14371,#3238);
#1983=LINE('',#14377,#3239);
#1984=LINE('',#14380,#3240);
#1985=LINE('',#14382,#3241);
#1986=LINE('',#14383,#3242);
#1987=LINE('',#14390,#3243);
#1988=LINE('',#14392,#3244);
#1989=LINE('',#14394,#3245);
#1990=LINE('',#14395,#3246);
#1991=LINE('',#14401,#3247);
#1992=LINE('',#14404,#3248);
#1993=LINE('',#14406,#3249);
#1994=LINE('',#14407,#3250);
#1995=LINE('',#14414,#3251);
#1996=LINE('',#14416,#3252);
#1997=LINE('',#14418,#3253);
#1998=LINE('',#14419,#3254);
#1999=LINE('',#14425,#3255);
#2000=LINE('',#14428,#3256);
#2001=LINE('',#14430,#3257);
#2002=LINE('',#14431,#3258);
#2003=LINE('',#14438,#3259);
#2004=LINE('',#14440,#3260);
#2005=LINE('',#14442,#3261);
#2006=LINE('',#14443,#3262);
#2007=LINE('',#14449,#3263);
#2008=LINE('',#14452,#3264);
#2009=LINE('',#14454,#3265);
#2010=LINE('',#14455,#3266);
#2011=LINE('',#14462,#3267);
#2012=LINE('',#14464,#3268);
#2013=LINE('',#14466,#3269);
#2014=LINE('',#14467,#3270);
#2015=LINE('',#14473,#3271);
#2016=LINE('',#14476,#3272);
#2017=LINE('',#14478,#3273);
#2018=LINE('',#14479,#3274);
#2019=LINE('',#14486,#3275);
#2020=LINE('',#14488,#3276);
#2021=LINE('',#14490,#3277);
#2022=LINE('',#14491,#3278);
#2023=LINE('',#14497,#3279);
#2024=LINE('',#14500,#3280);
#2025=LINE('',#14502,#3281);
#2026=LINE('',#14503,#3282);
#2027=LINE('',#14510,#3283);
#2028=LINE('',#14512,#3284);
#2029=LINE('',#14514,#3285);
#2030=LINE('',#14515,#3286);
#2031=LINE('',#14521,#3287);
#2032=LINE('',#14524,#3288);
#2033=LINE('',#14526,#3289);
#2034=LINE('',#14527,#3290);
#2035=LINE('',#14534,#3291);
#2036=LINE('',#14536,#3292);
#2037=LINE('',#14538,#3293);
#2038=LINE('',#14539,#3294);
#2039=LINE('',#14545,#3295);
#2040=LINE('',#14548,#3296);
#2041=LINE('',#14550,#3297);
#2042=LINE('',#14551,#3298);
#2043=LINE('',#14558,#3299);
#2044=LINE('',#14560,#3300);
#2045=LINE('',#14562,#3301);
#2046=LINE('',#14563,#3302);
#2047=LINE('',#14569,#3303);
#2048=LINE('',#14572,#3304);
#2049=LINE('',#14574,#3305);
#2050=LINE('',#14575,#3306);
#2051=LINE('',#14582,#3307);
#2052=LINE('',#14584,#3308);
#2053=LINE('',#14586,#3309);
#2054=LINE('',#14587,#3310);
#2055=LINE('',#14593,#3311);
#2056=LINE('',#14596,#3312);
#2057=LINE('',#14598,#3313);
#2058=LINE('',#14599,#3314);
#2059=LINE('',#14606,#3315);
#2060=LINE('',#14608,#3316);
#2061=LINE('',#14610,#3317);
#2062=LINE('',#14611,#3318);
#2063=LINE('',#14617,#3319);
#2064=LINE('',#14620,#3320);
#2065=LINE('',#14622,#3321);
#2066=LINE('',#14623,#3322);
#2067=LINE('',#14630,#3323);
#2068=LINE('',#14632,#3324);
#2069=LINE('',#14634,#3325);
#2070=LINE('',#14635,#3326);
#2071=LINE('',#14641,#3327);
#2072=LINE('',#14644,#3328);
#2073=LINE('',#14646,#3329);
#2074=LINE('',#14647,#3330);
#2075=LINE('',#14654,#3331);
#2076=LINE('',#14656,#3332);
#2077=LINE('',#14658,#3333);
#2078=LINE('',#14659,#3334);
#2079=LINE('',#14665,#3335);
#2080=LINE('',#14668,#3336);
#2081=LINE('',#14670,#3337);
#2082=LINE('',#14671,#3338);
#2083=LINE('',#14678,#3339);
#2084=LINE('',#14680,#3340);
#2085=LINE('',#14682,#3341);
#2086=LINE('',#14683,#3342);
#2087=LINE('',#14689,#3343);
#2088=LINE('',#14692,#3344);
#2089=LINE('',#14694,#3345);
#2090=LINE('',#14695,#3346);
#2091=LINE('',#14702,#3347);
#2092=LINE('',#14704,#3348);
#2093=LINE('',#14706,#3349);
#2094=LINE('',#14707,#3350);
#2095=LINE('',#14713,#3351);
#2096=LINE('',#14716,#3352);
#2097=LINE('',#14718,#3353);
#2098=LINE('',#14719,#3354);
#2099=LINE('',#14726,#3355);
#2100=LINE('',#14728,#3356);
#2101=LINE('',#14730,#3357);
#2102=LINE('',#14731,#3358);
#2103=LINE('',#14737,#3359);
#2104=LINE('',#14740,#3360);
#2105=LINE('',#14742,#3361);
#2106=LINE('',#14743,#3362);
#2107=LINE('',#14750,#3363);
#2108=LINE('',#14752,#3364);
#2109=LINE('',#14754,#3365);
#2110=LINE('',#14755,#3366);
#2111=LINE('',#14761,#3367);
#2112=LINE('',#14764,#3368);
#2113=LINE('',#14766,#3369);
#2114=LINE('',#14767,#3370);
#2115=LINE('',#14774,#3371);
#2116=LINE('',#14776,#3372);
#2117=LINE('',#14778,#3373);
#2118=LINE('',#14779,#3374);
#2119=LINE('',#14785,#3375);
#2120=LINE('',#14788,#3376);
#2121=LINE('',#14790,#3377);
#2122=LINE('',#14791,#3378);
#2123=LINE('',#14798,#3379);
#2124=LINE('',#14800,#3380);
#2125=LINE('',#14802,#3381);
#2126=LINE('',#14803,#3382);
#2127=LINE('',#14809,#3383);
#2128=LINE('',#14812,#3384);
#2129=LINE('',#14814,#3385);
#2130=LINE('',#14815,#3386);
#2131=LINE('',#14822,#3387);
#2132=LINE('',#14824,#3388);
#2133=LINE('',#14826,#3389);
#2134=LINE('',#14827,#3390);
#2135=LINE('',#14833,#3391);
#2136=LINE('',#14836,#3392);
#2137=LINE('',#14838,#3393);
#2138=LINE('',#14839,#3394);
#2139=LINE('',#14846,#3395);
#2140=LINE('',#14848,#3396);
#2141=LINE('',#14850,#3397);
#2142=LINE('',#14851,#3398);
#2143=LINE('',#14857,#3399);
#2144=LINE('',#14860,#3400);
#2145=LINE('',#14862,#3401);
#2146=LINE('',#14863,#3402);
#2147=LINE('',#14870,#3403);
#2148=LINE('',#14872,#3404);
#2149=LINE('',#14874,#3405);
#2150=LINE('',#14875,#3406);
#2151=LINE('',#14881,#3407);
#2152=LINE('',#14884,#3408);
#2153=LINE('',#14886,#3409);
#2154=LINE('',#14887,#3410);
#2155=LINE('',#14894,#3411);
#2156=LINE('',#14896,#3412);
#2157=LINE('',#14898,#3413);
#2158=LINE('',#14899,#3414);
#2159=LINE('',#14905,#3415);
#2160=LINE('',#14908,#3416);
#2161=LINE('',#14910,#3417);
#2162=LINE('',#14911,#3418);
#2163=LINE('',#14918,#3419);
#2164=LINE('',#14920,#3420);
#2165=LINE('',#14922,#3421);
#2166=LINE('',#14923,#3422);
#2167=LINE('',#14929,#3423);
#2168=LINE('',#14932,#3424);
#2169=LINE('',#14934,#3425);
#2170=LINE('',#14935,#3426);
#2171=LINE('',#14942,#3427);
#2172=LINE('',#14944,#3428);
#2173=LINE('',#14946,#3429);
#2174=LINE('',#14947,#3430);
#2175=LINE('',#14953,#3431);
#2176=LINE('',#14956,#3432);
#2177=LINE('',#14958,#3433);
#2178=LINE('',#14959,#3434);
#2179=LINE('',#14966,#3435);
#2180=LINE('',#14968,#3436);
#2181=LINE('',#14970,#3437);
#2182=LINE('',#14971,#3438);
#2183=LINE('',#14977,#3439);
#2184=LINE('',#14980,#3440);
#2185=LINE('',#14982,#3441);
#2186=LINE('',#14983,#3442);
#2187=LINE('',#14990,#3443);
#2188=LINE('',#14992,#3444);
#2189=LINE('',#14994,#3445);
#2190=LINE('',#14995,#3446);
#2191=LINE('',#15001,#3447);
#2192=LINE('',#15004,#3448);
#2193=LINE('',#15006,#3449);
#2194=LINE('',#15007,#3450);
#2195=LINE('',#15014,#3451);
#2196=LINE('',#15016,#3452);
#2197=LINE('',#15018,#3453);
#2198=LINE('',#15019,#3454);
#2199=LINE('',#15025,#3455);
#2200=LINE('',#15028,#3456);
#2201=LINE('',#15030,#3457);
#2202=LINE('',#15031,#3458);
#2203=LINE('',#15038,#3459);
#2204=LINE('',#15040,#3460);
#2205=LINE('',#15042,#3461);
#2206=LINE('',#15043,#3462);
#2207=LINE('',#15048,#3463);
#2208=LINE('',#15052,#3464);
#2209=LINE('',#15054,#3465);
#2210=LINE('',#15055,#3466);
#2211=LINE('',#15062,#3467);
#2212=LINE('',#15064,#3468);
#2213=LINE('',#15066,#3469);
#2214=LINE('',#15067,#3470);
#2215=LINE('',#15071,#3471);
#2216=LINE('',#15073,#3472);
#2217=LINE('',#15075,#3473);
#2218=LINE('',#15076,#3474);
#2219=LINE('',#15080,#3475);
#2220=LINE('',#15082,#3476);
#2221=LINE('',#15084,#3477);
#2222=LINE('',#15085,#3478);
#2223=LINE('',#15089,#3479);
#2224=LINE('',#15091,#3480);
#2225=LINE('',#15093,#3481);
#2226=LINE('',#15094,#3482);
#2227=LINE('',#15098,#3483);
#2228=LINE('',#15100,#3484);
#2229=LINE('',#15102,#3485);
#2230=LINE('',#15103,#3486);
#2231=LINE('',#15107,#3487);
#2232=LINE('',#15109,#3488);
#2233=LINE('',#15111,#3489);
#2234=LINE('',#15112,#3490);
#2235=LINE('',#15116,#3491);
#2236=LINE('',#15118,#3492);
#2237=LINE('',#15120,#3493);
#2238=LINE('',#15121,#3494);
#2239=LINE('',#15125,#3495);
#2240=LINE('',#15127,#3496);
#2241=LINE('',#15129,#3497);
#2242=LINE('',#15130,#3498);
#2243=LINE('',#15134,#3499);
#2244=LINE('',#15136,#3500);
#2245=LINE('',#15138,#3501);
#2246=LINE('',#15139,#3502);
#2247=LINE('',#15143,#3503);
#2248=LINE('',#15145,#3504);
#2249=LINE('',#15147,#3505);
#2250=LINE('',#15148,#3506);
#2251=LINE('',#15152,#3507);
#2252=LINE('',#15154,#3508);
#2253=LINE('',#15156,#3509);
#2254=LINE('',#15157,#3510);
#2255=LINE('',#15161,#3511);
#2256=LINE('',#15163,#3512);
#2257=LINE('',#15165,#3513);
#2258=LINE('',#15166,#3514);
#2259=LINE('',#15170,#3515);
#2260=LINE('',#15172,#3516);
#2261=LINE('',#15174,#3517);
#2262=LINE('',#15175,#3518);
#2263=LINE('',#15179,#3519);
#2264=LINE('',#15181,#3520);
#2265=LINE('',#15183,#3521);
#2266=LINE('',#15184,#3522);
#2267=LINE('',#15188,#3523);
#2268=LINE('',#15190,#3524);
#2269=LINE('',#15192,#3525);
#2270=LINE('',#15193,#3526);
#2271=LINE('',#15197,#3527);
#2272=LINE('',#15199,#3528);
#2273=LINE('',#15201,#3529);
#2274=LINE('',#15202,#3530);
#2275=LINE('',#15206,#3531);
#2276=LINE('',#15208,#3532);
#2277=LINE('',#15210,#3533);
#2278=LINE('',#15211,#3534);
#2279=LINE('',#15214,#3535);
#2280=LINE('',#15216,#3536);
#2281=LINE('',#15217,#3537);
#2282=LINE('',#15220,#3538);
#2283=LINE('',#15222,#3539);
#2284=LINE('',#15223,#3540);
#2285=LINE('',#15226,#3541);
#2286=LINE('',#15228,#3542);
#2287=LINE('',#15229,#3543);
#2288=LINE('',#15232,#3544);
#2289=LINE('',#15234,#3545);
#2290=LINE('',#15235,#3546);
#2291=LINE('',#15238,#3547);
#2292=LINE('',#15240,#3548);
#2293=LINE('',#15241,#3549);
#2294=LINE('',#15244,#3550);
#2295=LINE('',#15246,#3551);
#2296=LINE('',#15247,#3552);
#2297=LINE('',#15250,#3553);
#2298=LINE('',#15252,#3554);
#2299=LINE('',#15253,#3555);
#2300=LINE('',#15256,#3556);
#2301=LINE('',#15258,#3557);
#2302=LINE('',#15259,#3558);
#2303=LINE('',#15262,#3559);
#2304=LINE('',#15264,#3560);
#2305=LINE('',#15265,#3561);
#2306=LINE('',#15268,#3562);
#2307=LINE('',#15270,#3563);
#2308=LINE('',#15271,#3564);
#2309=LINE('',#15274,#3565);
#2310=LINE('',#15276,#3566);
#2311=LINE('',#15277,#3567);
#2312=LINE('',#15280,#3568);
#2313=LINE('',#15282,#3569);
#2314=LINE('',#15283,#3570);
#2315=LINE('',#15286,#3571);
#2316=LINE('',#15288,#3572);
#2317=LINE('',#15289,#3573);
#2318=LINE('',#15292,#3574);
#2319=LINE('',#15294,#3575);
#2320=LINE('',#15295,#3576);
#2321=LINE('',#15298,#3577);
#2322=LINE('',#15300,#3578);
#2323=LINE('',#15301,#3579);
#2324=LINE('',#15304,#3580);
#2325=LINE('',#15306,#3581);
#2326=LINE('',#15307,#3582);
#2327=LINE('',#15310,#3583);
#2328=LINE('',#15312,#3584);
#2329=LINE('',#15313,#3585);
#2330=LINE('',#15316,#3586);
#2331=LINE('',#15318,#3587);
#2332=LINE('',#15319,#3588);
#2333=LINE('',#15322,#3589);
#2334=LINE('',#15324,#3590);
#2335=LINE('',#15325,#3591);
#2336=LINE('',#15328,#3592);
#2337=LINE('',#15330,#3593);
#2338=LINE('',#15331,#3594);
#2339=LINE('',#15334,#3595);
#2340=LINE('',#15336,#3596);
#2341=LINE('',#15337,#3597);
#2342=LINE('',#15340,#3598);
#2343=LINE('',#15342,#3599);
#2344=LINE('',#15343,#3600);
#2345=LINE('',#15346,#3601);
#2346=LINE('',#15348,#3602);
#2347=LINE('',#15349,#3603);
#2348=LINE('',#15352,#3604);
#2349=LINE('',#15354,#3605);
#2350=LINE('',#15355,#3606);
#2351=LINE('',#15358,#3607);
#2352=LINE('',#15360,#3608);
#2353=LINE('',#15361,#3609);
#2354=LINE('',#15364,#3610);
#2355=LINE('',#15366,#3611);
#2356=LINE('',#15367,#3612);
#2357=LINE('',#15370,#3613);
#2358=LINE('',#15372,#3614);
#2359=LINE('',#15373,#3615);
#2360=LINE('',#15376,#3616);
#2361=LINE('',#15378,#3617);
#2362=LINE('',#15379,#3618);
#2363=LINE('',#15382,#3619);
#2364=LINE('',#15384,#3620);
#2365=LINE('',#15385,#3621);
#2366=LINE('',#15388,#3622);
#2367=LINE('',#15390,#3623);
#2368=LINE('',#15391,#3624);
#2369=LINE('',#15394,#3625);
#2370=LINE('',#15396,#3626);
#2371=LINE('',#15397,#3627);
#2372=LINE('',#15400,#3628);
#2373=LINE('',#15402,#3629);
#2374=LINE('',#15403,#3630);
#2375=LINE('',#15406,#3631);
#2376=LINE('',#15408,#3632);
#2377=LINE('',#15409,#3633);
#2378=LINE('',#15411,#3634);
#2379=LINE('',#15412,#3635);
#2380=LINE('',#15413,#3636);
#2381=LINE('',#15414,#3637);
#2382=LINE('',#15415,#3638);
#2383=LINE('',#15416,#3639);
#2384=LINE('',#15417,#3640);
#2385=LINE('',#15418,#3641);
#2386=LINE('',#15419,#3642);
#2387=LINE('',#15420,#3643);
#2388=LINE('',#15421,#3644);
#2389=LINE('',#15422,#3645);
#2390=LINE('',#15423,#3646);
#2391=LINE('',#15424,#3647);
#2392=LINE('',#15425,#3648);
#2393=LINE('',#15426,#3649);
#2394=LINE('',#15428,#3650);
#2395=LINE('',#15430,#3651);
#2396=LINE('',#15432,#3652);
#2397=LINE('',#15434,#3653);
#2398=LINE('',#15436,#3654);
#2399=LINE('',#15438,#3655);
#2400=LINE('',#15440,#3656);
#2401=LINE('',#15442,#3657);
#2402=LINE('',#15444,#3658);
#2403=LINE('',#15446,#3659);
#2404=LINE('',#15448,#3660);
#2405=LINE('',#15450,#3661);
#2406=LINE('',#15452,#3662);
#2407=LINE('',#15454,#3663);
#2408=LINE('',#15456,#3664);
#2409=LINE('',#15458,#3665);
#2410=LINE('',#15460,#3666);
#2411=LINE('',#15462,#3667);
#2412=LINE('',#15464,#3668);
#2413=LINE('',#15466,#3669);
#2414=LINE('',#15468,#3670);
#2415=LINE('',#15470,#3671);
#2416=LINE('',#15472,#3672);
#2417=LINE('',#15474,#3673);
#2418=LINE('',#15476,#3674);
#2419=LINE('',#15478,#3675);
#2420=LINE('',#15480,#3676);
#2421=LINE('',#15482,#3677);
#2422=LINE('',#15484,#3678);
#2423=LINE('',#15486,#3679);
#2424=LINE('',#15488,#3680);
#2425=LINE('',#15490,#3681);
#2426=LINE('',#15492,#3682);
#2427=LINE('',#15494,#3683);
#2428=LINE('',#15496,#3684);
#2429=LINE('',#15498,#3685);
#2430=LINE('',#15500,#3686);
#2431=LINE('',#15502,#3687);
#2432=LINE('',#15504,#3688);
#2433=LINE('',#15506,#3689);
#2434=LINE('',#15508,#3690);
#2435=LINE('',#15510,#3691);
#2436=LINE('',#15512,#3692);
#2437=LINE('',#15514,#3693);
#2438=LINE('',#15516,#3694);
#2439=LINE('',#15518,#3695);
#2440=LINE('',#15520,#3696);
#2441=LINE('',#15522,#3697);
#2442=LINE('',#15524,#3698);
#2443=LINE('',#15526,#3699);
#2444=LINE('',#15528,#3700);
#2445=LINE('',#15530,#3701);
#2446=LINE('',#15532,#3702);
#2447=LINE('',#15534,#3703);
#2448=LINE('',#15536,#3704);
#2449=LINE('',#15538,#3705);
#2450=LINE('',#15540,#3706);
#2451=LINE('',#15542,#3707);
#2452=LINE('',#15544,#3708);
#2453=LINE('',#15546,#3709);
#2454=LINE('',#15548,#3710);
#2455=LINE('',#15550,#3711);
#2456=LINE('',#15552,#3712);
#2457=LINE('',#15554,#3713);
#2458=LINE('',#15556,#3714);
#2459=LINE('',#15557,#3715);
#2460=LINE('',#15560,#3716);
#2461=LINE('',#15561,#3717);
#2462=LINE('',#15563,#3718);
#2463=LINE('',#15565,#3719);
#2464=LINE('',#15567,#3720);
#2465=LINE('',#15569,#3721);
#2466=LINE('',#15571,#3722);
#2467=LINE('',#15573,#3723);
#2468=LINE('',#15575,#3724);
#2469=LINE('',#15577,#3725);
#2470=LINE('',#15579,#3726);
#2471=LINE('',#15581,#3727);
#2472=LINE('',#15583,#3728);
#2473=LINE('',#15585,#3729);
#2474=LINE('',#15587,#3730);
#2475=LINE('',#15589,#3731);
#2476=LINE('',#15591,#3732);
#2477=LINE('',#15594,#3733);
#2478=LINE('',#15595,#3734);
#2479=LINE('',#15598,#3735);
#2480=LINE('',#15600,#3736);
#2481=LINE('',#15601,#3737);
#2482=LINE('',#15604,#3738);
#2483=LINE('',#15606,#3739);
#2484=LINE('',#15607,#3740);
#2485=LINE('',#15610,#3741);
#2486=LINE('',#15612,#3742);
#2487=LINE('',#15613,#3743);
#2488=LINE('',#15616,#3744);
#2489=LINE('',#15618,#3745);
#2490=LINE('',#15619,#3746);
#2491=LINE('',#15622,#3747);
#2492=LINE('',#15624,#3748);
#2493=LINE('',#15625,#3749);
#2494=LINE('',#15628,#3750);
#2495=LINE('',#15630,#3751);
#2496=LINE('',#15631,#3752);
#2497=LINE('',#15634,#3753);
#2498=LINE('',#15636,#3754);
#2499=LINE('',#15637,#3755);
#2500=LINE('',#15640,#3756);
#2501=LINE('',#15642,#3757);
#2502=LINE('',#15643,#3758);
#2503=LINE('',#15646,#3759);
#2504=LINE('',#15648,#3760);
#2505=LINE('',#15649,#3761);
#2506=LINE('',#15652,#3762);
#2507=LINE('',#15654,#3763);
#2508=LINE('',#15655,#3764);
#2509=LINE('',#15658,#3765);
#2510=LINE('',#15660,#3766);
#2511=LINE('',#15661,#3767);
#2512=LINE('',#15664,#3768);
#2513=LINE('',#15666,#3769);
#2514=LINE('',#15667,#3770);
#2515=LINE('',#15670,#3771);
#2516=LINE('',#15672,#3772);
#2517=LINE('',#15673,#3773);
#2518=LINE('',#15676,#3774);
#2519=LINE('',#15678,#3775);
#2520=LINE('',#15679,#3776);
#2521=LINE('',#15682,#3777);
#2522=LINE('',#15684,#3778);
#2523=LINE('',#15685,#3779);
#2524=LINE('',#15688,#3780);
#2525=LINE('',#15689,#3781);
#2526=LINE('',#15692,#3782);
#2527=LINE('',#15693,#3783);
#2528=LINE('',#15696,#3784);
#2529=LINE('',#15697,#3785);
#2530=LINE('',#15700,#3786);
#2531=LINE('',#15701,#3787);
#2532=LINE('',#15704,#3788);
#2533=LINE('',#15705,#3789);
#2534=LINE('',#15708,#3790);
#2535=LINE('',#15709,#3791);
#2536=LINE('',#15712,#3792);
#2537=LINE('',#15713,#3793);
#2538=LINE('',#15716,#3794);
#2539=LINE('',#15717,#3795);
#2540=LINE('',#15720,#3796);
#2541=LINE('',#15721,#3797);
#2542=LINE('',#15724,#3798);
#2543=LINE('',#15725,#3799);
#2544=LINE('',#15728,#3800);
#2545=LINE('',#15729,#3801);
#2546=LINE('',#15732,#3802);
#2547=LINE('',#15733,#3803);
#2548=LINE('',#15736,#3804);
#2549=LINE('',#15737,#3805);
#2550=LINE('',#15740,#3806);
#2551=LINE('',#15741,#3807);
#2552=LINE('',#15744,#3808);
#2553=LINE('',#15745,#3809);
#2554=LINE('',#15748,#3810);
#2555=LINE('',#15749,#3811);
#2556=LINE('',#15752,#3812);
#2557=LINE('',#15753,#3813);
#2558=LINE('',#15756,#3814);
#2559=LINE('',#15757,#3815);
#2560=LINE('',#15760,#3816);
#2561=LINE('',#15761,#3817);
#2562=LINE('',#15764,#3818);
#2563=LINE('',#15765,#3819);
#2564=LINE('',#15768,#3820);
#2565=LINE('',#15769,#3821);
#2566=LINE('',#15772,#3822);
#2567=LINE('',#15773,#3823);
#2568=LINE('',#15776,#3824);
#2569=LINE('',#15777,#3825);
#2570=LINE('',#15780,#3826);
#2571=LINE('',#15782,#3827);
#2572=LINE('',#15783,#3828);
#2573=LINE('',#15786,#3829);
#2574=LINE('',#15787,#3830);
#2575=LINE('',#15790,#3831);
#2576=LINE('',#15791,#3832);
#2577=LINE('',#15794,#3833);
#2578=LINE('',#15795,#3834);
#2579=LINE('',#15798,#3835);
#2580=LINE('',#15799,#3836);
#2581=LINE('',#15802,#3837);
#2582=LINE('',#15803,#3838);
#2583=LINE('',#15806,#3839);
#2584=LINE('',#15807,#3840);
#2585=LINE('',#15810,#3841);
#2586=LINE('',#15811,#3842);
#2587=LINE('',#15814,#3843);
#2588=LINE('',#15815,#3844);
#2589=LINE('',#15817,#3845);
#2590=LINE('',#15819,#3846);
#2591=LINE('',#15821,#3847);
#2592=LINE('',#15823,#3848);
#2593=LINE('',#15825,#3849);
#2594=LINE('',#15827,#3850);
#2595=LINE('',#15829,#3851);
#2596=LINE('',#15831,#3852);
#2597=LINE('',#15833,#3853);
#2598=LINE('',#15835,#3854);
#2599=LINE('',#15837,#3855);
#2600=LINE('',#15839,#3856);
#2601=LINE('',#15841,#3857);
#2602=LINE('',#15843,#3858);
#2603=LINE('',#15845,#3859);
#2604=LINE('',#15847,#3860);
#2605=LINE('',#15849,#3861);
#2606=LINE('',#15851,#3862);
#2607=VECTOR('',#10534,10.);
#2608=VECTOR('',#10535,10.);
#2609=VECTOR('',#10536,10.);
#2610=VECTOR('',#10537,10.);
#2611=VECTOR('',#10540,10.);
#2612=VECTOR('',#10541,10.);
#2613=VECTOR('',#10542,10.);
#2614=VECTOR('',#10543,10.);
#2615=VECTOR('',#10546,10.);
#2616=VECTOR('',#10547,10.);
#2617=VECTOR('',#10548,10.);
#2618=VECTOR('',#10549,10.);
#2619=VECTOR('',#10552,10.);
#2620=VECTOR('',#10553,10.);
#2621=VECTOR('',#10554,10.);
#2622=VECTOR('',#10555,10.);
#2623=VECTOR('',#10558,10.);
#2624=VECTOR('',#10559,10.);
#2625=VECTOR('',#10560,10.);
#2626=VECTOR('',#10561,10.);
#2627=VECTOR('',#10562,10.);
#2628=VECTOR('',#10563,10.);
#2629=VECTOR('',#10564,10.);
#2630=VECTOR('',#10565,10.);
#2631=VECTOR('',#10566,10.);
#2632=VECTOR('',#10567,10.);
#2633=VECTOR('',#10568,10.);
#2634=VECTOR('',#10569,10.);
#2635=VECTOR('',#10570,10.);
#2636=VECTOR('',#10571,10.);
#2637=VECTOR('',#10572,10.);
#2638=VECTOR('',#10573,10.);
#2639=VECTOR('',#10574,10.);
#2640=VECTOR('',#10575,10.);
#2641=VECTOR('',#10576,10.);
#2642=VECTOR('',#10577,10.);
#2643=VECTOR('',#10578,10.);
#2644=VECTOR('',#10579,10.);
#2645=VECTOR('',#10580,10.);
#2646=VECTOR('',#10581,10.);
#2647=VECTOR('',#10582,10.);
#2648=VECTOR('',#10583,10.);
#2649=VECTOR('',#10584,10.);
#2650=VECTOR('',#10585,10.);
#2651=VECTOR('',#10596,10.);
#2652=VECTOR('',#10597,10.);
#2653=VECTOR('',#10598,10.);
#2654=VECTOR('',#10601,10.);
#2655=VECTOR('',#10602,10.);
#2656=VECTOR('',#10603,10.);
#2657=VECTOR('',#10606,10.);
#2658=VECTOR('',#10607,10.);
#2659=VECTOR('',#10608,10.);
#2660=VECTOR('',#10611,10.);
#2661=VECTOR('',#10612,10.);
#2662=VECTOR('',#10613,10.);
#2663=VECTOR('',#10616,10.);
#2664=VECTOR('',#10617,10.);
#2665=VECTOR('',#10620,10.);
#2666=VECTOR('',#10621,10.);
#2667=VECTOR('',#10622,10.);
#2668=VECTOR('',#10623,10.);
#2669=VECTOR('',#10624,10.);
#2670=VECTOR('',#10625,10.);
#2671=VECTOR('',#10626,10.);
#2672=VECTOR('',#10627,10.);
#2673=VECTOR('',#10628,10.);
#2674=VECTOR('',#10629,10.);
#2675=VECTOR('',#10630,10.);
#2676=VECTOR('',#10631,10.);
#2677=VECTOR('',#10632,10.);
#2678=VECTOR('',#10633,10.);
#2679=VECTOR('',#10634,10.);
#2680=VECTOR('',#10635,10.);
#2681=VECTOR('',#10636,10.);
#2682=VECTOR('',#10637,10.);
#2683=VECTOR('',#10638,10.);
#2684=VECTOR('',#10639,10.);
#2685=VECTOR('',#10640,10.);
#2686=VECTOR('',#10641,10.);
#2687=VECTOR('',#10642,10.);
#2688=VECTOR('',#10655,10.);
#2689=VECTOR('',#10656,10.);
#2690=VECTOR('',#10659,10.);
#2691=VECTOR('',#10660,10.);
#2692=VECTOR('',#10665,10.);
#2693=VECTOR('',#10672,10.);
#2694=VECTOR('',#10679,10.);
#2695=VECTOR('',#10680,10.);
#2696=VECTOR('',#10683,10.);
#2697=VECTOR('',#10684,10.);
#2698=VECTOR('',#10687,10.);
#2699=VECTOR('',#10688,10.);
#2700=VECTOR('',#10703,2.8);
#2701=VECTOR('',#10706,2.8);
#2702=VECTOR('',#10709,2.80000000000001);
#2703=VECTOR('',#10712,2.80000000000001);
#2704=VECTOR('',#10715,10.);
#2705=VECTOR('',#10716,10.);
#2706=VECTOR('',#10721,10.);
#2707=VECTOR('',#10726,10.);
#2708=VECTOR('',#10727,10.);
#2709=VECTOR('',#10728,10.);
#2710=VECTOR('',#10729,10.);
#2711=VECTOR('',#10732,10.);
#2712=VECTOR('',#10733,10.);
#2713=VECTOR('',#10734,10.);
#2714=VECTOR('',#10737,10.);
#2715=VECTOR('',#10738,10.);
#2716=VECTOR('',#10739,10.);
#2717=VECTOR('',#10742,10.);
#2718=VECTOR('',#10743,10.);
#2719=VECTOR('',#10744,10.);
#2720=VECTOR('',#10745,10.);
#2721=VECTOR('',#10748,10.);
#2722=VECTOR('',#10749,10.);
#2723=VECTOR('',#10750,10.);
#2724=VECTOR('',#10753,10.);
#2725=VECTOR('',#10754,10.);
#2726=VECTOR('',#10755,10.);
#2727=VECTOR('',#10758,10.);
#2728=VECTOR('',#10759,10.);
#2729=VECTOR('',#10760,10.);
#2730=VECTOR('',#10761,10.);
#2731=VECTOR('',#10764,10.);
#2732=VECTOR('',#10765,10.);
#2733=VECTOR('',#10766,10.);
#2734=VECTOR('',#10769,10.);
#2735=VECTOR('',#10770,10.);
#2736=VECTOR('',#10771,10.);
#2737=VECTOR('',#10774,10.);
#2738=VECTOR('',#10775,10.);
#2739=VECTOR('',#10776,10.);
#2740=VECTOR('',#10777,10.);
#2741=VECTOR('',#10780,10.);
#2742=VECTOR('',#10781,10.);
#2743=VECTOR('',#10782,10.);
#2744=VECTOR('',#10785,10.);
#2745=VECTOR('',#10786,10.);
#2746=VECTOR('',#10787,10.);
#2747=VECTOR('',#10790,10.);
#2748=VECTOR('',#10791,10.);
#2749=VECTOR('',#10792,10.);
#2750=VECTOR('',#10793,10.);
#2751=VECTOR('',#10796,10.);
#2752=VECTOR('',#10797,10.);
#2753=VECTOR('',#10798,10.);
#2754=VECTOR('',#10801,10.);
#2755=VECTOR('',#10802,10.);
#2756=VECTOR('',#10803,10.);
#2757=VECTOR('',#10806,10.);
#2758=VECTOR('',#10807,10.);
#2759=VECTOR('',#10808,10.);
#2760=VECTOR('',#10809,10.);
#2761=VECTOR('',#10812,10.);
#2762=VECTOR('',#10813,10.);
#2763=VECTOR('',#10814,10.);
#2764=VECTOR('',#10817,10.);
#2765=VECTOR('',#10818,10.);
#2766=VECTOR('',#10819,10.);
#2767=VECTOR('',#10822,10.);
#2768=VECTOR('',#10823,10.);
#2769=VECTOR('',#10824,10.);
#2770=VECTOR('',#10825,10.);
#2771=VECTOR('',#10828,10.);
#2772=VECTOR('',#10829,10.);
#2773=VECTOR('',#10830,10.);
#2774=VECTOR('',#10833,10.);
#2775=VECTOR('',#10834,10.);
#2776=VECTOR('',#10835,10.);
#2777=VECTOR('',#10838,10.);
#2778=VECTOR('',#10839,10.);
#2779=VECTOR('',#10840,10.);
#2780=VECTOR('',#10841,10.);
#2781=VECTOR('',#10844,10.);
#2782=VECTOR('',#10845,10.);
#2783=VECTOR('',#10846,10.);
#2784=VECTOR('',#10849,10.);
#2785=VECTOR('',#10850,10.);
#2786=VECTOR('',#10851,10.);
#2787=VECTOR('',#10854,10.);
#2788=VECTOR('',#10855,10.);
#2789=VECTOR('',#10856,10.);
#2790=VECTOR('',#10857,10.);
#2791=VECTOR('',#10860,10.);
#2792=VECTOR('',#10861,10.);
#2793=VECTOR('',#10862,10.);
#2794=VECTOR('',#10865,10.);
#2795=VECTOR('',#10866,10.);
#2796=VECTOR('',#10867,10.);
#2797=VECTOR('',#10870,10.);
#2798=VECTOR('',#10871,10.);
#2799=VECTOR('',#10872,10.);
#2800=VECTOR('',#10873,10.);
#2801=VECTOR('',#10876,10.);
#2802=VECTOR('',#10877,10.);
#2803=VECTOR('',#10878,10.);
#2804=VECTOR('',#10881,10.);
#2805=VECTOR('',#10882,10.);
#2806=VECTOR('',#10883,10.);
#2807=VECTOR('',#10886,10.);
#2808=VECTOR('',#10887,10.);
#2809=VECTOR('',#10888,10.);
#2810=VECTOR('',#10889,10.);
#2811=VECTOR('',#10892,10.);
#2812=VECTOR('',#10893,10.);
#2813=VECTOR('',#10894,10.);
#2814=VECTOR('',#10897,10.);
#2815=VECTOR('',#10898,10.);
#2816=VECTOR('',#10899,10.);
#2817=VECTOR('',#10902,10.);
#2818=VECTOR('',#10903,10.);
#2819=VECTOR('',#10904,10.);
#2820=VECTOR('',#10905,10.);
#2821=VECTOR('',#10908,10.);
#2822=VECTOR('',#10909,10.);
#2823=VECTOR('',#10910,10.);
#2824=VECTOR('',#10913,10.);
#2825=VECTOR('',#10914,10.);
#2826=VECTOR('',#10915,10.);
#2827=VECTOR('',#10918,10.);
#2828=VECTOR('',#10919,10.);
#2829=VECTOR('',#10920,10.);
#2830=VECTOR('',#10921,10.);
#2831=VECTOR('',#10924,10.);
#2832=VECTOR('',#10925,10.);
#2833=VECTOR('',#10926,10.);
#2834=VECTOR('',#10929,10.);
#2835=VECTOR('',#10930,10.);
#2836=VECTOR('',#10931,10.);
#2837=VECTOR('',#10934,10.);
#2838=VECTOR('',#10935,10.);
#2839=VECTOR('',#10936,10.);
#2840=VECTOR('',#10937,10.);
#2841=VECTOR('',#10940,10.);
#2842=VECTOR('',#10941,10.);
#2843=VECTOR('',#10942,10.);
#2844=VECTOR('',#10945,10.);
#2845=VECTOR('',#10946,10.);
#2846=VECTOR('',#10947,10.);
#2847=VECTOR('',#10950,10.);
#2848=VECTOR('',#10951,10.);
#2849=VECTOR('',#10952,10.);
#2850=VECTOR('',#10953,10.);
#2851=VECTOR('',#10956,10.);
#2852=VECTOR('',#10957,10.);
#2853=VECTOR('',#10958,10.);
#2854=VECTOR('',#10961,10.);
#2855=VECTOR('',#10962,10.);
#2856=VECTOR('',#10963,10.);
#2857=VECTOR('',#10966,10.);
#2858=VECTOR('',#10967,10.);
#2859=VECTOR('',#10968,10.);
#2860=VECTOR('',#10969,10.);
#2861=VECTOR('',#10972,10.);
#2862=VECTOR('',#10973,10.);
#2863=VECTOR('',#10974,10.);
#2864=VECTOR('',#10977,10.);
#2865=VECTOR('',#10978,10.);
#2866=VECTOR('',#10979,10.);
#2867=VECTOR('',#10982,10.);
#2868=VECTOR('',#10983,10.);
#2869=VECTOR('',#10984,10.);
#2870=VECTOR('',#10985,10.);
#2871=VECTOR('',#10986,10.);
#2872=VECTOR('',#10987,10.);
#2873=VECTOR('',#10988,10.);
#2874=VECTOR('',#10989,10.);
#2875=VECTOR('',#10990,10.);
#2876=VECTOR('',#10991,10.);
#2877=VECTOR('',#10992,10.);
#2878=VECTOR('',#10993,10.);
#2879=VECTOR('',#10994,10.);
#2880=VECTOR('',#10995,10.);
#2881=VECTOR('',#10996,10.);
#2882=VECTOR('',#10997,10.);
#2883=VECTOR('',#10998,10.);
#2884=VECTOR('',#10999,10.);
#2885=VECTOR('',#11000,10.);
#2886=VECTOR('',#11001,10.);
#2887=VECTOR('',#11002,10.);
#2888=VECTOR('',#11003,10.);
#2889=VECTOR('',#11004,10.);
#2890=VECTOR('',#11005,10.);
#2891=VECTOR('',#11006,10.);
#2892=VECTOR('',#11007,10.);
#2893=VECTOR('',#11008,10.);
#2894=VECTOR('',#11009,10.);
#2895=VECTOR('',#11010,10.);
#2896=VECTOR('',#11011,10.);
#2897=VECTOR('',#11012,10.);
#2898=VECTOR('',#11013,10.);
#2899=VECTOR('',#11016,10.);
#2900=VECTOR('',#11017,10.);
#2901=VECTOR('',#11020,10.);
#2902=VECTOR('',#11021,10.);
#2903=VECTOR('',#11024,10.);
#2904=VECTOR('',#11027,10.);
#2905=VECTOR('',#11030,10.);
#2906=VECTOR('',#11033,10.);
#2907=VECTOR('',#11036,10.);
#2908=VECTOR('',#11039,10.);
#2909=VECTOR('',#11042,10.);
#2910=VECTOR('',#11045,10.);
#2911=VECTOR('',#11048,10.);
#2912=VECTOR('',#11051,10.);
#2913=VECTOR('',#11054,10.);
#2914=VECTOR('',#11057,10.);
#2915=VECTOR('',#11060,10.);
#2916=VECTOR('',#11063,10.);
#2917=VECTOR('',#11066,10.);
#2918=VECTOR('',#11067,10.);
#2919=VECTOR('',#11068,10.);
#2920=VECTOR('',#11071,10.);
#2921=VECTOR('',#11072,10.);
#2922=VECTOR('',#11075,10.);
#2923=VECTOR('',#11076,10.);
#2924=VECTOR('',#11077,10.);
#2925=VECTOR('',#11080,10.);
#2926=VECTOR('',#11081,10.);
#2927=VECTOR('',#11082,10.);
#2928=VECTOR('',#11085,10.);
#2929=VECTOR('',#11088,10.);
#2930=VECTOR('',#11089,10.);
#2931=VECTOR('',#11090,10.);
#2932=VECTOR('',#11093,10.);
#2933=VECTOR('',#11094,10.);
#2934=VECTOR('',#11095,10.);
#2935=VECTOR('',#11098,10.);
#2936=VECTOR('',#11101,10.);
#2937=VECTOR('',#11102,10.);
#2938=VECTOR('',#11103,10.);
#2939=VECTOR('',#11106,10.);
#2940=VECTOR('',#11109,10.);
#2941=VECTOR('',#11112,10.);
#2942=VECTOR('',#11115,10.);
#2943=VECTOR('',#11118,10.);
#2944=VECTOR('',#11119,10.);
#2945=VECTOR('',#11120,10.);
#2946=VECTOR('',#11123,10.);
#2947=VECTOR('',#11130,10.);
#2948=VECTOR('',#11131,10.);
#2949=VECTOR('',#11132,10.);
#2950=VECTOR('',#11133,10.);
#2951=VECTOR('',#11136,10.);
#2952=VECTOR('',#11137,10.);
#2953=VECTOR('',#11138,10.);
#2954=VECTOR('',#11141,10.);
#2955=VECTOR('',#11142,10.);
#2956=VECTOR('',#11143,10.);
#2957=VECTOR('',#11146,10.);
#2958=VECTOR('',#11147,10.);
#2959=VECTOR('',#11148,10.);
#2960=VECTOR('',#11149,10.);
#2961=VECTOR('',#11152,10.);
#2962=VECTOR('',#11153,10.);
#2963=VECTOR('',#11154,10.);
#2964=VECTOR('',#11157,10.);
#2965=VECTOR('',#11158,10.);
#2966=VECTOR('',#11159,10.);
#2967=VECTOR('',#11162,10.);
#2968=VECTOR('',#11163,10.);
#2969=VECTOR('',#11164,10.);
#2970=VECTOR('',#11165,10.);
#2971=VECTOR('',#11168,10.);
#2972=VECTOR('',#11169,10.);
#2973=VECTOR('',#11170,10.);
#2974=VECTOR('',#11173,10.);
#2975=VECTOR('',#11174,10.);
#2976=VECTOR('',#11175,10.);
#2977=VECTOR('',#11178,10.);
#2978=VECTOR('',#11179,10.);
#2979=VECTOR('',#11180,10.);
#2980=VECTOR('',#11181,10.);
#2981=VECTOR('',#11184,10.);
#2982=VECTOR('',#11185,10.);
#2983=VECTOR('',#11186,10.);
#2984=VECTOR('',#11189,10.);
#2985=VECTOR('',#11190,10.);
#2986=VECTOR('',#11191,10.);
#2987=VECTOR('',#11194,10.);
#2988=VECTOR('',#11195,10.);
#2989=VECTOR('',#11196,10.);
#2990=VECTOR('',#11197,10.);
#2991=VECTOR('',#11200,10.);
#2992=VECTOR('',#11201,10.);
#2993=VECTOR('',#11202,10.);
#2994=VECTOR('',#11205,10.);
#2995=VECTOR('',#11206,10.);
#2996=VECTOR('',#11207,10.);
#2997=VECTOR('',#11210,10.);
#2998=VECTOR('',#11211,10.);
#2999=VECTOR('',#11212,10.);
#3000=VECTOR('',#11213,10.);
#3001=VECTOR('',#11216,10.);
#3002=VECTOR('',#11217,10.);
#3003=VECTOR('',#11218,10.);
#3004=VECTOR('',#11221,10.);
#3005=VECTOR('',#11222,10.);
#3006=VECTOR('',#11223,10.);
#3007=VECTOR('',#11226,10.);
#3008=VECTOR('',#11227,10.);
#3009=VECTOR('',#11228,10.);
#3010=VECTOR('',#11229,10.);
#3011=VECTOR('',#11232,10.);
#3012=VECTOR('',#11233,10.);
#3013=VECTOR('',#11234,10.);
#3014=VECTOR('',#11237,10.);
#3015=VECTOR('',#11238,10.);
#3016=VECTOR('',#11239,10.);
#3017=VECTOR('',#11242,10.);
#3018=VECTOR('',#11243,10.);
#3019=VECTOR('',#11244,10.);
#3020=VECTOR('',#11245,10.);
#3021=VECTOR('',#11248,10.);
#3022=VECTOR('',#11249,10.);
#3023=VECTOR('',#11250,10.);
#3024=VECTOR('',#11253,10.);
#3025=VECTOR('',#11254,10.);
#3026=VECTOR('',#11255,10.);
#3027=VECTOR('',#11258,10.);
#3028=VECTOR('',#11259,10.);
#3029=VECTOR('',#11260,10.);
#3030=VECTOR('',#11261,10.);
#3031=VECTOR('',#11264,10.);
#3032=VECTOR('',#11265,10.);
#3033=VECTOR('',#11266,10.);
#3034=VECTOR('',#11269,10.);
#3035=VECTOR('',#11270,10.);
#3036=VECTOR('',#11271,10.);
#3037=VECTOR('',#11274,10.);
#3038=VECTOR('',#11275,10.);
#3039=VECTOR('',#11276,10.);
#3040=VECTOR('',#11277,10.);
#3041=VECTOR('',#11280,10.);
#3042=VECTOR('',#11281,10.);
#3043=VECTOR('',#11282,10.);
#3044=VECTOR('',#11285,10.);
#3045=VECTOR('',#11286,10.);
#3046=VECTOR('',#11287,10.);
#3047=VECTOR('',#11290,10.);
#3048=VECTOR('',#11291,10.);
#3049=VECTOR('',#11292,10.);
#3050=VECTOR('',#11293,10.);
#3051=VECTOR('',#11296,10.);
#3052=VECTOR('',#11297,10.);
#3053=VECTOR('',#11298,10.);
#3054=VECTOR('',#11301,10.);
#3055=VECTOR('',#11302,10.);
#3056=VECTOR('',#11303,10.);
#3057=VECTOR('',#11306,10.);
#3058=VECTOR('',#11307,10.);
#3059=VECTOR('',#11308,10.);
#3060=VECTOR('',#11309,10.);
#3061=VECTOR('',#11312,10.);
#3062=VECTOR('',#11313,10.);
#3063=VECTOR('',#11314,10.);
#3064=VECTOR('',#11317,10.);
#3065=VECTOR('',#11318,10.);
#3066=VECTOR('',#11319,10.);
#3067=VECTOR('',#11322,10.);
#3068=VECTOR('',#11323,10.);
#3069=VECTOR('',#11324,10.);
#3070=VECTOR('',#11325,10.);
#3071=VECTOR('',#11328,10.);
#3072=VECTOR('',#11329,10.);
#3073=VECTOR('',#11330,10.);
#3074=VECTOR('',#11333,10.);
#3075=VECTOR('',#11334,10.);
#3076=VECTOR('',#11335,10.);
#3077=VECTOR('',#11338,10.);
#3078=VECTOR('',#11339,10.);
#3079=VECTOR('',#11340,10.);
#3080=VECTOR('',#11341,10.);
#3081=VECTOR('',#11344,10.);
#3082=VECTOR('',#11345,10.);
#3083=VECTOR('',#11346,10.);
#3084=VECTOR('',#11349,10.);
#3085=VECTOR('',#11350,10.);
#3086=VECTOR('',#11351,10.);
#3087=VECTOR('',#11354,10.);
#3088=VECTOR('',#11355,10.);
#3089=VECTOR('',#11356,10.);
#3090=VECTOR('',#11357,10.);
#3091=VECTOR('',#11360,10.);
#3092=VECTOR('',#11361,10.);
#3093=VECTOR('',#11362,10.);
#3094=VECTOR('',#11365,10.);
#3095=VECTOR('',#11366,10.);
#3096=VECTOR('',#11367,10.);
#3097=VECTOR('',#11370,10.);
#3098=VECTOR('',#11371,10.);
#3099=VECTOR('',#11372,10.);
#3100=VECTOR('',#11373,10.);
#3101=VECTOR('',#11376,10.);
#3102=VECTOR('',#11377,10.);
#3103=VECTOR('',#11378,10.);
#3104=VECTOR('',#11381,10.);
#3105=VECTOR('',#11382,10.);
#3106=VECTOR('',#11383,10.);
#3107=VECTOR('',#11386,10.);
#3108=VECTOR('',#11387,10.);
#3109=VECTOR('',#11388,10.);
#3110=VECTOR('',#11389,10.);
#3111=VECTOR('',#11390,10.);
#3112=VECTOR('',#11391,10.);
#3113=VECTOR('',#11392,10.);
#3114=VECTOR('',#11393,10.);
#3115=VECTOR('',#11394,10.);
#3116=VECTOR('',#11395,10.);
#3117=VECTOR('',#11396,10.);
#3118=VECTOR('',#11397,10.);
#3119=VECTOR('',#11398,10.);
#3120=VECTOR('',#11399,10.);
#3121=VECTOR('',#11400,10.);
#3122=VECTOR('',#11401,10.);
#3123=VECTOR('',#11402,10.);
#3124=VECTOR('',#11403,10.);
#3125=VECTOR('',#11404,10.);
#3126=VECTOR('',#11405,10.);
#3127=VECTOR('',#11406,10.);
#3128=VECTOR('',#11407,10.);
#3129=VECTOR('',#11408,10.);
#3130=VECTOR('',#11409,10.);
#3131=VECTOR('',#11410,10.);
#3132=VECTOR('',#11411,10.);
#3133=VECTOR('',#11412,10.);
#3134=VECTOR('',#11413,10.);
#3135=VECTOR('',#11414,10.);
#3136=VECTOR('',#11415,10.);
#3137=VECTOR('',#11416,10.);
#3138=VECTOR('',#11417,10.);
#3139=VECTOR('',#11420,10.);
#3140=VECTOR('',#11421,10.);
#3141=VECTOR('',#11424,10.);
#3142=VECTOR('',#11427,10.);
#3143=VECTOR('',#11430,10.);
#3144=VECTOR('',#11433,10.);
#3145=VECTOR('',#11436,10.);
#3146=VECTOR('',#11437,10.);
#3147=VECTOR('',#11440,10.);
#3148=VECTOR('',#11443,10.);
#3149=VECTOR('',#11446,10.);
#3150=VECTOR('',#11449,10.);
#3151=VECTOR('',#11452,10.);
#3152=VECTOR('',#11455,10.);
#3153=VECTOR('',#11458,10.);
#3154=VECTOR('',#11461,10.);
#3155=VECTOR('',#11464,10.);
#3156=VECTOR('',#11467,10.);
#3157=VECTOR('',#11470,10.);
#3158=VECTOR('',#11471,10.);
#3159=VECTOR('',#11472,10.);
#3160=VECTOR('',#11475,10.);
#3161=VECTOR('',#11476,10.);
#3162=VECTOR('',#11479,10.);
#3163=VECTOR('',#11480,10.);
#3164=VECTOR('',#11483,10.);
#3165=VECTOR('',#11484,10.);
#3166=VECTOR('',#11485,10.);
#3167=VECTOR('',#11488,10.);
#3168=VECTOR('',#11489,10.);
#3169=VECTOR('',#11492,10.);
#3170=VECTOR('',#11493,10.);
#3171=VECTOR('',#11496,10.);
#3172=VECTOR('',#11497,10.);
#3173=VECTOR('',#11498,10.);
#3174=VECTOR('',#11501,10.);
#3175=VECTOR('',#11502,10.);
#3176=VECTOR('',#11505,10.);
#3177=VECTOR('',#11506,10.);
#3178=VECTOR('',#11509,10.);
#3179=VECTOR('',#11510,10.);
#3180=VECTOR('',#11513,10.);
#3181=VECTOR('',#11514,10.);
#3182=VECTOR('',#11517,10.);
#3183=VECTOR('',#11520,10.);
#3184=VECTOR('',#11523,10.);
#3185=VECTOR('',#11526,10.);
#3186=VECTOR('',#11529,10.);
#3187=VECTOR('',#11534,10.);
#3188=VECTOR('',#11535,10.);
#3189=VECTOR('',#11536,10.);
#3190=VECTOR('',#11537,10.);
#3191=VECTOR('',#11544,10.);
#3192=VECTOR('',#11547,10.);
#3193=VECTOR('',#11548,10.);
#3194=VECTOR('',#11549,10.);
#3195=VECTOR('',#11558,10.);
#3196=VECTOR('',#11559,10.);
#3197=VECTOR('',#11560,10.);
#3198=VECTOR('',#11561,10.);
#3199=VECTOR('',#11568,10.);
#3200=VECTOR('',#11571,10.);
#3201=VECTOR('',#11572,10.);
#3202=VECTOR('',#11573,10.);
#3203=VECTOR('',#11582,10.);
#3204=VECTOR('',#11583,10.);
#3205=VECTOR('',#11584,10.);
#3206=VECTOR('',#11585,10.);
#3207=VECTOR('',#11592,10.);
#3208=VECTOR('',#11595,10.);
#3209=VECTOR('',#11596,10.);
#3210=VECTOR('',#11597,10.);
#3211=VECTOR('',#11606,10.);
#3212=VECTOR('',#11607,10.);
#3213=VECTOR('',#11608,10.);
#3214=VECTOR('',#11609,10.);
#3215=VECTOR('',#11616,10.);
#3216=VECTOR('',#11619,10.);
#3217=VECTOR('',#11620,10.);
#3218=VECTOR('',#11621,10.);
#3219=VECTOR('',#11630,10.);
#3220=VECTOR('',#11631,10.);
#3221=VECTOR('',#11632,10.);
#3222=VECTOR('',#11633,10.);
#3223=VECTOR('',#11640,10.);
#3224=VECTOR('',#11643,10.);
#3225=VECTOR('',#11644,10.);
#3226=VECTOR('',#11645,10.);
#3227=VECTOR('',#11654,10.);
#3228=VECTOR('',#11655,10.);
#3229=VECTOR('',#11656,10.);
#3230=VECTOR('',#11657,10.);
#3231=VECTOR('',#11664,10.);
#3232=VECTOR('',#11667,10.);
#3233=VECTOR('',#11668,10.);
#3234=VECTOR('',#11669,10.);
#3235=VECTOR('',#11678,10.);
#3236=VECTOR('',#11679,10.);
#3237=VECTOR('',#11680,10.);
#3238=VECTOR('',#11681,10.);
#3239=VECTOR('',#11688,10.);
#3240=VECTOR('',#11691,10.);
#3241=VECTOR('',#11692,10.);
#3242=VECTOR('',#11693,10.);
#3243=VECTOR('',#11702,10.);
#3244=VECTOR('',#11703,10.);
#3245=VECTOR('',#11704,10.);
#3246=VECTOR('',#11705,10.);
#3247=VECTOR('',#11712,10.);
#3248=VECTOR('',#11715,10.);
#3249=VECTOR('',#11716,10.);
#3250=VECTOR('',#11717,10.);
#3251=VECTOR('',#11726,10.);
#3252=VECTOR('',#11727,10.);
#3253=VECTOR('',#11728,10.);
#3254=VECTOR('',#11729,10.);
#3255=VECTOR('',#11736,10.);
#3256=VECTOR('',#11739,10.);
#3257=VECTOR('',#11740,10.);
#3258=VECTOR('',#11741,10.);
#3259=VECTOR('',#11750,10.);
#3260=VECTOR('',#11751,10.);
#3261=VECTOR('',#11752,10.);
#3262=VECTOR('',#11753,10.);
#3263=VECTOR('',#11760,10.);
#3264=VECTOR('',#11763,10.);
#3265=VECTOR('',#11764,10.);
#3266=VECTOR('',#11765,10.);
#3267=VECTOR('',#11774,10.);
#3268=VECTOR('',#11775,10.);
#3269=VECTOR('',#11776,10.);
#3270=VECTOR('',#11777,10.);
#3271=VECTOR('',#11784,10.);
#3272=VECTOR('',#11787,10.);
#3273=VECTOR('',#11788,10.);
#3274=VECTOR('',#11789,10.);
#3275=VECTOR('',#11798,10.);
#3276=VECTOR('',#11799,10.);
#3277=VECTOR('',#11800,10.);
#3278=VECTOR('',#11801,10.);
#3279=VECTOR('',#11808,10.);
#3280=VECTOR('',#11811,10.);
#3281=VECTOR('',#11812,10.);
#3282=VECTOR('',#11813,10.);
#3283=VECTOR('',#11822,10.);
#3284=VECTOR('',#11823,10.);
#3285=VECTOR('',#11824,10.);
#3286=VECTOR('',#11825,10.);
#3287=VECTOR('',#11832,10.);
#3288=VECTOR('',#11835,10.);
#3289=VECTOR('',#11836,10.);
#3290=VECTOR('',#11837,10.);
#3291=VECTOR('',#11846,10.);
#3292=VECTOR('',#11847,10.);
#3293=VECTOR('',#11848,10.);
#3294=VECTOR('',#11849,10.);
#3295=VECTOR('',#11856,10.);
#3296=VECTOR('',#11859,10.);
#3297=VECTOR('',#11860,10.);
#3298=VECTOR('',#11861,10.);
#3299=VECTOR('',#11870,10.);
#3300=VECTOR('',#11871,10.);
#3301=VECTOR('',#11872,10.);
#3302=VECTOR('',#11873,10.);
#3303=VECTOR('',#11880,10.);
#3304=VECTOR('',#11883,10.);
#3305=VECTOR('',#11884,10.);
#3306=VECTOR('',#11885,10.);
#3307=VECTOR('',#11894,10.);
#3308=VECTOR('',#11895,10.);
#3309=VECTOR('',#11896,10.);
#3310=VECTOR('',#11897,10.);
#3311=VECTOR('',#11904,10.);
#3312=VECTOR('',#11907,10.);
#3313=VECTOR('',#11908,10.);
#3314=VECTOR('',#11909,10.);
#3315=VECTOR('',#11918,10.);
#3316=VECTOR('',#11919,10.);
#3317=VECTOR('',#11920,10.);
#3318=VECTOR('',#11921,10.);
#3319=VECTOR('',#11928,10.);
#3320=VECTOR('',#11931,10.);
#3321=VECTOR('',#11932,10.);
#3322=VECTOR('',#11933,10.);
#3323=VECTOR('',#11942,10.);
#3324=VECTOR('',#11943,10.);
#3325=VECTOR('',#11944,10.);
#3326=VECTOR('',#11945,10.);
#3327=VECTOR('',#11952,10.);
#3328=VECTOR('',#11955,10.);
#3329=VECTOR('',#11956,10.);
#3330=VECTOR('',#11957,10.);
#3331=VECTOR('',#11966,10.);
#3332=VECTOR('',#11967,10.);
#3333=VECTOR('',#11968,10.);
#3334=VECTOR('',#11969,10.);
#3335=VECTOR('',#11976,10.);
#3336=VECTOR('',#11979,10.);
#3337=VECTOR('',#11980,10.);
#3338=VECTOR('',#11981,10.);
#3339=VECTOR('',#11990,10.);
#3340=VECTOR('',#11991,10.);
#3341=VECTOR('',#11992,10.);
#3342=VECTOR('',#11993,10.);
#3343=VECTOR('',#12000,10.);
#3344=VECTOR('',#12003,10.);
#3345=VECTOR('',#12004,10.);
#3346=VECTOR('',#12005,10.);
#3347=VECTOR('',#12014,10.);
#3348=VECTOR('',#12015,10.);
#3349=VECTOR('',#12016,10.);
#3350=VECTOR('',#12017,10.);
#3351=VECTOR('',#12024,10.);
#3352=VECTOR('',#12027,10.);
#3353=VECTOR('',#12028,10.);
#3354=VECTOR('',#12029,10.);
#3355=VECTOR('',#12038,10.);
#3356=VECTOR('',#12039,10.);
#3357=VECTOR('',#12040,10.);
#3358=VECTOR('',#12041,10.);
#3359=VECTOR('',#12048,10.);
#3360=VECTOR('',#12051,10.);
#3361=VECTOR('',#12052,10.);
#3362=VECTOR('',#12053,10.);
#3363=VECTOR('',#12062,10.);
#3364=VECTOR('',#12063,10.);
#3365=VECTOR('',#12064,10.);
#3366=VECTOR('',#12065,10.);
#3367=VECTOR('',#12072,10.);
#3368=VECTOR('',#12075,10.);
#3369=VECTOR('',#12076,10.);
#3370=VECTOR('',#12077,10.);
#3371=VECTOR('',#12086,10.);
#3372=VECTOR('',#12087,10.);
#3373=VECTOR('',#12088,10.);
#3374=VECTOR('',#12089,10.);
#3375=VECTOR('',#12096,10.);
#3376=VECTOR('',#12099,10.);
#3377=VECTOR('',#12100,10.);
#3378=VECTOR('',#12101,10.);
#3379=VECTOR('',#12110,10.);
#3380=VECTOR('',#12111,10.);
#3381=VECTOR('',#12112,10.);
#3382=VECTOR('',#12113,10.);
#3383=VECTOR('',#12120,10.);
#3384=VECTOR('',#12123,10.);
#3385=VECTOR('',#12124,10.);
#3386=VECTOR('',#12125,10.);
#3387=VECTOR('',#12134,10.);
#3388=VECTOR('',#12135,10.);
#3389=VECTOR('',#12136,10.);
#3390=VECTOR('',#12137,10.);
#3391=VECTOR('',#12144,10.);
#3392=VECTOR('',#12147,10.);
#3393=VECTOR('',#12148,10.);
#3394=VECTOR('',#12149,10.);
#3395=VECTOR('',#12158,10.);
#3396=VECTOR('',#12159,10.);
#3397=VECTOR('',#12160,10.);
#3398=VECTOR('',#12161,10.);
#3399=VECTOR('',#12168,10.);
#3400=VECTOR('',#12171,10.);
#3401=VECTOR('',#12172,10.);
#3402=VECTOR('',#12173,10.);
#3403=VECTOR('',#12182,10.);
#3404=VECTOR('',#12183,10.);
#3405=VECTOR('',#12184,10.);
#3406=VECTOR('',#12185,10.);
#3407=VECTOR('',#12192,10.);
#3408=VECTOR('',#12195,10.);
#3409=VECTOR('',#12196,10.);
#3410=VECTOR('',#12197,10.);
#3411=VECTOR('',#12206,10.);
#3412=VECTOR('',#12207,10.);
#3413=VECTOR('',#12208,10.);
#3414=VECTOR('',#12209,10.);
#3415=VECTOR('',#12216,10.);
#3416=VECTOR('',#12219,10.);
#3417=VECTOR('',#12220,10.);
#3418=VECTOR('',#12221,10.);
#3419=VECTOR('',#12230,10.);
#3420=VECTOR('',#12231,10.);
#3421=VECTOR('',#12232,10.);
#3422=VECTOR('',#12233,10.);
#3423=VECTOR('',#12240,10.);
#3424=VECTOR('',#12243,10.);
#3425=VECTOR('',#12244,10.);
#3426=VECTOR('',#12245,10.);
#3427=VECTOR('',#12254,10.);
#3428=VECTOR('',#12255,10.);
#3429=VECTOR('',#12256,10.);
#3430=VECTOR('',#12257,10.);
#3431=VECTOR('',#12264,10.);
#3432=VECTOR('',#12267,10.);
#3433=VECTOR('',#12268,10.);
#3434=VECTOR('',#12269,10.);
#3435=VECTOR('',#12278,10.);
#3436=VECTOR('',#12279,10.);
#3437=VECTOR('',#12280,10.);
#3438=VECTOR('',#12281,10.);
#3439=VECTOR('',#12288,10.);
#3440=VECTOR('',#12291,10.);
#3441=VECTOR('',#12292,10.);
#3442=VECTOR('',#12293,10.);
#3443=VECTOR('',#12302,10.);
#3444=VECTOR('',#12303,10.);
#3445=VECTOR('',#12304,10.);
#3446=VECTOR('',#12305,10.);
#3447=VECTOR('',#12312,10.);
#3448=VECTOR('',#12315,10.);
#3449=VECTOR('',#12316,10.);
#3450=VECTOR('',#12317,10.);
#3451=VECTOR('',#12326,10.);
#3452=VECTOR('',#12327,10.);
#3453=VECTOR('',#12328,10.);
#3454=VECTOR('',#12329,10.);
#3455=VECTOR('',#12336,10.);
#3456=VECTOR('',#12339,10.);
#3457=VECTOR('',#12340,10.);
#3458=VECTOR('',#12341,10.);
#3459=VECTOR('',#12350,10.);
#3460=VECTOR('',#12351,10.);
#3461=VECTOR('',#12352,10.);
#3462=VECTOR('',#12353,10.);
#3463=VECTOR('',#12358,10.);
#3464=VECTOR('',#12363,10.);
#3465=VECTOR('',#12364,10.);
#3466=VECTOR('',#12365,10.);
#3467=VECTOR('',#12374,10.);
#3468=VECTOR('',#12375,10.);
#3469=VECTOR('',#12376,10.);
#3470=VECTOR('',#12377,10.);
#3471=VECTOR('',#12380,10.);
#3472=VECTOR('',#12381,10.);
#3473=VECTOR('',#12382,10.);
#3474=VECTOR('',#12383,10.);
#3475=VECTOR('',#12386,10.);
#3476=VECTOR('',#12387,10.);
#3477=VECTOR('',#12388,10.);
#3478=VECTOR('',#12389,10.);
#3479=VECTOR('',#12392,10.);
#3480=VECTOR('',#12393,10.);
#3481=VECTOR('',#12394,10.);
#3482=VECTOR('',#12395,10.);
#3483=VECTOR('',#12398,10.);
#3484=VECTOR('',#12399,10.);
#3485=VECTOR('',#12400,10.);
#3486=VECTOR('',#12401,10.);
#3487=VECTOR('',#12404,10.);
#3488=VECTOR('',#12405,10.);
#3489=VECTOR('',#12406,10.);
#3490=VECTOR('',#12407,10.);
#3491=VECTOR('',#12410,10.);
#3492=VECTOR('',#12411,10.);
#3493=VECTOR('',#12412,10.);
#3494=VECTOR('',#12413,10.);
#3495=VECTOR('',#12416,10.);
#3496=VECTOR('',#12417,10.);
#3497=VECTOR('',#12418,10.);
#3498=VECTOR('',#12419,10.);
#3499=VECTOR('',#12422,10.);
#3500=VECTOR('',#12423,10.);
#3501=VECTOR('',#12424,10.);
#3502=VECTOR('',#12425,10.);
#3503=VECTOR('',#12428,10.);
#3504=VECTOR('',#12429,10.);
#3505=VECTOR('',#12430,10.);
#3506=VECTOR('',#12431,10.);
#3507=VECTOR('',#12434,10.);
#3508=VECTOR('',#12435,10.);
#3509=VECTOR('',#12436,10.);
#3510=VECTOR('',#12437,10.);
#3511=VECTOR('',#12440,10.);
#3512=VECTOR('',#12441,10.);
#3513=VECTOR('',#12442,10.);
#3514=VECTOR('',#12443,10.);
#3515=VECTOR('',#12446,10.);
#3516=VECTOR('',#12447,10.);
#3517=VECTOR('',#12448,10.);
#3518=VECTOR('',#12449,10.);
#3519=VECTOR('',#12452,10.);
#3520=VECTOR('',#12453,10.);
#3521=VECTOR('',#12454,10.);
#3522=VECTOR('',#12455,10.);
#3523=VECTOR('',#12458,10.);
#3524=VECTOR('',#12459,10.);
#3525=VECTOR('',#12460,10.);
#3526=VECTOR('',#12461,10.);
#3527=VECTOR('',#12464,10.);
#3528=VECTOR('',#12465,10.);
#3529=VECTOR('',#12466,10.);
#3530=VECTOR('',#12467,10.);
#3531=VECTOR('',#12470,10.);
#3532=VECTOR('',#12471,10.);
#3533=VECTOR('',#12472,10.);
#3534=VECTOR('',#12473,10.);
#3535=VECTOR('',#12476,10.);
#3536=VECTOR('',#12477,10.);
#3537=VECTOR('',#12478,10.);
#3538=VECTOR('',#12481,10.);
#3539=VECTOR('',#12482,10.);
#3540=VECTOR('',#12483,10.);
#3541=VECTOR('',#12486,10.);
#3542=VECTOR('',#12487,10.);
#3543=VECTOR('',#12488,10.);
#3544=VECTOR('',#12491,10.);
#3545=VECTOR('',#12492,10.);
#3546=VECTOR('',#12493,10.);
#3547=VECTOR('',#12496,10.);
#3548=VECTOR('',#12497,10.);
#3549=VECTOR('',#12498,10.);
#3550=VECTOR('',#12501,10.);
#3551=VECTOR('',#12502,10.);
#3552=VECTOR('',#12503,10.);
#3553=VECTOR('',#12506,10.);
#3554=VECTOR('',#12507,10.);
#3555=VECTOR('',#12508,10.);
#3556=VECTOR('',#12511,10.);
#3557=VECTOR('',#12512,10.);
#3558=VECTOR('',#12513,10.);
#3559=VECTOR('',#12516,10.);
#3560=VECTOR('',#12517,10.);
#3561=VECTOR('',#12518,10.);
#3562=VECTOR('',#12521,10.);
#3563=VECTOR('',#12522,10.);
#3564=VECTOR('',#12523,10.);
#3565=VECTOR('',#12526,10.);
#3566=VECTOR('',#12527,10.);
#3567=VECTOR('',#12528,10.);
#3568=VECTOR('',#12531,10.);
#3569=VECTOR('',#12532,10.);
#3570=VECTOR('',#12533,10.);
#3571=VECTOR('',#12536,10.);
#3572=VECTOR('',#12537,10.);
#3573=VECTOR('',#12538,10.);
#3574=VECTOR('',#12541,10.);
#3575=VECTOR('',#12542,10.);
#3576=VECTOR('',#12543,10.);
#3577=VECTOR('',#12546,10.);
#3578=VECTOR('',#12547,10.);
#3579=VECTOR('',#12548,10.);
#3580=VECTOR('',#12551,10.);
#3581=VECTOR('',#12552,10.);
#3582=VECTOR('',#12553,10.);
#3583=VECTOR('',#12556,10.);
#3584=VECTOR('',#12557,10.);
#3585=VECTOR('',#12558,10.);
#3586=VECTOR('',#12561,10.);
#3587=VECTOR('',#12562,10.);
#3588=VECTOR('',#12563,10.);
#3589=VECTOR('',#12566,10.);
#3590=VECTOR('',#12567,10.);
#3591=VECTOR('',#12568,10.);
#3592=VECTOR('',#12571,10.);
#3593=VECTOR('',#12572,10.);
#3594=VECTOR('',#12573,10.);
#3595=VECTOR('',#12576,10.);
#3596=VECTOR('',#12577,10.);
#3597=VECTOR('',#12578,10.);
#3598=VECTOR('',#12581,10.);
#3599=VECTOR('',#12582,10.);
#3600=VECTOR('',#12583,10.);
#3601=VECTOR('',#12586,10.);
#3602=VECTOR('',#12587,10.);
#3603=VECTOR('',#12588,10.);
#3604=VECTOR('',#12591,10.);
#3605=VECTOR('',#12592,10.);
#3606=VECTOR('',#12593,10.);
#3607=VECTOR('',#12596,10.);
#3608=VECTOR('',#12597,10.);
#3609=VECTOR('',#12598,10.);
#3610=VECTOR('',#12601,10.);
#3611=VECTOR('',#12602,10.);
#3612=VECTOR('',#12603,10.);
#3613=VECTOR('',#12606,10.);
#3614=VECTOR('',#12607,10.);
#3615=VECTOR('',#12608,10.);
#3616=VECTOR('',#12611,10.);
#3617=VECTOR('',#12612,10.);
#3618=VECTOR('',#12613,10.);
#3619=VECTOR('',#12616,10.);
#3620=VECTOR('',#12617,10.);
#3621=VECTOR('',#12618,10.);
#3622=VECTOR('',#12621,10.);
#3623=VECTOR('',#12622,10.);
#3624=VECTOR('',#12623,10.);
#3625=VECTOR('',#12626,10.);
#3626=VECTOR('',#12627,10.);
#3627=VECTOR('',#12628,10.);
#3628=VECTOR('',#12631,10.);
#3629=VECTOR('',#12632,10.);
#3630=VECTOR('',#12633,10.);
#3631=VECTOR('',#12636,10.);
#3632=VECTOR('',#12637,10.);
#3633=VECTOR('',#12638,10.);
#3634=VECTOR('',#12641,10.);
#3635=VECTOR('',#12642,10.);
#3636=VECTOR('',#12643,10.);
#3637=VECTOR('',#12644,10.);
#3638=VECTOR('',#12645,10.);
#3639=VECTOR('',#12646,10.);
#3640=VECTOR('',#12647,10.);
#3641=VECTOR('',#12648,10.);
#3642=VECTOR('',#12649,10.);
#3643=VECTOR('',#12650,10.);
#3644=VECTOR('',#12651,10.);
#3645=VECTOR('',#12652,10.);
#3646=VECTOR('',#12653,10.);
#3647=VECTOR('',#12654,10.);
#3648=VECTOR('',#12655,10.);
#3649=VECTOR('',#12656,10.);
#3650=VECTOR('',#12657,10.);
#3651=VECTOR('',#12658,10.);
#3652=VECTOR('',#12659,10.);
#3653=VECTOR('',#12660,10.);
#3654=VECTOR('',#12661,10.);
#3655=VECTOR('',#12662,10.);
#3656=VECTOR('',#12663,10.);
#3657=VECTOR('',#12664,10.);
#3658=VECTOR('',#12665,10.);
#3659=VECTOR('',#12666,10.);
#3660=VECTOR('',#12667,10.);
#3661=VECTOR('',#12668,10.);
#3662=VECTOR('',#12669,10.);
#3663=VECTOR('',#12670,10.);
#3664=VECTOR('',#12671,10.);
#3665=VECTOR('',#12672,10.);
#3666=VECTOR('',#12673,10.);
#3667=VECTOR('',#12674,10.);
#3668=VECTOR('',#12675,10.);
#3669=VECTOR('',#12676,10.);
#3670=VECTOR('',#12677,10.);
#3671=VECTOR('',#12678,10.);
#3672=VECTOR('',#12679,10.);
#3673=VECTOR('',#12680,10.);
#3674=VECTOR('',#12681,10.);
#3675=VECTOR('',#12682,10.);
#3676=VECTOR('',#12683,10.);
#3677=VECTOR('',#12684,10.);
#3678=VECTOR('',#12685,10.);
#3679=VECTOR('',#12686,10.);
#3680=VECTOR('',#12687,10.);
#3681=VECTOR('',#12688,10.);
#3682=VECTOR('',#12689,10.);
#3683=VECTOR('',#12690,10.);
#3684=VECTOR('',#12691,10.);
#3685=VECTOR('',#12692,10.);
#3686=VECTOR('',#12693,10.);
#3687=VECTOR('',#12694,10.);
#3688=VECTOR('',#12695,10.);
#3689=VECTOR('',#12696,10.);
#3690=VECTOR('',#12697,10.);
#3691=VECTOR('',#12698,10.);
#3692=VECTOR('',#12699,10.);
#3693=VECTOR('',#12700,10.);
#3694=VECTOR('',#12701,10.);
#3695=VECTOR('',#12702,10.);
#3696=VECTOR('',#12703,10.);
#3697=VECTOR('',#12704,10.);
#3698=VECTOR('',#12705,10.);
#3699=VECTOR('',#12706,10.);
#3700=VECTOR('',#12707,10.);
#3701=VECTOR('',#12708,10.);
#3702=VECTOR('',#12709,10.);
#3703=VECTOR('',#12710,10.);
#3704=VECTOR('',#12711,10.);
#3705=VECTOR('',#12712,10.);
#3706=VECTOR('',#12713,10.);
#3707=VECTOR('',#12714,10.);
#3708=VECTOR('',#12715,10.);
#3709=VECTOR('',#12716,10.);
#3710=VECTOR('',#12717,10.);
#3711=VECTOR('',#12718,10.);
#3712=VECTOR('',#12719,10.);
#3713=VECTOR('',#12720,10.);
#3714=VECTOR('',#12721,10.);
#3715=VECTOR('',#12722,10.);
#3716=VECTOR('',#12725,10.);
#3717=VECTOR('',#12726,10.);
#3718=VECTOR('',#12729,10.);
#3719=VECTOR('',#12732,10.);
#3720=VECTOR('',#12735,10.);
#3721=VECTOR('',#12738,10.);
#3722=VECTOR('',#12741,10.);
#3723=VECTOR('',#12744,10.);
#3724=VECTOR('',#12747,10.);
#3725=VECTOR('',#12750,10.);
#3726=VECTOR('',#12753,10.);
#3727=VECTOR('',#12756,10.);
#3728=VECTOR('',#12759,10.);
#3729=VECTOR('',#12762,10.);
#3730=VECTOR('',#12765,10.);
#3731=VECTOR('',#12768,10.);
#3732=VECTOR('',#12771,10.);
#3733=VECTOR('',#12774,10.);
#3734=VECTOR('',#12775,10.);
#3735=VECTOR('',#12778,10.);
#3736=VECTOR('',#12779,10.);
#3737=VECTOR('',#12780,10.);
#3738=VECTOR('',#12783,10.);
#3739=VECTOR('',#12784,10.);
#3740=VECTOR('',#12785,10.);
#3741=VECTOR('',#12788,10.);
#3742=VECTOR('',#12789,10.);
#3743=VECTOR('',#12790,10.);
#3744=VECTOR('',#12793,10.);
#3745=VECTOR('',#12794,10.);
#3746=VECTOR('',#12795,10.);
#3747=VECTOR('',#12798,10.);
#3748=VECTOR('',#12799,10.);
#3749=VECTOR('',#12800,10.);
#3750=VECTOR('',#12803,10.);
#3751=VECTOR('',#12804,10.);
#3752=VECTOR('',#12805,10.);
#3753=VECTOR('',#12808,10.);
#3754=VECTOR('',#12809,10.);
#3755=VECTOR('',#12810,10.);
#3756=VECTOR('',#12813,10.);
#3757=VECTOR('',#12814,10.);
#3758=VECTOR('',#12815,10.);
#3759=VECTOR('',#12818,10.);
#3760=VECTOR('',#12819,10.);
#3761=VECTOR('',#12820,10.);
#3762=VECTOR('',#12823,10.);
#3763=VECTOR('',#12824,10.);
#3764=VECTOR('',#12825,10.);
#3765=VECTOR('',#12828,10.);
#3766=VECTOR('',#12829,10.);
#3767=VECTOR('',#12830,10.);
#3768=VECTOR('',#12833,10.);
#3769=VECTOR('',#12834,10.);
#3770=VECTOR('',#12835,10.);
#3771=VECTOR('',#12838,10.);
#3772=VECTOR('',#12839,10.);
#3773=VECTOR('',#12840,10.);
#3774=VECTOR('',#12843,10.);
#3775=VECTOR('',#12844,10.);
#3776=VECTOR('',#12845,10.);
#3777=VECTOR('',#12848,10.);
#3778=VECTOR('',#12849,10.);
#3779=VECTOR('',#12850,10.);
#3780=VECTOR('',#12853,10.);
#3781=VECTOR('',#12854,10.);
#3782=VECTOR('',#12857,10.);
#3783=VECTOR('',#12858,10.);
#3784=VECTOR('',#12861,10.);
#3785=VECTOR('',#12862,10.);
#3786=VECTOR('',#12865,10.);
#3787=VECTOR('',#12866,10.);
#3788=VECTOR('',#12869,10.);
#3789=VECTOR('',#12870,10.);
#3790=VECTOR('',#12873,10.);
#3791=VECTOR('',#12874,10.);
#3792=VECTOR('',#12877,10.);
#3793=VECTOR('',#12878,10.);
#3794=VECTOR('',#12881,10.);
#3795=VECTOR('',#12882,10.);
#3796=VECTOR('',#12885,10.);
#3797=VECTOR('',#12886,10.);
#3798=VECTOR('',#12889,10.);
#3799=VECTOR('',#12890,10.);
#3800=VECTOR('',#12893,10.);
#3801=VECTOR('',#12894,10.);
#3802=VECTOR('',#12897,10.);
#3803=VECTOR('',#12898,10.);
#3804=VECTOR('',#12901,10.);
#3805=VECTOR('',#12902,10.);
#3806=VECTOR('',#12905,10.);
#3807=VECTOR('',#12906,10.);
#3808=VECTOR('',#12909,10.);
#3809=VECTOR('',#12910,10.);
#3810=VECTOR('',#12913,10.);
#3811=VECTOR('',#12914,10.);
#3812=VECTOR('',#12917,10.);
#3813=VECTOR('',#12918,10.);
#3814=VECTOR('',#12921,10.);
#3815=VECTOR('',#12922,10.);
#3816=VECTOR('',#12925,10.);
#3817=VECTOR('',#12926,10.);
#3818=VECTOR('',#12929,10.);
#3819=VECTOR('',#12930,10.);
#3820=VECTOR('',#12933,10.);
#3821=VECTOR('',#12934,10.);
#3822=VECTOR('',#12937,10.);
#3823=VECTOR('',#12938,10.);
#3824=VECTOR('',#12941,10.);
#3825=VECTOR('',#12942,10.);
#3826=VECTOR('',#12945,10.);
#3827=VECTOR('',#12946,10.);
#3828=VECTOR('',#12947,10.);
#3829=VECTOR('',#12950,10.);
#3830=VECTOR('',#12951,10.);
#3831=VECTOR('',#12954,10.);
#3832=VECTOR('',#12955,10.);
#3833=VECTOR('',#12958,10.);
#3834=VECTOR('',#12959,10.);
#3835=VECTOR('',#12962,10.);
#3836=VECTOR('',#12963,10.);
#3837=VECTOR('',#12966,10.);
#3838=VECTOR('',#12967,10.);
#3839=VECTOR('',#12970,10.);
#3840=VECTOR('',#12971,10.);
#3841=VECTOR('',#12974,10.);
#3842=VECTOR('',#12975,10.);
#3843=VECTOR('',#12978,10.);
#3844=VECTOR('',#12979,10.);
#3845=VECTOR('',#12982,10.);
#3846=VECTOR('',#12985,10.);
#3847=VECTOR('',#12988,10.);
#3848=VECTOR('',#12991,10.);
#3849=VECTOR('',#12994,10.);
#3850=VECTOR('',#12997,10.);
#3851=VECTOR('',#13000,10.);
#3852=VECTOR('',#13003,10.);
#3853=VECTOR('',#13006,10.);
#3854=VECTOR('',#13009,10.);
#3855=VECTOR('',#13012,10.);
#3856=VECTOR('',#13015,10.);
#3857=VECTOR('',#13018,10.);
#3858=VECTOR('',#13021,10.);
#3859=VECTOR('',#13024,10.);
#3860=VECTOR('',#13027,10.);
#3861=VECTOR('',#13030,10.);
#3862=VECTOR('',#13033,10.);
#3863=VERTEX_POINT('',#13038);
#3864=VERTEX_POINT('',#13039);
#3865=VERTEX_POINT('',#13041);
#3866=VERTEX_POINT('',#13043);
#3867=VERTEX_POINT('',#13047);
#3868=VERTEX_POINT('',#13048);
#3869=VERTEX_POINT('',#13050);
#3870=VERTEX_POINT('',#13052);
#3871=VERTEX_POINT('',#13056);
#3872=VERTEX_POINT('',#13057);
#3873=VERTEX_POINT('',#13059);
#3874=VERTEX_POINT('',#13061);
#3875=VERTEX_POINT('',#13065);
#3876=VERTEX_POINT('',#13066);
#3877=VERTEX_POINT('',#13068);
#3878=VERTEX_POINT('',#13070);
#3879=VERTEX_POINT('',#13074);
#3880=VERTEX_POINT('',#13076);
#3881=VERTEX_POINT('',#13078);
#3882=VERTEX_POINT('',#13080);
#3883=VERTEX_POINT('',#13082);
#3884=VERTEX_POINT('',#13084);
#3885=VERTEX_POINT('',#13086);
#3886=VERTEX_POINT('',#13088);
#3887=VERTEX_POINT('',#13090);
#3888=VERTEX_POINT('',#13092);
#3889=VERTEX_POINT('',#13094);
#3890=VERTEX_POINT('',#13096);
#3891=VERTEX_POINT('',#13098);
#3892=VERTEX_POINT('',#13100);
#3893=VERTEX_POINT('',#13102);
#3894=VERTEX_POINT('',#13104);
#3895=VERTEX_POINT('',#13106);
#3896=VERTEX_POINT('',#13108);
#3897=VERTEX_POINT('',#13111);
#3898=VERTEX_POINT('',#13113);
#3899=VERTEX_POINT('',#13116);
#3900=VERTEX_POINT('',#13118);
#3901=VERTEX_POINT('',#13121);
#3902=VERTEX_POINT('',#13123);
#3903=VERTEX_POINT('',#13126);
#3904=VERTEX_POINT('',#13128);
#3905=VERTEX_POINT('',#13130);
#3906=VERTEX_POINT('',#13132);
#3907=VERTEX_POINT('',#13135);
#3908=VERTEX_POINT('',#13137);
#3909=VERTEX_POINT('',#13141);
#3910=VERTEX_POINT('',#13143);
#3911=VERTEX_POINT('',#13147);
#3912=VERTEX_POINT('',#13149);
#3913=VERTEX_POINT('',#13153);
#3914=VERTEX_POINT('',#13155);
#3915=VERTEX_POINT('',#13159);
#3916=VERTEX_POINT('',#13163);
#3917=VERTEX_POINT('',#13165);
#3918=VERTEX_POINT('',#13168);
#3919=VERTEX_POINT('',#13170);
#3920=VERTEX_POINT('',#13173);
#3921=VERTEX_POINT('',#13175);
#3922=VERTEX_POINT('',#13178);
#3923=VERTEX_POINT('',#13180);
#3924=VERTEX_POINT('',#13182);
#3925=VERTEX_POINT('',#13185);
#3926=VERTEX_POINT('',#13187);
#3927=VERTEX_POINT('',#13190);
#3928=VERTEX_POINT('',#13192);
#3929=VERTEX_POINT('',#13195);
#3930=VERTEX_POINT('',#13197);
#3931=VERTEX_POINT('',#13201);
#3932=VERTEX_POINT('',#13203);
#3933=VERTEX_POINT('',#13205);
#3934=VERTEX_POINT('',#13207);
#3935=VERTEX_POINT('',#13256);
#3936=VERTEX_POINT('',#13257);
#3937=VERTEX_POINT('',#13259);
#3938=VERTEX_POINT('',#13261);
#3939=VERTEX_POINT('',#13265);
#3940=VERTEX_POINT('',#13267);
#3941=VERTEX_POINT('',#13271);
#3942=VERTEX_POINT('',#13273);
#3943=VERTEX_POINT('',#13277);
#3944=VERTEX_POINT('',#13278);
#3945=VERTEX_POINT('',#13280);
#3946=VERTEX_POINT('',#13282);
#3947=VERTEX_POINT('',#13286);
#3948=VERTEX_POINT('',#13288);
#3949=VERTEX_POINT('',#13292);
#3950=VERTEX_POINT('',#13294);
#3951=VERTEX_POINT('',#13298);
#3952=VERTEX_POINT('',#13299);
#3953=VERTEX_POINT('',#13301);
#3954=VERTEX_POINT('',#13303);
#3955=VERTEX_POINT('',#13307);
#3956=VERTEX_POINT('',#13309);
#3957=VERTEX_POINT('',#13313);
#3958=VERTEX_POINT('',#13315);
#3959=VERTEX_POINT('',#13319);
#3960=VERTEX_POINT('',#13320);
#3961=VERTEX_POINT('',#13322);
#3962=VERTEX_POINT('',#13324);
#3963=VERTEX_POINT('',#13328);
#3964=VERTEX_POINT('',#13330);
#3965=VERTEX_POINT('',#13334);
#3966=VERTEX_POINT('',#13336);
#3967=VERTEX_POINT('',#13340);
#3968=VERTEX_POINT('',#13341);
#3969=VERTEX_POINT('',#13343);
#3970=VERTEX_POINT('',#13345);
#3971=VERTEX_POINT('',#13349);
#3972=VERTEX_POINT('',#13351);
#3973=VERTEX_POINT('',#13355);
#3974=VERTEX_POINT('',#13357);
#3975=VERTEX_POINT('',#13361);
#3976=VERTEX_POINT('',#13362);
#3977=VERTEX_POINT('',#13364);
#3978=VERTEX_POINT('',#13366);
#3979=VERTEX_POINT('',#13370);
#3980=VERTEX_POINT('',#13372);
#3981=VERTEX_POINT('',#13376);
#3982=VERTEX_POINT('',#13378);
#3983=VERTEX_POINT('',#13382);
#3984=VERTEX_POINT('',#13383);
#3985=VERTEX_POINT('',#13385);
#3986=VERTEX_POINT('',#13387);
#3987=VERTEX_POINT('',#13391);
#3988=VERTEX_POINT('',#13393);
#3989=VERTEX_POINT('',#13397);
#3990=VERTEX_POINT('',#13399);
#3991=VERTEX_POINT('',#13403);
#3992=VERTEX_POINT('',#13404);
#3993=VERTEX_POINT('',#13406);
#3994=VERTEX_POINT('',#13408);
#3995=VERTEX_POINT('',#13412);
#3996=VERTEX_POINT('',#13414);
#3997=VERTEX_POINT('',#13418);
#3998=VERTEX_POINT('',#13420);
#3999=VERTEX_POINT('',#13424);
#4000=VERTEX_POINT('',#13425);
#4001=VERTEX_POINT('',#13427);
#4002=VERTEX_POINT('',#13429);
#4003=VERTEX_POINT('',#13433);
#4004=VERTEX_POINT('',#13435);
#4005=VERTEX_POINT('',#13439);
#4006=VERTEX_POINT('',#13441);
#4007=VERTEX_POINT('',#13445);
#4008=VERTEX_POINT('',#13446);
#4009=VERTEX_POINT('',#13448);
#4010=VERTEX_POINT('',#13450);
#4011=VERTEX_POINT('',#13454);
#4012=VERTEX_POINT('',#13456);
#4013=VERTEX_POINT('',#13460);
#4014=VERTEX_POINT('',#13462);
#4015=VERTEX_POINT('',#13466);
#4016=VERTEX_POINT('',#13467);
#4017=VERTEX_POINT('',#13469);
#4018=VERTEX_POINT('',#13471);
#4019=VERTEX_POINT('',#13475);
#4020=VERTEX_POINT('',#13477);
#4021=VERTEX_POINT('',#13481);
#4022=VERTEX_POINT('',#13483);
#4023=VERTEX_POINT('',#13487);
#4024=VERTEX_POINT('',#13488);
#4025=VERTEX_POINT('',#13490);
#4026=VERTEX_POINT('',#13492);
#4027=VERTEX_POINT('',#13496);
#4028=VERTEX_POINT('',#13498);
#4029=VERTEX_POINT('',#13502);
#4030=VERTEX_POINT('',#13504);
#4031=VERTEX_POINT('',#13508);
#4032=VERTEX_POINT('',#13509);
#4033=VERTEX_POINT('',#13511);
#4034=VERTEX_POINT('',#13513);
#4035=VERTEX_POINT('',#13517);
#4036=VERTEX_POINT('',#13519);
#4037=VERTEX_POINT('',#13523);
#4038=VERTEX_POINT('',#13525);
#4039=VERTEX_POINT('',#13529);
#4040=VERTEX_POINT('',#13530);
#4041=VERTEX_POINT('',#13532);
#4042=VERTEX_POINT('',#13534);
#4043=VERTEX_POINT('',#13538);
#4044=VERTEX_POINT('',#13540);
#4045=VERTEX_POINT('',#13544);
#4046=VERTEX_POINT('',#13546);
#4047=VERTEX_POINT('',#13550);
#4048=VERTEX_POINT('',#13551);
#4049=VERTEX_POINT('',#13553);
#4050=VERTEX_POINT('',#13555);
#4051=VERTEX_POINT('',#13559);
#4052=VERTEX_POINT('',#13561);
#4053=VERTEX_POINT('',#13565);
#4054=VERTEX_POINT('',#13567);
#4055=VERTEX_POINT('',#13571);
#4056=VERTEX_POINT('',#13572);
#4057=VERTEX_POINT('',#13574);
#4058=VERTEX_POINT('',#13576);
#4059=VERTEX_POINT('',#13580);
#4060=VERTEX_POINT('',#13582);
#4061=VERTEX_POINT('',#13586);
#4062=VERTEX_POINT('',#13588);
#4063=VERTEX_POINT('',#13605);
#4064=VERTEX_POINT('',#13607);
#4065=VERTEX_POINT('',#13609);
#4066=VERTEX_POINT('',#13611);
#4067=VERTEX_POINT('',#13613);
#4068=VERTEX_POINT('',#13615);
#4069=VERTEX_POINT('',#13617);
#4070=VERTEX_POINT('',#13619);
#4071=VERTEX_POINT('',#13621);
#4072=VERTEX_POINT('',#13623);
#4073=VERTEX_POINT('',#13625);
#4074=VERTEX_POINT('',#13627);
#4075=VERTEX_POINT('',#13629);
#4076=VERTEX_POINT('',#13631);
#4077=VERTEX_POINT('',#13633);
#4078=VERTEX_POINT('',#13635);
#4079=VERTEX_POINT('',#13641);
#4080=VERTEX_POINT('',#13645);
#4081=VERTEX_POINT('',#13677);
#4082=VERTEX_POINT('',#13679);
#4083=VERTEX_POINT('',#13683);
#4084=VERTEX_POINT('',#13687);
#4085=VERTEX_POINT('',#13689);
#4086=VERTEX_POINT('',#13693);
#4087=VERTEX_POINT('',#13695);
#4088=VERTEX_POINT('',#13701);
#4089=VERTEX_POINT('',#13703);
#4090=VERTEX_POINT('',#13707);
#4091=VERTEX_POINT('',#13709);
#4092=VERTEX_POINT('',#13715);
#4093=VERTEX_POINT('',#13717);
#4094=VERTEX_POINT('',#13730);
#4095=VERTEX_POINT('',#13738);
#4096=VERTEX_POINT('',#13739);
#4097=VERTEX_POINT('',#13741);
#4098=VERTEX_POINT('',#13743);
#4099=VERTEX_POINT('',#13747);
#4100=VERTEX_POINT('',#13749);
#4101=VERTEX_POINT('',#13753);
#4102=VERTEX_POINT('',#13755);
#4103=VERTEX_POINT('',#13759);
#4104=VERTEX_POINT('',#13760);
#4105=VERTEX_POINT('',#13762);
#4106=VERTEX_POINT('',#13764);
#4107=VERTEX_POINT('',#13768);
#4108=VERTEX_POINT('',#13770);
#4109=VERTEX_POINT('',#13774);
#4110=VERTEX_POINT('',#13776);
#4111=VERTEX_POINT('',#13780);
#4112=VERTEX_POINT('',#13781);
#4113=VERTEX_POINT('',#13783);
#4114=VERTEX_POINT('',#13785);
#4115=VERTEX_POINT('',#13789);
#4116=VERTEX_POINT('',#13791);
#4117=VERTEX_POINT('',#13795);
#4118=VERTEX_POINT('',#13797);
#4119=VERTEX_POINT('',#13801);
#4120=VERTEX_POINT('',#13802);
#4121=VERTEX_POINT('',#13804);
#4122=VERTEX_POINT('',#13806);
#4123=VERTEX_POINT('',#13810);
#4124=VERTEX_POINT('',#13812);
#4125=VERTEX_POINT('',#13816);
#4126=VERTEX_POINT('',#13818);
#4127=VERTEX_POINT('',#13822);
#4128=VERTEX_POINT('',#13823);
#4129=VERTEX_POINT('',#13825);
#4130=VERTEX_POINT('',#13827);
#4131=VERTEX_POINT('',#13831);
#4132=VERTEX_POINT('',#13833);
#4133=VERTEX_POINT('',#13837);
#4134=VERTEX_POINT('',#13839);
#4135=VERTEX_POINT('',#13843);
#4136=VERTEX_POINT('',#13844);
#4137=VERTEX_POINT('',#13846);
#4138=VERTEX_POINT('',#13848);
#4139=VERTEX_POINT('',#13852);
#4140=VERTEX_POINT('',#13854);
#4141=VERTEX_POINT('',#13858);
#4142=VERTEX_POINT('',#13860);
#4143=VERTEX_POINT('',#13864);
#4144=VERTEX_POINT('',#13865);
#4145=VERTEX_POINT('',#13867);
#4146=VERTEX_POINT('',#13869);
#4147=VERTEX_POINT('',#13873);
#4148=VERTEX_POINT('',#13875);
#4149=VERTEX_POINT('',#13879);
#4150=VERTEX_POINT('',#13881);
#4151=VERTEX_POINT('',#13885);
#4152=VERTEX_POINT('',#13886);
#4153=VERTEX_POINT('',#13888);
#4154=VERTEX_POINT('',#13890);
#4155=VERTEX_POINT('',#13894);
#4156=VERTEX_POINT('',#13896);
#4157=VERTEX_POINT('',#13900);
#4158=VERTEX_POINT('',#13902);
#4159=VERTEX_POINT('',#13906);
#4160=VERTEX_POINT('',#13907);
#4161=VERTEX_POINT('',#13909);
#4162=VERTEX_POINT('',#13911);
#4163=VERTEX_POINT('',#13915);
#4164=VERTEX_POINT('',#13917);
#4165=VERTEX_POINT('',#13921);
#4166=VERTEX_POINT('',#13923);
#4167=VERTEX_POINT('',#13927);
#4168=VERTEX_POINT('',#13928);
#4169=VERTEX_POINT('',#13930);
#4170=VERTEX_POINT('',#13932);
#4171=VERTEX_POINT('',#13936);
#4172=VERTEX_POINT('',#13938);
#4173=VERTEX_POINT('',#13942);
#4174=VERTEX_POINT('',#13944);
#4175=VERTEX_POINT('',#13948);
#4176=VERTEX_POINT('',#13949);
#4177=VERTEX_POINT('',#13951);
#4178=VERTEX_POINT('',#13953);
#4179=VERTEX_POINT('',#13957);
#4180=VERTEX_POINT('',#13959);
#4181=VERTEX_POINT('',#13963);
#4182=VERTEX_POINT('',#13965);
#4183=VERTEX_POINT('',#13969);
#4184=VERTEX_POINT('',#13970);
#4185=VERTEX_POINT('',#13972);
#4186=VERTEX_POINT('',#13974);
#4187=VERTEX_POINT('',#13978);
#4188=VERTEX_POINT('',#13980);
#4189=VERTEX_POINT('',#13984);
#4190=VERTEX_POINT('',#13986);
#4191=VERTEX_POINT('',#13990);
#4192=VERTEX_POINT('',#13991);
#4193=VERTEX_POINT('',#13993);
#4194=VERTEX_POINT('',#13995);
#4195=VERTEX_POINT('',#13999);
#4196=VERTEX_POINT('',#14001);
#4197=VERTEX_POINT('',#14005);
#4198=VERTEX_POINT('',#14007);
#4199=VERTEX_POINT('',#14011);
#4200=VERTEX_POINT('',#14012);
#4201=VERTEX_POINT('',#14014);
#4202=VERTEX_POINT('',#14016);
#4203=VERTEX_POINT('',#14020);
#4204=VERTEX_POINT('',#14022);
#4205=VERTEX_POINT('',#14026);
#4206=VERTEX_POINT('',#14028);
#4207=VERTEX_POINT('',#14032);
#4208=VERTEX_POINT('',#14033);
#4209=VERTEX_POINT('',#14035);
#4210=VERTEX_POINT('',#14037);
#4211=VERTEX_POINT('',#14041);
#4212=VERTEX_POINT('',#14043);
#4213=VERTEX_POINT('',#14047);
#4214=VERTEX_POINT('',#14049);
#4215=VERTEX_POINT('',#14053);
#4216=VERTEX_POINT('',#14054);
#4217=VERTEX_POINT('',#14056);
#4218=VERTEX_POINT('',#14058);
#4219=VERTEX_POINT('',#14062);
#4220=VERTEX_POINT('',#14064);
#4221=VERTEX_POINT('',#14068);
#4222=VERTEX_POINT('',#14070);
#4223=VERTEX_POINT('',#14076);
#4224=VERTEX_POINT('',#14078);
#4225=VERTEX_POINT('',#14080);
#4226=VERTEX_POINT('',#14082);
#4227=VERTEX_POINT('',#14084);
#4228=VERTEX_POINT('',#14086);
#4229=VERTEX_POINT('',#14088);
#4230=VERTEX_POINT('',#14090);
#4231=VERTEX_POINT('',#14092);
#4232=VERTEX_POINT('',#14094);
#4233=VERTEX_POINT('',#14096);
#4234=VERTEX_POINT('',#14098);
#4235=VERTEX_POINT('',#14100);
#4236=VERTEX_POINT('',#14102);
#4237=VERTEX_POINT('',#14104);
#4238=VERTEX_POINT('',#14106);
#4239=VERTEX_POINT('',#14123);
#4240=VERTEX_POINT('',#14135);
#4241=VERTEX_POINT('',#14159);
#4242=VERTEX_POINT('',#14161);
#4243=VERTEX_POINT('',#14165);
#4244=VERTEX_POINT('',#14169);
#4245=VERTEX_POINT('',#14173);
#4246=VERTEX_POINT('',#14175);
#4247=VERTEX_POINT('',#14179);
#4248=VERTEX_POINT('',#14183);
#4249=VERTEX_POINT('',#14187);
#4250=VERTEX_POINT('',#14189);
#4251=VERTEX_POINT('',#14193);
#4252=VERTEX_POINT('',#14197);
#4253=VERTEX_POINT('',#14201);
#4254=VERTEX_POINT('',#14205);
#4255=VERTEX_POINT('',#14220);
#4256=VERTEX_POINT('',#14221);
#4257=VERTEX_POINT('',#14223);
#4258=VERTEX_POINT('',#14225);
#4259=VERTEX_POINT('',#14229);
#4260=VERTEX_POINT('',#14231);
#4261=VERTEX_POINT('',#14235);
#4262=VERTEX_POINT('',#14237);
#4263=VERTEX_POINT('',#14244);
#4264=VERTEX_POINT('',#14245);
#4265=VERTEX_POINT('',#14247);
#4266=VERTEX_POINT('',#14249);
#4267=VERTEX_POINT('',#14253);
#4268=VERTEX_POINT('',#14255);
#4269=VERTEX_POINT('',#14259);
#4270=VERTEX_POINT('',#14261);
#4271=VERTEX_POINT('',#14268);
#4272=VERTEX_POINT('',#14269);
#4273=VERTEX_POINT('',#14271);
#4274=VERTEX_POINT('',#14273);
#4275=VERTEX_POINT('',#14277);
#4276=VERTEX_POINT('',#14279);
#4277=VERTEX_POINT('',#14283);
#4278=VERTEX_POINT('',#14285);
#4279=VERTEX_POINT('',#14292);
#4280=VERTEX_POINT('',#14293);
#4281=VERTEX_POINT('',#14295);
#4282=VERTEX_POINT('',#14297);
#4283=VERTEX_POINT('',#14301);
#4284=VERTEX_POINT('',#14303);
#4285=VERTEX_POINT('',#14307);
#4286=VERTEX_POINT('',#14309);
#4287=VERTEX_POINT('',#14316);
#4288=VERTEX_POINT('',#14317);
#4289=VERTEX_POINT('',#14319);
#4290=VERTEX_POINT('',#14321);
#4291=VERTEX_POINT('',#14325);
#4292=VERTEX_POINT('',#14327);
#4293=VERTEX_POINT('',#14331);
#4294=VERTEX_POINT('',#14333);
#4295=VERTEX_POINT('',#14340);
#4296=VERTEX_POINT('',#14341);
#4297=VERTEX_POINT('',#14343);
#4298=VERTEX_POINT('',#14345);
#4299=VERTEX_POINT('',#14349);
#4300=VERTEX_POINT('',#14351);
#4301=VERTEX_POINT('',#14355);
#4302=VERTEX_POINT('',#14357);
#4303=VERTEX_POINT('',#14364);
#4304=VERTEX_POINT('',#14365);
#4305=VERTEX_POINT('',#14367);
#4306=VERTEX_POINT('',#14369);
#4307=VERTEX_POINT('',#14373);
#4308=VERTEX_POINT('',#14375);
#4309=VERTEX_POINT('',#14379);
#4310=VERTEX_POINT('',#14381);
#4311=VERTEX_POINT('',#14388);
#4312=VERTEX_POINT('',#14389);
#4313=VERTEX_POINT('',#14391);
#4314=VERTEX_POINT('',#14393);
#4315=VERTEX_POINT('',#14397);
#4316=VERTEX_POINT('',#14399);
#4317=VERTEX_POINT('',#14403);
#4318=VERTEX_POINT('',#14405);
#4319=VERTEX_POINT('',#14412);
#4320=VERTEX_POINT('',#14413);
#4321=VERTEX_POINT('',#14415);
#4322=VERTEX_POINT('',#14417);
#4323=VERTEX_POINT('',#14421);
#4324=VERTEX_POINT('',#14423);
#4325=VERTEX_POINT('',#14427);
#4326=VERTEX_POINT('',#14429);
#4327=VERTEX_POINT('',#14436);
#4328=VERTEX_POINT('',#14437);
#4329=VERTEX_POINT('',#14439);
#4330=VERTEX_POINT('',#14441);
#4331=VERTEX_POINT('',#14445);
#4332=VERTEX_POINT('',#14447);
#4333=VERTEX_POINT('',#14451);
#4334=VERTEX_POINT('',#14453);
#4335=VERTEX_POINT('',#14460);
#4336=VERTEX_POINT('',#14461);
#4337=VERTEX_POINT('',#14463);
#4338=VERTEX_POINT('',#14465);
#4339=VERTEX_POINT('',#14469);
#4340=VERTEX_POINT('',#14471);
#4341=VERTEX_POINT('',#14475);
#4342=VERTEX_POINT('',#14477);
#4343=VERTEX_POINT('',#14484);
#4344=VERTEX_POINT('',#14485);
#4345=VERTEX_POINT('',#14487);
#4346=VERTEX_POINT('',#14489);
#4347=VERTEX_POINT('',#14493);
#4348=VERTEX_POINT('',#14495);
#4349=VERTEX_POINT('',#14499);
#4350=VERTEX_POINT('',#14501);
#4351=VERTEX_POINT('',#14508);
#4352=VERTEX_POINT('',#14509);
#4353=VERTEX_POINT('',#14511);
#4354=VERTEX_POINT('',#14513);
#4355=VERTEX_POINT('',#14517);
#4356=VERTEX_POINT('',#14519);
#4357=VERTEX_POINT('',#14523);
#4358=VERTEX_POINT('',#14525);
#4359=VERTEX_POINT('',#14532);
#4360=VERTEX_POINT('',#14533);
#4361=VERTEX_POINT('',#14535);
#4362=VERTEX_POINT('',#14537);
#4363=VERTEX_POINT('',#14541);
#4364=VERTEX_POINT('',#14543);
#4365=VERTEX_POINT('',#14547);
#4366=VERTEX_POINT('',#14549);
#4367=VERTEX_POINT('',#14556);
#4368=VERTEX_POINT('',#14557);
#4369=VERTEX_POINT('',#14559);
#4370=VERTEX_POINT('',#14561);
#4371=VERTEX_POINT('',#14565);
#4372=VERTEX_POINT('',#14567);
#4373=VERTEX_POINT('',#14571);
#4374=VERTEX_POINT('',#14573);
#4375=VERTEX_POINT('',#14580);
#4376=VERTEX_POINT('',#14581);
#4377=VERTEX_POINT('',#14583);
#4378=VERTEX_POINT('',#14585);
#4379=VERTEX_POINT('',#14589);
#4380=VERTEX_POINT('',#14591);
#4381=VERTEX_POINT('',#14595);
#4382=VERTEX_POINT('',#14597);
#4383=VERTEX_POINT('',#14604);
#4384=VERTEX_POINT('',#14605);
#4385=VERTEX_POINT('',#14607);
#4386=VERTEX_POINT('',#14609);
#4387=VERTEX_POINT('',#14613);
#4388=VERTEX_POINT('',#14615);
#4389=VERTEX_POINT('',#14619);
#4390=VERTEX_POINT('',#14621);
#4391=VERTEX_POINT('',#14628);
#4392=VERTEX_POINT('',#14629);
#4393=VERTEX_POINT('',#14631);
#4394=VERTEX_POINT('',#14633);
#4395=VERTEX_POINT('',#14637);
#4396=VERTEX_POINT('',#14639);
#4397=VERTEX_POINT('',#14643);
#4398=VERTEX_POINT('',#14645);
#4399=VERTEX_POINT('',#14652);
#4400=VERTEX_POINT('',#14653);
#4401=VERTEX_POINT('',#14655);
#4402=VERTEX_POINT('',#14657);
#4403=VERTEX_POINT('',#14661);
#4404=VERTEX_POINT('',#14663);
#4405=VERTEX_POINT('',#14667);
#4406=VERTEX_POINT('',#14669);
#4407=VERTEX_POINT('',#14676);
#4408=VERTEX_POINT('',#14677);
#4409=VERTEX_POINT('',#14679);
#4410=VERTEX_POINT('',#14681);
#4411=VERTEX_POINT('',#14685);
#4412=VERTEX_POINT('',#14687);
#4413=VERTEX_POINT('',#14691);
#4414=VERTEX_POINT('',#14693);
#4415=VERTEX_POINT('',#14700);
#4416=VERTEX_POINT('',#14701);
#4417=VERTEX_POINT('',#14703);
#4418=VERTEX_POINT('',#14705);
#4419=VERTEX_POINT('',#14709);
#4420=VERTEX_POINT('',#14711);
#4421=VERTEX_POINT('',#14715);
#4422=VERTEX_POINT('',#14717);
#4423=VERTEX_POINT('',#14724);
#4424=VERTEX_POINT('',#14725);
#4425=VERTEX_POINT('',#14727);
#4426=VERTEX_POINT('',#14729);
#4427=VERTEX_POINT('',#14733);
#4428=VERTEX_POINT('',#14735);
#4429=VERTEX_POINT('',#14739);
#4430=VERTEX_POINT('',#14741);
#4431=VERTEX_POINT('',#14748);
#4432=VERTEX_POINT('',#14749);
#4433=VERTEX_POINT('',#14751);
#4434=VERTEX_POINT('',#14753);
#4435=VERTEX_POINT('',#14757);
#4436=VERTEX_POINT('',#14759);
#4437=VERTEX_POINT('',#14763);
#4438=VERTEX_POINT('',#14765);
#4439=VERTEX_POINT('',#14772);
#4440=VERTEX_POINT('',#14773);
#4441=VERTEX_POINT('',#14775);
#4442=VERTEX_POINT('',#14777);
#4443=VERTEX_POINT('',#14781);
#4444=VERTEX_POINT('',#14783);
#4445=VERTEX_POINT('',#14787);
#4446=VERTEX_POINT('',#14789);
#4447=VERTEX_POINT('',#14796);
#4448=VERTEX_POINT('',#14797);
#4449=VERTEX_POINT('',#14799);
#4450=VERTEX_POINT('',#14801);
#4451=VERTEX_POINT('',#14805);
#4452=VERTEX_POINT('',#14807);
#4453=VERTEX_POINT('',#14811);
#4454=VERTEX_POINT('',#14813);
#4455=VERTEX_POINT('',#14820);
#4456=VERTEX_POINT('',#14821);
#4457=VERTEX_POINT('',#14823);
#4458=VERTEX_POINT('',#14825);
#4459=VERTEX_POINT('',#14829);
#4460=VERTEX_POINT('',#14831);
#4461=VERTEX_POINT('',#14835);
#4462=VERTEX_POINT('',#14837);
#4463=VERTEX_POINT('',#14844);
#4464=VERTEX_POINT('',#14845);
#4465=VERTEX_POINT('',#14847);
#4466=VERTEX_POINT('',#14849);
#4467=VERTEX_POINT('',#14853);
#4468=VERTEX_POINT('',#14855);
#4469=VERTEX_POINT('',#14859);
#4470=VERTEX_POINT('',#14861);
#4471=VERTEX_POINT('',#14868);
#4472=VERTEX_POINT('',#14869);
#4473=VERTEX_POINT('',#14871);
#4474=VERTEX_POINT('',#14873);
#4475=VERTEX_POINT('',#14877);
#4476=VERTEX_POINT('',#14879);
#4477=VERTEX_POINT('',#14883);
#4478=VERTEX_POINT('',#14885);
#4479=VERTEX_POINT('',#14892);
#4480=VERTEX_POINT('',#14893);
#4481=VERTEX_POINT('',#14895);
#4482=VERTEX_POINT('',#14897);
#4483=VERTEX_POINT('',#14901);
#4484=VERTEX_POINT('',#14903);
#4485=VERTEX_POINT('',#14907);
#4486=VERTEX_POINT('',#14909);
#4487=VERTEX_POINT('',#14916);
#4488=VERTEX_POINT('',#14917);
#4489=VERTEX_POINT('',#14919);
#4490=VERTEX_POINT('',#14921);
#4491=VERTEX_POINT('',#14925);
#4492=VERTEX_POINT('',#14927);
#4493=VERTEX_POINT('',#14931);
#4494=VERTEX_POINT('',#14933);
#4495=VERTEX_POINT('',#14940);
#4496=VERTEX_POINT('',#14941);
#4497=VERTEX_POINT('',#14943);
#4498=VERTEX_POINT('',#14945);
#4499=VERTEX_POINT('',#14949);
#4500=VERTEX_POINT('',#14951);
#4501=VERTEX_POINT('',#14955);
#4502=VERTEX_POINT('',#14957);
#4503=VERTEX_POINT('',#14964);
#4504=VERTEX_POINT('',#14965);
#4505=VERTEX_POINT('',#14967);
#4506=VERTEX_POINT('',#14969);
#4507=VERTEX_POINT('',#14973);
#4508=VERTEX_POINT('',#14975);
#4509=VERTEX_POINT('',#14979);
#4510=VERTEX_POINT('',#14981);
#4511=VERTEX_POINT('',#14988);
#4512=VERTEX_POINT('',#14989);
#4513=VERTEX_POINT('',#14991);
#4514=VERTEX_POINT('',#14993);
#4515=VERTEX_POINT('',#14997);
#4516=VERTEX_POINT('',#14999);
#4517=VERTEX_POINT('',#15003);
#4518=VERTEX_POINT('',#15005);
#4519=VERTEX_POINT('',#15012);
#4520=VERTEX_POINT('',#15013);
#4521=VERTEX_POINT('',#15015);
#4522=VERTEX_POINT('',#15017);
#4523=VERTEX_POINT('',#15021);
#4524=VERTEX_POINT('',#15023);
#4525=VERTEX_POINT('',#15027);
#4526=VERTEX_POINT('',#15029);
#4527=VERTEX_POINT('',#15036);
#4528=VERTEX_POINT('',#15037);
#4529=VERTEX_POINT('',#15039);
#4530=VERTEX_POINT('',#15041);
#4531=VERTEX_POINT('',#15045);
#4532=VERTEX_POINT('',#15047);
#4533=VERTEX_POINT('',#15051);
#4534=VERTEX_POINT('',#15053);
#4535=VERTEX_POINT('',#15060);
#4536=VERTEX_POINT('',#15061);
#4537=VERTEX_POINT('',#15063);
#4538=VERTEX_POINT('',#15065);
#4539=VERTEX_POINT('',#15069);
#4540=VERTEX_POINT('',#15070);
#4541=VERTEX_POINT('',#15072);
#4542=VERTEX_POINT('',#15074);
#4543=VERTEX_POINT('',#15078);
#4544=VERTEX_POINT('',#15079);
#4545=VERTEX_POINT('',#15081);
#4546=VERTEX_POINT('',#15083);
#4547=VERTEX_POINT('',#15087);
#4548=VERTEX_POINT('',#15088);
#4549=VERTEX_POINT('',#15090);
#4550=VERTEX_POINT('',#15092);
#4551=VERTEX_POINT('',#15096);
#4552=VERTEX_POINT('',#15097);
#4553=VERTEX_POINT('',#15099);
#4554=VERTEX_POINT('',#15101);
#4555=VERTEX_POINT('',#15105);
#4556=VERTEX_POINT('',#15106);
#4557=VERTEX_POINT('',#15108);
#4558=VERTEX_POINT('',#15110);
#4559=VERTEX_POINT('',#15114);
#4560=VERTEX_POINT('',#15115);
#4561=VERTEX_POINT('',#15117);
#4562=VERTEX_POINT('',#15119);
#4563=VERTEX_POINT('',#15123);
#4564=VERTEX_POINT('',#15124);
#4565=VERTEX_POINT('',#15126);
#4566=VERTEX_POINT('',#15128);
#4567=VERTEX_POINT('',#15132);
#4568=VERTEX_POINT('',#15133);
#4569=VERTEX_POINT('',#15135);
#4570=VERTEX_POINT('',#15137);
#4571=VERTEX_POINT('',#15141);
#4572=VERTEX_POINT('',#15142);
#4573=VERTEX_POINT('',#15144);
#4574=VERTEX_POINT('',#15146);
#4575=VERTEX_POINT('',#15150);
#4576=VERTEX_POINT('',#15151);
#4577=VERTEX_POINT('',#15153);
#4578=VERTEX_POINT('',#15155);
#4579=VERTEX_POINT('',#15159);
#4580=VERTEX_POINT('',#15160);
#4581=VERTEX_POINT('',#15162);
#4582=VERTEX_POINT('',#15164);
#4583=VERTEX_POINT('',#15168);
#4584=VERTEX_POINT('',#15169);
#4585=VERTEX_POINT('',#15171);
#4586=VERTEX_POINT('',#15173);
#4587=VERTEX_POINT('',#15177);
#4588=VERTEX_POINT('',#15178);
#4589=VERTEX_POINT('',#15180);
#4590=VERTEX_POINT('',#15182);
#4591=VERTEX_POINT('',#15186);
#4592=VERTEX_POINT('',#15187);
#4593=VERTEX_POINT('',#15189);
#4594=VERTEX_POINT('',#15191);
#4595=VERTEX_POINT('',#15195);
#4596=VERTEX_POINT('',#15196);
#4597=VERTEX_POINT('',#15198);
#4598=VERTEX_POINT('',#15200);
#4599=VERTEX_POINT('',#15204);
#4600=VERTEX_POINT('',#15205);
#4601=VERTEX_POINT('',#15207);
#4602=VERTEX_POINT('',#15209);
#4603=VERTEX_POINT('',#15213);
#4604=VERTEX_POINT('',#15215);
#4605=VERTEX_POINT('',#15219);
#4606=VERTEX_POINT('',#15221);
#4607=VERTEX_POINT('',#15225);
#4608=VERTEX_POINT('',#15227);
#4609=VERTEX_POINT('',#15231);
#4610=VERTEX_POINT('',#15233);
#4611=VERTEX_POINT('',#15237);
#4612=VERTEX_POINT('',#15239);
#4613=VERTEX_POINT('',#15243);
#4614=VERTEX_POINT('',#15245);
#4615=VERTEX_POINT('',#15249);
#4616=VERTEX_POINT('',#15251);
#4617=VERTEX_POINT('',#15255);
#4618=VERTEX_POINT('',#15257);
#4619=VERTEX_POINT('',#15261);
#4620=VERTEX_POINT('',#15263);
#4621=VERTEX_POINT('',#15267);
#4622=VERTEX_POINT('',#15269);
#4623=VERTEX_POINT('',#15273);
#4624=VERTEX_POINT('',#15275);
#4625=VERTEX_POINT('',#15279);
#4626=VERTEX_POINT('',#15281);
#4627=VERTEX_POINT('',#15285);
#4628=VERTEX_POINT('',#15287);
#4629=VERTEX_POINT('',#15291);
#4630=VERTEX_POINT('',#15293);
#4631=VERTEX_POINT('',#15297);
#4632=VERTEX_POINT('',#15299);
#4633=VERTEX_POINT('',#15303);
#4634=VERTEX_POINT('',#15305);
#4635=VERTEX_POINT('',#15309);
#4636=VERTEX_POINT('',#15311);
#4637=VERTEX_POINT('',#15315);
#4638=VERTEX_POINT('',#15317);
#4639=VERTEX_POINT('',#15321);
#4640=VERTEX_POINT('',#15323);
#4641=VERTEX_POINT('',#15327);
#4642=VERTEX_POINT('',#15329);
#4643=VERTEX_POINT('',#15333);
#4644=VERTEX_POINT('',#15335);
#4645=VERTEX_POINT('',#15339);
#4646=VERTEX_POINT('',#15341);
#4647=VERTEX_POINT('',#15345);
#4648=VERTEX_POINT('',#15347);
#4649=VERTEX_POINT('',#15351);
#4650=VERTEX_POINT('',#15353);
#4651=VERTEX_POINT('',#15357);
#4652=VERTEX_POINT('',#15359);
#4653=VERTEX_POINT('',#15363);
#4654=VERTEX_POINT('',#15365);
#4655=VERTEX_POINT('',#15369);
#4656=VERTEX_POINT('',#15371);
#4657=VERTEX_POINT('',#15375);
#4658=VERTEX_POINT('',#15377);
#4659=VERTEX_POINT('',#15381);
#4660=VERTEX_POINT('',#15383);
#4661=VERTEX_POINT('',#15387);
#4662=VERTEX_POINT('',#15389);
#4663=VERTEX_POINT('',#15393);
#4664=VERTEX_POINT('',#15395);
#4665=VERTEX_POINT('',#15399);
#4666=VERTEX_POINT('',#15401);
#4667=VERTEX_POINT('',#15405);
#4668=VERTEX_POINT('',#15407);
#4669=VERTEX_POINT('',#15427);
#4670=VERTEX_POINT('',#15429);
#4671=VERTEX_POINT('',#15431);
#4672=VERTEX_POINT('',#15433);
#4673=VERTEX_POINT('',#15435);
#4674=VERTEX_POINT('',#15437);
#4675=VERTEX_POINT('',#15439);
#4676=VERTEX_POINT('',#15441);
#4677=VERTEX_POINT('',#15443);
#4678=VERTEX_POINT('',#15445);
#4679=VERTEX_POINT('',#15447);
#4680=VERTEX_POINT('',#15449);
#4681=VERTEX_POINT('',#15451);
#4682=VERTEX_POINT('',#15453);
#4683=VERTEX_POINT('',#15455);
#4684=VERTEX_POINT('',#15457);
#4685=VERTEX_POINT('',#15459);
#4686=VERTEX_POINT('',#15461);
#4687=VERTEX_POINT('',#15463);
#4688=VERTEX_POINT('',#15465);
#4689=VERTEX_POINT('',#15467);
#4690=VERTEX_POINT('',#15469);
#4691=VERTEX_POINT('',#15471);
#4692=VERTEX_POINT('',#15473);
#4693=VERTEX_POINT('',#15475);
#4694=VERTEX_POINT('',#15477);
#4695=VERTEX_POINT('',#15479);
#4696=VERTEX_POINT('',#15481);
#4697=VERTEX_POINT('',#15483);
#4698=VERTEX_POINT('',#15485);
#4699=VERTEX_POINT('',#15487);
#4700=VERTEX_POINT('',#15489);
#4701=VERTEX_POINT('',#15491);
#4702=VERTEX_POINT('',#15493);
#4703=VERTEX_POINT('',#15495);
#4704=VERTEX_POINT('',#15497);
#4705=VERTEX_POINT('',#15499);
#4706=VERTEX_POINT('',#15501);
#4707=VERTEX_POINT('',#15503);
#4708=VERTEX_POINT('',#15505);
#4709=VERTEX_POINT('',#15507);
#4710=VERTEX_POINT('',#15509);
#4711=VERTEX_POINT('',#15511);
#4712=VERTEX_POINT('',#15513);
#4713=VERTEX_POINT('',#15515);
#4714=VERTEX_POINT('',#15517);
#4715=VERTEX_POINT('',#15519);
#4716=VERTEX_POINT('',#15521);
#4717=VERTEX_POINT('',#15523);
#4718=VERTEX_POINT('',#15525);
#4719=VERTEX_POINT('',#15527);
#4720=VERTEX_POINT('',#15529);
#4721=VERTEX_POINT('',#15531);
#4722=VERTEX_POINT('',#15533);
#4723=VERTEX_POINT('',#15535);
#4724=VERTEX_POINT('',#15537);
#4725=VERTEX_POINT('',#15539);
#4726=VERTEX_POINT('',#15541);
#4727=VERTEX_POINT('',#15543);
#4728=VERTEX_POINT('',#15545);
#4729=VERTEX_POINT('',#15547);
#4730=VERTEX_POINT('',#15549);
#4731=VERTEX_POINT('',#15551);
#4732=VERTEX_POINT('',#15553);
#4733=VERTEX_POINT('',#15555);
#4734=VERTEX_POINT('',#15559);
#4735=VERTEX_POINT('',#15593);
#4736=VERTEX_POINT('',#15597);
#4737=VERTEX_POINT('',#15599);
#4738=VERTEX_POINT('',#15603);
#4739=VERTEX_POINT('',#15605);
#4740=VERTEX_POINT('',#15609);
#4741=VERTEX_POINT('',#15611);
#4742=VERTEX_POINT('',#15615);
#4743=VERTEX_POINT('',#15617);
#4744=VERTEX_POINT('',#15621);
#4745=VERTEX_POINT('',#15623);
#4746=VERTEX_POINT('',#15627);
#4747=VERTEX_POINT('',#15629);
#4748=VERTEX_POINT('',#15633);
#4749=VERTEX_POINT('',#15635);
#4750=VERTEX_POINT('',#15639);
#4751=VERTEX_POINT('',#15641);
#4752=VERTEX_POINT('',#15645);
#4753=VERTEX_POINT('',#15647);
#4754=VERTEX_POINT('',#15651);
#4755=VERTEX_POINT('',#15653);
#4756=VERTEX_POINT('',#15657);
#4757=VERTEX_POINT('',#15659);
#4758=VERTEX_POINT('',#15663);
#4759=VERTEX_POINT('',#15665);
#4760=VERTEX_POINT('',#15669);
#4761=VERTEX_POINT('',#15671);
#4762=VERTEX_POINT('',#15675);
#4763=VERTEX_POINT('',#15677);
#4764=VERTEX_POINT('',#15681);
#4765=VERTEX_POINT('',#15683);
#4766=VERTEX_POINT('',#15687);
#4767=VERTEX_POINT('',#15691);
#4768=VERTEX_POINT('',#15695);
#4769=VERTEX_POINT('',#15699);
#4770=VERTEX_POINT('',#15703);
#4771=VERTEX_POINT('',#15707);
#4772=VERTEX_POINT('',#15711);
#4773=VERTEX_POINT('',#15715);
#4774=VERTEX_POINT('',#15719);
#4775=VERTEX_POINT('',#15723);
#4776=VERTEX_POINT('',#15727);
#4777=VERTEX_POINT('',#15731);
#4778=VERTEX_POINT('',#15735);
#4779=VERTEX_POINT('',#15739);
#4780=VERTEX_POINT('',#15743);
#4781=VERTEX_POINT('',#15747);
#4782=VERTEX_POINT('',#15751);
#4783=VERTEX_POINT('',#15755);
#4784=VERTEX_POINT('',#15759);
#4785=VERTEX_POINT('',#15763);
#4786=VERTEX_POINT('',#15767);
#4787=VERTEX_POINT('',#15771);
#4788=VERTEX_POINT('',#15775);
#4789=VERTEX_POINT('',#15779);
#4790=VERTEX_POINT('',#15781);
#4791=VERTEX_POINT('',#15785);
#4792=VERTEX_POINT('',#15789);
#4793=VERTEX_POINT('',#15793);
#4794=VERTEX_POINT('',#15797);
#4795=VERTEX_POINT('',#15801);
#4796=VERTEX_POINT('',#15805);
#4797=VERTEX_POINT('',#15809);
#4798=VERTEX_POINT('',#15813);
#4799=EDGE_CURVE('',#3863,#3864,#1351,.T.);
#4800=EDGE_CURVE('',#3865,#3863,#1352,.T.);
#4801=EDGE_CURVE('',#3866,#3865,#1353,.T.);
#4802=EDGE_CURVE('',#3864,#3866,#1354,.T.);
#4803=EDGE_CURVE('',#3867,#3868,#1355,.T.);
#4804=EDGE_CURVE('',#3869,#3867,#1356,.T.);
#4805=EDGE_CURVE('',#3870,#3869,#1357,.T.);
#4806=EDGE_CURVE('',#3868,#3870,#1358,.T.);
#4807=EDGE_CURVE('',#3871,#3872,#1359,.T.);
#4808=EDGE_CURVE('',#3873,#3871,#1360,.T.);
#4809=EDGE_CURVE('',#3874,#3873,#1361,.T.);
#4810=EDGE_CURVE('',#3872,#3874,#1362,.T.);
#4811=EDGE_CURVE('',#3875,#3876,#1363,.T.);
#4812=EDGE_CURVE('',#3877,#3875,#1364,.T.);
#4813=EDGE_CURVE('',#3878,#3877,#1365,.T.);
#4814=EDGE_CURVE('',#3876,#3878,#1366,.T.);
#4815=EDGE_CURVE('',#3878,#3879,#1367,.T.);
#4816=EDGE_CURVE('',#3879,#3880,#1368,.T.);
#4817=EDGE_CURVE('',#3880,#3881,#1369,.T.);
#4818=EDGE_CURVE('',#3881,#3882,#1370,.T.);
#4819=EDGE_CURVE('',#3882,#3883,#1371,.T.);
#4820=EDGE_CURVE('',#3883,#3884,#1372,.T.);
#4821=EDGE_CURVE('',#3884,#3885,#1373,.T.);
#4822=EDGE_CURVE('',#3885,#3886,#1374,.T.);
#4823=EDGE_CURVE('',#3886,#3887,#1375,.T.);
#4824=EDGE_CURVE('',#3887,#3888,#1376,.T.);
#4825=EDGE_CURVE('',#3888,#3889,#1377,.T.);
#4826=EDGE_CURVE('',#3889,#3890,#1378,.T.);
#4827=EDGE_CURVE('',#3890,#3891,#1379,.T.);
#4828=EDGE_CURVE('',#3891,#3892,#1380,.T.);
#4829=EDGE_CURVE('',#3892,#3893,#1381,.T.);
#4830=EDGE_CURVE('',#3893,#3894,#1382,.T.);
#4831=EDGE_CURVE('',#3894,#3895,#1383,.T.);
#4832=EDGE_CURVE('',#3895,#3896,#1384,.T.);
#4833=EDGE_CURVE('',#3896,#3869,#1385,.T.);
#4834=EDGE_CURVE('',#3867,#3897,#1386,.T.);
#4835=EDGE_CURVE('',#3897,#3898,#1387,.T.);
#4836=EDGE_CURVE('',#3898,#3865,#1388,.T.);
#4837=EDGE_CURVE('',#3863,#3899,#1389,.T.);
#4838=EDGE_CURVE('',#3899,#3900,#1390,.T.);
#4839=EDGE_CURVE('',#3900,#3873,#1391,.T.);
#4840=EDGE_CURVE('',#3871,#3901,#1392,.T.);
#4841=EDGE_CURVE('',#3901,#3902,#1393,.T.);
#4842=EDGE_CURVE('',#3902,#3876,#1394,.T.);
#4843=EDGE_CURVE('',#3903,#3903,#173,.T.);
#4844=EDGE_CURVE('',#3904,#3904,#174,.T.);
#4845=EDGE_CURVE('',#3905,#3905,#175,.T.);
#4846=EDGE_CURVE('',#3906,#3906,#176,.T.);
#4847=EDGE_CURVE('',#3907,#3891,#1395,.T.);
#4848=EDGE_CURVE('',#3908,#3907,#1396,.T.);
#4849=EDGE_CURVE('',#3892,#3908,#1397,.T.);
#4850=EDGE_CURVE('',#3909,#3887,#1398,.T.);
#4851=EDGE_CURVE('',#3910,#3909,#1399,.T.);
#4852=EDGE_CURVE('',#3888,#3910,#1400,.T.);
#4853=EDGE_CURVE('',#3911,#3883,#1401,.T.);
#4854=EDGE_CURVE('',#3912,#3911,#1402,.T.);
#4855=EDGE_CURVE('',#3884,#3912,#1403,.T.);
#4856=EDGE_CURVE('',#3880,#3913,#1404,.T.);
#4857=EDGE_CURVE('',#3914,#3879,#1405,.T.);
#4858=EDGE_CURVE('',#3913,#3914,#1406,.T.);
#4859=EDGE_CURVE('',#3908,#3915,#1407,.T.);
#4860=EDGE_CURVE('',#3915,#3893,#1408,.T.);
#4861=EDGE_CURVE('',#3875,#3916,#1409,.T.);
#4862=EDGE_CURVE('',#3916,#3917,#1410,.T.);
#4863=EDGE_CURVE('',#3917,#3872,#1411,.T.);
#4864=EDGE_CURVE('',#3874,#3918,#1412,.T.);
#4865=EDGE_CURVE('',#3918,#3919,#1413,.T.);
#4866=EDGE_CURVE('',#3919,#3864,#1414,.T.);
#4867=EDGE_CURVE('',#3866,#3920,#1415,.T.);
#4868=EDGE_CURVE('',#3920,#3921,#1416,.T.);
#4869=EDGE_CURVE('',#3921,#3868,#1417,.T.);
#4870=EDGE_CURVE('',#3922,#3870,#1418,.T.);
#4871=EDGE_CURVE('',#3923,#3922,#1419,.T.);
#4872=EDGE_CURVE('',#3924,#3923,#1420,.T.);
#4873=EDGE_CURVE('',#3915,#3924,#1421,.T.);
#4874=EDGE_CURVE('',#3907,#3925,#1422,.T.);
#4875=EDGE_CURVE('',#3925,#3926,#1423,.T.);
#4876=EDGE_CURVE('',#3926,#3910,#1424,.T.);
#4877=EDGE_CURVE('',#3909,#3927,#1425,.T.);
#4878=EDGE_CURVE('',#3927,#3928,#1426,.T.);
#4879=EDGE_CURVE('',#3928,#3912,#1427,.T.);
#4880=EDGE_CURVE('',#3911,#3929,#1428,.T.);
#4881=EDGE_CURVE('',#3929,#3930,#1429,.T.);
#4882=EDGE_CURVE('',#3930,#3913,#1430,.T.);
#4883=EDGE_CURVE('',#3914,#3877,#1431,.T.);
#4884=EDGE_CURVE('',#3931,#3931,#177,.T.);
#4885=EDGE_CURVE('',#3932,#3932,#178,.T.);
#4886=EDGE_CURVE('',#3933,#3933,#179,.T.);
#4887=EDGE_CURVE('',#3934,#3934,#180,.T.);
#4888=EDGE_CURVE('',#3902,#3916,#1432,.T.);
#4889=EDGE_CURVE('',#3917,#3901,#1433,.T.);
#4890=EDGE_CURVE('',#3900,#3918,#1434,.T.);
#4891=EDGE_CURVE('',#3919,#3899,#1435,.T.);
#4892=EDGE_CURVE('',#3898,#3920,#1436,.T.);
#4893=EDGE_CURVE('',#3921,#3897,#1437,.T.);
#4894=EDGE_CURVE('',#3886,#3927,#1438,.T.);
#4895=EDGE_CURVE('',#3928,#3885,#1439,.T.);
#4896=EDGE_CURVE('',#3882,#3929,#1440,.T.);
#4897=EDGE_CURVE('',#3930,#3881,#1441,.T.);
#4898=EDGE_CURVE('',#3890,#3925,#1442,.T.);
#4899=EDGE_CURVE('',#3926,#3889,#1443,.T.);
#4900=EDGE_CURVE('',#3906,#3934,#1444,.T.);
#4901=EDGE_CURVE('',#3905,#3933,#1445,.T.);
#4902=EDGE_CURVE('',#3904,#3932,#1446,.T.);
#4903=EDGE_CURVE('',#3903,#3931,#1447,.T.);
#4904=EDGE_CURVE('',#3923,#3895,#1448,.T.);
#4905=EDGE_CURVE('',#3924,#3894,#1449,.T.);
#4906=EDGE_CURVE('',#3922,#3896,#1450,.T.);
#4907=EDGE_CURVE('',#3935,#3936,#1451,.T.);
#4908=EDGE_CURVE('',#3937,#3935,#1452,.T.);
#4909=EDGE_CURVE('',#3938,#3937,#1453,.T.);
#4910=EDGE_CURVE('',#3938,#3936,#1454,.T.);
#4911=EDGE_CURVE('',#3936,#3939,#1455,.T.);
#4912=EDGE_CURVE('',#3940,#3938,#1456,.T.);
#4913=EDGE_CURVE('',#3939,#3940,#1457,.T.);
#4914=EDGE_CURVE('',#3941,#3935,#1458,.T.);
#4915=EDGE_CURVE('',#3942,#3941,#1459,.T.);
#4916=EDGE_CURVE('',#3937,#3942,#1460,.T.);
#4917=EDGE_CURVE('',#3943,#3944,#1461,.T.);
#4918=EDGE_CURVE('',#3945,#3943,#1462,.T.);
#4919=EDGE_CURVE('',#3946,#3945,#1463,.T.);
#4920=EDGE_CURVE('',#3946,#3944,#1464,.T.);
#4921=EDGE_CURVE('',#3944,#3947,#1465,.T.);
#4922=EDGE_CURVE('',#3948,#3946,#1466,.T.);
#4923=EDGE_CURVE('',#3947,#3948,#1467,.T.);
#4924=EDGE_CURVE('',#3949,#3943,#1468,.T.);
#4925=EDGE_CURVE('',#3950,#3949,#1469,.T.);
#4926=EDGE_CURVE('',#3945,#3950,#1470,.T.);
#4927=EDGE_CURVE('',#3951,#3952,#1471,.T.);
#4928=EDGE_CURVE('',#3953,#3951,#1472,.T.);
#4929=EDGE_CURVE('',#3954,#3953,#1473,.T.);
#4930=EDGE_CURVE('',#3954,#3952,#1474,.T.);
#4931=EDGE_CURVE('',#3952,#3955,#1475,.T.);
#4932=EDGE_CURVE('',#3956,#3954,#1476,.T.);
#4933=EDGE_CURVE('',#3955,#3956,#1477,.T.);
#4934=EDGE_CURVE('',#3957,#3951,#1478,.T.);
#4935=EDGE_CURVE('',#3958,#3957,#1479,.T.);
#4936=EDGE_CURVE('',#3953,#3958,#1480,.T.);
#4937=EDGE_CURVE('',#3959,#3960,#1481,.T.);
#4938=EDGE_CURVE('',#3961,#3959,#1482,.T.);
#4939=EDGE_CURVE('',#3962,#3961,#1483,.T.);
#4940=EDGE_CURVE('',#3962,#3960,#1484,.T.);
#4941=EDGE_CURVE('',#3960,#3963,#1485,.T.);
#4942=EDGE_CURVE('',#3964,#3962,#1486,.T.);
#4943=EDGE_CURVE('',#3963,#3964,#1487,.T.);
#4944=EDGE_CURVE('',#3965,#3959,#1488,.T.);
#4945=EDGE_CURVE('',#3966,#3965,#1489,.T.);
#4946=EDGE_CURVE('',#3961,#3966,#1490,.T.);
#4947=EDGE_CURVE('',#3967,#3968,#1491,.T.);
#4948=EDGE_CURVE('',#3969,#3967,#1492,.T.);
#4949=EDGE_CURVE('',#3970,#3969,#1493,.T.);
#4950=EDGE_CURVE('',#3970,#3968,#1494,.T.);
#4951=EDGE_CURVE('',#3968,#3971,#1495,.T.);
#4952=EDGE_CURVE('',#3972,#3970,#1496,.T.);
#4953=EDGE_CURVE('',#3971,#3972,#1497,.T.);
#4954=EDGE_CURVE('',#3973,#3967,#1498,.T.);
#4955=EDGE_CURVE('',#3974,#3973,#1499,.T.);
#4956=EDGE_CURVE('',#3969,#3974,#1500,.T.);
#4957=EDGE_CURVE('',#3975,#3976,#1501,.T.);
#4958=EDGE_CURVE('',#3977,#3975,#1502,.T.);
#4959=EDGE_CURVE('',#3978,#3977,#1503,.T.);
#4960=EDGE_CURVE('',#3978,#3976,#1504,.T.);
#4961=EDGE_CURVE('',#3976,#3979,#1505,.T.);
#4962=EDGE_CURVE('',#3980,#3978,#1506,.T.);
#4963=EDGE_CURVE('',#3979,#3980,#1507,.T.);
#4964=EDGE_CURVE('',#3981,#3975,#1508,.T.);
#4965=EDGE_CURVE('',#3982,#3981,#1509,.T.);
#4966=EDGE_CURVE('',#3977,#3982,#1510,.T.);
#4967=EDGE_CURVE('',#3983,#3984,#1511,.T.);
#4968=EDGE_CURVE('',#3985,#3983,#1512,.T.);
#4969=EDGE_CURVE('',#3986,#3985,#1513,.T.);
#4970=EDGE_CURVE('',#3986,#3984,#1514,.T.);
#4971=EDGE_CURVE('',#3984,#3987,#1515,.T.);
#4972=EDGE_CURVE('',#3988,#3986,#1516,.T.);
#4973=EDGE_CURVE('',#3987,#3988,#1517,.T.);
#4974=EDGE_CURVE('',#3989,#3983,#1518,.T.);
#4975=EDGE_CURVE('',#3990,#3989,#1519,.T.);
#4976=EDGE_CURVE('',#3985,#3990,#1520,.T.);
#4977=EDGE_CURVE('',#3991,#3992,#1521,.T.);
#4978=EDGE_CURVE('',#3993,#3991,#1522,.T.);
#4979=EDGE_CURVE('',#3994,#3993,#1523,.T.);
#4980=EDGE_CURVE('',#3994,#3992,#1524,.T.);
#4981=EDGE_CURVE('',#3992,#3995,#1525,.T.);
#4982=EDGE_CURVE('',#3996,#3994,#1526,.T.);
#4983=EDGE_CURVE('',#3995,#3996,#1527,.T.);
#4984=EDGE_CURVE('',#3997,#3991,#1528,.T.);
#4985=EDGE_CURVE('',#3998,#3997,#1529,.T.);
#4986=EDGE_CURVE('',#3993,#3998,#1530,.T.);
#4987=EDGE_CURVE('',#3999,#4000,#1531,.T.);
#4988=EDGE_CURVE('',#4001,#3999,#1532,.T.);
#4989=EDGE_CURVE('',#4002,#4001,#1533,.T.);
#4990=EDGE_CURVE('',#4002,#4000,#1534,.T.);
#4991=EDGE_CURVE('',#4000,#4003,#1535,.T.);
#4992=EDGE_CURVE('',#4004,#4002,#1536,.T.);
#4993=EDGE_CURVE('',#4003,#4004,#1537,.T.);
#4994=EDGE_CURVE('',#4005,#3999,#1538,.T.);
#4995=EDGE_CURVE('',#4006,#4005,#1539,.T.);
#4996=EDGE_CURVE('',#4001,#4006,#1540,.T.);
#4997=EDGE_CURVE('',#4007,#4008,#1541,.T.);
#4998=EDGE_CURVE('',#4009,#4007,#1542,.T.);
#4999=EDGE_CURVE('',#4010,#4009,#1543,.T.);
#5000=EDGE_CURVE('',#4010,#4008,#1544,.T.);
#5001=EDGE_CURVE('',#4008,#4011,#1545,.T.);
#5002=EDGE_CURVE('',#4012,#4010,#1546,.T.);
#5003=EDGE_CURVE('',#4011,#4012,#1547,.T.);
#5004=EDGE_CURVE('',#4013,#4007,#1548,.T.);
#5005=EDGE_CURVE('',#4014,#4013,#1549,.T.);
#5006=EDGE_CURVE('',#4009,#4014,#1550,.T.);
#5007=EDGE_CURVE('',#4015,#4016,#1551,.T.);
#5008=EDGE_CURVE('',#4017,#4015,#1552,.T.);
#5009=EDGE_CURVE('',#4018,#4017,#1553,.T.);
#5010=EDGE_CURVE('',#4018,#4016,#1554,.T.);
#5011=EDGE_CURVE('',#4016,#4019,#1555,.T.);
#5012=EDGE_CURVE('',#4020,#4018,#1556,.T.);
#5013=EDGE_CURVE('',#4019,#4020,#1557,.T.);
#5014=EDGE_CURVE('',#4021,#4015,#1558,.T.);
#5015=EDGE_CURVE('',#4022,#4021,#1559,.T.);
#5016=EDGE_CURVE('',#4017,#4022,#1560,.T.);
#5017=EDGE_CURVE('',#4023,#4024,#1561,.T.);
#5018=EDGE_CURVE('',#4025,#4023,#1562,.T.);
#5019=EDGE_CURVE('',#4026,#4025,#1563,.T.);
#5020=EDGE_CURVE('',#4026,#4024,#1564,.T.);
#5021=EDGE_CURVE('',#4024,#4027,#1565,.T.);
#5022=EDGE_CURVE('',#4028,#4026,#1566,.T.);
#5023=EDGE_CURVE('',#4027,#4028,#1567,.T.);
#5024=EDGE_CURVE('',#4029,#4023,#1568,.T.);
#5025=EDGE_CURVE('',#4030,#4029,#1569,.T.);
#5026=EDGE_CURVE('',#4025,#4030,#1570,.T.);
#5027=EDGE_CURVE('',#4031,#4032,#1571,.T.);
#5028=EDGE_CURVE('',#4033,#4031,#1572,.T.);
#5029=EDGE_CURVE('',#4034,#4033,#1573,.T.);
#5030=EDGE_CURVE('',#4034,#4032,#1574,.T.);
#5031=EDGE_CURVE('',#4032,#4035,#1575,.T.);
#5032=EDGE_CURVE('',#4036,#4034,#1576,.T.);
#5033=EDGE_CURVE('',#4035,#4036,#1577,.T.);
#5034=EDGE_CURVE('',#4037,#4031,#1578,.T.);
#5035=EDGE_CURVE('',#4038,#4037,#1579,.T.);
#5036=EDGE_CURVE('',#4033,#4038,#1580,.T.);
#5037=EDGE_CURVE('',#4039,#4040,#1581,.T.);
#5038=EDGE_CURVE('',#4041,#4039,#1582,.T.);
#5039=EDGE_CURVE('',#4042,#4041,#1583,.T.);
#5040=EDGE_CURVE('',#4042,#4040,#1584,.T.);
#5041=EDGE_CURVE('',#4040,#4043,#1585,.T.);
#5042=EDGE_CURVE('',#4044,#4042,#1586,.T.);
#5043=EDGE_CURVE('',#4043,#4044,#1587,.T.);
#5044=EDGE_CURVE('',#4045,#4039,#1588,.T.);
#5045=EDGE_CURVE('',#4046,#4045,#1589,.T.);
#5046=EDGE_CURVE('',#4041,#4046,#1590,.T.);
#5047=EDGE_CURVE('',#4047,#4048,#1591,.T.);
#5048=EDGE_CURVE('',#4049,#4047,#1592,.T.);
#5049=EDGE_CURVE('',#4050,#4049,#1593,.T.);
#5050=EDGE_CURVE('',#4050,#4048,#1594,.T.);
#5051=EDGE_CURVE('',#4048,#4051,#1595,.T.);
#5052=EDGE_CURVE('',#4052,#4050,#1596,.T.);
#5053=EDGE_CURVE('',#4051,#4052,#1597,.T.);
#5054=EDGE_CURVE('',#4053,#4047,#1598,.T.);
#5055=EDGE_CURVE('',#4054,#4053,#1599,.T.);
#5056=EDGE_CURVE('',#4049,#4054,#1600,.T.);
#5057=EDGE_CURVE('',#4055,#4056,#1601,.T.);
#5058=EDGE_CURVE('',#4057,#4055,#1602,.T.);
#5059=EDGE_CURVE('',#4058,#4057,#1603,.T.);
#5060=EDGE_CURVE('',#4058,#4056,#1604,.T.);
#5061=EDGE_CURVE('',#4056,#4059,#1605,.T.);
#5062=EDGE_CURVE('',#4060,#4058,#1606,.T.);
#5063=EDGE_CURVE('',#4059,#4060,#1607,.T.);
#5064=EDGE_CURVE('',#4061,#4055,#1608,.T.);
#5065=EDGE_CURVE('',#4062,#4061,#1609,.T.);
#5066=EDGE_CURVE('',#4057,#4062,#1610,.T.);
#5067=EDGE_CURVE('',#3939,#4005,#1611,.T.);
#5068=EDGE_CURVE('',#4003,#4053,#1612,.T.);
#5069=EDGE_CURVE('',#4051,#3989,#1613,.T.);
#5070=EDGE_CURVE('',#3987,#3949,#1614,.T.);
#5071=EDGE_CURVE('',#3947,#4013,#1615,.T.);
#5072=EDGE_CURVE('',#4011,#4045,#1616,.T.);
#5073=EDGE_CURVE('',#4043,#3981,#1617,.T.);
#5074=EDGE_CURVE('',#3979,#3957,#1618,.T.);
#5075=EDGE_CURVE('',#3955,#4021,#1619,.T.);
#5076=EDGE_CURVE('',#4019,#4037,#1620,.T.);
#5077=EDGE_CURVE('',#4035,#3973,#1621,.T.);
#5078=EDGE_CURVE('',#3971,#3965,#1622,.T.);
#5079=EDGE_CURVE('',#3963,#4029,#1623,.T.);
#5080=EDGE_CURVE('',#4027,#4063,#1624,.T.);
#5081=EDGE_CURVE('',#4064,#4063,#1625,.T.);
#5082=EDGE_CURVE('',#4065,#4064,#1626,.T.);
#5083=EDGE_CURVE('',#4065,#4066,#1627,.T.);
#5084=EDGE_CURVE('',#4066,#4067,#1628,.T.);
#5085=EDGE_CURVE('',#4067,#4068,#1629,.T.);
#5086=EDGE_CURVE('',#4068,#4069,#1630,.T.);
#5087=EDGE_CURVE('',#4069,#4070,#1631,.T.);
#5088=EDGE_CURVE('',#4070,#4071,#1632,.T.);
#5089=EDGE_CURVE('',#4071,#4072,#1633,.T.);
#5090=EDGE_CURVE('',#4072,#4073,#1634,.T.);
#5091=EDGE_CURVE('',#4073,#4074,#1635,.T.);
#5092=EDGE_CURVE('',#4074,#4075,#1636,.T.);
#5093=EDGE_CURVE('',#4075,#4076,#1637,.T.);
#5094=EDGE_CURVE('',#4076,#4077,#1638,.T.);
#5095=EDGE_CURVE('',#4077,#4078,#1639,.T.);
#5096=EDGE_CURVE('',#4078,#4061,#1640,.T.);
#5097=EDGE_CURVE('',#4059,#3997,#1641,.T.);
#5098=EDGE_CURVE('',#3995,#3941,#1642,.T.);
#5099=EDGE_CURVE('',#4028,#4079,#1643,.T.);
#5100=EDGE_CURVE('',#4063,#4079,#1644,.T.);
#5101=EDGE_CURVE('',#4078,#4080,#1645,.T.);
#5102=EDGE_CURVE('',#4080,#4062,#1646,.T.);
#5103=EDGE_CURVE('',#4004,#4054,#1647,.T.);
#5104=EDGE_CURVE('',#4012,#4046,#1648,.T.);
#5105=EDGE_CURVE('',#4020,#4038,#1649,.T.);
#5106=EDGE_CURVE('',#3964,#4030,#1650,.T.);
#5107=EDGE_CURVE('',#3956,#4022,#1651,.T.);
#5108=EDGE_CURVE('',#3948,#4014,#1652,.T.);
#5109=EDGE_CURVE('',#3940,#4006,#1653,.T.);
#5110=EDGE_CURVE('',#4060,#3998,#1654,.T.);
#5111=EDGE_CURVE('',#4052,#3990,#1655,.T.);
#5112=EDGE_CURVE('',#4044,#3982,#1656,.T.);
#5113=EDGE_CURVE('',#4036,#3974,#1657,.T.);
#5114=EDGE_CURVE('',#3972,#3966,#1658,.T.);
#5115=EDGE_CURVE('',#3980,#3958,#1659,.T.);
#5116=EDGE_CURVE('',#3988,#3950,#1660,.T.);
#5117=EDGE_CURVE('',#4081,#4065,#1661,.T.);
#5118=EDGE_CURVE('',#4082,#4081,#1662,.T.);
#5119=EDGE_CURVE('',#4082,#4066,#1663,.T.);
#5120=EDGE_CURVE('',#4083,#4082,#1664,.T.);
#5121=EDGE_CURVE('',#4067,#4083,#1665,.T.);
#5122=EDGE_CURVE('',#4084,#4074,#1666,.T.);
#5123=EDGE_CURVE('',#4085,#4084,#1667,.T.);
#5124=EDGE_CURVE('',#4075,#4085,#1668,.T.);
#5125=EDGE_CURVE('',#4086,#4072,#1669,.T.);
#5126=EDGE_CURVE('',#4087,#4086,#1670,.T.);
#5127=EDGE_CURVE('',#4087,#4073,#1671,.T.);
#5128=EDGE_CURVE('',#4084,#4087,#1672,.T.);
#5129=EDGE_CURVE('',#4088,#4070,#1673,.T.);
#5130=EDGE_CURVE('',#4089,#4088,#1674,.T.);
#5131=EDGE_CURVE('',#4071,#4089,#1675,.T.);
#5132=EDGE_CURVE('',#4090,#4068,#1676,.T.);
#5133=EDGE_CURVE('',#4091,#4090,#1677,.T.);
#5134=EDGE_CURVE('',#4091,#4069,#1678,.T.);
#5135=EDGE_CURVE('',#4088,#4091,#1679,.T.);
#5136=EDGE_CURVE('',#4092,#4076,#1680,.T.);
#5137=EDGE_CURVE('',#4093,#4092,#1681,.T.);
#5138=EDGE_CURVE('',#4093,#4077,#1682,.T.);
#5139=EDGE_CURVE('',#4080,#4093,#1683,.T.);
#5140=EDGE_CURVE('',#4086,#4089,#1684,.T.);
#5141=EDGE_CURVE('',#4092,#4085,#1685,.T.);
#5142=EDGE_CURVE('',#4090,#4083,#1686,.T.);
#5143=EDGE_CURVE('',#3996,#3942,#1687,.T.);
#5144=EDGE_CURVE('',#4081,#4094,#1688,.T.);
#5145=EDGE_CURVE('',#4079,#4094,#1689,.T.);
#5146=EDGE_CURVE('',#4094,#4064,#1690,.T.);
#5147=EDGE_CURVE('',#4095,#4096,#1691,.T.);
#5148=EDGE_CURVE('',#4095,#4097,#1692,.T.);
#5149=EDGE_CURVE('',#4098,#4097,#1693,.T.);
#5150=EDGE_CURVE('',#4096,#4098,#1694,.T.);
#5151=EDGE_CURVE('',#4096,#4099,#1695,.T.);
#5152=EDGE_CURVE('',#4100,#4098,#1696,.T.);
#5153=EDGE_CURVE('',#4099,#4100,#1697,.T.);
#5154=EDGE_CURVE('',#4101,#4095,#1698,.T.);
#5155=EDGE_CURVE('',#4102,#4101,#1699,.T.);
#5156=EDGE_CURVE('',#4097,#4102,#1700,.T.);
#5157=EDGE_CURVE('',#4103,#4104,#1701,.T.);
#5158=EDGE_CURVE('',#4103,#4105,#1702,.T.);
#5159=EDGE_CURVE('',#4106,#4105,#1703,.T.);
#5160=EDGE_CURVE('',#4104,#4106,#1704,.T.);
#5161=EDGE_CURVE('',#4104,#4107,#1705,.T.);
#5162=EDGE_CURVE('',#4108,#4106,#1706,.T.);
#5163=EDGE_CURVE('',#4107,#4108,#1707,.T.);
#5164=EDGE_CURVE('',#4109,#4103,#1708,.T.);
#5165=EDGE_CURVE('',#4110,#4109,#1709,.T.);
#5166=EDGE_CURVE('',#4105,#4110,#1710,.T.);
#5167=EDGE_CURVE('',#4111,#4112,#1711,.T.);
#5168=EDGE_CURVE('',#4111,#4113,#1712,.T.);
#5169=EDGE_CURVE('',#4114,#4113,#1713,.T.);
#5170=EDGE_CURVE('',#4112,#4114,#1714,.T.);
#5171=EDGE_CURVE('',#4112,#4115,#1715,.T.);
#5172=EDGE_CURVE('',#4116,#4114,#1716,.T.);
#5173=EDGE_CURVE('',#4115,#4116,#1717,.T.);
#5174=EDGE_CURVE('',#4117,#4111,#1718,.T.);
#5175=EDGE_CURVE('',#4118,#4117,#1719,.T.);
#5176=EDGE_CURVE('',#4113,#4118,#1720,.T.);
#5177=EDGE_CURVE('',#4119,#4120,#1721,.T.);
#5178=EDGE_CURVE('',#4119,#4121,#1722,.T.);
#5179=EDGE_CURVE('',#4122,#4121,#1723,.T.);
#5180=EDGE_CURVE('',#4120,#4122,#1724,.T.);
#5181=EDGE_CURVE('',#4120,#4123,#1725,.T.);
#5182=EDGE_CURVE('',#4124,#4122,#1726,.T.);
#5183=EDGE_CURVE('',#4123,#4124,#1727,.T.);
#5184=EDGE_CURVE('',#4125,#4119,#1728,.T.);
#5185=EDGE_CURVE('',#4126,#4125,#1729,.T.);
#5186=EDGE_CURVE('',#4121,#4126,#1730,.T.);
#5187=EDGE_CURVE('',#4127,#4128,#1731,.T.);
#5188=EDGE_CURVE('',#4127,#4129,#1732,.T.);
#5189=EDGE_CURVE('',#4130,#4129,#1733,.T.);
#5190=EDGE_CURVE('',#4128,#4130,#1734,.T.);
#5191=EDGE_CURVE('',#4128,#4131,#1735,.T.);
#5192=EDGE_CURVE('',#4132,#4130,#1736,.T.);
#5193=EDGE_CURVE('',#4131,#4132,#1737,.T.);
#5194=EDGE_CURVE('',#4133,#4127,#1738,.T.);
#5195=EDGE_CURVE('',#4134,#4133,#1739,.T.);
#5196=EDGE_CURVE('',#4129,#4134,#1740,.T.);
#5197=EDGE_CURVE('',#4135,#4136,#1741,.T.);
#5198=EDGE_CURVE('',#4135,#4137,#1742,.T.);
#5199=EDGE_CURVE('',#4138,#4137,#1743,.T.);
#5200=EDGE_CURVE('',#4136,#4138,#1744,.T.);
#5201=EDGE_CURVE('',#4136,#4139,#1745,.T.);
#5202=EDGE_CURVE('',#4140,#4138,#1746,.T.);
#5203=EDGE_CURVE('',#4139,#4140,#1747,.T.);
#5204=EDGE_CURVE('',#4141,#4135,#1748,.T.);
#5205=EDGE_CURVE('',#4142,#4141,#1749,.T.);
#5206=EDGE_CURVE('',#4137,#4142,#1750,.T.);
#5207=EDGE_CURVE('',#4143,#4144,#1751,.T.);
#5208=EDGE_CURVE('',#4143,#4145,#1752,.T.);
#5209=EDGE_CURVE('',#4146,#4145,#1753,.T.);
#5210=EDGE_CURVE('',#4144,#4146,#1754,.T.);
#5211=EDGE_CURVE('',#4144,#4147,#1755,.T.);
#5212=EDGE_CURVE('',#4148,#4146,#1756,.T.);
#5213=EDGE_CURVE('',#4147,#4148,#1757,.T.);
#5214=EDGE_CURVE('',#4149,#4143,#1758,.T.);
#5215=EDGE_CURVE('',#4150,#4149,#1759,.T.);
#5216=EDGE_CURVE('',#4145,#4150,#1760,.T.);
#5217=EDGE_CURVE('',#4151,#4152,#1761,.T.);
#5218=EDGE_CURVE('',#4151,#4153,#1762,.T.);
#5219=EDGE_CURVE('',#4154,#4153,#1763,.T.);
#5220=EDGE_CURVE('',#4152,#4154,#1764,.T.);
#5221=EDGE_CURVE('',#4152,#4155,#1765,.T.);
#5222=EDGE_CURVE('',#4156,#4154,#1766,.T.);
#5223=EDGE_CURVE('',#4155,#4156,#1767,.T.);
#5224=EDGE_CURVE('',#4157,#4151,#1768,.T.);
#5225=EDGE_CURVE('',#4158,#4157,#1769,.T.);
#5226=EDGE_CURVE('',#4153,#4158,#1770,.T.);
#5227=EDGE_CURVE('',#4159,#4160,#1771,.T.);
#5228=EDGE_CURVE('',#4159,#4161,#1772,.T.);
#5229=EDGE_CURVE('',#4162,#4161,#1773,.T.);
#5230=EDGE_CURVE('',#4160,#4162,#1774,.T.);
#5231=EDGE_CURVE('',#4160,#4163,#1775,.T.);
#5232=EDGE_CURVE('',#4164,#4162,#1776,.T.);
#5233=EDGE_CURVE('',#4163,#4164,#1777,.T.);
#5234=EDGE_CURVE('',#4165,#4159,#1778,.T.);
#5235=EDGE_CURVE('',#4166,#4165,#1779,.T.);
#5236=EDGE_CURVE('',#4161,#4166,#1780,.T.);
#5237=EDGE_CURVE('',#4167,#4168,#1781,.T.);
#5238=EDGE_CURVE('',#4167,#4169,#1782,.T.);
#5239=EDGE_CURVE('',#4170,#4169,#1783,.T.);
#5240=EDGE_CURVE('',#4168,#4170,#1784,.T.);
#5241=EDGE_CURVE('',#4168,#4171,#1785,.T.);
#5242=EDGE_CURVE('',#4172,#4170,#1786,.T.);
#5243=EDGE_CURVE('',#4171,#4172,#1787,.T.);
#5244=EDGE_CURVE('',#4173,#4167,#1788,.T.);
#5245=EDGE_CURVE('',#4174,#4173,#1789,.T.);
#5246=EDGE_CURVE('',#4169,#4174,#1790,.T.);
#5247=EDGE_CURVE('',#4175,#4176,#1791,.T.);
#5248=EDGE_CURVE('',#4175,#4177,#1792,.T.);
#5249=EDGE_CURVE('',#4178,#4177,#1793,.T.);
#5250=EDGE_CURVE('',#4176,#4178,#1794,.T.);
#5251=EDGE_CURVE('',#4176,#4179,#1795,.T.);
#5252=EDGE_CURVE('',#4180,#4178,#1796,.T.);
#5253=EDGE_CURVE('',#4179,#4180,#1797,.T.);
#5254=EDGE_CURVE('',#4181,#4175,#1798,.T.);
#5255=EDGE_CURVE('',#4182,#4181,#1799,.T.);
#5256=EDGE_CURVE('',#4177,#4182,#1800,.T.);
#5257=EDGE_CURVE('',#4183,#4184,#1801,.T.);
#5258=EDGE_CURVE('',#4183,#4185,#1802,.T.);
#5259=EDGE_CURVE('',#4186,#4185,#1803,.T.);
#5260=EDGE_CURVE('',#4184,#4186,#1804,.T.);
#5261=EDGE_CURVE('',#4184,#4187,#1805,.T.);
#5262=EDGE_CURVE('',#4188,#4186,#1806,.T.);
#5263=EDGE_CURVE('',#4187,#4188,#1807,.T.);
#5264=EDGE_CURVE('',#4189,#4183,#1808,.T.);
#5265=EDGE_CURVE('',#4190,#4189,#1809,.T.);
#5266=EDGE_CURVE('',#4185,#4190,#1810,.T.);
#5267=EDGE_CURVE('',#4191,#4192,#1811,.T.);
#5268=EDGE_CURVE('',#4191,#4193,#1812,.T.);
#5269=EDGE_CURVE('',#4194,#4193,#1813,.T.);
#5270=EDGE_CURVE('',#4192,#4194,#1814,.T.);
#5271=EDGE_CURVE('',#4192,#4195,#1815,.T.);
#5272=EDGE_CURVE('',#4196,#4194,#1816,.T.);
#5273=EDGE_CURVE('',#4195,#4196,#1817,.T.);
#5274=EDGE_CURVE('',#4197,#4191,#1818,.T.);
#5275=EDGE_CURVE('',#4198,#4197,#1819,.T.);
#5276=EDGE_CURVE('',#4193,#4198,#1820,.T.);
#5277=EDGE_CURVE('',#4199,#4200,#1821,.T.);
#5278=EDGE_CURVE('',#4199,#4201,#1822,.T.);
#5279=EDGE_CURVE('',#4202,#4201,#1823,.T.);
#5280=EDGE_CURVE('',#4200,#4202,#1824,.T.);
#5281=EDGE_CURVE('',#4200,#4203,#1825,.T.);
#5282=EDGE_CURVE('',#4204,#4202,#1826,.T.);
#5283=EDGE_CURVE('',#4203,#4204,#1827,.T.);
#5284=EDGE_CURVE('',#4205,#4199,#1828,.T.);
#5285=EDGE_CURVE('',#4206,#4205,#1829,.T.);
#5286=EDGE_CURVE('',#4201,#4206,#1830,.T.);
#5287=EDGE_CURVE('',#4207,#4208,#1831,.T.);
#5288=EDGE_CURVE('',#4207,#4209,#1832,.T.);
#5289=EDGE_CURVE('',#4210,#4209,#1833,.T.);
#5290=EDGE_CURVE('',#4208,#4210,#1834,.T.);
#5291=EDGE_CURVE('',#4208,#4211,#1835,.T.);
#5292=EDGE_CURVE('',#4212,#4210,#1836,.T.);
#5293=EDGE_CURVE('',#4211,#4212,#1837,.T.);
#5294=EDGE_CURVE('',#4213,#4207,#1838,.T.);
#5295=EDGE_CURVE('',#4214,#4213,#1839,.T.);
#5296=EDGE_CURVE('',#4209,#4214,#1840,.T.);
#5297=EDGE_CURVE('',#4215,#4216,#1841,.T.);
#5298=EDGE_CURVE('',#4215,#4217,#1842,.T.);
#5299=EDGE_CURVE('',#4218,#4217,#1843,.T.);
#5300=EDGE_CURVE('',#4216,#4218,#1844,.T.);
#5301=EDGE_CURVE('',#4216,#4219,#1845,.T.);
#5302=EDGE_CURVE('',#4220,#4218,#1846,.T.);
#5303=EDGE_CURVE('',#4219,#4220,#1847,.T.);
#5304=EDGE_CURVE('',#4221,#4215,#1848,.T.);
#5305=EDGE_CURVE('',#4222,#4221,#1849,.T.);
#5306=EDGE_CURVE('',#4217,#4222,#1850,.T.);
#5307=EDGE_CURVE('',#4157,#4099,#1851,.T.);
#5308=EDGE_CURVE('',#4221,#4155,#1852,.T.);
#5309=EDGE_CURVE('',#4223,#4219,#1853,.T.);
#5310=EDGE_CURVE('',#4223,#4224,#1854,.T.);
#5311=EDGE_CURVE('',#4224,#4225,#1855,.T.);
#5312=EDGE_CURVE('',#4226,#4225,#1856,.T.);
#5313=EDGE_CURVE('',#4226,#4227,#1857,.T.);
#5314=EDGE_CURVE('',#4227,#4228,#1858,.T.);
#5315=EDGE_CURVE('',#4228,#4229,#1859,.T.);
#5316=EDGE_CURVE('',#4230,#4229,#1860,.T.);
#5317=EDGE_CURVE('',#4230,#4231,#1861,.T.);
#5318=EDGE_CURVE('',#4231,#4232,#1862,.T.);
#5319=EDGE_CURVE('',#4232,#4233,#1863,.T.);
#5320=EDGE_CURVE('',#4234,#4233,#1864,.T.);
#5321=EDGE_CURVE('',#4234,#4235,#1865,.T.);
#5322=EDGE_CURVE('',#4235,#4236,#1866,.T.);
#5323=EDGE_CURVE('',#4236,#4237,#1867,.T.);
#5324=EDGE_CURVE('',#4238,#4237,#1868,.T.);
#5325=EDGE_CURVE('',#4189,#4238,#1869,.T.);
#5326=EDGE_CURVE('',#4125,#4187,#1870,.T.);
#5327=EDGE_CURVE('',#4133,#4123,#1871,.T.);
#5328=EDGE_CURVE('',#4197,#4131,#1872,.T.);
#5329=EDGE_CURVE('',#4181,#4195,#1873,.T.);
#5330=EDGE_CURVE('',#4117,#4179,#1874,.T.);
#5331=EDGE_CURVE('',#4141,#4115,#1875,.T.);
#5332=EDGE_CURVE('',#4205,#4139,#1876,.T.);
#5333=EDGE_CURVE('',#4173,#4203,#1877,.T.);
#5334=EDGE_CURVE('',#4109,#4171,#1878,.T.);
#5335=EDGE_CURVE('',#4149,#4107,#1879,.T.);
#5336=EDGE_CURVE('',#4213,#4147,#1880,.T.);
#5337=EDGE_CURVE('',#4165,#4211,#1881,.T.);
#5338=EDGE_CURVE('',#4101,#4163,#1882,.T.);
#5339=EDGE_CURVE('',#4239,#4220,#1883,.T.);
#5340=EDGE_CURVE('',#4239,#4223,#1884,.T.);
#5341=EDGE_CURVE('',#4222,#4156,#1885,.T.);
#5342=EDGE_CURVE('',#4214,#4148,#1886,.T.);
#5343=EDGE_CURVE('',#4206,#4140,#1887,.T.);
#5344=EDGE_CURVE('',#4198,#4132,#1888,.T.);
#5345=EDGE_CURVE('',#4240,#4238,#1889,.T.);
#5346=EDGE_CURVE('',#4190,#4240,#1890,.T.);
#5347=EDGE_CURVE('',#4182,#4196,#1891,.T.);
#5348=EDGE_CURVE('',#4174,#4204,#1892,.T.);
#5349=EDGE_CURVE('',#4166,#4212,#1893,.T.);
#5350=EDGE_CURVE('',#4158,#4100,#1894,.T.);
#5351=EDGE_CURVE('',#4150,#4108,#1895,.T.);
#5352=EDGE_CURVE('',#4142,#4116,#1896,.T.);
#5353=EDGE_CURVE('',#4134,#4124,#1897,.T.);
#5354=EDGE_CURVE('',#4126,#4188,#1898,.T.);
#5355=EDGE_CURVE('',#4118,#4180,#1899,.T.);
#5356=EDGE_CURVE('',#4110,#4172,#1900,.T.);
#5357=EDGE_CURVE('',#4241,#4230,#1901,.T.);
#5358=EDGE_CURVE('',#4242,#4241,#1902,.T.);
#5359=EDGE_CURVE('',#4231,#4242,#1903,.T.);
#5360=EDGE_CURVE('',#4243,#4242,#1904,.T.);
#5361=EDGE_CURVE('',#4232,#4243,#1905,.T.);
#5362=EDGE_CURVE('',#4244,#4243,#1906,.T.);
#5363=EDGE_CURVE('',#4233,#4244,#1907,.T.);
#5364=EDGE_CURVE('',#4245,#4226,#1908,.T.);
#5365=EDGE_CURVE('',#4246,#4245,#1909,.T.);
#5366=EDGE_CURVE('',#4227,#4246,#1910,.T.);
#5367=EDGE_CURVE('',#4247,#4246,#1911,.T.);
#5368=EDGE_CURVE('',#4228,#4247,#1912,.T.);
#5369=EDGE_CURVE('',#4248,#4247,#1913,.T.);
#5370=EDGE_CURVE('',#4229,#4248,#1914,.T.);
#5371=EDGE_CURVE('',#4235,#4249,#1915,.T.);
#5372=EDGE_CURVE('',#4250,#4249,#1916,.T.);
#5373=EDGE_CURVE('',#4236,#4250,#1917,.T.);
#5374=EDGE_CURVE('',#4251,#4234,#1918,.T.);
#5375=EDGE_CURVE('',#4249,#4251,#1919,.T.);
#5376=EDGE_CURVE('',#4252,#4239,#1920,.T.);
#5377=EDGE_CURVE('',#4224,#4252,#1921,.T.);
#5378=EDGE_CURVE('',#4253,#4252,#1922,.T.);
#5379=EDGE_CURVE('',#4225,#4253,#1923,.T.);
#5380=EDGE_CURVE('',#4250,#4254,#1924,.T.);
#5381=EDGE_CURVE('',#4237,#4254,#1925,.T.);
#5382=EDGE_CURVE('',#4253,#4245,#1926,.T.);
#5383=EDGE_CURVE('',#4244,#4251,#1927,.T.);
#5384=EDGE_CURVE('',#4248,#4241,#1928,.T.);
#5385=EDGE_CURVE('',#4102,#4164,#1929,.T.);
#5386=EDGE_CURVE('',#4254,#4240,#1930,.T.);
#5387=EDGE_CURVE('',#4255,#4256,#1931,.T.);
#5388=EDGE_CURVE('',#4257,#4255,#1932,.T.);
#5389=EDGE_CURVE('',#4258,#4257,#1933,.T.);
#5390=EDGE_CURVE('',#4258,#4256,#1934,.T.);
#5391=EDGE_CURVE('',#4256,#4259,#181,.T.);
#5392=EDGE_CURVE('',#4260,#4258,#182,.T.);
#5393=EDGE_CURVE('',#4260,#4259,#1935,.T.);
#5394=EDGE_CURVE('',#4259,#4261,#1936,.T.);
#5395=EDGE_CURVE('',#4262,#4260,#1937,.T.);
#5396=EDGE_CURVE('',#4262,#4261,#1938,.T.);
#5397=EDGE_CURVE('',#4261,#4255,#183,.T.);
#5398=EDGE_CURVE('',#4257,#4262,#184,.T.);
#5399=EDGE_CURVE('',#4263,#4264,#1939,.T.);
#5400=EDGE_CURVE('',#4265,#4263,#1940,.T.);
#5401=EDGE_CURVE('',#4266,#4265,#1941,.T.);
#5402=EDGE_CURVE('',#4266,#4264,#1942,.T.);
#5403=EDGE_CURVE('',#4264,#4267,#185,.T.);
#5404=EDGE_CURVE('',#4268,#4266,#186,.T.);
#5405=EDGE_CURVE('',#4268,#4267,#1943,.T.);
#5406=EDGE_CURVE('',#4267,#4269,#1944,.T.);
#5407=EDGE_CURVE('',#4270,#4268,#1945,.T.);
#5408=EDGE_CURVE('',#4270,#4269,#1946,.T.);
#5409=EDGE_CURVE('',#4269,#4263,#187,.T.);
#5410=EDGE_CURVE('',#4265,#4270,#188,.T.);
#5411=EDGE_CURVE('',#4271,#4272,#1947,.T.);
#5412=EDGE_CURVE('',#4273,#4271,#1948,.T.);
#5413=EDGE_CURVE('',#4274,#4273,#1949,.T.);
#5414=EDGE_CURVE('',#4274,#4272,#1950,.T.);
#5415=EDGE_CURVE('',#4272,#4275,#189,.T.);
#5416=EDGE_CURVE('',#4276,#4274,#190,.T.);
#5417=EDGE_CURVE('',#4276,#4275,#1951,.T.);
#5418=EDGE_CURVE('',#4275,#4277,#1952,.T.);
#5419=EDGE_CURVE('',#4278,#4276,#1953,.T.);
#5420=EDGE_CURVE('',#4278,#4277,#1954,.T.);
#5421=EDGE_CURVE('',#4277,#4271,#191,.T.);
#5422=EDGE_CURVE('',#4273,#4278,#192,.T.);
#5423=EDGE_CURVE('',#4279,#4280,#1955,.T.);
#5424=EDGE_CURVE('',#4281,#4279,#1956,.T.);
#5425=EDGE_CURVE('',#4282,#4281,#1957,.T.);
#5426=EDGE_CURVE('',#4282,#4280,#1958,.T.);
#5427=EDGE_CURVE('',#4280,#4283,#193,.T.);
#5428=EDGE_CURVE('',#4284,#4282,#194,.T.);
#5429=EDGE_CURVE('',#4284,#4283,#1959,.T.);
#5430=EDGE_CURVE('',#4283,#4285,#1960,.T.);
#5431=EDGE_CURVE('',#4286,#4284,#1961,.T.);
#5432=EDGE_CURVE('',#4286,#4285,#1962,.T.);
#5433=EDGE_CURVE('',#4285,#4279,#195,.T.);
#5434=EDGE_CURVE('',#4281,#4286,#196,.T.);
#5435=EDGE_CURVE('',#4287,#4288,#1963,.T.);
#5436=EDGE_CURVE('',#4289,#4287,#1964,.T.);
#5437=EDGE_CURVE('',#4290,#4289,#1965,.T.);
#5438=EDGE_CURVE('',#4290,#4288,#1966,.T.);
#5439=EDGE_CURVE('',#4288,#4291,#197,.T.);
#5440=EDGE_CURVE('',#4292,#4290,#198,.T.);
#5441=EDGE_CURVE('',#4292,#4291,#1967,.T.);
#5442=EDGE_CURVE('',#4291,#4293,#1968,.T.);
#5443=EDGE_CURVE('',#4294,#4292,#1969,.T.);
#5444=EDGE_CURVE('',#4294,#4293,#1970,.T.);
#5445=EDGE_CURVE('',#4293,#4287,#199,.T.);
#5446=EDGE_CURVE('',#4289,#4294,#200,.T.);
#5447=EDGE_CURVE('',#4295,#4296,#1971,.T.);
#5448=EDGE_CURVE('',#4297,#4295,#1972,.T.);
#5449=EDGE_CURVE('',#4298,#4297,#1973,.T.);
#5450=EDGE_CURVE('',#4298,#4296,#1974,.T.);
#5451=EDGE_CURVE('',#4296,#4299,#201,.T.);
#5452=EDGE_CURVE('',#4300,#4298,#202,.T.);
#5453=EDGE_CURVE('',#4300,#4299,#1975,.T.);
#5454=EDGE_CURVE('',#4299,#4301,#1976,.T.);
#5455=EDGE_CURVE('',#4302,#4300,#1977,.T.);
#5456=EDGE_CURVE('',#4302,#4301,#1978,.T.);
#5457=EDGE_CURVE('',#4301,#4295,#203,.T.);
#5458=EDGE_CURVE('',#4297,#4302,#204,.T.);
#5459=EDGE_CURVE('',#4303,#4304,#1979,.T.);
#5460=EDGE_CURVE('',#4305,#4303,#1980,.T.);
#5461=EDGE_CURVE('',#4306,#4305,#1981,.T.);
#5462=EDGE_CURVE('',#4306,#4304,#1982,.T.);
#5463=EDGE_CURVE('',#4304,#4307,#205,.T.);
#5464=EDGE_CURVE('',#4308,#4306,#206,.T.);
#5465=EDGE_CURVE('',#4308,#4307,#1983,.T.);
#5466=EDGE_CURVE('',#4307,#4309,#1984,.T.);
#5467=EDGE_CURVE('',#4310,#4308,#1985,.T.);
#5468=EDGE_CURVE('',#4310,#4309,#1986,.T.);
#5469=EDGE_CURVE('',#4309,#4303,#207,.T.);
#5470=EDGE_CURVE('',#4305,#4310,#208,.T.);
#5471=EDGE_CURVE('',#4311,#4312,#1987,.T.);
#5472=EDGE_CURVE('',#4313,#4311,#1988,.T.);
#5473=EDGE_CURVE('',#4314,#4313,#1989,.T.);
#5474=EDGE_CURVE('',#4314,#4312,#1990,.T.);
#5475=EDGE_CURVE('',#4312,#4315,#209,.T.);
#5476=EDGE_CURVE('',#4316,#4314,#210,.T.);
#5477=EDGE_CURVE('',#4316,#4315,#1991,.T.);
#5478=EDGE_CURVE('',#4315,#4317,#1992,.T.);
#5479=EDGE_CURVE('',#4318,#4316,#1993,.T.);
#5480=EDGE_CURVE('',#4318,#4317,#1994,.T.);
#5481=EDGE_CURVE('',#4317,#4311,#211,.T.);
#5482=EDGE_CURVE('',#4313,#4318,#212,.T.);
#5483=EDGE_CURVE('',#4319,#4320,#1995,.T.);
#5484=EDGE_CURVE('',#4321,#4319,#1996,.T.);
#5485=EDGE_CURVE('',#4322,#4321,#1997,.T.);
#5486=EDGE_CURVE('',#4322,#4320,#1998,.T.);
#5487=EDGE_CURVE('',#4320,#4323,#213,.T.);
#5488=EDGE_CURVE('',#4324,#4322,#214,.T.);
#5489=EDGE_CURVE('',#4324,#4323,#1999,.T.);
#5490=EDGE_CURVE('',#4323,#4325,#2000,.T.);
#5491=EDGE_CURVE('',#4326,#4324,#2001,.T.);
#5492=EDGE_CURVE('',#4326,#4325,#2002,.T.);
#5493=EDGE_CURVE('',#4325,#4319,#215,.T.);
#5494=EDGE_CURVE('',#4321,#4326,#216,.T.);
#5495=EDGE_CURVE('',#4327,#4328,#2003,.T.);
#5496=EDGE_CURVE('',#4329,#4327,#2004,.T.);
#5497=EDGE_CURVE('',#4330,#4329,#2005,.T.);
#5498=EDGE_CURVE('',#4330,#4328,#2006,.T.);
#5499=EDGE_CURVE('',#4328,#4331,#217,.T.);
#5500=EDGE_CURVE('',#4332,#4330,#218,.T.);
#5501=EDGE_CURVE('',#4332,#4331,#2007,.T.);
#5502=EDGE_CURVE('',#4331,#4333,#2008,.T.);
#5503=EDGE_CURVE('',#4334,#4332,#2009,.T.);
#5504=EDGE_CURVE('',#4334,#4333,#2010,.T.);
#5505=EDGE_CURVE('',#4333,#4327,#219,.T.);
#5506=EDGE_CURVE('',#4329,#4334,#220,.T.);
#5507=EDGE_CURVE('',#4335,#4336,#2011,.T.);
#5508=EDGE_CURVE('',#4337,#4335,#2012,.T.);
#5509=EDGE_CURVE('',#4338,#4337,#2013,.T.);
#5510=EDGE_CURVE('',#4338,#4336,#2014,.T.);
#5511=EDGE_CURVE('',#4336,#4339,#221,.T.);
#5512=EDGE_CURVE('',#4340,#4338,#222,.T.);
#5513=EDGE_CURVE('',#4340,#4339,#2015,.T.);
#5514=EDGE_CURVE('',#4339,#4341,#2016,.T.);
#5515=EDGE_CURVE('',#4342,#4340,#2017,.T.);
#5516=EDGE_CURVE('',#4342,#4341,#2018,.T.);
#5517=EDGE_CURVE('',#4341,#4335,#223,.T.);
#5518=EDGE_CURVE('',#4337,#4342,#224,.T.);
#5519=EDGE_CURVE('',#4343,#4344,#2019,.T.);
#5520=EDGE_CURVE('',#4345,#4343,#2020,.T.);
#5521=EDGE_CURVE('',#4346,#4345,#2021,.T.);
#5522=EDGE_CURVE('',#4346,#4344,#2022,.T.);
#5523=EDGE_CURVE('',#4344,#4347,#225,.T.);
#5524=EDGE_CURVE('',#4348,#4346,#226,.T.);
#5525=EDGE_CURVE('',#4348,#4347,#2023,.T.);
#5526=EDGE_CURVE('',#4347,#4349,#2024,.T.);
#5527=EDGE_CURVE('',#4350,#4348,#2025,.T.);
#5528=EDGE_CURVE('',#4350,#4349,#2026,.T.);
#5529=EDGE_CURVE('',#4349,#4343,#227,.T.);
#5530=EDGE_CURVE('',#4345,#4350,#228,.T.);
#5531=EDGE_CURVE('',#4351,#4352,#2027,.T.);
#5532=EDGE_CURVE('',#4353,#4351,#2028,.T.);
#5533=EDGE_CURVE('',#4354,#4353,#2029,.T.);
#5534=EDGE_CURVE('',#4354,#4352,#2030,.T.);
#5535=EDGE_CURVE('',#4352,#4355,#229,.T.);
#5536=EDGE_CURVE('',#4356,#4354,#230,.T.);
#5537=EDGE_CURVE('',#4356,#4355,#2031,.T.);
#5538=EDGE_CURVE('',#4355,#4357,#2032,.T.);
#5539=EDGE_CURVE('',#4358,#4356,#2033,.T.);
#5540=EDGE_CURVE('',#4358,#4357,#2034,.T.);
#5541=EDGE_CURVE('',#4357,#4351,#231,.T.);
#5542=EDGE_CURVE('',#4353,#4358,#232,.T.);
#5543=EDGE_CURVE('',#4359,#4360,#2035,.T.);
#5544=EDGE_CURVE('',#4361,#4359,#2036,.T.);
#5545=EDGE_CURVE('',#4362,#4361,#2037,.T.);
#5546=EDGE_CURVE('',#4362,#4360,#2038,.T.);
#5547=EDGE_CURVE('',#4360,#4363,#233,.T.);
#5548=EDGE_CURVE('',#4364,#4362,#234,.T.);
#5549=EDGE_CURVE('',#4364,#4363,#2039,.T.);
#5550=EDGE_CURVE('',#4363,#4365,#2040,.T.);
#5551=EDGE_CURVE('',#4366,#4364,#2041,.T.);
#5552=EDGE_CURVE('',#4366,#4365,#2042,.T.);
#5553=EDGE_CURVE('',#4365,#4359,#235,.T.);
#5554=EDGE_CURVE('',#4361,#4366,#236,.T.);
#5555=EDGE_CURVE('',#4367,#4368,#2043,.T.);
#5556=EDGE_CURVE('',#4369,#4367,#2044,.T.);
#5557=EDGE_CURVE('',#4370,#4369,#2045,.T.);
#5558=EDGE_CURVE('',#4370,#4368,#2046,.T.);
#5559=EDGE_CURVE('',#4368,#4371,#237,.T.);
#5560=EDGE_CURVE('',#4372,#4370,#238,.T.);
#5561=EDGE_CURVE('',#4372,#4371,#2047,.T.);
#5562=EDGE_CURVE('',#4371,#4373,#2048,.T.);
#5563=EDGE_CURVE('',#4374,#4372,#2049,.T.);
#5564=EDGE_CURVE('',#4374,#4373,#2050,.T.);
#5565=EDGE_CURVE('',#4373,#4367,#239,.T.);
#5566=EDGE_CURVE('',#4369,#4374,#240,.T.);
#5567=EDGE_CURVE('',#4375,#4376,#2051,.T.);
#5568=EDGE_CURVE('',#4377,#4375,#2052,.T.);
#5569=EDGE_CURVE('',#4378,#4377,#2053,.T.);
#5570=EDGE_CURVE('',#4378,#4376,#2054,.T.);
#5571=EDGE_CURVE('',#4376,#4379,#241,.T.);
#5572=EDGE_CURVE('',#4380,#4378,#242,.T.);
#5573=EDGE_CURVE('',#4380,#4379,#2055,.T.);
#5574=EDGE_CURVE('',#4379,#4381,#2056,.T.);
#5575=EDGE_CURVE('',#4382,#4380,#2057,.T.);
#5576=EDGE_CURVE('',#4382,#4381,#2058,.T.);
#5577=EDGE_CURVE('',#4381,#4375,#243,.T.);
#5578=EDGE_CURVE('',#4377,#4382,#244,.T.);
#5579=EDGE_CURVE('',#4383,#4384,#2059,.T.);
#5580=EDGE_CURVE('',#4385,#4383,#2060,.T.);
#5581=EDGE_CURVE('',#4386,#4385,#2061,.T.);
#5582=EDGE_CURVE('',#4386,#4384,#2062,.T.);
#5583=EDGE_CURVE('',#4384,#4387,#245,.T.);
#5584=EDGE_CURVE('',#4388,#4386,#246,.T.);
#5585=EDGE_CURVE('',#4388,#4387,#2063,.T.);
#5586=EDGE_CURVE('',#4387,#4389,#2064,.T.);
#5587=EDGE_CURVE('',#4390,#4388,#2065,.T.);
#5588=EDGE_CURVE('',#4390,#4389,#2066,.T.);
#5589=EDGE_CURVE('',#4389,#4383,#247,.T.);
#5590=EDGE_CURVE('',#4385,#4390,#248,.T.);
#5591=EDGE_CURVE('',#4391,#4392,#2067,.T.);
#5592=EDGE_CURVE('',#4393,#4391,#2068,.T.);
#5593=EDGE_CURVE('',#4394,#4393,#2069,.T.);
#5594=EDGE_CURVE('',#4394,#4392,#2070,.T.);
#5595=EDGE_CURVE('',#4392,#4395,#249,.T.);
#5596=EDGE_CURVE('',#4396,#4394,#250,.T.);
#5597=EDGE_CURVE('',#4396,#4395,#2071,.T.);
#5598=EDGE_CURVE('',#4395,#4397,#2072,.T.);
#5599=EDGE_CURVE('',#4398,#4396,#2073,.T.);
#5600=EDGE_CURVE('',#4398,#4397,#2074,.T.);
#5601=EDGE_CURVE('',#4397,#4391,#251,.T.);
#5602=EDGE_CURVE('',#4393,#4398,#252,.T.);
#5603=EDGE_CURVE('',#4399,#4400,#2075,.T.);
#5604=EDGE_CURVE('',#4401,#4399,#2076,.T.);
#5605=EDGE_CURVE('',#4402,#4401,#2077,.T.);
#5606=EDGE_CURVE('',#4402,#4400,#2078,.T.);
#5607=EDGE_CURVE('',#4400,#4403,#253,.T.);
#5608=EDGE_CURVE('',#4404,#4402,#254,.T.);
#5609=EDGE_CURVE('',#4404,#4403,#2079,.T.);
#5610=EDGE_CURVE('',#4403,#4405,#2080,.T.);
#5611=EDGE_CURVE('',#4406,#4404,#2081,.T.);
#5612=EDGE_CURVE('',#4406,#4405,#2082,.T.);
#5613=EDGE_CURVE('',#4405,#4399,#255,.T.);
#5614=EDGE_CURVE('',#4401,#4406,#256,.T.);
#5615=EDGE_CURVE('',#4407,#4408,#2083,.T.);
#5616=EDGE_CURVE('',#4409,#4407,#2084,.T.);
#5617=EDGE_CURVE('',#4410,#4409,#2085,.T.);
#5618=EDGE_CURVE('',#4410,#4408,#2086,.T.);
#5619=EDGE_CURVE('',#4408,#4411,#257,.T.);
#5620=EDGE_CURVE('',#4412,#4410,#258,.T.);
#5621=EDGE_CURVE('',#4412,#4411,#2087,.T.);
#5622=EDGE_CURVE('',#4411,#4413,#2088,.T.);
#5623=EDGE_CURVE('',#4414,#4412,#2089,.T.);
#5624=EDGE_CURVE('',#4414,#4413,#2090,.T.);
#5625=EDGE_CURVE('',#4413,#4407,#259,.T.);
#5626=EDGE_CURVE('',#4409,#4414,#260,.T.);
#5627=EDGE_CURVE('',#4415,#4416,#2091,.T.);
#5628=EDGE_CURVE('',#4417,#4415,#2092,.T.);
#5629=EDGE_CURVE('',#4418,#4417,#2093,.T.);
#5630=EDGE_CURVE('',#4418,#4416,#2094,.T.);
#5631=EDGE_CURVE('',#4416,#4419,#261,.T.);
#5632=EDGE_CURVE('',#4420,#4418,#262,.T.);
#5633=EDGE_CURVE('',#4420,#4419,#2095,.T.);
#5634=EDGE_CURVE('',#4419,#4421,#2096,.T.);
#5635=EDGE_CURVE('',#4422,#4420,#2097,.T.);
#5636=EDGE_CURVE('',#4422,#4421,#2098,.T.);
#5637=EDGE_CURVE('',#4421,#4415,#263,.T.);
#5638=EDGE_CURVE('',#4417,#4422,#264,.T.);
#5639=EDGE_CURVE('',#4423,#4424,#2099,.T.);
#5640=EDGE_CURVE('',#4425,#4423,#2100,.T.);
#5641=EDGE_CURVE('',#4426,#4425,#2101,.T.);
#5642=EDGE_CURVE('',#4426,#4424,#2102,.T.);
#5643=EDGE_CURVE('',#4424,#4427,#265,.T.);
#5644=EDGE_CURVE('',#4428,#4426,#266,.T.);
#5645=EDGE_CURVE('',#4428,#4427,#2103,.T.);
#5646=EDGE_CURVE('',#4427,#4429,#2104,.T.);
#5647=EDGE_CURVE('',#4430,#4428,#2105,.T.);
#5648=EDGE_CURVE('',#4430,#4429,#2106,.T.);
#5649=EDGE_CURVE('',#4429,#4423,#267,.T.);
#5650=EDGE_CURVE('',#4425,#4430,#268,.T.);
#5651=EDGE_CURVE('',#4431,#4432,#2107,.T.);
#5652=EDGE_CURVE('',#4433,#4431,#2108,.T.);
#5653=EDGE_CURVE('',#4434,#4433,#2109,.T.);
#5654=EDGE_CURVE('',#4434,#4432,#2110,.T.);
#5655=EDGE_CURVE('',#4432,#4435,#269,.T.);
#5656=EDGE_CURVE('',#4436,#4434,#270,.T.);
#5657=EDGE_CURVE('',#4436,#4435,#2111,.T.);
#5658=EDGE_CURVE('',#4435,#4437,#2112,.T.);
#5659=EDGE_CURVE('',#4438,#4436,#2113,.T.);
#5660=EDGE_CURVE('',#4438,#4437,#2114,.T.);
#5661=EDGE_CURVE('',#4437,#4431,#271,.T.);
#5662=EDGE_CURVE('',#4433,#4438,#272,.T.);
#5663=EDGE_CURVE('',#4439,#4440,#2115,.T.);
#5664=EDGE_CURVE('',#4441,#4439,#2116,.T.);
#5665=EDGE_CURVE('',#4442,#4441,#2117,.T.);
#5666=EDGE_CURVE('',#4442,#4440,#2118,.T.);
#5667=EDGE_CURVE('',#4440,#4443,#273,.T.);
#5668=EDGE_CURVE('',#4444,#4442,#274,.T.);
#5669=EDGE_CURVE('',#4444,#4443,#2119,.T.);
#5670=EDGE_CURVE('',#4443,#4445,#2120,.T.);
#5671=EDGE_CURVE('',#4446,#4444,#2121,.T.);
#5672=EDGE_CURVE('',#4446,#4445,#2122,.T.);
#5673=EDGE_CURVE('',#4445,#4439,#275,.T.);
#5674=EDGE_CURVE('',#4441,#4446,#276,.T.);
#5675=EDGE_CURVE('',#4447,#4448,#2123,.T.);
#5676=EDGE_CURVE('',#4449,#4447,#2124,.T.);
#5677=EDGE_CURVE('',#4450,#4449,#2125,.T.);
#5678=EDGE_CURVE('',#4450,#4448,#2126,.T.);
#5679=EDGE_CURVE('',#4448,#4451,#277,.T.);
#5680=EDGE_CURVE('',#4452,#4450,#278,.T.);
#5681=EDGE_CURVE('',#4452,#4451,#2127,.T.);
#5682=EDGE_CURVE('',#4451,#4453,#2128,.T.);
#5683=EDGE_CURVE('',#4454,#4452,#2129,.T.);
#5684=EDGE_CURVE('',#4454,#4453,#2130,.T.);
#5685=EDGE_CURVE('',#4453,#4447,#279,.T.);
#5686=EDGE_CURVE('',#4449,#4454,#280,.T.);
#5687=EDGE_CURVE('',#4455,#4456,#2131,.T.);
#5688=EDGE_CURVE('',#4457,#4455,#2132,.T.);
#5689=EDGE_CURVE('',#4458,#4457,#2133,.T.);
#5690=EDGE_CURVE('',#4458,#4456,#2134,.T.);
#5691=EDGE_CURVE('',#4456,#4459,#281,.T.);
#5692=EDGE_CURVE('',#4460,#4458,#282,.T.);
#5693=EDGE_CURVE('',#4460,#4459,#2135,.T.);
#5694=EDGE_CURVE('',#4459,#4461,#2136,.T.);
#5695=EDGE_CURVE('',#4462,#4460,#2137,.T.);
#5696=EDGE_CURVE('',#4462,#4461,#2138,.T.);
#5697=EDGE_CURVE('',#4461,#4455,#283,.T.);
#5698=EDGE_CURVE('',#4457,#4462,#284,.T.);
#5699=EDGE_CURVE('',#4463,#4464,#2139,.T.);
#5700=EDGE_CURVE('',#4465,#4463,#2140,.T.);
#5701=EDGE_CURVE('',#4466,#4465,#2141,.T.);
#5702=EDGE_CURVE('',#4466,#4464,#2142,.T.);
#5703=EDGE_CURVE('',#4464,#4467,#285,.T.);
#5704=EDGE_CURVE('',#4468,#4466,#286,.T.);
#5705=EDGE_CURVE('',#4468,#4467,#2143,.T.);
#5706=EDGE_CURVE('',#4467,#4469,#2144,.T.);
#5707=EDGE_CURVE('',#4470,#4468,#2145,.T.);
#5708=EDGE_CURVE('',#4470,#4469,#2146,.T.);
#5709=EDGE_CURVE('',#4469,#4463,#287,.T.);
#5710=EDGE_CURVE('',#4465,#4470,#288,.T.);
#5711=EDGE_CURVE('',#4471,#4472,#2147,.T.);
#5712=EDGE_CURVE('',#4473,#4471,#2148,.T.);
#5713=EDGE_CURVE('',#4474,#4473,#2149,.T.);
#5714=EDGE_CURVE('',#4474,#4472,#2150,.T.);
#5715=EDGE_CURVE('',#4472,#4475,#289,.T.);
#5716=EDGE_CURVE('',#4476,#4474,#290,.T.);
#5717=EDGE_CURVE('',#4476,#4475,#2151,.T.);
#5718=EDGE_CURVE('',#4475,#4477,#2152,.T.);
#5719=EDGE_CURVE('',#4478,#4476,#2153,.T.);
#5720=EDGE_CURVE('',#4478,#4477,#2154,.T.);
#5721=EDGE_CURVE('',#4477,#4471,#291,.T.);
#5722=EDGE_CURVE('',#4473,#4478,#292,.T.);
#5723=EDGE_CURVE('',#4479,#4480,#2155,.T.);
#5724=EDGE_CURVE('',#4481,#4479,#2156,.T.);
#5725=EDGE_CURVE('',#4482,#4481,#2157,.T.);
#5726=EDGE_CURVE('',#4482,#4480,#2158,.T.);
#5727=EDGE_CURVE('',#4480,#4483,#293,.T.);
#5728=EDGE_CURVE('',#4484,#4482,#294,.T.);
#5729=EDGE_CURVE('',#4484,#4483,#2159,.T.);
#5730=EDGE_CURVE('',#4483,#4485,#2160,.T.);
#5731=EDGE_CURVE('',#4486,#4484,#2161,.T.);
#5732=EDGE_CURVE('',#4486,#4485,#2162,.T.);
#5733=EDGE_CURVE('',#4485,#4479,#295,.T.);
#5734=EDGE_CURVE('',#4481,#4486,#296,.T.);
#5735=EDGE_CURVE('',#4487,#4488,#2163,.T.);
#5736=EDGE_CURVE('',#4489,#4487,#2164,.T.);
#5737=EDGE_CURVE('',#4490,#4489,#2165,.T.);
#5738=EDGE_CURVE('',#4490,#4488,#2166,.T.);
#5739=EDGE_CURVE('',#4488,#4491,#297,.T.);
#5740=EDGE_CURVE('',#4492,#4490,#298,.T.);
#5741=EDGE_CURVE('',#4492,#4491,#2167,.T.);
#5742=EDGE_CURVE('',#4491,#4493,#2168,.T.);
#5743=EDGE_CURVE('',#4494,#4492,#2169,.T.);
#5744=EDGE_CURVE('',#4494,#4493,#2170,.T.);
#5745=EDGE_CURVE('',#4493,#4487,#299,.T.);
#5746=EDGE_CURVE('',#4489,#4494,#300,.T.);
#5747=EDGE_CURVE('',#4495,#4496,#2171,.T.);
#5748=EDGE_CURVE('',#4497,#4495,#2172,.T.);
#5749=EDGE_CURVE('',#4498,#4497,#2173,.T.);
#5750=EDGE_CURVE('',#4498,#4496,#2174,.T.);
#5751=EDGE_CURVE('',#4496,#4499,#301,.T.);
#5752=EDGE_CURVE('',#4500,#4498,#302,.T.);
#5753=EDGE_CURVE('',#4500,#4499,#2175,.T.);
#5754=EDGE_CURVE('',#4499,#4501,#2176,.T.);
#5755=EDGE_CURVE('',#4502,#4500,#2177,.T.);
#5756=EDGE_CURVE('',#4502,#4501,#2178,.T.);
#5757=EDGE_CURVE('',#4501,#4495,#303,.T.);
#5758=EDGE_CURVE('',#4497,#4502,#304,.T.);
#5759=EDGE_CURVE('',#4503,#4504,#2179,.T.);
#5760=EDGE_CURVE('',#4505,#4503,#2180,.T.);
#5761=EDGE_CURVE('',#4506,#4505,#2181,.T.);
#5762=EDGE_CURVE('',#4506,#4504,#2182,.T.);
#5763=EDGE_CURVE('',#4504,#4507,#305,.T.);
#5764=EDGE_CURVE('',#4508,#4506,#306,.T.);
#5765=EDGE_CURVE('',#4508,#4507,#2183,.T.);
#5766=EDGE_CURVE('',#4507,#4509,#2184,.T.);
#5767=EDGE_CURVE('',#4510,#4508,#2185,.T.);
#5768=EDGE_CURVE('',#4510,#4509,#2186,.T.);
#5769=EDGE_CURVE('',#4509,#4503,#307,.T.);
#5770=EDGE_CURVE('',#4505,#4510,#308,.T.);
#5771=EDGE_CURVE('',#4511,#4512,#2187,.T.);
#5772=EDGE_CURVE('',#4513,#4511,#2188,.T.);
#5773=EDGE_CURVE('',#4514,#4513,#2189,.T.);
#5774=EDGE_CURVE('',#4514,#4512,#2190,.T.);
#5775=EDGE_CURVE('',#4512,#4515,#309,.T.);
#5776=EDGE_CURVE('',#4516,#4514,#310,.T.);
#5777=EDGE_CURVE('',#4516,#4515,#2191,.T.);
#5778=EDGE_CURVE('',#4515,#4517,#2192,.T.);
#5779=EDGE_CURVE('',#4518,#4516,#2193,.T.);
#5780=EDGE_CURVE('',#4518,#4517,#2194,.T.);
#5781=EDGE_CURVE('',#4517,#4511,#311,.T.);
#5782=EDGE_CURVE('',#4513,#4518,#312,.T.);
#5783=EDGE_CURVE('',#4519,#4520,#2195,.T.);
#5784=EDGE_CURVE('',#4521,#4519,#2196,.T.);
#5785=EDGE_CURVE('',#4522,#4521,#2197,.T.);
#5786=EDGE_CURVE('',#4522,#4520,#2198,.T.);
#5787=EDGE_CURVE('',#4520,#4523,#313,.T.);
#5788=EDGE_CURVE('',#4524,#4522,#314,.T.);
#5789=EDGE_CURVE('',#4524,#4523,#2199,.T.);
#5790=EDGE_CURVE('',#4523,#4525,#2200,.T.);
#5791=EDGE_CURVE('',#4526,#4524,#2201,.T.);
#5792=EDGE_CURVE('',#4526,#4525,#2202,.T.);
#5793=EDGE_CURVE('',#4525,#4519,#315,.T.);
#5794=EDGE_CURVE('',#4521,#4526,#316,.T.);
#5795=EDGE_CURVE('',#4527,#4528,#2203,.T.);
#5796=EDGE_CURVE('',#4527,#4529,#2204,.T.);
#5797=EDGE_CURVE('',#4530,#4529,#2205,.T.);
#5798=EDGE_CURVE('',#4528,#4530,#2206,.T.);
#5799=EDGE_CURVE('',#4531,#4527,#317,.T.);
#5800=EDGE_CURVE('',#4531,#4532,#2207,.T.);
#5801=EDGE_CURVE('',#4529,#4532,#318,.T.);
#5802=EDGE_CURVE('',#4533,#4531,#2208,.T.);
#5803=EDGE_CURVE('',#4533,#4534,#2209,.T.);
#5804=EDGE_CURVE('',#4532,#4534,#2210,.T.);
#5805=EDGE_CURVE('',#4528,#4533,#319,.T.);
#5806=EDGE_CURVE('',#4534,#4530,#320,.T.);
#5807=EDGE_CURVE('',#4535,#4536,#2211,.T.);
#5808=EDGE_CURVE('',#4537,#4535,#2212,.T.);
#5809=EDGE_CURVE('',#4538,#4537,#2213,.T.);
#5810=EDGE_CURVE('',#4536,#4538,#2214,.T.);
#5811=EDGE_CURVE('',#4539,#4540,#2215,.T.);
#5812=EDGE_CURVE('',#4541,#4539,#2216,.T.);
#5813=EDGE_CURVE('',#4542,#4541,#2217,.T.);
#5814=EDGE_CURVE('',#4540,#4542,#2218,.T.);
#5815=EDGE_CURVE('',#4543,#4544,#2219,.T.);
#5816=EDGE_CURVE('',#4545,#4543,#2220,.T.);
#5817=EDGE_CURVE('',#4546,#4545,#2221,.T.);
#5818=EDGE_CURVE('',#4544,#4546,#2222,.T.);
#5819=EDGE_CURVE('',#4547,#4548,#2223,.T.);
#5820=EDGE_CURVE('',#4549,#4547,#2224,.T.);
#5821=EDGE_CURVE('',#4550,#4549,#2225,.T.);
#5822=EDGE_CURVE('',#4548,#4550,#2226,.T.);
#5823=EDGE_CURVE('',#4551,#4552,#2227,.T.);
#5824=EDGE_CURVE('',#4553,#4551,#2228,.T.);
#5825=EDGE_CURVE('',#4554,#4553,#2229,.T.);
#5826=EDGE_CURVE('',#4552,#4554,#2230,.T.);
#5827=EDGE_CURVE('',#4555,#4556,#2231,.T.);
#5828=EDGE_CURVE('',#4557,#4555,#2232,.T.);
#5829=EDGE_CURVE('',#4558,#4557,#2233,.T.);
#5830=EDGE_CURVE('',#4556,#4558,#2234,.T.);
#5831=EDGE_CURVE('',#4559,#4560,#2235,.T.);
#5832=EDGE_CURVE('',#4561,#4559,#2236,.T.);
#5833=EDGE_CURVE('',#4562,#4561,#2237,.T.);
#5834=EDGE_CURVE('',#4560,#4562,#2238,.T.);
#5835=EDGE_CURVE('',#4563,#4564,#2239,.T.);
#5836=EDGE_CURVE('',#4565,#4563,#2240,.T.);
#5837=EDGE_CURVE('',#4566,#4565,#2241,.T.);
#5838=EDGE_CURVE('',#4564,#4566,#2242,.T.);
#5839=EDGE_CURVE('',#4567,#4568,#2243,.T.);
#5840=EDGE_CURVE('',#4569,#4567,#2244,.T.);
#5841=EDGE_CURVE('',#4570,#4569,#2245,.T.);
#5842=EDGE_CURVE('',#4568,#4570,#2246,.T.);
#5843=EDGE_CURVE('',#4571,#4572,#2247,.T.);
#5844=EDGE_CURVE('',#4573,#4571,#2248,.T.);
#5845=EDGE_CURVE('',#4574,#4573,#2249,.T.);
#5846=EDGE_CURVE('',#4572,#4574,#2250,.T.);
#5847=EDGE_CURVE('',#4575,#4576,#2251,.T.);
#5848=EDGE_CURVE('',#4577,#4575,#2252,.T.);
#5849=EDGE_CURVE('',#4578,#4577,#2253,.T.);
#5850=EDGE_CURVE('',#4576,#4578,#2254,.T.);
#5851=EDGE_CURVE('',#4579,#4580,#2255,.T.);
#5852=EDGE_CURVE('',#4581,#4579,#2256,.T.);
#5853=EDGE_CURVE('',#4582,#4581,#2257,.T.);
#5854=EDGE_CURVE('',#4580,#4582,#2258,.T.);
#5855=EDGE_CURVE('',#4583,#4584,#2259,.T.);
#5856=EDGE_CURVE('',#4585,#4583,#2260,.T.);
#5857=EDGE_CURVE('',#4586,#4585,#2261,.T.);
#5858=EDGE_CURVE('',#4584,#4586,#2262,.T.);
#5859=EDGE_CURVE('',#4587,#4588,#2263,.T.);
#5860=EDGE_CURVE('',#4589,#4587,#2264,.T.);
#5861=EDGE_CURVE('',#4590,#4589,#2265,.T.);
#5862=EDGE_CURVE('',#4588,#4590,#2266,.T.);
#5863=EDGE_CURVE('',#4591,#4592,#2267,.T.);
#5864=EDGE_CURVE('',#4593,#4591,#2268,.T.);
#5865=EDGE_CURVE('',#4594,#4593,#2269,.T.);
#5866=EDGE_CURVE('',#4592,#4594,#2270,.T.);
#5867=EDGE_CURVE('',#4595,#4596,#2271,.T.);
#5868=EDGE_CURVE('',#4597,#4595,#2272,.T.);
#5869=EDGE_CURVE('',#4598,#4597,#2273,.T.);
#5870=EDGE_CURVE('',#4596,#4598,#2274,.T.);
#5871=EDGE_CURVE('',#4599,#4600,#2275,.T.);
#5872=EDGE_CURVE('',#4601,#4599,#2276,.T.);
#5873=EDGE_CURVE('',#4602,#4601,#2277,.T.);
#5874=EDGE_CURVE('',#4600,#4602,#2278,.T.);
#5875=EDGE_CURVE('',#4603,#4550,#2279,.T.);
#5876=EDGE_CURVE('',#4604,#4603,#2280,.T.);
#5877=EDGE_CURVE('',#4548,#4604,#2281,.T.);
#5878=EDGE_CURVE('',#4605,#4543,#2282,.T.);
#5879=EDGE_CURVE('',#4606,#4605,#2283,.T.);
#5880=EDGE_CURVE('',#4545,#4606,#2284,.T.);
#5881=EDGE_CURVE('',#4607,#4566,#2285,.T.);
#5882=EDGE_CURVE('',#4608,#4607,#2286,.T.);
#5883=EDGE_CURVE('',#4564,#4608,#2287,.T.);
#5884=EDGE_CURVE('',#4609,#4559,#2288,.T.);
#5885=EDGE_CURVE('',#4610,#4609,#2289,.T.);
#5886=EDGE_CURVE('',#4561,#4610,#2290,.T.);
#5887=EDGE_CURVE('',#4611,#4582,#2291,.T.);
#5888=EDGE_CURVE('',#4612,#4611,#2292,.T.);
#5889=EDGE_CURVE('',#4580,#4612,#2293,.T.);
#5890=EDGE_CURVE('',#4613,#4575,#2294,.T.);
#5891=EDGE_CURVE('',#4614,#4613,#2295,.T.);
#5892=EDGE_CURVE('',#4577,#4614,#2296,.T.);
#5893=EDGE_CURVE('',#4615,#4598,#2297,.T.);
#5894=EDGE_CURVE('',#4616,#4615,#2298,.T.);
#5895=EDGE_CURVE('',#4596,#4616,#2299,.T.);
#5896=EDGE_CURVE('',#4617,#4591,#2300,.T.);
#5897=EDGE_CURVE('',#4618,#4617,#2301,.T.);
#5898=EDGE_CURVE('',#4593,#4618,#2302,.T.);
#5899=EDGE_CURVE('',#4619,#4594,#2303,.T.);
#5900=EDGE_CURVE('',#4620,#4619,#2304,.T.);
#5901=EDGE_CURVE('',#4592,#4620,#2305,.T.);
#5902=EDGE_CURVE('',#4621,#4587,#2306,.T.);
#5903=EDGE_CURVE('',#4622,#4621,#2307,.T.);
#5904=EDGE_CURVE('',#4589,#4622,#2308,.T.);
#5905=EDGE_CURVE('',#4623,#4578,#2309,.T.);
#5906=EDGE_CURVE('',#4624,#4623,#2310,.T.);
#5907=EDGE_CURVE('',#4576,#4624,#2311,.T.);
#5908=EDGE_CURVE('',#4625,#4571,#2312,.T.);
#5909=EDGE_CURVE('',#4626,#4625,#2313,.T.);
#5910=EDGE_CURVE('',#4573,#4626,#2314,.T.);
#5911=EDGE_CURVE('',#4627,#4562,#2315,.T.);
#5912=EDGE_CURVE('',#4628,#4627,#2316,.T.);
#5913=EDGE_CURVE('',#4560,#4628,#2317,.T.);
#5914=EDGE_CURVE('',#4629,#4555,#2318,.T.);
#5915=EDGE_CURVE('',#4630,#4629,#2319,.T.);
#5916=EDGE_CURVE('',#4557,#4630,#2320,.T.);
#5917=EDGE_CURVE('',#4631,#4546,#2321,.T.);
#5918=EDGE_CURVE('',#4632,#4631,#2322,.T.);
#5919=EDGE_CURVE('',#4544,#4632,#2323,.T.);
#5920=EDGE_CURVE('',#4633,#4539,#2324,.T.);
#5921=EDGE_CURVE('',#4634,#4633,#2325,.T.);
#5922=EDGE_CURVE('',#4541,#4634,#2326,.T.);
#5923=EDGE_CURVE('',#4635,#4554,#2327,.T.);
#5924=EDGE_CURVE('',#4636,#4635,#2328,.T.);
#5925=EDGE_CURVE('',#4552,#4636,#2329,.T.);
#5926=EDGE_CURVE('',#4637,#4547,#2330,.T.);
#5927=EDGE_CURVE('',#4638,#4637,#2331,.T.);
#5928=EDGE_CURVE('',#4549,#4638,#2332,.T.);
#5929=EDGE_CURVE('',#4639,#4570,#2333,.T.);
#5930=EDGE_CURVE('',#4640,#4639,#2334,.T.);
#5931=EDGE_CURVE('',#4568,#4640,#2335,.T.);
#5932=EDGE_CURVE('',#4641,#4563,#2336,.T.);
#5933=EDGE_CURVE('',#4642,#4641,#2337,.T.);
#5934=EDGE_CURVE('',#4565,#4642,#2338,.T.);
#5935=EDGE_CURVE('',#4643,#4586,#2339,.T.);
#5936=EDGE_CURVE('',#4644,#4643,#2340,.T.);
#5937=EDGE_CURVE('',#4584,#4644,#2341,.T.);
#5938=EDGE_CURVE('',#4645,#4579,#2342,.T.);
#5939=EDGE_CURVE('',#4646,#4645,#2343,.T.);
#5940=EDGE_CURVE('',#4581,#4646,#2344,.T.);
#5941=EDGE_CURVE('',#4647,#4602,#2345,.T.);
#5942=EDGE_CURVE('',#4648,#4647,#2346,.T.);
#5943=EDGE_CURVE('',#4600,#4648,#2347,.T.);
#5944=EDGE_CURVE('',#4649,#4595,#2348,.T.);
#5945=EDGE_CURVE('',#4650,#4649,#2349,.T.);
#5946=EDGE_CURVE('',#4597,#4650,#2350,.T.);
#5947=EDGE_CURVE('',#4651,#4590,#2351,.T.);
#5948=EDGE_CURVE('',#4652,#4651,#2352,.T.);
#5949=EDGE_CURVE('',#4588,#4652,#2353,.T.);
#5950=EDGE_CURVE('',#4653,#4583,#2354,.T.);
#5951=EDGE_CURVE('',#4654,#4653,#2355,.T.);
#5952=EDGE_CURVE('',#4585,#4654,#2356,.T.);
#5953=EDGE_CURVE('',#4655,#4574,#2357,.T.);
#5954=EDGE_CURVE('',#4656,#4655,#2358,.T.);
#5955=EDGE_CURVE('',#4572,#4656,#2359,.T.);
#5956=EDGE_CURVE('',#4657,#4567,#2360,.T.);
#5957=EDGE_CURVE('',#4658,#4657,#2361,.T.);
#5958=EDGE_CURVE('',#4569,#4658,#2362,.T.);
#5959=EDGE_CURVE('',#4659,#4558,#2363,.T.);
#5960=EDGE_CURVE('',#4660,#4659,#2364,.T.);
#5961=EDGE_CURVE('',#4556,#4660,#2365,.T.);
#5962=EDGE_CURVE('',#4661,#4551,#2366,.T.);
#5963=EDGE_CURVE('',#4662,#4661,#2367,.T.);
#5964=EDGE_CURVE('',#4553,#4662,#2368,.T.);
#5965=EDGE_CURVE('',#4663,#4542,#2369,.T.);
#5966=EDGE_CURVE('',#4664,#4663,#2370,.T.);
#5967=EDGE_CURVE('',#4540,#4664,#2371,.T.);
#5968=EDGE_CURVE('',#4665,#4535,#2372,.T.);
#5969=EDGE_CURVE('',#4666,#4665,#2373,.T.);
#5970=EDGE_CURVE('',#4537,#4666,#2374,.T.);
#5971=EDGE_CURVE('',#4667,#4599,#2375,.T.);
#5972=EDGE_CURVE('',#4667,#4668,#2376,.T.);
#5973=EDGE_CURVE('',#4668,#4601,#2377,.T.);
#5974=EDGE_CURVE('',#4648,#4649,#2378,.T.);
#5975=EDGE_CURVE('',#4616,#4617,#2379,.T.);
#5976=EDGE_CURVE('',#4620,#4621,#2380,.T.);
#5977=EDGE_CURVE('',#4652,#4653,#2381,.T.);
#5978=EDGE_CURVE('',#4644,#4645,#2382,.T.);
#5979=EDGE_CURVE('',#4612,#4613,#2383,.T.);
#5980=EDGE_CURVE('',#4624,#4625,#2384,.T.);
#5981=EDGE_CURVE('',#4656,#4657,#2385,.T.);
#5982=EDGE_CURVE('',#4640,#4641,#2386,.T.);
#5983=EDGE_CURVE('',#4608,#4609,#2387,.T.);
#5984=EDGE_CURVE('',#4628,#4629,#2388,.T.);
#5985=EDGE_CURVE('',#4660,#4661,#2389,.T.);
#5986=EDGE_CURVE('',#4636,#4637,#2390,.T.);
#5987=EDGE_CURVE('',#4604,#4605,#2391,.T.);
#5988=EDGE_CURVE('',#4632,#4633,#2392,.T.);
#5989=EDGE_CURVE('',#4664,#4665,#2393,.T.);
#5990=EDGE_CURVE('',#4536,#4669,#2394,.T.);
#5991=EDGE_CURVE('',#4669,#4670,#2395,.T.);
#5992=EDGE_CURVE('',#4670,#4671,#2396,.T.);
#5993=EDGE_CURVE('',#4671,#4672,#2397,.T.);
#5994=EDGE_CURVE('',#4672,#4673,#2398,.T.);
#5995=EDGE_CURVE('',#4673,#4674,#2399,.T.);
#5996=EDGE_CURVE('',#4674,#4675,#2400,.T.);
#5997=EDGE_CURVE('',#4675,#4676,#2401,.T.);
#5998=EDGE_CURVE('',#4676,#4677,#2402,.T.);
#5999=EDGE_CURVE('',#4677,#4678,#2403,.T.);
#6000=EDGE_CURVE('',#4678,#4679,#2404,.T.);
#6001=EDGE_CURVE('',#4679,#4680,#2405,.T.);
#6002=EDGE_CURVE('',#4680,#4681,#2406,.T.);
#6003=EDGE_CURVE('',#4681,#4682,#2407,.T.);
#6004=EDGE_CURVE('',#4682,#4683,#2408,.T.);
#6005=EDGE_CURVE('',#4683,#4684,#2409,.T.);
#6006=EDGE_CURVE('',#4684,#4685,#2410,.T.);
#6007=EDGE_CURVE('',#4685,#4686,#2411,.T.);
#6008=EDGE_CURVE('',#4686,#4687,#2412,.T.);
#6009=EDGE_CURVE('',#4687,#4688,#2413,.T.);
#6010=EDGE_CURVE('',#4688,#4689,#2414,.T.);
#6011=EDGE_CURVE('',#4689,#4690,#2415,.T.);
#6012=EDGE_CURVE('',#4690,#4691,#2416,.T.);
#6013=EDGE_CURVE('',#4691,#4692,#2417,.T.);
#6014=EDGE_CURVE('',#4692,#4693,#2418,.T.);
#6015=EDGE_CURVE('',#4693,#4694,#2419,.T.);
#6016=EDGE_CURVE('',#4694,#4695,#2420,.T.);
#6017=EDGE_CURVE('',#4695,#4696,#2421,.T.);
#6018=EDGE_CURVE('',#4696,#4697,#2422,.T.);
#6019=EDGE_CURVE('',#4697,#4698,#2423,.T.);
#6020=EDGE_CURVE('',#4698,#4699,#2424,.T.);
#6021=EDGE_CURVE('',#4699,#4700,#2425,.T.);
#6022=EDGE_CURVE('',#4700,#4701,#2426,.T.);
#6023=EDGE_CURVE('',#4701,#4702,#2427,.T.);
#6024=EDGE_CURVE('',#4702,#4703,#2428,.T.);
#6025=EDGE_CURVE('',#4703,#4704,#2429,.T.);
#6026=EDGE_CURVE('',#4704,#4705,#2430,.T.);
#6027=EDGE_CURVE('',#4705,#4706,#2431,.T.);
#6028=EDGE_CURVE('',#4706,#4707,#2432,.T.);
#6029=EDGE_CURVE('',#4707,#4708,#2433,.T.);
#6030=EDGE_CURVE('',#4708,#4709,#2434,.T.);
#6031=EDGE_CURVE('',#4709,#4710,#2435,.T.);
#6032=EDGE_CURVE('',#4710,#4711,#2436,.T.);
#6033=EDGE_CURVE('',#4711,#4712,#2437,.T.);
#6034=EDGE_CURVE('',#4712,#4713,#2438,.T.);
#6035=EDGE_CURVE('',#4713,#4714,#2439,.T.);
#6036=EDGE_CURVE('',#4714,#4715,#2440,.T.);
#6037=EDGE_CURVE('',#4715,#4716,#2441,.T.);
#6038=EDGE_CURVE('',#4716,#4717,#2442,.T.);
#6039=EDGE_CURVE('',#4717,#4718,#2443,.T.);
#6040=EDGE_CURVE('',#4718,#4719,#2444,.T.);
#6041=EDGE_CURVE('',#4719,#4720,#2445,.T.);
#6042=EDGE_CURVE('',#4720,#4721,#2446,.T.);
#6043=EDGE_CURVE('',#4721,#4722,#2447,.T.);
#6044=EDGE_CURVE('',#4722,#4723,#2448,.T.);
#6045=EDGE_CURVE('',#4723,#4724,#2449,.T.);
#6046=EDGE_CURVE('',#4724,#4725,#2450,.T.);
#6047=EDGE_CURVE('',#4725,#4726,#2451,.T.);
#6048=EDGE_CURVE('',#4726,#4727,#2452,.T.);
#6049=EDGE_CURVE('',#4727,#4728,#2453,.T.);
#6050=EDGE_CURVE('',#4728,#4729,#2454,.T.);
#6051=EDGE_CURVE('',#4729,#4730,#2455,.T.);
#6052=EDGE_CURVE('',#4730,#4731,#2456,.T.);
#6053=EDGE_CURVE('',#4731,#4732,#2457,.T.);
#6054=EDGE_CURVE('',#4732,#4733,#2458,.T.);
#6055=EDGE_CURVE('',#4733,#4667,#2459,.T.);
#6056=EDGE_CURVE('',#4734,#4538,#2460,.T.);
#6057=EDGE_CURVE('',#4734,#4669,#2461,.T.);
#6058=EDGE_CURVE('',#4663,#4666,#2462,.T.);
#6059=EDGE_CURVE('',#4631,#4634,#2463,.T.);
#6060=EDGE_CURVE('',#4603,#4606,#2464,.T.);
#6061=EDGE_CURVE('',#4635,#4638,#2465,.T.);
#6062=EDGE_CURVE('',#4659,#4662,#2466,.T.);
#6063=EDGE_CURVE('',#4627,#4630,#2467,.T.);
#6064=EDGE_CURVE('',#4607,#4610,#2468,.T.);
#6065=EDGE_CURVE('',#4639,#4642,#2469,.T.);
#6066=EDGE_CURVE('',#4655,#4658,#2470,.T.);
#6067=EDGE_CURVE('',#4623,#4626,#2471,.T.);
#6068=EDGE_CURVE('',#4611,#4614,#2472,.T.);
#6069=EDGE_CURVE('',#4643,#4646,#2473,.T.);
#6070=EDGE_CURVE('',#4651,#4654,#2474,.T.);
#6071=EDGE_CURVE('',#4619,#4622,#2475,.T.);
#6072=EDGE_CURVE('',#4615,#4618,#2476,.T.);
#6073=EDGE_CURVE('',#4735,#4734,#2477,.T.);
#6074=EDGE_CURVE('',#4670,#4735,#2478,.T.);
#6075=EDGE_CURVE('',#4736,#4673,#2479,.T.);
#6076=EDGE_CURVE('',#4737,#4736,#2480,.T.);
#6077=EDGE_CURVE('',#4674,#4737,#2481,.T.);
#6078=EDGE_CURVE('',#4738,#4677,#2482,.T.);
#6079=EDGE_CURVE('',#4739,#4738,#2483,.T.);
#6080=EDGE_CURVE('',#4678,#4739,#2484,.T.);
#6081=EDGE_CURVE('',#4740,#4681,#2485,.T.);
#6082=EDGE_CURVE('',#4741,#4740,#2486,.T.);
#6083=EDGE_CURVE('',#4682,#4741,#2487,.T.);
#6084=EDGE_CURVE('',#4742,#4685,#2488,.T.);
#6085=EDGE_CURVE('',#4743,#4742,#2489,.T.);
#6086=EDGE_CURVE('',#4686,#4743,#2490,.T.);
#6087=EDGE_CURVE('',#4744,#4689,#2491,.T.);
#6088=EDGE_CURVE('',#4745,#4744,#2492,.T.);
#6089=EDGE_CURVE('',#4690,#4745,#2493,.T.);
#6090=EDGE_CURVE('',#4746,#4693,#2494,.T.);
#6091=EDGE_CURVE('',#4747,#4746,#2495,.T.);
#6092=EDGE_CURVE('',#4694,#4747,#2496,.T.);
#6093=EDGE_CURVE('',#4748,#4697,#2497,.T.);
#6094=EDGE_CURVE('',#4749,#4748,#2498,.T.);
#6095=EDGE_CURVE('',#4698,#4749,#2499,.T.);
#6096=EDGE_CURVE('',#4750,#4701,#2500,.T.);
#6097=EDGE_CURVE('',#4751,#4750,#2501,.T.);
#6098=EDGE_CURVE('',#4702,#4751,#2502,.T.);
#6099=EDGE_CURVE('',#4752,#4705,#2503,.T.);
#6100=EDGE_CURVE('',#4753,#4752,#2504,.T.);
#6101=EDGE_CURVE('',#4706,#4753,#2505,.T.);
#6102=EDGE_CURVE('',#4754,#4709,#2506,.T.);
#6103=EDGE_CURVE('',#4755,#4754,#2507,.T.);
#6104=EDGE_CURVE('',#4710,#4755,#2508,.T.);
#6105=EDGE_CURVE('',#4756,#4713,#2509,.T.);
#6106=EDGE_CURVE('',#4757,#4756,#2510,.T.);
#6107=EDGE_CURVE('',#4714,#4757,#2511,.T.);
#6108=EDGE_CURVE('',#4758,#4717,#2512,.T.);
#6109=EDGE_CURVE('',#4759,#4758,#2513,.T.);
#6110=EDGE_CURVE('',#4718,#4759,#2514,.T.);
#6111=EDGE_CURVE('',#4760,#4721,#2515,.T.);
#6112=EDGE_CURVE('',#4761,#4760,#2516,.T.);
#6113=EDGE_CURVE('',#4722,#4761,#2517,.T.);
#6114=EDGE_CURVE('',#4762,#4725,#2518,.T.);
#6115=EDGE_CURVE('',#4763,#4762,#2519,.T.);
#6116=EDGE_CURVE('',#4726,#4763,#2520,.T.);
#6117=EDGE_CURVE('',#4764,#4729,#2521,.T.);
#6118=EDGE_CURVE('',#4765,#4764,#2522,.T.);
#6119=EDGE_CURVE('',#4730,#4765,#2523,.T.);
#6120=EDGE_CURVE('',#4766,#4739,#2524,.T.);
#6121=EDGE_CURVE('',#4679,#4766,#2525,.T.);
#6122=EDGE_CURVE('',#4767,#4680,#2526,.T.);
#6123=EDGE_CURVE('',#4740,#4767,#2527,.T.);
#6124=EDGE_CURVE('',#4768,#4747,#2528,.T.);
#6125=EDGE_CURVE('',#4695,#4768,#2529,.T.);
#6126=EDGE_CURVE('',#4769,#4696,#2530,.T.);
#6127=EDGE_CURVE('',#4748,#4769,#2531,.T.);
#6128=EDGE_CURVE('',#4770,#4755,#2532,.T.);
#6129=EDGE_CURVE('',#4711,#4770,#2533,.T.);
#6130=EDGE_CURVE('',#4771,#4712,#2534,.T.);
#6131=EDGE_CURVE('',#4756,#4771,#2535,.T.);
#6132=EDGE_CURVE('',#4772,#4763,#2536,.T.);
#6133=EDGE_CURVE('',#4727,#4772,#2537,.T.);
#6134=EDGE_CURVE('',#4773,#4728,#2538,.T.);
#6135=EDGE_CURVE('',#4764,#4773,#2539,.T.);
#6136=EDGE_CURVE('',#4774,#4761,#2540,.T.);
#6137=EDGE_CURVE('',#4723,#4774,#2541,.T.);
#6138=EDGE_CURVE('',#4775,#4724,#2542,.T.);
#6139=EDGE_CURVE('',#4762,#4775,#2543,.T.);
#6140=EDGE_CURVE('',#4776,#4753,#2544,.T.);
#6141=EDGE_CURVE('',#4707,#4776,#2545,.T.);
#6142=EDGE_CURVE('',#4777,#4708,#2546,.T.);
#6143=EDGE_CURVE('',#4754,#4777,#2547,.T.);
#6144=EDGE_CURVE('',#4778,#4745,#2548,.T.);
#6145=EDGE_CURVE('',#4691,#4778,#2549,.T.);
#6146=EDGE_CURVE('',#4779,#4692,#2550,.T.);
#6147=EDGE_CURVE('',#4746,#4779,#2551,.T.);
#6148=EDGE_CURVE('',#4780,#4737,#2552,.T.);
#6149=EDGE_CURVE('',#4675,#4780,#2553,.T.);
#6150=EDGE_CURVE('',#4781,#4676,#2554,.T.);
#6151=EDGE_CURVE('',#4738,#4781,#2555,.T.);
#6152=EDGE_CURVE('',#4782,#4741,#2556,.T.);
#6153=EDGE_CURVE('',#4683,#4782,#2557,.T.);
#6154=EDGE_CURVE('',#4783,#4684,#2558,.T.);
#6155=EDGE_CURVE('',#4742,#4783,#2559,.T.);
#6156=EDGE_CURVE('',#4784,#4749,#2560,.T.);
#6157=EDGE_CURVE('',#4699,#4784,#2561,.T.);
#6158=EDGE_CURVE('',#4785,#4700,#2562,.T.);
#6159=EDGE_CURVE('',#4750,#4785,#2563,.T.);
#6160=EDGE_CURVE('',#4786,#4757,#2564,.T.);
#6161=EDGE_CURVE('',#4715,#4786,#2565,.T.);
#6162=EDGE_CURVE('',#4787,#4716,#2566,.T.);
#6163=EDGE_CURVE('',#4758,#4787,#2567,.T.);
#6164=EDGE_CURVE('',#4788,#4765,#2568,.T.);
#6165=EDGE_CURVE('',#4731,#4788,#2569,.T.);
#6166=EDGE_CURVE('',#4789,#4733,#2570,.T.);
#6167=EDGE_CURVE('',#4790,#4732,#2571,.T.);
#6168=EDGE_CURVE('',#4789,#4790,#2572,.T.);
#6169=EDGE_CURVE('',#4791,#4759,#2573,.T.);
#6170=EDGE_CURVE('',#4719,#4791,#2574,.T.);
#6171=EDGE_CURVE('',#4792,#4720,#2575,.T.);
#6172=EDGE_CURVE('',#4760,#4792,#2576,.T.);
#6173=EDGE_CURVE('',#4793,#4751,#2577,.T.);
#6174=EDGE_CURVE('',#4703,#4793,#2578,.T.);
#6175=EDGE_CURVE('',#4794,#4704,#2579,.T.);
#6176=EDGE_CURVE('',#4752,#4794,#2580,.T.);
#6177=EDGE_CURVE('',#4795,#4743,#2581,.T.);
#6178=EDGE_CURVE('',#4687,#4795,#2582,.T.);
#6179=EDGE_CURVE('',#4796,#4688,#2583,.T.);
#6180=EDGE_CURVE('',#4744,#4796,#2584,.T.);
#6181=EDGE_CURVE('',#4797,#4735,#2585,.T.);
#6182=EDGE_CURVE('',#4671,#4797,#2586,.T.);
#6183=EDGE_CURVE('',#4798,#4672,#2587,.T.);
#6184=EDGE_CURVE('',#4736,#4798,#2588,.T.);
#6185=EDGE_CURVE('',#4668,#4789,#2589,.T.);
#6186=EDGE_CURVE('',#4797,#4798,#2590,.T.);
#6187=EDGE_CURVE('',#4780,#4781,#2591,.T.);
#6188=EDGE_CURVE('',#4766,#4767,#2592,.T.);
#6189=EDGE_CURVE('',#4782,#4783,#2593,.T.);
#6190=EDGE_CURVE('',#4795,#4796,#2594,.T.);
#6191=EDGE_CURVE('',#4778,#4779,#2595,.T.);
#6192=EDGE_CURVE('',#4768,#4769,#2596,.T.);
#6193=EDGE_CURVE('',#4784,#4785,#2597,.T.);
#6194=EDGE_CURVE('',#4793,#4794,#2598,.T.);
#6195=EDGE_CURVE('',#4776,#4777,#2599,.T.);
#6196=EDGE_CURVE('',#4770,#4771,#2600,.T.);
#6197=EDGE_CURVE('',#4786,#4787,#2601,.T.);
#6198=EDGE_CURVE('',#4791,#4792,#2602,.T.);
#6199=EDGE_CURVE('',#4774,#4775,#2603,.T.);
#6200=EDGE_CURVE('',#4772,#4773,#2604,.T.);
#6201=EDGE_CURVE('',#4788,#4790,#2605,.T.);
#6202=EDGE_CURVE('',#4647,#4650,#2606,.T.);
#6203=ORIENTED_EDGE('',*,*,#4799,.F.);
#6204=ORIENTED_EDGE('',*,*,#4800,.F.);
#6205=ORIENTED_EDGE('',*,*,#4801,.F.);
#6206=ORIENTED_EDGE('',*,*,#4802,.F.);
#6207=ORIENTED_EDGE('',*,*,#4803,.F.);
#6208=ORIENTED_EDGE('',*,*,#4804,.F.);
#6209=ORIENTED_EDGE('',*,*,#4805,.F.);
#6210=ORIENTED_EDGE('',*,*,#4806,.F.);
#6211=ORIENTED_EDGE('',*,*,#4807,.F.);
#6212=ORIENTED_EDGE('',*,*,#4808,.F.);
#6213=ORIENTED_EDGE('',*,*,#4809,.F.);
#6214=ORIENTED_EDGE('',*,*,#4810,.F.);
#6215=ORIENTED_EDGE('',*,*,#4811,.F.);
#6216=ORIENTED_EDGE('',*,*,#4812,.F.);
#6217=ORIENTED_EDGE('',*,*,#4813,.F.);
#6218=ORIENTED_EDGE('',*,*,#4814,.F.);
#6219=ORIENTED_EDGE('',*,*,#4814,.T.);
#6220=ORIENTED_EDGE('',*,*,#4815,.T.);
#6221=ORIENTED_EDGE('',*,*,#4816,.T.);
#6222=ORIENTED_EDGE('',*,*,#4817,.T.);
#6223=ORIENTED_EDGE('',*,*,#4818,.T.);
#6224=ORIENTED_EDGE('',*,*,#4819,.T.);
#6225=ORIENTED_EDGE('',*,*,#4820,.T.);
#6226=ORIENTED_EDGE('',*,*,#4821,.T.);
#6227=ORIENTED_EDGE('',*,*,#4822,.T.);
#6228=ORIENTED_EDGE('',*,*,#4823,.T.);
#6229=ORIENTED_EDGE('',*,*,#4824,.T.);
#6230=ORIENTED_EDGE('',*,*,#4825,.T.);
#6231=ORIENTED_EDGE('',*,*,#4826,.T.);
#6232=ORIENTED_EDGE('',*,*,#4827,.T.);
#6233=ORIENTED_EDGE('',*,*,#4828,.T.);
#6234=ORIENTED_EDGE('',*,*,#4829,.T.);
#6235=ORIENTED_EDGE('',*,*,#4830,.T.);
#6236=ORIENTED_EDGE('',*,*,#4831,.T.);
#6237=ORIENTED_EDGE('',*,*,#4832,.T.);
#6238=ORIENTED_EDGE('',*,*,#4833,.T.);
#6239=ORIENTED_EDGE('',*,*,#4804,.T.);
#6240=ORIENTED_EDGE('',*,*,#4834,.T.);
#6241=ORIENTED_EDGE('',*,*,#4835,.T.);
#6242=ORIENTED_EDGE('',*,*,#4836,.T.);
#6243=ORIENTED_EDGE('',*,*,#4800,.T.);
#6244=ORIENTED_EDGE('',*,*,#4837,.T.);
#6245=ORIENTED_EDGE('',*,*,#4838,.T.);
#6246=ORIENTED_EDGE('',*,*,#4839,.T.);
#6247=ORIENTED_EDGE('',*,*,#4808,.T.);
#6248=ORIENTED_EDGE('',*,*,#4840,.T.);
#6249=ORIENTED_EDGE('',*,*,#4841,.T.);
#6250=ORIENTED_EDGE('',*,*,#4842,.T.);
#6251=ORIENTED_EDGE('',*,*,#4843,.T.);
#6252=ORIENTED_EDGE('',*,*,#4844,.T.);
#6253=ORIENTED_EDGE('',*,*,#4845,.T.);
#6254=ORIENTED_EDGE('',*,*,#4846,.T.);
#6255=ORIENTED_EDGE('',*,*,#4847,.F.);
#6256=ORIENTED_EDGE('',*,*,#4848,.F.);
#6257=ORIENTED_EDGE('',*,*,#4849,.F.);
#6258=ORIENTED_EDGE('',*,*,#4828,.F.);
#6259=ORIENTED_EDGE('',*,*,#4850,.F.);
#6260=ORIENTED_EDGE('',*,*,#4851,.F.);
#6261=ORIENTED_EDGE('',*,*,#4852,.F.);
#6262=ORIENTED_EDGE('',*,*,#4824,.F.);
#6263=ORIENTED_EDGE('',*,*,#4853,.F.);
#6264=ORIENTED_EDGE('',*,*,#4854,.F.);
#6265=ORIENTED_EDGE('',*,*,#4855,.F.);
#6266=ORIENTED_EDGE('',*,*,#4820,.F.);
#6267=ORIENTED_EDGE('',*,*,#4856,.F.);
#6268=ORIENTED_EDGE('',*,*,#4816,.F.);
#6269=ORIENTED_EDGE('',*,*,#4857,.F.);
#6270=ORIENTED_EDGE('',*,*,#4858,.F.);
#6271=ORIENTED_EDGE('',*,*,#4849,.T.);
#6272=ORIENTED_EDGE('',*,*,#4859,.T.);
#6273=ORIENTED_EDGE('',*,*,#4860,.T.);
#6274=ORIENTED_EDGE('',*,*,#4829,.F.);
#6275=ORIENTED_EDGE('',*,*,#4812,.T.);
#6276=ORIENTED_EDGE('',*,*,#4861,.T.);
#6277=ORIENTED_EDGE('',*,*,#4862,.T.);
#6278=ORIENTED_EDGE('',*,*,#4863,.T.);
#6279=ORIENTED_EDGE('',*,*,#4810,.T.);
#6280=ORIENTED_EDGE('',*,*,#4864,.T.);
#6281=ORIENTED_EDGE('',*,*,#4865,.T.);
#6282=ORIENTED_EDGE('',*,*,#4866,.T.);
#6283=ORIENTED_EDGE('',*,*,#4802,.T.);
#6284=ORIENTED_EDGE('',*,*,#4867,.T.);
#6285=ORIENTED_EDGE('',*,*,#4868,.T.);
#6286=ORIENTED_EDGE('',*,*,#4869,.T.);
#6287=ORIENTED_EDGE('',*,*,#4806,.T.);
#6288=ORIENTED_EDGE('',*,*,#4870,.F.);
#6289=ORIENTED_EDGE('',*,*,#4871,.F.);
#6290=ORIENTED_EDGE('',*,*,#4872,.F.);
#6291=ORIENTED_EDGE('',*,*,#4873,.F.);
#6292=ORIENTED_EDGE('',*,*,#4859,.F.);
#6293=ORIENTED_EDGE('',*,*,#4848,.T.);
#6294=ORIENTED_EDGE('',*,*,#4874,.T.);
#6295=ORIENTED_EDGE('',*,*,#4875,.T.);
#6296=ORIENTED_EDGE('',*,*,#4876,.T.);
#6297=ORIENTED_EDGE('',*,*,#4851,.T.);
#6298=ORIENTED_EDGE('',*,*,#4877,.T.);
#6299=ORIENTED_EDGE('',*,*,#4878,.T.);
#6300=ORIENTED_EDGE('',*,*,#4879,.T.);
#6301=ORIENTED_EDGE('',*,*,#4854,.T.);
#6302=ORIENTED_EDGE('',*,*,#4880,.T.);
#6303=ORIENTED_EDGE('',*,*,#4881,.T.);
#6304=ORIENTED_EDGE('',*,*,#4882,.T.);
#6305=ORIENTED_EDGE('',*,*,#4858,.T.);
#6306=ORIENTED_EDGE('',*,*,#4883,.T.);
#6307=ORIENTED_EDGE('',*,*,#4884,.F.);
#6308=ORIENTED_EDGE('',*,*,#4885,.F.);
#6309=ORIENTED_EDGE('',*,*,#4886,.F.);
#6310=ORIENTED_EDGE('',*,*,#4887,.F.);
#6311=ORIENTED_EDGE('',*,*,#4883,.F.);
#6312=ORIENTED_EDGE('',*,*,#4857,.T.);
#6313=ORIENTED_EDGE('',*,*,#4815,.F.);
#6314=ORIENTED_EDGE('',*,*,#4813,.T.);
#6315=ORIENTED_EDGE('',*,*,#4862,.F.);
#6316=ORIENTED_EDGE('',*,*,#4888,.F.);
#6317=ORIENTED_EDGE('',*,*,#4841,.F.);
#6318=ORIENTED_EDGE('',*,*,#4889,.F.);
#6319=ORIENTED_EDGE('',*,*,#4865,.F.);
#6320=ORIENTED_EDGE('',*,*,#4890,.F.);
#6321=ORIENTED_EDGE('',*,*,#4838,.F.);
#6322=ORIENTED_EDGE('',*,*,#4891,.F.);
#6323=ORIENTED_EDGE('',*,*,#4799,.T.);
#6324=ORIENTED_EDGE('',*,*,#4866,.F.);
#6325=ORIENTED_EDGE('',*,*,#4891,.T.);
#6326=ORIENTED_EDGE('',*,*,#4837,.F.);
#6327=ORIENTED_EDGE('',*,*,#4801,.T.);
#6328=ORIENTED_EDGE('',*,*,#4836,.F.);
#6329=ORIENTED_EDGE('',*,*,#4892,.T.);
#6330=ORIENTED_EDGE('',*,*,#4867,.F.);
#6331=ORIENTED_EDGE('',*,*,#4807,.T.);
#6332=ORIENTED_EDGE('',*,*,#4863,.F.);
#6333=ORIENTED_EDGE('',*,*,#4889,.T.);
#6334=ORIENTED_EDGE('',*,*,#4840,.F.);
#6335=ORIENTED_EDGE('',*,*,#4809,.T.);
#6336=ORIENTED_EDGE('',*,*,#4839,.F.);
#6337=ORIENTED_EDGE('',*,*,#4890,.T.);
#6338=ORIENTED_EDGE('',*,*,#4864,.F.);
#6339=ORIENTED_EDGE('',*,*,#4803,.T.);
#6340=ORIENTED_EDGE('',*,*,#4869,.F.);
#6341=ORIENTED_EDGE('',*,*,#4893,.T.);
#6342=ORIENTED_EDGE('',*,*,#4834,.F.);
#6343=ORIENTED_EDGE('',*,*,#4811,.T.);
#6344=ORIENTED_EDGE('',*,*,#4842,.F.);
#6345=ORIENTED_EDGE('',*,*,#4888,.T.);
#6346=ORIENTED_EDGE('',*,*,#4861,.F.);
#6347=ORIENTED_EDGE('',*,*,#4868,.F.);
#6348=ORIENTED_EDGE('',*,*,#4892,.F.);
#6349=ORIENTED_EDGE('',*,*,#4835,.F.);
#6350=ORIENTED_EDGE('',*,*,#4893,.F.);
#6351=ORIENTED_EDGE('',*,*,#4878,.F.);
#6352=ORIENTED_EDGE('',*,*,#4894,.F.);
#6353=ORIENTED_EDGE('',*,*,#4822,.F.);
#6354=ORIENTED_EDGE('',*,*,#4895,.F.);
#6355=ORIENTED_EDGE('',*,*,#4881,.F.);
#6356=ORIENTED_EDGE('',*,*,#4896,.F.);
#6357=ORIENTED_EDGE('',*,*,#4818,.F.);
#6358=ORIENTED_EDGE('',*,*,#4897,.F.);
#6359=ORIENTED_EDGE('',*,*,#4875,.F.);
#6360=ORIENTED_EDGE('',*,*,#4898,.F.);
#6361=ORIENTED_EDGE('',*,*,#4826,.F.);
#6362=ORIENTED_EDGE('',*,*,#4899,.F.);
#6363=ORIENTED_EDGE('',*,*,#4847,.T.);
#6364=ORIENTED_EDGE('',*,*,#4827,.F.);
#6365=ORIENTED_EDGE('',*,*,#4898,.T.);
#6366=ORIENTED_EDGE('',*,*,#4874,.F.);
#6367=ORIENTED_EDGE('',*,*,#4853,.T.);
#6368=ORIENTED_EDGE('',*,*,#4819,.F.);
#6369=ORIENTED_EDGE('',*,*,#4896,.T.);
#6370=ORIENTED_EDGE('',*,*,#4880,.F.);
#6371=ORIENTED_EDGE('',*,*,#4855,.T.);
#6372=ORIENTED_EDGE('',*,*,#4879,.F.);
#6373=ORIENTED_EDGE('',*,*,#4895,.T.);
#6374=ORIENTED_EDGE('',*,*,#4821,.F.);
#6375=ORIENTED_EDGE('',*,*,#4850,.T.);
#6376=ORIENTED_EDGE('',*,*,#4823,.F.);
#6377=ORIENTED_EDGE('',*,*,#4894,.T.);
#6378=ORIENTED_EDGE('',*,*,#4877,.F.);
#6379=ORIENTED_EDGE('',*,*,#4852,.T.);
#6380=ORIENTED_EDGE('',*,*,#4876,.F.);
#6381=ORIENTED_EDGE('',*,*,#4899,.T.);
#6382=ORIENTED_EDGE('',*,*,#4825,.F.);
#6383=ORIENTED_EDGE('',*,*,#4856,.T.);
#6384=ORIENTED_EDGE('',*,*,#4882,.F.);
#6385=ORIENTED_EDGE('',*,*,#4897,.T.);
#6386=ORIENTED_EDGE('',*,*,#4817,.F.);
#6387=ORIENTED_EDGE('',*,*,#4846,.F.);
#6388=ORIENTED_EDGE('',*,*,#4900,.T.);
#6389=ORIENTED_EDGE('',*,*,#4887,.T.);
#6390=ORIENTED_EDGE('',*,*,#4900,.F.);
#6391=ORIENTED_EDGE('',*,*,#4845,.F.);
#6392=ORIENTED_EDGE('',*,*,#4901,.T.);
#6393=ORIENTED_EDGE('',*,*,#4886,.T.);
#6394=ORIENTED_EDGE('',*,*,#4901,.F.);
#6395=ORIENTED_EDGE('',*,*,#4844,.F.);
#6396=ORIENTED_EDGE('',*,*,#4902,.T.);
#6397=ORIENTED_EDGE('',*,*,#4885,.T.);
#6398=ORIENTED_EDGE('',*,*,#4902,.F.);
#6399=ORIENTED_EDGE('',*,*,#4843,.F.);
#6400=ORIENTED_EDGE('',*,*,#4903,.T.);
#6401=ORIENTED_EDGE('',*,*,#4884,.T.);
#6402=ORIENTED_EDGE('',*,*,#4903,.F.);
#6403=ORIENTED_EDGE('',*,*,#4872,.T.);
#6404=ORIENTED_EDGE('',*,*,#4904,.T.);
#6405=ORIENTED_EDGE('',*,*,#4831,.F.);
#6406=ORIENTED_EDGE('',*,*,#4905,.F.);
#6407=ORIENTED_EDGE('',*,*,#4873,.T.);
#6408=ORIENTED_EDGE('',*,*,#4905,.T.);
#6409=ORIENTED_EDGE('',*,*,#4830,.F.);
#6410=ORIENTED_EDGE('',*,*,#4860,.F.);
#6411=ORIENTED_EDGE('',*,*,#4805,.T.);
#6412=ORIENTED_EDGE('',*,*,#4833,.F.);
#6413=ORIENTED_EDGE('',*,*,#4906,.F.);
#6414=ORIENTED_EDGE('',*,*,#4870,.T.);
#6415=ORIENTED_EDGE('',*,*,#4871,.T.);
#6416=ORIENTED_EDGE('',*,*,#4906,.T.);
#6417=ORIENTED_EDGE('',*,*,#4832,.F.);
#6418=ORIENTED_EDGE('',*,*,#4904,.F.);
#6419=ORIENTED_EDGE('',*,*,#4907,.F.);
#6420=ORIENTED_EDGE('',*,*,#4908,.F.);
#6421=ORIENTED_EDGE('',*,*,#4909,.F.);
#6422=ORIENTED_EDGE('',*,*,#4910,.T.);
#6423=ORIENTED_EDGE('',*,*,#4911,.F.);
#6424=ORIENTED_EDGE('',*,*,#4910,.F.);
#6425=ORIENTED_EDGE('',*,*,#4912,.F.);
#6426=ORIENTED_EDGE('',*,*,#4913,.F.);
#6427=ORIENTED_EDGE('',*,*,#4914,.F.);
#6428=ORIENTED_EDGE('',*,*,#4915,.F.);
#6429=ORIENTED_EDGE('',*,*,#4916,.F.);
#6430=ORIENTED_EDGE('',*,*,#4908,.T.);
#6431=ORIENTED_EDGE('',*,*,#4917,.F.);
#6432=ORIENTED_EDGE('',*,*,#4918,.F.);
#6433=ORIENTED_EDGE('',*,*,#4919,.F.);
#6434=ORIENTED_EDGE('',*,*,#4920,.T.);
#6435=ORIENTED_EDGE('',*,*,#4921,.F.);
#6436=ORIENTED_EDGE('',*,*,#4920,.F.);
#6437=ORIENTED_EDGE('',*,*,#4922,.F.);
#6438=ORIENTED_EDGE('',*,*,#4923,.F.);
#6439=ORIENTED_EDGE('',*,*,#4924,.F.);
#6440=ORIENTED_EDGE('',*,*,#4925,.F.);
#6441=ORIENTED_EDGE('',*,*,#4926,.F.);
#6442=ORIENTED_EDGE('',*,*,#4918,.T.);
#6443=ORIENTED_EDGE('',*,*,#4927,.F.);
#6444=ORIENTED_EDGE('',*,*,#4928,.F.);
#6445=ORIENTED_EDGE('',*,*,#4929,.F.);
#6446=ORIENTED_EDGE('',*,*,#4930,.T.);
#6447=ORIENTED_EDGE('',*,*,#4931,.F.);
#6448=ORIENTED_EDGE('',*,*,#4930,.F.);
#6449=ORIENTED_EDGE('',*,*,#4932,.F.);
#6450=ORIENTED_EDGE('',*,*,#4933,.F.);
#6451=ORIENTED_EDGE('',*,*,#4934,.F.);
#6452=ORIENTED_EDGE('',*,*,#4935,.F.);
#6453=ORIENTED_EDGE('',*,*,#4936,.F.);
#6454=ORIENTED_EDGE('',*,*,#4928,.T.);
#6455=ORIENTED_EDGE('',*,*,#4937,.F.);
#6456=ORIENTED_EDGE('',*,*,#4938,.F.);
#6457=ORIENTED_EDGE('',*,*,#4939,.F.);
#6458=ORIENTED_EDGE('',*,*,#4940,.T.);
#6459=ORIENTED_EDGE('',*,*,#4941,.F.);
#6460=ORIENTED_EDGE('',*,*,#4940,.F.);
#6461=ORIENTED_EDGE('',*,*,#4942,.F.);
#6462=ORIENTED_EDGE('',*,*,#4943,.F.);
#6463=ORIENTED_EDGE('',*,*,#4944,.F.);
#6464=ORIENTED_EDGE('',*,*,#4945,.F.);
#6465=ORIENTED_EDGE('',*,*,#4946,.F.);
#6466=ORIENTED_EDGE('',*,*,#4938,.T.);
#6467=ORIENTED_EDGE('',*,*,#4947,.F.);
#6468=ORIENTED_EDGE('',*,*,#4948,.F.);
#6469=ORIENTED_EDGE('',*,*,#4949,.F.);
#6470=ORIENTED_EDGE('',*,*,#4950,.T.);
#6471=ORIENTED_EDGE('',*,*,#4951,.F.);
#6472=ORIENTED_EDGE('',*,*,#4950,.F.);
#6473=ORIENTED_EDGE('',*,*,#4952,.F.);
#6474=ORIENTED_EDGE('',*,*,#4953,.F.);
#6475=ORIENTED_EDGE('',*,*,#4954,.F.);
#6476=ORIENTED_EDGE('',*,*,#4955,.F.);
#6477=ORIENTED_EDGE('',*,*,#4956,.F.);
#6478=ORIENTED_EDGE('',*,*,#4948,.T.);
#6479=ORIENTED_EDGE('',*,*,#4957,.F.);
#6480=ORIENTED_EDGE('',*,*,#4958,.F.);
#6481=ORIENTED_EDGE('',*,*,#4959,.F.);
#6482=ORIENTED_EDGE('',*,*,#4960,.T.);
#6483=ORIENTED_EDGE('',*,*,#4961,.F.);
#6484=ORIENTED_EDGE('',*,*,#4960,.F.);
#6485=ORIENTED_EDGE('',*,*,#4962,.F.);
#6486=ORIENTED_EDGE('',*,*,#4963,.F.);
#6487=ORIENTED_EDGE('',*,*,#4964,.F.);
#6488=ORIENTED_EDGE('',*,*,#4965,.F.);
#6489=ORIENTED_EDGE('',*,*,#4966,.F.);
#6490=ORIENTED_EDGE('',*,*,#4958,.T.);
#6491=ORIENTED_EDGE('',*,*,#4967,.F.);
#6492=ORIENTED_EDGE('',*,*,#4968,.F.);
#6493=ORIENTED_EDGE('',*,*,#4969,.F.);
#6494=ORIENTED_EDGE('',*,*,#4970,.T.);
#6495=ORIENTED_EDGE('',*,*,#4971,.F.);
#6496=ORIENTED_EDGE('',*,*,#4970,.F.);
#6497=ORIENTED_EDGE('',*,*,#4972,.F.);
#6498=ORIENTED_EDGE('',*,*,#4973,.F.);
#6499=ORIENTED_EDGE('',*,*,#4974,.F.);
#6500=ORIENTED_EDGE('',*,*,#4975,.F.);
#6501=ORIENTED_EDGE('',*,*,#4976,.F.);
#6502=ORIENTED_EDGE('',*,*,#4968,.T.);
#6503=ORIENTED_EDGE('',*,*,#4977,.F.);
#6504=ORIENTED_EDGE('',*,*,#4978,.F.);
#6505=ORIENTED_EDGE('',*,*,#4979,.F.);
#6506=ORIENTED_EDGE('',*,*,#4980,.T.);
#6507=ORIENTED_EDGE('',*,*,#4981,.F.);
#6508=ORIENTED_EDGE('',*,*,#4980,.F.);
#6509=ORIENTED_EDGE('',*,*,#4982,.F.);
#6510=ORIENTED_EDGE('',*,*,#4983,.F.);
#6511=ORIENTED_EDGE('',*,*,#4984,.F.);
#6512=ORIENTED_EDGE('',*,*,#4985,.F.);
#6513=ORIENTED_EDGE('',*,*,#4986,.F.);
#6514=ORIENTED_EDGE('',*,*,#4978,.T.);
#6515=ORIENTED_EDGE('',*,*,#4987,.F.);
#6516=ORIENTED_EDGE('',*,*,#4988,.F.);
#6517=ORIENTED_EDGE('',*,*,#4989,.F.);
#6518=ORIENTED_EDGE('',*,*,#4990,.T.);
#6519=ORIENTED_EDGE('',*,*,#4991,.F.);
#6520=ORIENTED_EDGE('',*,*,#4990,.F.);
#6521=ORIENTED_EDGE('',*,*,#4992,.F.);
#6522=ORIENTED_EDGE('',*,*,#4993,.F.);
#6523=ORIENTED_EDGE('',*,*,#4994,.F.);
#6524=ORIENTED_EDGE('',*,*,#4995,.F.);
#6525=ORIENTED_EDGE('',*,*,#4996,.F.);
#6526=ORIENTED_EDGE('',*,*,#4988,.T.);
#6527=ORIENTED_EDGE('',*,*,#4997,.F.);
#6528=ORIENTED_EDGE('',*,*,#4998,.F.);
#6529=ORIENTED_EDGE('',*,*,#4999,.F.);
#6530=ORIENTED_EDGE('',*,*,#5000,.T.);
#6531=ORIENTED_EDGE('',*,*,#5001,.F.);
#6532=ORIENTED_EDGE('',*,*,#5000,.F.);
#6533=ORIENTED_EDGE('',*,*,#5002,.F.);
#6534=ORIENTED_EDGE('',*,*,#5003,.F.);
#6535=ORIENTED_EDGE('',*,*,#5004,.F.);
#6536=ORIENTED_EDGE('',*,*,#5005,.F.);
#6537=ORIENTED_EDGE('',*,*,#5006,.F.);
#6538=ORIENTED_EDGE('',*,*,#4998,.T.);
#6539=ORIENTED_EDGE('',*,*,#5007,.F.);
#6540=ORIENTED_EDGE('',*,*,#5008,.F.);
#6541=ORIENTED_EDGE('',*,*,#5009,.F.);
#6542=ORIENTED_EDGE('',*,*,#5010,.T.);
#6543=ORIENTED_EDGE('',*,*,#5011,.F.);
#6544=ORIENTED_EDGE('',*,*,#5010,.F.);
#6545=ORIENTED_EDGE('',*,*,#5012,.F.);
#6546=ORIENTED_EDGE('',*,*,#5013,.F.);
#6547=ORIENTED_EDGE('',*,*,#5014,.F.);
#6548=ORIENTED_EDGE('',*,*,#5015,.F.);
#6549=ORIENTED_EDGE('',*,*,#5016,.F.);
#6550=ORIENTED_EDGE('',*,*,#5008,.T.);
#6551=ORIENTED_EDGE('',*,*,#5017,.F.);
#6552=ORIENTED_EDGE('',*,*,#5018,.F.);
#6553=ORIENTED_EDGE('',*,*,#5019,.F.);
#6554=ORIENTED_EDGE('',*,*,#5020,.T.);
#6555=ORIENTED_EDGE('',*,*,#5021,.F.);
#6556=ORIENTED_EDGE('',*,*,#5020,.F.);
#6557=ORIENTED_EDGE('',*,*,#5022,.F.);
#6558=ORIENTED_EDGE('',*,*,#5023,.F.);
#6559=ORIENTED_EDGE('',*,*,#5024,.F.);
#6560=ORIENTED_EDGE('',*,*,#5025,.F.);
#6561=ORIENTED_EDGE('',*,*,#5026,.F.);
#6562=ORIENTED_EDGE('',*,*,#5018,.T.);
#6563=ORIENTED_EDGE('',*,*,#5027,.F.);
#6564=ORIENTED_EDGE('',*,*,#5028,.F.);
#6565=ORIENTED_EDGE('',*,*,#5029,.F.);
#6566=ORIENTED_EDGE('',*,*,#5030,.T.);
#6567=ORIENTED_EDGE('',*,*,#5031,.F.);
#6568=ORIENTED_EDGE('',*,*,#5030,.F.);
#6569=ORIENTED_EDGE('',*,*,#5032,.F.);
#6570=ORIENTED_EDGE('',*,*,#5033,.F.);
#6571=ORIENTED_EDGE('',*,*,#5034,.F.);
#6572=ORIENTED_EDGE('',*,*,#5035,.F.);
#6573=ORIENTED_EDGE('',*,*,#5036,.F.);
#6574=ORIENTED_EDGE('',*,*,#5028,.T.);
#6575=ORIENTED_EDGE('',*,*,#5037,.F.);
#6576=ORIENTED_EDGE('',*,*,#5038,.F.);
#6577=ORIENTED_EDGE('',*,*,#5039,.F.);
#6578=ORIENTED_EDGE('',*,*,#5040,.T.);
#6579=ORIENTED_EDGE('',*,*,#5041,.F.);
#6580=ORIENTED_EDGE('',*,*,#5040,.F.);
#6581=ORIENTED_EDGE('',*,*,#5042,.F.);
#6582=ORIENTED_EDGE('',*,*,#5043,.F.);
#6583=ORIENTED_EDGE('',*,*,#5044,.F.);
#6584=ORIENTED_EDGE('',*,*,#5045,.F.);
#6585=ORIENTED_EDGE('',*,*,#5046,.F.);
#6586=ORIENTED_EDGE('',*,*,#5038,.T.);
#6587=ORIENTED_EDGE('',*,*,#5047,.F.);
#6588=ORIENTED_EDGE('',*,*,#5048,.F.);
#6589=ORIENTED_EDGE('',*,*,#5049,.F.);
#6590=ORIENTED_EDGE('',*,*,#5050,.T.);
#6591=ORIENTED_EDGE('',*,*,#5051,.F.);
#6592=ORIENTED_EDGE('',*,*,#5050,.F.);
#6593=ORIENTED_EDGE('',*,*,#5052,.F.);
#6594=ORIENTED_EDGE('',*,*,#5053,.F.);
#6595=ORIENTED_EDGE('',*,*,#5054,.F.);
#6596=ORIENTED_EDGE('',*,*,#5055,.F.);
#6597=ORIENTED_EDGE('',*,*,#5056,.F.);
#6598=ORIENTED_EDGE('',*,*,#5048,.T.);
#6599=ORIENTED_EDGE('',*,*,#5057,.F.);
#6600=ORIENTED_EDGE('',*,*,#5058,.F.);
#6601=ORIENTED_EDGE('',*,*,#5059,.F.);
#6602=ORIENTED_EDGE('',*,*,#5060,.T.);
#6603=ORIENTED_EDGE('',*,*,#5061,.F.);
#6604=ORIENTED_EDGE('',*,*,#5060,.F.);
#6605=ORIENTED_EDGE('',*,*,#5062,.F.);
#6606=ORIENTED_EDGE('',*,*,#5063,.F.);
#6607=ORIENTED_EDGE('',*,*,#5064,.F.);
#6608=ORIENTED_EDGE('',*,*,#5065,.F.);
#6609=ORIENTED_EDGE('',*,*,#5066,.F.);
#6610=ORIENTED_EDGE('',*,*,#5058,.T.);
#6611=ORIENTED_EDGE('',*,*,#4914,.T.);
#6612=ORIENTED_EDGE('',*,*,#4907,.T.);
#6613=ORIENTED_EDGE('',*,*,#4911,.T.);
#6614=ORIENTED_EDGE('',*,*,#5067,.T.);
#6615=ORIENTED_EDGE('',*,*,#4994,.T.);
#6616=ORIENTED_EDGE('',*,*,#4987,.T.);
#6617=ORIENTED_EDGE('',*,*,#4991,.T.);
#6618=ORIENTED_EDGE('',*,*,#5068,.T.);
#6619=ORIENTED_EDGE('',*,*,#5054,.T.);
#6620=ORIENTED_EDGE('',*,*,#5047,.T.);
#6621=ORIENTED_EDGE('',*,*,#5051,.T.);
#6622=ORIENTED_EDGE('',*,*,#5069,.T.);
#6623=ORIENTED_EDGE('',*,*,#4974,.T.);
#6624=ORIENTED_EDGE('',*,*,#4967,.T.);
#6625=ORIENTED_EDGE('',*,*,#4971,.T.);
#6626=ORIENTED_EDGE('',*,*,#5070,.T.);
#6627=ORIENTED_EDGE('',*,*,#4924,.T.);
#6628=ORIENTED_EDGE('',*,*,#4917,.T.);
#6629=ORIENTED_EDGE('',*,*,#4921,.T.);
#6630=ORIENTED_EDGE('',*,*,#5071,.T.);
#6631=ORIENTED_EDGE('',*,*,#5004,.T.);
#6632=ORIENTED_EDGE('',*,*,#4997,.T.);
#6633=ORIENTED_EDGE('',*,*,#5001,.T.);
#6634=ORIENTED_EDGE('',*,*,#5072,.T.);
#6635=ORIENTED_EDGE('',*,*,#5044,.T.);
#6636=ORIENTED_EDGE('',*,*,#5037,.T.);
#6637=ORIENTED_EDGE('',*,*,#5041,.T.);
#6638=ORIENTED_EDGE('',*,*,#5073,.T.);
#6639=ORIENTED_EDGE('',*,*,#4964,.T.);
#6640=ORIENTED_EDGE('',*,*,#4957,.T.);
#6641=ORIENTED_EDGE('',*,*,#4961,.T.);
#6642=ORIENTED_EDGE('',*,*,#5074,.T.);
#6643=ORIENTED_EDGE('',*,*,#4934,.T.);
#6644=ORIENTED_EDGE('',*,*,#4927,.T.);
#6645=ORIENTED_EDGE('',*,*,#4931,.T.);
#6646=ORIENTED_EDGE('',*,*,#5075,.T.);
#6647=ORIENTED_EDGE('',*,*,#5014,.T.);
#6648=ORIENTED_EDGE('',*,*,#5007,.T.);
#6649=ORIENTED_EDGE('',*,*,#5011,.T.);
#6650=ORIENTED_EDGE('',*,*,#5076,.T.);
#6651=ORIENTED_EDGE('',*,*,#5034,.T.);
#6652=ORIENTED_EDGE('',*,*,#5027,.T.);
#6653=ORIENTED_EDGE('',*,*,#5031,.T.);
#6654=ORIENTED_EDGE('',*,*,#5077,.T.);
#6655=ORIENTED_EDGE('',*,*,#4954,.T.);
#6656=ORIENTED_EDGE('',*,*,#4947,.T.);
#6657=ORIENTED_EDGE('',*,*,#4951,.T.);
#6658=ORIENTED_EDGE('',*,*,#5078,.T.);
#6659=ORIENTED_EDGE('',*,*,#4944,.T.);
#6660=ORIENTED_EDGE('',*,*,#4937,.T.);
#6661=ORIENTED_EDGE('',*,*,#4941,.T.);
#6662=ORIENTED_EDGE('',*,*,#5079,.T.);
#6663=ORIENTED_EDGE('',*,*,#5024,.T.);
#6664=ORIENTED_EDGE('',*,*,#5017,.T.);
#6665=ORIENTED_EDGE('',*,*,#5021,.T.);
#6666=ORIENTED_EDGE('',*,*,#5080,.T.);
#6667=ORIENTED_EDGE('',*,*,#5081,.F.);
#6668=ORIENTED_EDGE('',*,*,#5082,.F.);
#6669=ORIENTED_EDGE('',*,*,#5083,.T.);
#6670=ORIENTED_EDGE('',*,*,#5084,.T.);
#6671=ORIENTED_EDGE('',*,*,#5085,.T.);
#6672=ORIENTED_EDGE('',*,*,#5086,.T.);
#6673=ORIENTED_EDGE('',*,*,#5087,.T.);
#6674=ORIENTED_EDGE('',*,*,#5088,.T.);
#6675=ORIENTED_EDGE('',*,*,#5089,.T.);
#6676=ORIENTED_EDGE('',*,*,#5090,.T.);
#6677=ORIENTED_EDGE('',*,*,#5091,.T.);
#6678=ORIENTED_EDGE('',*,*,#5092,.T.);
#6679=ORIENTED_EDGE('',*,*,#5093,.T.);
#6680=ORIENTED_EDGE('',*,*,#5094,.T.);
#6681=ORIENTED_EDGE('',*,*,#5095,.T.);
#6682=ORIENTED_EDGE('',*,*,#5096,.T.);
#6683=ORIENTED_EDGE('',*,*,#5064,.T.);
#6684=ORIENTED_EDGE('',*,*,#5057,.T.);
#6685=ORIENTED_EDGE('',*,*,#5061,.T.);
#6686=ORIENTED_EDGE('',*,*,#5097,.T.);
#6687=ORIENTED_EDGE('',*,*,#4984,.T.);
#6688=ORIENTED_EDGE('',*,*,#4977,.T.);
#6689=ORIENTED_EDGE('',*,*,#4981,.T.);
#6690=ORIENTED_EDGE('',*,*,#5098,.T.);
#6691=ORIENTED_EDGE('',*,*,#5023,.T.);
#6692=ORIENTED_EDGE('',*,*,#5099,.T.);
#6693=ORIENTED_EDGE('',*,*,#5100,.F.);
#6694=ORIENTED_EDGE('',*,*,#5080,.F.);
#6695=ORIENTED_EDGE('',*,*,#5065,.T.);
#6696=ORIENTED_EDGE('',*,*,#5096,.F.);
#6697=ORIENTED_EDGE('',*,*,#5101,.T.);
#6698=ORIENTED_EDGE('',*,*,#5102,.T.);
#6699=ORIENTED_EDGE('',*,*,#4993,.T.);
#6700=ORIENTED_EDGE('',*,*,#5103,.T.);
#6701=ORIENTED_EDGE('',*,*,#5055,.T.);
#6702=ORIENTED_EDGE('',*,*,#5068,.F.);
#6703=ORIENTED_EDGE('',*,*,#5003,.T.);
#6704=ORIENTED_EDGE('',*,*,#5104,.T.);
#6705=ORIENTED_EDGE('',*,*,#5045,.T.);
#6706=ORIENTED_EDGE('',*,*,#5072,.F.);
#6707=ORIENTED_EDGE('',*,*,#5013,.T.);
#6708=ORIENTED_EDGE('',*,*,#5105,.T.);
#6709=ORIENTED_EDGE('',*,*,#5035,.T.);
#6710=ORIENTED_EDGE('',*,*,#5076,.F.);
#6711=ORIENTED_EDGE('',*,*,#4943,.T.);
#6712=ORIENTED_EDGE('',*,*,#5106,.T.);
#6713=ORIENTED_EDGE('',*,*,#5025,.T.);
#6714=ORIENTED_EDGE('',*,*,#5079,.F.);
#6715=ORIENTED_EDGE('',*,*,#4933,.T.);
#6716=ORIENTED_EDGE('',*,*,#5107,.T.);
#6717=ORIENTED_EDGE('',*,*,#5015,.T.);
#6718=ORIENTED_EDGE('',*,*,#5075,.F.);
#6719=ORIENTED_EDGE('',*,*,#4923,.T.);
#6720=ORIENTED_EDGE('',*,*,#5108,.T.);
#6721=ORIENTED_EDGE('',*,*,#5005,.T.);
#6722=ORIENTED_EDGE('',*,*,#5071,.F.);
#6723=ORIENTED_EDGE('',*,*,#4913,.T.);
#6724=ORIENTED_EDGE('',*,*,#5109,.T.);
#6725=ORIENTED_EDGE('',*,*,#4995,.T.);
#6726=ORIENTED_EDGE('',*,*,#5067,.F.);
#6727=ORIENTED_EDGE('',*,*,#4985,.T.);
#6728=ORIENTED_EDGE('',*,*,#5097,.F.);
#6729=ORIENTED_EDGE('',*,*,#5063,.T.);
#6730=ORIENTED_EDGE('',*,*,#5110,.T.);
#6731=ORIENTED_EDGE('',*,*,#4975,.T.);
#6732=ORIENTED_EDGE('',*,*,#5069,.F.);
#6733=ORIENTED_EDGE('',*,*,#5053,.T.);
#6734=ORIENTED_EDGE('',*,*,#5111,.T.);
#6735=ORIENTED_EDGE('',*,*,#4965,.T.);
#6736=ORIENTED_EDGE('',*,*,#5073,.F.);
#6737=ORIENTED_EDGE('',*,*,#5043,.T.);
#6738=ORIENTED_EDGE('',*,*,#5112,.T.);
#6739=ORIENTED_EDGE('',*,*,#4955,.T.);
#6740=ORIENTED_EDGE('',*,*,#5077,.F.);
#6741=ORIENTED_EDGE('',*,*,#5033,.T.);
#6742=ORIENTED_EDGE('',*,*,#5113,.T.);
#6743=ORIENTED_EDGE('',*,*,#4945,.T.);
#6744=ORIENTED_EDGE('',*,*,#5078,.F.);
#6745=ORIENTED_EDGE('',*,*,#4953,.T.);
#6746=ORIENTED_EDGE('',*,*,#5114,.T.);
#6747=ORIENTED_EDGE('',*,*,#4935,.T.);
#6748=ORIENTED_EDGE('',*,*,#5074,.F.);
#6749=ORIENTED_EDGE('',*,*,#4963,.T.);
#6750=ORIENTED_EDGE('',*,*,#5115,.T.);
#6751=ORIENTED_EDGE('',*,*,#4925,.T.);
#6752=ORIENTED_EDGE('',*,*,#5070,.F.);
#6753=ORIENTED_EDGE('',*,*,#4973,.T.);
#6754=ORIENTED_EDGE('',*,*,#5116,.T.);
#6755=ORIENTED_EDGE('',*,*,#5083,.F.);
#6756=ORIENTED_EDGE('',*,*,#5117,.F.);
#6757=ORIENTED_EDGE('',*,*,#5118,.F.);
#6758=ORIENTED_EDGE('',*,*,#5119,.T.);
#6759=ORIENTED_EDGE('',*,*,#5084,.F.);
#6760=ORIENTED_EDGE('',*,*,#5119,.F.);
#6761=ORIENTED_EDGE('',*,*,#5120,.F.);
#6762=ORIENTED_EDGE('',*,*,#5121,.F.);
#6763=ORIENTED_EDGE('',*,*,#5092,.F.);
#6764=ORIENTED_EDGE('',*,*,#5122,.F.);
#6765=ORIENTED_EDGE('',*,*,#5123,.F.);
#6766=ORIENTED_EDGE('',*,*,#5124,.F.);
#6767=ORIENTED_EDGE('',*,*,#5090,.F.);
#6768=ORIENTED_EDGE('',*,*,#5125,.F.);
#6769=ORIENTED_EDGE('',*,*,#5126,.F.);
#6770=ORIENTED_EDGE('',*,*,#5127,.T.);
#6771=ORIENTED_EDGE('',*,*,#5091,.F.);
#6772=ORIENTED_EDGE('',*,*,#5127,.F.);
#6773=ORIENTED_EDGE('',*,*,#5128,.F.);
#6774=ORIENTED_EDGE('',*,*,#5122,.T.);
#6775=ORIENTED_EDGE('',*,*,#5088,.F.);
#6776=ORIENTED_EDGE('',*,*,#5129,.F.);
#6777=ORIENTED_EDGE('',*,*,#5130,.F.);
#6778=ORIENTED_EDGE('',*,*,#5131,.F.);
#6779=ORIENTED_EDGE('',*,*,#5086,.F.);
#6780=ORIENTED_EDGE('',*,*,#5132,.F.);
#6781=ORIENTED_EDGE('',*,*,#5133,.F.);
#6782=ORIENTED_EDGE('',*,*,#5134,.T.);
#6783=ORIENTED_EDGE('',*,*,#5087,.F.);
#6784=ORIENTED_EDGE('',*,*,#5134,.F.);
#6785=ORIENTED_EDGE('',*,*,#5135,.F.);
#6786=ORIENTED_EDGE('',*,*,#5129,.T.);
#6787=ORIENTED_EDGE('',*,*,#5094,.F.);
#6788=ORIENTED_EDGE('',*,*,#5136,.F.);
#6789=ORIENTED_EDGE('',*,*,#5137,.F.);
#6790=ORIENTED_EDGE('',*,*,#5138,.T.);
#6791=ORIENTED_EDGE('',*,*,#5095,.F.);
#6792=ORIENTED_EDGE('',*,*,#5138,.F.);
#6793=ORIENTED_EDGE('',*,*,#5139,.F.);
#6794=ORIENTED_EDGE('',*,*,#5101,.F.);
#6795=ORIENTED_EDGE('',*,*,#5125,.T.);
#6796=ORIENTED_EDGE('',*,*,#5089,.F.);
#6797=ORIENTED_EDGE('',*,*,#5131,.T.);
#6798=ORIENTED_EDGE('',*,*,#5140,.F.);
#6799=ORIENTED_EDGE('',*,*,#5124,.T.);
#6800=ORIENTED_EDGE('',*,*,#5141,.F.);
#6801=ORIENTED_EDGE('',*,*,#5136,.T.);
#6802=ORIENTED_EDGE('',*,*,#5093,.F.);
#6803=ORIENTED_EDGE('',*,*,#5121,.T.);
#6804=ORIENTED_EDGE('',*,*,#5142,.F.);
#6805=ORIENTED_EDGE('',*,*,#5132,.T.);
#6806=ORIENTED_EDGE('',*,*,#5085,.F.);
#6807=ORIENTED_EDGE('',*,*,#4916,.T.);
#6808=ORIENTED_EDGE('',*,*,#5143,.F.);
#6809=ORIENTED_EDGE('',*,*,#4982,.T.);
#6810=ORIENTED_EDGE('',*,*,#4979,.T.);
#6811=ORIENTED_EDGE('',*,*,#4986,.T.);
#6812=ORIENTED_EDGE('',*,*,#5110,.F.);
#6813=ORIENTED_EDGE('',*,*,#5062,.T.);
#6814=ORIENTED_EDGE('',*,*,#5059,.T.);
#6815=ORIENTED_EDGE('',*,*,#5066,.T.);
#6816=ORIENTED_EDGE('',*,*,#5102,.F.);
#6817=ORIENTED_EDGE('',*,*,#5139,.T.);
#6818=ORIENTED_EDGE('',*,*,#5137,.T.);
#6819=ORIENTED_EDGE('',*,*,#5141,.T.);
#6820=ORIENTED_EDGE('',*,*,#5123,.T.);
#6821=ORIENTED_EDGE('',*,*,#5128,.T.);
#6822=ORIENTED_EDGE('',*,*,#5126,.T.);
#6823=ORIENTED_EDGE('',*,*,#5140,.T.);
#6824=ORIENTED_EDGE('',*,*,#5130,.T.);
#6825=ORIENTED_EDGE('',*,*,#5135,.T.);
#6826=ORIENTED_EDGE('',*,*,#5133,.T.);
#6827=ORIENTED_EDGE('',*,*,#5142,.T.);
#6828=ORIENTED_EDGE('',*,*,#5120,.T.);
#6829=ORIENTED_EDGE('',*,*,#5118,.T.);
#6830=ORIENTED_EDGE('',*,*,#5144,.T.);
#6831=ORIENTED_EDGE('',*,*,#5145,.F.);
#6832=ORIENTED_EDGE('',*,*,#5099,.F.);
#6833=ORIENTED_EDGE('',*,*,#5022,.T.);
#6834=ORIENTED_EDGE('',*,*,#5019,.T.);
#6835=ORIENTED_EDGE('',*,*,#5026,.T.);
#6836=ORIENTED_EDGE('',*,*,#5106,.F.);
#6837=ORIENTED_EDGE('',*,*,#4942,.T.);
#6838=ORIENTED_EDGE('',*,*,#4939,.T.);
#6839=ORIENTED_EDGE('',*,*,#4946,.T.);
#6840=ORIENTED_EDGE('',*,*,#5114,.F.);
#6841=ORIENTED_EDGE('',*,*,#4952,.T.);
#6842=ORIENTED_EDGE('',*,*,#4949,.T.);
#6843=ORIENTED_EDGE('',*,*,#4956,.T.);
#6844=ORIENTED_EDGE('',*,*,#5113,.F.);
#6845=ORIENTED_EDGE('',*,*,#5032,.T.);
#6846=ORIENTED_EDGE('',*,*,#5029,.T.);
#6847=ORIENTED_EDGE('',*,*,#5036,.T.);
#6848=ORIENTED_EDGE('',*,*,#5105,.F.);
#6849=ORIENTED_EDGE('',*,*,#5012,.T.);
#6850=ORIENTED_EDGE('',*,*,#5009,.T.);
#6851=ORIENTED_EDGE('',*,*,#5016,.T.);
#6852=ORIENTED_EDGE('',*,*,#5107,.F.);
#6853=ORIENTED_EDGE('',*,*,#4932,.T.);
#6854=ORIENTED_EDGE('',*,*,#4929,.T.);
#6855=ORIENTED_EDGE('',*,*,#4936,.T.);
#6856=ORIENTED_EDGE('',*,*,#5115,.F.);
#6857=ORIENTED_EDGE('',*,*,#4962,.T.);
#6858=ORIENTED_EDGE('',*,*,#4959,.T.);
#6859=ORIENTED_EDGE('',*,*,#4966,.T.);
#6860=ORIENTED_EDGE('',*,*,#5112,.F.);
#6861=ORIENTED_EDGE('',*,*,#5042,.T.);
#6862=ORIENTED_EDGE('',*,*,#5039,.T.);
#6863=ORIENTED_EDGE('',*,*,#5046,.T.);
#6864=ORIENTED_EDGE('',*,*,#5104,.F.);
#6865=ORIENTED_EDGE('',*,*,#5002,.T.);
#6866=ORIENTED_EDGE('',*,*,#4999,.T.);
#6867=ORIENTED_EDGE('',*,*,#5006,.T.);
#6868=ORIENTED_EDGE('',*,*,#5108,.F.);
#6869=ORIENTED_EDGE('',*,*,#4922,.T.);
#6870=ORIENTED_EDGE('',*,*,#4919,.T.);
#6871=ORIENTED_EDGE('',*,*,#4926,.T.);
#6872=ORIENTED_EDGE('',*,*,#5116,.F.);
#6873=ORIENTED_EDGE('',*,*,#4972,.T.);
#6874=ORIENTED_EDGE('',*,*,#4969,.T.);
#6875=ORIENTED_EDGE('',*,*,#4976,.T.);
#6876=ORIENTED_EDGE('',*,*,#5111,.F.);
#6877=ORIENTED_EDGE('',*,*,#5052,.T.);
#6878=ORIENTED_EDGE('',*,*,#5049,.T.);
#6879=ORIENTED_EDGE('',*,*,#5056,.T.);
#6880=ORIENTED_EDGE('',*,*,#5103,.F.);
#6881=ORIENTED_EDGE('',*,*,#4992,.T.);
#6882=ORIENTED_EDGE('',*,*,#4989,.T.);
#6883=ORIENTED_EDGE('',*,*,#4996,.T.);
#6884=ORIENTED_EDGE('',*,*,#5109,.F.);
#6885=ORIENTED_EDGE('',*,*,#4912,.T.);
#6886=ORIENTED_EDGE('',*,*,#4909,.T.);
#6887=ORIENTED_EDGE('',*,*,#5117,.T.);
#6888=ORIENTED_EDGE('',*,*,#5082,.T.);
#6889=ORIENTED_EDGE('',*,*,#5146,.F.);
#6890=ORIENTED_EDGE('',*,*,#5144,.F.);
#6891=ORIENTED_EDGE('',*,*,#4915,.T.);
#6892=ORIENTED_EDGE('',*,*,#5098,.F.);
#6893=ORIENTED_EDGE('',*,*,#4983,.T.);
#6894=ORIENTED_EDGE('',*,*,#5143,.T.);
#6895=ORIENTED_EDGE('',*,*,#5100,.T.);
#6896=ORIENTED_EDGE('',*,*,#5145,.T.);
#6897=ORIENTED_EDGE('',*,*,#5146,.T.);
#6898=ORIENTED_EDGE('',*,*,#5081,.T.);
#6899=ORIENTED_EDGE('',*,*,#5147,.F.);
#6900=ORIENTED_EDGE('',*,*,#5148,.T.);
#6901=ORIENTED_EDGE('',*,*,#5149,.F.);
#6902=ORIENTED_EDGE('',*,*,#5150,.F.);
#6903=ORIENTED_EDGE('',*,*,#5151,.F.);
#6904=ORIENTED_EDGE('',*,*,#5150,.T.);
#6905=ORIENTED_EDGE('',*,*,#5152,.F.);
#6906=ORIENTED_EDGE('',*,*,#5153,.F.);
#6907=ORIENTED_EDGE('',*,*,#5154,.F.);
#6908=ORIENTED_EDGE('',*,*,#5155,.F.);
#6909=ORIENTED_EDGE('',*,*,#5156,.F.);
#6910=ORIENTED_EDGE('',*,*,#5148,.F.);
#6911=ORIENTED_EDGE('',*,*,#5157,.F.);
#6912=ORIENTED_EDGE('',*,*,#5158,.T.);
#6913=ORIENTED_EDGE('',*,*,#5159,.F.);
#6914=ORIENTED_EDGE('',*,*,#5160,.F.);
#6915=ORIENTED_EDGE('',*,*,#5161,.F.);
#6916=ORIENTED_EDGE('',*,*,#5160,.T.);
#6917=ORIENTED_EDGE('',*,*,#5162,.F.);
#6918=ORIENTED_EDGE('',*,*,#5163,.F.);
#6919=ORIENTED_EDGE('',*,*,#5164,.F.);
#6920=ORIENTED_EDGE('',*,*,#5165,.F.);
#6921=ORIENTED_EDGE('',*,*,#5166,.F.);
#6922=ORIENTED_EDGE('',*,*,#5158,.F.);
#6923=ORIENTED_EDGE('',*,*,#5167,.F.);
#6924=ORIENTED_EDGE('',*,*,#5168,.T.);
#6925=ORIENTED_EDGE('',*,*,#5169,.F.);
#6926=ORIENTED_EDGE('',*,*,#5170,.F.);
#6927=ORIENTED_EDGE('',*,*,#5171,.F.);
#6928=ORIENTED_EDGE('',*,*,#5170,.T.);
#6929=ORIENTED_EDGE('',*,*,#5172,.F.);
#6930=ORIENTED_EDGE('',*,*,#5173,.F.);
#6931=ORIENTED_EDGE('',*,*,#5174,.F.);
#6932=ORIENTED_EDGE('',*,*,#5175,.F.);
#6933=ORIENTED_EDGE('',*,*,#5176,.F.);
#6934=ORIENTED_EDGE('',*,*,#5168,.F.);
#6935=ORIENTED_EDGE('',*,*,#5177,.F.);
#6936=ORIENTED_EDGE('',*,*,#5178,.T.);
#6937=ORIENTED_EDGE('',*,*,#5179,.F.);
#6938=ORIENTED_EDGE('',*,*,#5180,.F.);
#6939=ORIENTED_EDGE('',*,*,#5181,.F.);
#6940=ORIENTED_EDGE('',*,*,#5180,.T.);
#6941=ORIENTED_EDGE('',*,*,#5182,.F.);
#6942=ORIENTED_EDGE('',*,*,#5183,.F.);
#6943=ORIENTED_EDGE('',*,*,#5184,.F.);
#6944=ORIENTED_EDGE('',*,*,#5185,.F.);
#6945=ORIENTED_EDGE('',*,*,#5186,.F.);
#6946=ORIENTED_EDGE('',*,*,#5178,.F.);
#6947=ORIENTED_EDGE('',*,*,#5187,.F.);
#6948=ORIENTED_EDGE('',*,*,#5188,.T.);
#6949=ORIENTED_EDGE('',*,*,#5189,.F.);
#6950=ORIENTED_EDGE('',*,*,#5190,.F.);
#6951=ORIENTED_EDGE('',*,*,#5191,.F.);
#6952=ORIENTED_EDGE('',*,*,#5190,.T.);
#6953=ORIENTED_EDGE('',*,*,#5192,.F.);
#6954=ORIENTED_EDGE('',*,*,#5193,.F.);
#6955=ORIENTED_EDGE('',*,*,#5194,.F.);
#6956=ORIENTED_EDGE('',*,*,#5195,.F.);
#6957=ORIENTED_EDGE('',*,*,#5196,.F.);
#6958=ORIENTED_EDGE('',*,*,#5188,.F.);
#6959=ORIENTED_EDGE('',*,*,#5197,.F.);
#6960=ORIENTED_EDGE('',*,*,#5198,.T.);
#6961=ORIENTED_EDGE('',*,*,#5199,.F.);
#6962=ORIENTED_EDGE('',*,*,#5200,.F.);
#6963=ORIENTED_EDGE('',*,*,#5201,.F.);
#6964=ORIENTED_EDGE('',*,*,#5200,.T.);
#6965=ORIENTED_EDGE('',*,*,#5202,.F.);
#6966=ORIENTED_EDGE('',*,*,#5203,.F.);
#6967=ORIENTED_EDGE('',*,*,#5204,.F.);
#6968=ORIENTED_EDGE('',*,*,#5205,.F.);
#6969=ORIENTED_EDGE('',*,*,#5206,.F.);
#6970=ORIENTED_EDGE('',*,*,#5198,.F.);
#6971=ORIENTED_EDGE('',*,*,#5207,.F.);
#6972=ORIENTED_EDGE('',*,*,#5208,.T.);
#6973=ORIENTED_EDGE('',*,*,#5209,.F.);
#6974=ORIENTED_EDGE('',*,*,#5210,.F.);
#6975=ORIENTED_EDGE('',*,*,#5211,.F.);
#6976=ORIENTED_EDGE('',*,*,#5210,.T.);
#6977=ORIENTED_EDGE('',*,*,#5212,.F.);
#6978=ORIENTED_EDGE('',*,*,#5213,.F.);
#6979=ORIENTED_EDGE('',*,*,#5214,.F.);
#6980=ORIENTED_EDGE('',*,*,#5215,.F.);
#6981=ORIENTED_EDGE('',*,*,#5216,.F.);
#6982=ORIENTED_EDGE('',*,*,#5208,.F.);
#6983=ORIENTED_EDGE('',*,*,#5217,.F.);
#6984=ORIENTED_EDGE('',*,*,#5218,.T.);
#6985=ORIENTED_EDGE('',*,*,#5219,.F.);
#6986=ORIENTED_EDGE('',*,*,#5220,.F.);
#6987=ORIENTED_EDGE('',*,*,#5221,.F.);
#6988=ORIENTED_EDGE('',*,*,#5220,.T.);
#6989=ORIENTED_EDGE('',*,*,#5222,.F.);
#6990=ORIENTED_EDGE('',*,*,#5223,.F.);
#6991=ORIENTED_EDGE('',*,*,#5224,.F.);
#6992=ORIENTED_EDGE('',*,*,#5225,.F.);
#6993=ORIENTED_EDGE('',*,*,#5226,.F.);
#6994=ORIENTED_EDGE('',*,*,#5218,.F.);
#6995=ORIENTED_EDGE('',*,*,#5227,.F.);
#6996=ORIENTED_EDGE('',*,*,#5228,.T.);
#6997=ORIENTED_EDGE('',*,*,#5229,.F.);
#6998=ORIENTED_EDGE('',*,*,#5230,.F.);
#6999=ORIENTED_EDGE('',*,*,#5231,.F.);
#7000=ORIENTED_EDGE('',*,*,#5230,.T.);
#7001=ORIENTED_EDGE('',*,*,#5232,.F.);
#7002=ORIENTED_EDGE('',*,*,#5233,.F.);
#7003=ORIENTED_EDGE('',*,*,#5234,.F.);
#7004=ORIENTED_EDGE('',*,*,#5235,.F.);
#7005=ORIENTED_EDGE('',*,*,#5236,.F.);
#7006=ORIENTED_EDGE('',*,*,#5228,.F.);
#7007=ORIENTED_EDGE('',*,*,#5237,.F.);
#7008=ORIENTED_EDGE('',*,*,#5238,.T.);
#7009=ORIENTED_EDGE('',*,*,#5239,.F.);
#7010=ORIENTED_EDGE('',*,*,#5240,.F.);
#7011=ORIENTED_EDGE('',*,*,#5241,.F.);
#7012=ORIENTED_EDGE('',*,*,#5240,.T.);
#7013=ORIENTED_EDGE('',*,*,#5242,.F.);
#7014=ORIENTED_EDGE('',*,*,#5243,.F.);
#7015=ORIENTED_EDGE('',*,*,#5244,.F.);
#7016=ORIENTED_EDGE('',*,*,#5245,.F.);
#7017=ORIENTED_EDGE('',*,*,#5246,.F.);
#7018=ORIENTED_EDGE('',*,*,#5238,.F.);
#7019=ORIENTED_EDGE('',*,*,#5247,.F.);
#7020=ORIENTED_EDGE('',*,*,#5248,.T.);
#7021=ORIENTED_EDGE('',*,*,#5249,.F.);
#7022=ORIENTED_EDGE('',*,*,#5250,.F.);
#7023=ORIENTED_EDGE('',*,*,#5251,.F.);
#7024=ORIENTED_EDGE('',*,*,#5250,.T.);
#7025=ORIENTED_EDGE('',*,*,#5252,.F.);
#7026=ORIENTED_EDGE('',*,*,#5253,.F.);
#7027=ORIENTED_EDGE('',*,*,#5254,.F.);
#7028=ORIENTED_EDGE('',*,*,#5255,.F.);
#7029=ORIENTED_EDGE('',*,*,#5256,.F.);
#7030=ORIENTED_EDGE('',*,*,#5248,.F.);
#7031=ORIENTED_EDGE('',*,*,#5257,.F.);
#7032=ORIENTED_EDGE('',*,*,#5258,.T.);
#7033=ORIENTED_EDGE('',*,*,#5259,.F.);
#7034=ORIENTED_EDGE('',*,*,#5260,.F.);
#7035=ORIENTED_EDGE('',*,*,#5261,.F.);
#7036=ORIENTED_EDGE('',*,*,#5260,.T.);
#7037=ORIENTED_EDGE('',*,*,#5262,.F.);
#7038=ORIENTED_EDGE('',*,*,#5263,.F.);
#7039=ORIENTED_EDGE('',*,*,#5264,.F.);
#7040=ORIENTED_EDGE('',*,*,#5265,.F.);
#7041=ORIENTED_EDGE('',*,*,#5266,.F.);
#7042=ORIENTED_EDGE('',*,*,#5258,.F.);
#7043=ORIENTED_EDGE('',*,*,#5267,.F.);
#7044=ORIENTED_EDGE('',*,*,#5268,.T.);
#7045=ORIENTED_EDGE('',*,*,#5269,.F.);
#7046=ORIENTED_EDGE('',*,*,#5270,.F.);
#7047=ORIENTED_EDGE('',*,*,#5271,.F.);
#7048=ORIENTED_EDGE('',*,*,#5270,.T.);
#7049=ORIENTED_EDGE('',*,*,#5272,.F.);
#7050=ORIENTED_EDGE('',*,*,#5273,.F.);
#7051=ORIENTED_EDGE('',*,*,#5274,.F.);
#7052=ORIENTED_EDGE('',*,*,#5275,.F.);
#7053=ORIENTED_EDGE('',*,*,#5276,.F.);
#7054=ORIENTED_EDGE('',*,*,#5268,.F.);
#7055=ORIENTED_EDGE('',*,*,#5277,.F.);
#7056=ORIENTED_EDGE('',*,*,#5278,.T.);
#7057=ORIENTED_EDGE('',*,*,#5279,.F.);
#7058=ORIENTED_EDGE('',*,*,#5280,.F.);
#7059=ORIENTED_EDGE('',*,*,#5281,.F.);
#7060=ORIENTED_EDGE('',*,*,#5280,.T.);
#7061=ORIENTED_EDGE('',*,*,#5282,.F.);
#7062=ORIENTED_EDGE('',*,*,#5283,.F.);
#7063=ORIENTED_EDGE('',*,*,#5284,.F.);
#7064=ORIENTED_EDGE('',*,*,#5285,.F.);
#7065=ORIENTED_EDGE('',*,*,#5286,.F.);
#7066=ORIENTED_EDGE('',*,*,#5278,.F.);
#7067=ORIENTED_EDGE('',*,*,#5287,.F.);
#7068=ORIENTED_EDGE('',*,*,#5288,.T.);
#7069=ORIENTED_EDGE('',*,*,#5289,.F.);
#7070=ORIENTED_EDGE('',*,*,#5290,.F.);
#7071=ORIENTED_EDGE('',*,*,#5291,.F.);
#7072=ORIENTED_EDGE('',*,*,#5290,.T.);
#7073=ORIENTED_EDGE('',*,*,#5292,.F.);
#7074=ORIENTED_EDGE('',*,*,#5293,.F.);
#7075=ORIENTED_EDGE('',*,*,#5294,.F.);
#7076=ORIENTED_EDGE('',*,*,#5295,.F.);
#7077=ORIENTED_EDGE('',*,*,#5296,.F.);
#7078=ORIENTED_EDGE('',*,*,#5288,.F.);
#7079=ORIENTED_EDGE('',*,*,#5297,.F.);
#7080=ORIENTED_EDGE('',*,*,#5298,.T.);
#7081=ORIENTED_EDGE('',*,*,#5299,.F.);
#7082=ORIENTED_EDGE('',*,*,#5300,.F.);
#7083=ORIENTED_EDGE('',*,*,#5301,.F.);
#7084=ORIENTED_EDGE('',*,*,#5300,.T.);
#7085=ORIENTED_EDGE('',*,*,#5302,.F.);
#7086=ORIENTED_EDGE('',*,*,#5303,.F.);
#7087=ORIENTED_EDGE('',*,*,#5304,.F.);
#7088=ORIENTED_EDGE('',*,*,#5305,.F.);
#7089=ORIENTED_EDGE('',*,*,#5306,.F.);
#7090=ORIENTED_EDGE('',*,*,#5298,.F.);
#7091=ORIENTED_EDGE('',*,*,#5154,.T.);
#7092=ORIENTED_EDGE('',*,*,#5147,.T.);
#7093=ORIENTED_EDGE('',*,*,#5151,.T.);
#7094=ORIENTED_EDGE('',*,*,#5307,.F.);
#7095=ORIENTED_EDGE('',*,*,#5224,.T.);
#7096=ORIENTED_EDGE('',*,*,#5217,.T.);
#7097=ORIENTED_EDGE('',*,*,#5221,.T.);
#7098=ORIENTED_EDGE('',*,*,#5308,.F.);
#7099=ORIENTED_EDGE('',*,*,#5304,.T.);
#7100=ORIENTED_EDGE('',*,*,#5297,.T.);
#7101=ORIENTED_EDGE('',*,*,#5301,.T.);
#7102=ORIENTED_EDGE('',*,*,#5309,.F.);
#7103=ORIENTED_EDGE('',*,*,#5310,.T.);
#7104=ORIENTED_EDGE('',*,*,#5311,.T.);
#7105=ORIENTED_EDGE('',*,*,#5312,.F.);
#7106=ORIENTED_EDGE('',*,*,#5313,.T.);
#7107=ORIENTED_EDGE('',*,*,#5314,.T.);
#7108=ORIENTED_EDGE('',*,*,#5315,.T.);
#7109=ORIENTED_EDGE('',*,*,#5316,.F.);
#7110=ORIENTED_EDGE('',*,*,#5317,.T.);
#7111=ORIENTED_EDGE('',*,*,#5318,.T.);
#7112=ORIENTED_EDGE('',*,*,#5319,.T.);
#7113=ORIENTED_EDGE('',*,*,#5320,.F.);
#7114=ORIENTED_EDGE('',*,*,#5321,.T.);
#7115=ORIENTED_EDGE('',*,*,#5322,.T.);
#7116=ORIENTED_EDGE('',*,*,#5323,.T.);
#7117=ORIENTED_EDGE('',*,*,#5324,.F.);
#7118=ORIENTED_EDGE('',*,*,#5325,.F.);
#7119=ORIENTED_EDGE('',*,*,#5264,.T.);
#7120=ORIENTED_EDGE('',*,*,#5257,.T.);
#7121=ORIENTED_EDGE('',*,*,#5261,.T.);
#7122=ORIENTED_EDGE('',*,*,#5326,.F.);
#7123=ORIENTED_EDGE('',*,*,#5184,.T.);
#7124=ORIENTED_EDGE('',*,*,#5177,.T.);
#7125=ORIENTED_EDGE('',*,*,#5181,.T.);
#7126=ORIENTED_EDGE('',*,*,#5327,.F.);
#7127=ORIENTED_EDGE('',*,*,#5194,.T.);
#7128=ORIENTED_EDGE('',*,*,#5187,.T.);
#7129=ORIENTED_EDGE('',*,*,#5191,.T.);
#7130=ORIENTED_EDGE('',*,*,#5328,.F.);
#7131=ORIENTED_EDGE('',*,*,#5274,.T.);
#7132=ORIENTED_EDGE('',*,*,#5267,.T.);
#7133=ORIENTED_EDGE('',*,*,#5271,.T.);
#7134=ORIENTED_EDGE('',*,*,#5329,.F.);
#7135=ORIENTED_EDGE('',*,*,#5254,.T.);
#7136=ORIENTED_EDGE('',*,*,#5247,.T.);
#7137=ORIENTED_EDGE('',*,*,#5251,.T.);
#7138=ORIENTED_EDGE('',*,*,#5330,.F.);
#7139=ORIENTED_EDGE('',*,*,#5174,.T.);
#7140=ORIENTED_EDGE('',*,*,#5167,.T.);
#7141=ORIENTED_EDGE('',*,*,#5171,.T.);
#7142=ORIENTED_EDGE('',*,*,#5331,.F.);
#7143=ORIENTED_EDGE('',*,*,#5204,.T.);
#7144=ORIENTED_EDGE('',*,*,#5197,.T.);
#7145=ORIENTED_EDGE('',*,*,#5201,.T.);
#7146=ORIENTED_EDGE('',*,*,#5332,.F.);
#7147=ORIENTED_EDGE('',*,*,#5284,.T.);
#7148=ORIENTED_EDGE('',*,*,#5277,.T.);
#7149=ORIENTED_EDGE('',*,*,#5281,.T.);
#7150=ORIENTED_EDGE('',*,*,#5333,.F.);
#7151=ORIENTED_EDGE('',*,*,#5244,.T.);
#7152=ORIENTED_EDGE('',*,*,#5237,.T.);
#7153=ORIENTED_EDGE('',*,*,#5241,.T.);
#7154=ORIENTED_EDGE('',*,*,#5334,.F.);
#7155=ORIENTED_EDGE('',*,*,#5164,.T.);
#7156=ORIENTED_EDGE('',*,*,#5157,.T.);
#7157=ORIENTED_EDGE('',*,*,#5161,.T.);
#7158=ORIENTED_EDGE('',*,*,#5335,.F.);
#7159=ORIENTED_EDGE('',*,*,#5214,.T.);
#7160=ORIENTED_EDGE('',*,*,#5207,.T.);
#7161=ORIENTED_EDGE('',*,*,#5211,.T.);
#7162=ORIENTED_EDGE('',*,*,#5336,.F.);
#7163=ORIENTED_EDGE('',*,*,#5294,.T.);
#7164=ORIENTED_EDGE('',*,*,#5287,.T.);
#7165=ORIENTED_EDGE('',*,*,#5291,.T.);
#7166=ORIENTED_EDGE('',*,*,#5337,.F.);
#7167=ORIENTED_EDGE('',*,*,#5234,.T.);
#7168=ORIENTED_EDGE('',*,*,#5227,.T.);
#7169=ORIENTED_EDGE('',*,*,#5231,.T.);
#7170=ORIENTED_EDGE('',*,*,#5338,.F.);
#7171=ORIENTED_EDGE('',*,*,#5303,.T.);
#7172=ORIENTED_EDGE('',*,*,#5339,.F.);
#7173=ORIENTED_EDGE('',*,*,#5340,.T.);
#7174=ORIENTED_EDGE('',*,*,#5309,.T.);
#7175=ORIENTED_EDGE('',*,*,#5223,.T.);
#7176=ORIENTED_EDGE('',*,*,#5341,.F.);
#7177=ORIENTED_EDGE('',*,*,#5305,.T.);
#7178=ORIENTED_EDGE('',*,*,#5308,.T.);
#7179=ORIENTED_EDGE('',*,*,#5213,.T.);
#7180=ORIENTED_EDGE('',*,*,#5342,.F.);
#7181=ORIENTED_EDGE('',*,*,#5295,.T.);
#7182=ORIENTED_EDGE('',*,*,#5336,.T.);
#7183=ORIENTED_EDGE('',*,*,#5203,.T.);
#7184=ORIENTED_EDGE('',*,*,#5343,.F.);
#7185=ORIENTED_EDGE('',*,*,#5285,.T.);
#7186=ORIENTED_EDGE('',*,*,#5332,.T.);
#7187=ORIENTED_EDGE('',*,*,#5193,.T.);
#7188=ORIENTED_EDGE('',*,*,#5344,.F.);
#7189=ORIENTED_EDGE('',*,*,#5275,.T.);
#7190=ORIENTED_EDGE('',*,*,#5328,.T.);
#7191=ORIENTED_EDGE('',*,*,#5265,.T.);
#7192=ORIENTED_EDGE('',*,*,#5325,.T.);
#7193=ORIENTED_EDGE('',*,*,#5345,.F.);
#7194=ORIENTED_EDGE('',*,*,#5346,.F.);
#7195=ORIENTED_EDGE('',*,*,#5255,.T.);
#7196=ORIENTED_EDGE('',*,*,#5329,.T.);
#7197=ORIENTED_EDGE('',*,*,#5273,.T.);
#7198=ORIENTED_EDGE('',*,*,#5347,.F.);
#7199=ORIENTED_EDGE('',*,*,#5245,.T.);
#7200=ORIENTED_EDGE('',*,*,#5333,.T.);
#7201=ORIENTED_EDGE('',*,*,#5283,.T.);
#7202=ORIENTED_EDGE('',*,*,#5348,.F.);
#7203=ORIENTED_EDGE('',*,*,#5235,.T.);
#7204=ORIENTED_EDGE('',*,*,#5337,.T.);
#7205=ORIENTED_EDGE('',*,*,#5293,.T.);
#7206=ORIENTED_EDGE('',*,*,#5349,.F.);
#7207=ORIENTED_EDGE('',*,*,#5153,.T.);
#7208=ORIENTED_EDGE('',*,*,#5350,.F.);
#7209=ORIENTED_EDGE('',*,*,#5225,.T.);
#7210=ORIENTED_EDGE('',*,*,#5307,.T.);
#7211=ORIENTED_EDGE('',*,*,#5163,.T.);
#7212=ORIENTED_EDGE('',*,*,#5351,.F.);
#7213=ORIENTED_EDGE('',*,*,#5215,.T.);
#7214=ORIENTED_EDGE('',*,*,#5335,.T.);
#7215=ORIENTED_EDGE('',*,*,#5173,.T.);
#7216=ORIENTED_EDGE('',*,*,#5352,.F.);
#7217=ORIENTED_EDGE('',*,*,#5205,.T.);
#7218=ORIENTED_EDGE('',*,*,#5331,.T.);
#7219=ORIENTED_EDGE('',*,*,#5183,.T.);
#7220=ORIENTED_EDGE('',*,*,#5353,.F.);
#7221=ORIENTED_EDGE('',*,*,#5195,.T.);
#7222=ORIENTED_EDGE('',*,*,#5327,.T.);
#7223=ORIENTED_EDGE('',*,*,#5185,.T.);
#7224=ORIENTED_EDGE('',*,*,#5326,.T.);
#7225=ORIENTED_EDGE('',*,*,#5263,.T.);
#7226=ORIENTED_EDGE('',*,*,#5354,.F.);
#7227=ORIENTED_EDGE('',*,*,#5175,.T.);
#7228=ORIENTED_EDGE('',*,*,#5330,.T.);
#7229=ORIENTED_EDGE('',*,*,#5253,.T.);
#7230=ORIENTED_EDGE('',*,*,#5355,.F.);
#7231=ORIENTED_EDGE('',*,*,#5165,.T.);
#7232=ORIENTED_EDGE('',*,*,#5334,.T.);
#7233=ORIENTED_EDGE('',*,*,#5243,.T.);
#7234=ORIENTED_EDGE('',*,*,#5356,.F.);
#7235=ORIENTED_EDGE('',*,*,#5317,.F.);
#7236=ORIENTED_EDGE('',*,*,#5357,.F.);
#7237=ORIENTED_EDGE('',*,*,#5358,.F.);
#7238=ORIENTED_EDGE('',*,*,#5359,.F.);
#7239=ORIENTED_EDGE('',*,*,#5318,.F.);
#7240=ORIENTED_EDGE('',*,*,#5359,.T.);
#7241=ORIENTED_EDGE('',*,*,#5360,.F.);
#7242=ORIENTED_EDGE('',*,*,#5361,.F.);
#7243=ORIENTED_EDGE('',*,*,#5319,.F.);
#7244=ORIENTED_EDGE('',*,*,#5361,.T.);
#7245=ORIENTED_EDGE('',*,*,#5362,.F.);
#7246=ORIENTED_EDGE('',*,*,#5363,.F.);
#7247=ORIENTED_EDGE('',*,*,#5313,.F.);
#7248=ORIENTED_EDGE('',*,*,#5364,.F.);
#7249=ORIENTED_EDGE('',*,*,#5365,.F.);
#7250=ORIENTED_EDGE('',*,*,#5366,.F.);
#7251=ORIENTED_EDGE('',*,*,#5314,.F.);
#7252=ORIENTED_EDGE('',*,*,#5366,.T.);
#7253=ORIENTED_EDGE('',*,*,#5367,.F.);
#7254=ORIENTED_EDGE('',*,*,#5368,.F.);
#7255=ORIENTED_EDGE('',*,*,#5315,.F.);
#7256=ORIENTED_EDGE('',*,*,#5368,.T.);
#7257=ORIENTED_EDGE('',*,*,#5369,.F.);
#7258=ORIENTED_EDGE('',*,*,#5370,.F.);
#7259=ORIENTED_EDGE('',*,*,#5322,.F.);
#7260=ORIENTED_EDGE('',*,*,#5371,.T.);
#7261=ORIENTED_EDGE('',*,*,#5372,.F.);
#7262=ORIENTED_EDGE('',*,*,#5373,.F.);
#7263=ORIENTED_EDGE('',*,*,#5321,.F.);
#7264=ORIENTED_EDGE('',*,*,#5374,.F.);
#7265=ORIENTED_EDGE('',*,*,#5375,.F.);
#7266=ORIENTED_EDGE('',*,*,#5371,.F.);
#7267=ORIENTED_EDGE('',*,*,#5310,.F.);
#7268=ORIENTED_EDGE('',*,*,#5340,.F.);
#7269=ORIENTED_EDGE('',*,*,#5376,.F.);
#7270=ORIENTED_EDGE('',*,*,#5377,.F.);
#7271=ORIENTED_EDGE('',*,*,#5311,.F.);
#7272=ORIENTED_EDGE('',*,*,#5377,.T.);
#7273=ORIENTED_EDGE('',*,*,#5378,.F.);
#7274=ORIENTED_EDGE('',*,*,#5379,.F.);
#7275=ORIENTED_EDGE('',*,*,#5373,.T.);
#7276=ORIENTED_EDGE('',*,*,#5380,.T.);
#7277=ORIENTED_EDGE('',*,*,#5381,.F.);
#7278=ORIENTED_EDGE('',*,*,#5323,.F.);
#7279=ORIENTED_EDGE('',*,*,#5364,.T.);
#7280=ORIENTED_EDGE('',*,*,#5312,.T.);
#7281=ORIENTED_EDGE('',*,*,#5379,.T.);
#7282=ORIENTED_EDGE('',*,*,#5382,.T.);
#7283=ORIENTED_EDGE('',*,*,#5363,.T.);
#7284=ORIENTED_EDGE('',*,*,#5383,.T.);
#7285=ORIENTED_EDGE('',*,*,#5374,.T.);
#7286=ORIENTED_EDGE('',*,*,#5320,.T.);
#7287=ORIENTED_EDGE('',*,*,#5357,.T.);
#7288=ORIENTED_EDGE('',*,*,#5316,.T.);
#7289=ORIENTED_EDGE('',*,*,#5370,.T.);
#7290=ORIENTED_EDGE('',*,*,#5384,.T.);
#7291=ORIENTED_EDGE('',*,*,#5155,.T.);
#7292=ORIENTED_EDGE('',*,*,#5338,.T.);
#7293=ORIENTED_EDGE('',*,*,#5233,.T.);
#7294=ORIENTED_EDGE('',*,*,#5385,.F.);
#7295=ORIENTED_EDGE('',*,*,#5156,.T.);
#7296=ORIENTED_EDGE('',*,*,#5385,.T.);
#7297=ORIENTED_EDGE('',*,*,#5232,.T.);
#7298=ORIENTED_EDGE('',*,*,#5229,.T.);
#7299=ORIENTED_EDGE('',*,*,#5236,.T.);
#7300=ORIENTED_EDGE('',*,*,#5349,.T.);
#7301=ORIENTED_EDGE('',*,*,#5292,.T.);
#7302=ORIENTED_EDGE('',*,*,#5289,.T.);
#7303=ORIENTED_EDGE('',*,*,#5296,.T.);
#7304=ORIENTED_EDGE('',*,*,#5342,.T.);
#7305=ORIENTED_EDGE('',*,*,#5212,.T.);
#7306=ORIENTED_EDGE('',*,*,#5209,.T.);
#7307=ORIENTED_EDGE('',*,*,#5216,.T.);
#7308=ORIENTED_EDGE('',*,*,#5351,.T.);
#7309=ORIENTED_EDGE('',*,*,#5162,.T.);
#7310=ORIENTED_EDGE('',*,*,#5159,.T.);
#7311=ORIENTED_EDGE('',*,*,#5166,.T.);
#7312=ORIENTED_EDGE('',*,*,#5356,.T.);
#7313=ORIENTED_EDGE('',*,*,#5242,.T.);
#7314=ORIENTED_EDGE('',*,*,#5239,.T.);
#7315=ORIENTED_EDGE('',*,*,#5246,.T.);
#7316=ORIENTED_EDGE('',*,*,#5348,.T.);
#7317=ORIENTED_EDGE('',*,*,#5282,.T.);
#7318=ORIENTED_EDGE('',*,*,#5279,.T.);
#7319=ORIENTED_EDGE('',*,*,#5286,.T.);
#7320=ORIENTED_EDGE('',*,*,#5343,.T.);
#7321=ORIENTED_EDGE('',*,*,#5202,.T.);
#7322=ORIENTED_EDGE('',*,*,#5199,.T.);
#7323=ORIENTED_EDGE('',*,*,#5206,.T.);
#7324=ORIENTED_EDGE('',*,*,#5352,.T.);
#7325=ORIENTED_EDGE('',*,*,#5172,.T.);
#7326=ORIENTED_EDGE('',*,*,#5169,.T.);
#7327=ORIENTED_EDGE('',*,*,#5176,.T.);
#7328=ORIENTED_EDGE('',*,*,#5355,.T.);
#7329=ORIENTED_EDGE('',*,*,#5252,.T.);
#7330=ORIENTED_EDGE('',*,*,#5249,.T.);
#7331=ORIENTED_EDGE('',*,*,#5256,.T.);
#7332=ORIENTED_EDGE('',*,*,#5347,.T.);
#7333=ORIENTED_EDGE('',*,*,#5272,.T.);
#7334=ORIENTED_EDGE('',*,*,#5269,.T.);
#7335=ORIENTED_EDGE('',*,*,#5276,.T.);
#7336=ORIENTED_EDGE('',*,*,#5344,.T.);
#7337=ORIENTED_EDGE('',*,*,#5192,.T.);
#7338=ORIENTED_EDGE('',*,*,#5189,.T.);
#7339=ORIENTED_EDGE('',*,*,#5196,.T.);
#7340=ORIENTED_EDGE('',*,*,#5353,.T.);
#7341=ORIENTED_EDGE('',*,*,#5182,.T.);
#7342=ORIENTED_EDGE('',*,*,#5179,.T.);
#7343=ORIENTED_EDGE('',*,*,#5186,.T.);
#7344=ORIENTED_EDGE('',*,*,#5354,.T.);
#7345=ORIENTED_EDGE('',*,*,#5262,.T.);
#7346=ORIENTED_EDGE('',*,*,#5259,.T.);
#7347=ORIENTED_EDGE('',*,*,#5266,.T.);
#7348=ORIENTED_EDGE('',*,*,#5346,.T.);
#7349=ORIENTED_EDGE('',*,*,#5386,.F.);
#7350=ORIENTED_EDGE('',*,*,#5380,.F.);
#7351=ORIENTED_EDGE('',*,*,#5372,.T.);
#7352=ORIENTED_EDGE('',*,*,#5375,.T.);
#7353=ORIENTED_EDGE('',*,*,#5383,.F.);
#7354=ORIENTED_EDGE('',*,*,#5362,.T.);
#7355=ORIENTED_EDGE('',*,*,#5360,.T.);
#7356=ORIENTED_EDGE('',*,*,#5358,.T.);
#7357=ORIENTED_EDGE('',*,*,#5384,.F.);
#7358=ORIENTED_EDGE('',*,*,#5369,.T.);
#7359=ORIENTED_EDGE('',*,*,#5367,.T.);
#7360=ORIENTED_EDGE('',*,*,#5365,.T.);
#7361=ORIENTED_EDGE('',*,*,#5382,.F.);
#7362=ORIENTED_EDGE('',*,*,#5378,.T.);
#7363=ORIENTED_EDGE('',*,*,#5376,.T.);
#7364=ORIENTED_EDGE('',*,*,#5339,.T.);
#7365=ORIENTED_EDGE('',*,*,#5302,.T.);
#7366=ORIENTED_EDGE('',*,*,#5299,.T.);
#7367=ORIENTED_EDGE('',*,*,#5306,.T.);
#7368=ORIENTED_EDGE('',*,*,#5341,.T.);
#7369=ORIENTED_EDGE('',*,*,#5222,.T.);
#7370=ORIENTED_EDGE('',*,*,#5219,.T.);
#7371=ORIENTED_EDGE('',*,*,#5226,.T.);
#7372=ORIENTED_EDGE('',*,*,#5350,.T.);
#7373=ORIENTED_EDGE('',*,*,#5152,.T.);
#7374=ORIENTED_EDGE('',*,*,#5149,.T.);
#7375=ORIENTED_EDGE('',*,*,#5324,.T.);
#7376=ORIENTED_EDGE('',*,*,#5381,.T.);
#7377=ORIENTED_EDGE('',*,*,#5386,.T.);
#7378=ORIENTED_EDGE('',*,*,#5345,.T.);
#7379=ORIENTED_EDGE('',*,*,#5387,.F.);
#7380=ORIENTED_EDGE('',*,*,#5388,.F.);
#7381=ORIENTED_EDGE('',*,*,#5389,.F.);
#7382=ORIENTED_EDGE('',*,*,#5390,.T.);
#7383=ORIENTED_EDGE('',*,*,#5391,.F.);
#7384=ORIENTED_EDGE('',*,*,#5390,.F.);
#7385=ORIENTED_EDGE('',*,*,#5392,.F.);
#7386=ORIENTED_EDGE('',*,*,#5393,.T.);
#7387=ORIENTED_EDGE('',*,*,#5394,.F.);
#7388=ORIENTED_EDGE('',*,*,#5393,.F.);
#7389=ORIENTED_EDGE('',*,*,#5395,.F.);
#7390=ORIENTED_EDGE('',*,*,#5396,.T.);
#7391=ORIENTED_EDGE('',*,*,#5397,.F.);
#7392=ORIENTED_EDGE('',*,*,#5396,.F.);
#7393=ORIENTED_EDGE('',*,*,#5398,.F.);
#7394=ORIENTED_EDGE('',*,*,#5388,.T.);
#7395=ORIENTED_EDGE('',*,*,#5399,.F.);
#7396=ORIENTED_EDGE('',*,*,#5400,.F.);
#7397=ORIENTED_EDGE('',*,*,#5401,.F.);
#7398=ORIENTED_EDGE('',*,*,#5402,.T.);
#7399=ORIENTED_EDGE('',*,*,#5403,.F.);
#7400=ORIENTED_EDGE('',*,*,#5402,.F.);
#7401=ORIENTED_EDGE('',*,*,#5404,.F.);
#7402=ORIENTED_EDGE('',*,*,#5405,.T.);
#7403=ORIENTED_EDGE('',*,*,#5406,.F.);
#7404=ORIENTED_EDGE('',*,*,#5405,.F.);
#7405=ORIENTED_EDGE('',*,*,#5407,.F.);
#7406=ORIENTED_EDGE('',*,*,#5408,.T.);
#7407=ORIENTED_EDGE('',*,*,#5409,.F.);
#7408=ORIENTED_EDGE('',*,*,#5408,.F.);
#7409=ORIENTED_EDGE('',*,*,#5410,.F.);
#7410=ORIENTED_EDGE('',*,*,#5400,.T.);
#7411=ORIENTED_EDGE('',*,*,#5411,.F.);
#7412=ORIENTED_EDGE('',*,*,#5412,.F.);
#7413=ORIENTED_EDGE('',*,*,#5413,.F.);
#7414=ORIENTED_EDGE('',*,*,#5414,.T.);
#7415=ORIENTED_EDGE('',*,*,#5415,.F.);
#7416=ORIENTED_EDGE('',*,*,#5414,.F.);
#7417=ORIENTED_EDGE('',*,*,#5416,.F.);
#7418=ORIENTED_EDGE('',*,*,#5417,.T.);
#7419=ORIENTED_EDGE('',*,*,#5418,.F.);
#7420=ORIENTED_EDGE('',*,*,#5417,.F.);
#7421=ORIENTED_EDGE('',*,*,#5419,.F.);
#7422=ORIENTED_EDGE('',*,*,#5420,.T.);
#7423=ORIENTED_EDGE('',*,*,#5421,.F.);
#7424=ORIENTED_EDGE('',*,*,#5420,.F.);
#7425=ORIENTED_EDGE('',*,*,#5422,.F.);
#7426=ORIENTED_EDGE('',*,*,#5412,.T.);
#7427=ORIENTED_EDGE('',*,*,#5423,.F.);
#7428=ORIENTED_EDGE('',*,*,#5424,.F.);
#7429=ORIENTED_EDGE('',*,*,#5425,.F.);
#7430=ORIENTED_EDGE('',*,*,#5426,.T.);
#7431=ORIENTED_EDGE('',*,*,#5427,.F.);
#7432=ORIENTED_EDGE('',*,*,#5426,.F.);
#7433=ORIENTED_EDGE('',*,*,#5428,.F.);
#7434=ORIENTED_EDGE('',*,*,#5429,.T.);
#7435=ORIENTED_EDGE('',*,*,#5430,.F.);
#7436=ORIENTED_EDGE('',*,*,#5429,.F.);
#7437=ORIENTED_EDGE('',*,*,#5431,.F.);
#7438=ORIENTED_EDGE('',*,*,#5432,.T.);
#7439=ORIENTED_EDGE('',*,*,#5433,.F.);
#7440=ORIENTED_EDGE('',*,*,#5432,.F.);
#7441=ORIENTED_EDGE('',*,*,#5434,.F.);
#7442=ORIENTED_EDGE('',*,*,#5424,.T.);
#7443=ORIENTED_EDGE('',*,*,#5435,.F.);
#7444=ORIENTED_EDGE('',*,*,#5436,.F.);
#7445=ORIENTED_EDGE('',*,*,#5437,.F.);
#7446=ORIENTED_EDGE('',*,*,#5438,.T.);
#7447=ORIENTED_EDGE('',*,*,#5439,.F.);
#7448=ORIENTED_EDGE('',*,*,#5438,.F.);
#7449=ORIENTED_EDGE('',*,*,#5440,.F.);
#7450=ORIENTED_EDGE('',*,*,#5441,.T.);
#7451=ORIENTED_EDGE('',*,*,#5442,.F.);
#7452=ORIENTED_EDGE('',*,*,#5441,.F.);
#7453=ORIENTED_EDGE('',*,*,#5443,.F.);
#7454=ORIENTED_EDGE('',*,*,#5444,.T.);
#7455=ORIENTED_EDGE('',*,*,#5445,.F.);
#7456=ORIENTED_EDGE('',*,*,#5444,.F.);
#7457=ORIENTED_EDGE('',*,*,#5446,.F.);
#7458=ORIENTED_EDGE('',*,*,#5436,.T.);
#7459=ORIENTED_EDGE('',*,*,#5447,.F.);
#7460=ORIENTED_EDGE('',*,*,#5448,.F.);
#7461=ORIENTED_EDGE('',*,*,#5449,.F.);
#7462=ORIENTED_EDGE('',*,*,#5450,.T.);
#7463=ORIENTED_EDGE('',*,*,#5451,.F.);
#7464=ORIENTED_EDGE('',*,*,#5450,.F.);
#7465=ORIENTED_EDGE('',*,*,#5452,.F.);
#7466=ORIENTED_EDGE('',*,*,#5453,.T.);
#7467=ORIENTED_EDGE('',*,*,#5454,.F.);
#7468=ORIENTED_EDGE('',*,*,#5453,.F.);
#7469=ORIENTED_EDGE('',*,*,#5455,.F.);
#7470=ORIENTED_EDGE('',*,*,#5456,.T.);
#7471=ORIENTED_EDGE('',*,*,#5457,.F.);
#7472=ORIENTED_EDGE('',*,*,#5456,.F.);
#7473=ORIENTED_EDGE('',*,*,#5458,.F.);
#7474=ORIENTED_EDGE('',*,*,#5448,.T.);
#7475=ORIENTED_EDGE('',*,*,#5459,.F.);
#7476=ORIENTED_EDGE('',*,*,#5460,.F.);
#7477=ORIENTED_EDGE('',*,*,#5461,.F.);
#7478=ORIENTED_EDGE('',*,*,#5462,.T.);
#7479=ORIENTED_EDGE('',*,*,#5463,.F.);
#7480=ORIENTED_EDGE('',*,*,#5462,.F.);
#7481=ORIENTED_EDGE('',*,*,#5464,.F.);
#7482=ORIENTED_EDGE('',*,*,#5465,.T.);
#7483=ORIENTED_EDGE('',*,*,#5466,.F.);
#7484=ORIENTED_EDGE('',*,*,#5465,.F.);
#7485=ORIENTED_EDGE('',*,*,#5467,.F.);
#7486=ORIENTED_EDGE('',*,*,#5468,.T.);
#7487=ORIENTED_EDGE('',*,*,#5469,.F.);
#7488=ORIENTED_EDGE('',*,*,#5468,.F.);
#7489=ORIENTED_EDGE('',*,*,#5470,.F.);
#7490=ORIENTED_EDGE('',*,*,#5460,.T.);
#7491=ORIENTED_EDGE('',*,*,#5471,.F.);
#7492=ORIENTED_EDGE('',*,*,#5472,.F.);
#7493=ORIENTED_EDGE('',*,*,#5473,.F.);
#7494=ORIENTED_EDGE('',*,*,#5474,.T.);
#7495=ORIENTED_EDGE('',*,*,#5475,.F.);
#7496=ORIENTED_EDGE('',*,*,#5474,.F.);
#7497=ORIENTED_EDGE('',*,*,#5476,.F.);
#7498=ORIENTED_EDGE('',*,*,#5477,.T.);
#7499=ORIENTED_EDGE('',*,*,#5478,.F.);
#7500=ORIENTED_EDGE('',*,*,#5477,.F.);
#7501=ORIENTED_EDGE('',*,*,#5479,.F.);
#7502=ORIENTED_EDGE('',*,*,#5480,.T.);
#7503=ORIENTED_EDGE('',*,*,#5481,.F.);
#7504=ORIENTED_EDGE('',*,*,#5480,.F.);
#7505=ORIENTED_EDGE('',*,*,#5482,.F.);
#7506=ORIENTED_EDGE('',*,*,#5472,.T.);
#7507=ORIENTED_EDGE('',*,*,#5483,.F.);
#7508=ORIENTED_EDGE('',*,*,#5484,.F.);
#7509=ORIENTED_EDGE('',*,*,#5485,.F.);
#7510=ORIENTED_EDGE('',*,*,#5486,.T.);
#7511=ORIENTED_EDGE('',*,*,#5487,.F.);
#7512=ORIENTED_EDGE('',*,*,#5486,.F.);
#7513=ORIENTED_EDGE('',*,*,#5488,.F.);
#7514=ORIENTED_EDGE('',*,*,#5489,.T.);
#7515=ORIENTED_EDGE('',*,*,#5490,.F.);
#7516=ORIENTED_EDGE('',*,*,#5489,.F.);
#7517=ORIENTED_EDGE('',*,*,#5491,.F.);
#7518=ORIENTED_EDGE('',*,*,#5492,.T.);
#7519=ORIENTED_EDGE('',*,*,#5493,.F.);
#7520=ORIENTED_EDGE('',*,*,#5492,.F.);
#7521=ORIENTED_EDGE('',*,*,#5494,.F.);
#7522=ORIENTED_EDGE('',*,*,#5484,.T.);
#7523=ORIENTED_EDGE('',*,*,#5495,.F.);
#7524=ORIENTED_EDGE('',*,*,#5496,.F.);
#7525=ORIENTED_EDGE('',*,*,#5497,.F.);
#7526=ORIENTED_EDGE('',*,*,#5498,.T.);
#7527=ORIENTED_EDGE('',*,*,#5499,.F.);
#7528=ORIENTED_EDGE('',*,*,#5498,.F.);
#7529=ORIENTED_EDGE('',*,*,#5500,.F.);
#7530=ORIENTED_EDGE('',*,*,#5501,.T.);
#7531=ORIENTED_EDGE('',*,*,#5502,.F.);
#7532=ORIENTED_EDGE('',*,*,#5501,.F.);
#7533=ORIENTED_EDGE('',*,*,#5503,.F.);
#7534=ORIENTED_EDGE('',*,*,#5504,.T.);
#7535=ORIENTED_EDGE('',*,*,#5505,.F.);
#7536=ORIENTED_EDGE('',*,*,#5504,.F.);
#7537=ORIENTED_EDGE('',*,*,#5506,.F.);
#7538=ORIENTED_EDGE('',*,*,#5496,.T.);
#7539=ORIENTED_EDGE('',*,*,#5507,.F.);
#7540=ORIENTED_EDGE('',*,*,#5508,.F.);
#7541=ORIENTED_EDGE('',*,*,#5509,.F.);
#7542=ORIENTED_EDGE('',*,*,#5510,.T.);
#7543=ORIENTED_EDGE('',*,*,#5511,.F.);
#7544=ORIENTED_EDGE('',*,*,#5510,.F.);
#7545=ORIENTED_EDGE('',*,*,#5512,.F.);
#7546=ORIENTED_EDGE('',*,*,#5513,.T.);
#7547=ORIENTED_EDGE('',*,*,#5514,.F.);
#7548=ORIENTED_EDGE('',*,*,#5513,.F.);
#7549=ORIENTED_EDGE('',*,*,#5515,.F.);
#7550=ORIENTED_EDGE('',*,*,#5516,.T.);
#7551=ORIENTED_EDGE('',*,*,#5517,.F.);
#7552=ORIENTED_EDGE('',*,*,#5516,.F.);
#7553=ORIENTED_EDGE('',*,*,#5518,.F.);
#7554=ORIENTED_EDGE('',*,*,#5508,.T.);
#7555=ORIENTED_EDGE('',*,*,#5519,.F.);
#7556=ORIENTED_EDGE('',*,*,#5520,.F.);
#7557=ORIENTED_EDGE('',*,*,#5521,.F.);
#7558=ORIENTED_EDGE('',*,*,#5522,.T.);
#7559=ORIENTED_EDGE('',*,*,#5523,.F.);
#7560=ORIENTED_EDGE('',*,*,#5522,.F.);
#7561=ORIENTED_EDGE('',*,*,#5524,.F.);
#7562=ORIENTED_EDGE('',*,*,#5525,.T.);
#7563=ORIENTED_EDGE('',*,*,#5526,.F.);
#7564=ORIENTED_EDGE('',*,*,#5525,.F.);
#7565=ORIENTED_EDGE('',*,*,#5527,.F.);
#7566=ORIENTED_EDGE('',*,*,#5528,.T.);
#7567=ORIENTED_EDGE('',*,*,#5529,.F.);
#7568=ORIENTED_EDGE('',*,*,#5528,.F.);
#7569=ORIENTED_EDGE('',*,*,#5530,.F.);
#7570=ORIENTED_EDGE('',*,*,#5520,.T.);
#7571=ORIENTED_EDGE('',*,*,#5531,.F.);
#7572=ORIENTED_EDGE('',*,*,#5532,.F.);
#7573=ORIENTED_EDGE('',*,*,#5533,.F.);
#7574=ORIENTED_EDGE('',*,*,#5534,.T.);
#7575=ORIENTED_EDGE('',*,*,#5535,.F.);
#7576=ORIENTED_EDGE('',*,*,#5534,.F.);
#7577=ORIENTED_EDGE('',*,*,#5536,.F.);
#7578=ORIENTED_EDGE('',*,*,#5537,.T.);
#7579=ORIENTED_EDGE('',*,*,#5538,.F.);
#7580=ORIENTED_EDGE('',*,*,#5537,.F.);
#7581=ORIENTED_EDGE('',*,*,#5539,.F.);
#7582=ORIENTED_EDGE('',*,*,#5540,.T.);
#7583=ORIENTED_EDGE('',*,*,#5541,.F.);
#7584=ORIENTED_EDGE('',*,*,#5540,.F.);
#7585=ORIENTED_EDGE('',*,*,#5542,.F.);
#7586=ORIENTED_EDGE('',*,*,#5532,.T.);
#7587=ORIENTED_EDGE('',*,*,#5543,.F.);
#7588=ORIENTED_EDGE('',*,*,#5544,.F.);
#7589=ORIENTED_EDGE('',*,*,#5545,.F.);
#7590=ORIENTED_EDGE('',*,*,#5546,.T.);
#7591=ORIENTED_EDGE('',*,*,#5547,.F.);
#7592=ORIENTED_EDGE('',*,*,#5546,.F.);
#7593=ORIENTED_EDGE('',*,*,#5548,.F.);
#7594=ORIENTED_EDGE('',*,*,#5549,.T.);
#7595=ORIENTED_EDGE('',*,*,#5550,.F.);
#7596=ORIENTED_EDGE('',*,*,#5549,.F.);
#7597=ORIENTED_EDGE('',*,*,#5551,.F.);
#7598=ORIENTED_EDGE('',*,*,#5552,.T.);
#7599=ORIENTED_EDGE('',*,*,#5553,.F.);
#7600=ORIENTED_EDGE('',*,*,#5552,.F.);
#7601=ORIENTED_EDGE('',*,*,#5554,.F.);
#7602=ORIENTED_EDGE('',*,*,#5544,.T.);
#7603=ORIENTED_EDGE('',*,*,#5555,.F.);
#7604=ORIENTED_EDGE('',*,*,#5556,.F.);
#7605=ORIENTED_EDGE('',*,*,#5557,.F.);
#7606=ORIENTED_EDGE('',*,*,#5558,.T.);
#7607=ORIENTED_EDGE('',*,*,#5559,.F.);
#7608=ORIENTED_EDGE('',*,*,#5558,.F.);
#7609=ORIENTED_EDGE('',*,*,#5560,.F.);
#7610=ORIENTED_EDGE('',*,*,#5561,.T.);
#7611=ORIENTED_EDGE('',*,*,#5562,.F.);
#7612=ORIENTED_EDGE('',*,*,#5561,.F.);
#7613=ORIENTED_EDGE('',*,*,#5563,.F.);
#7614=ORIENTED_EDGE('',*,*,#5564,.T.);
#7615=ORIENTED_EDGE('',*,*,#5565,.F.);
#7616=ORIENTED_EDGE('',*,*,#5564,.F.);
#7617=ORIENTED_EDGE('',*,*,#5566,.F.);
#7618=ORIENTED_EDGE('',*,*,#5556,.T.);
#7619=ORIENTED_EDGE('',*,*,#5567,.F.);
#7620=ORIENTED_EDGE('',*,*,#5568,.F.);
#7621=ORIENTED_EDGE('',*,*,#5569,.F.);
#7622=ORIENTED_EDGE('',*,*,#5570,.T.);
#7623=ORIENTED_EDGE('',*,*,#5571,.F.);
#7624=ORIENTED_EDGE('',*,*,#5570,.F.);
#7625=ORIENTED_EDGE('',*,*,#5572,.F.);
#7626=ORIENTED_EDGE('',*,*,#5573,.T.);
#7627=ORIENTED_EDGE('',*,*,#5574,.F.);
#7628=ORIENTED_EDGE('',*,*,#5573,.F.);
#7629=ORIENTED_EDGE('',*,*,#5575,.F.);
#7630=ORIENTED_EDGE('',*,*,#5576,.T.);
#7631=ORIENTED_EDGE('',*,*,#5577,.F.);
#7632=ORIENTED_EDGE('',*,*,#5576,.F.);
#7633=ORIENTED_EDGE('',*,*,#5578,.F.);
#7634=ORIENTED_EDGE('',*,*,#5568,.T.);
#7635=ORIENTED_EDGE('',*,*,#5579,.F.);
#7636=ORIENTED_EDGE('',*,*,#5580,.F.);
#7637=ORIENTED_EDGE('',*,*,#5581,.F.);
#7638=ORIENTED_EDGE('',*,*,#5582,.T.);
#7639=ORIENTED_EDGE('',*,*,#5583,.F.);
#7640=ORIENTED_EDGE('',*,*,#5582,.F.);
#7641=ORIENTED_EDGE('',*,*,#5584,.F.);
#7642=ORIENTED_EDGE('',*,*,#5585,.T.);
#7643=ORIENTED_EDGE('',*,*,#5586,.F.);
#7644=ORIENTED_EDGE('',*,*,#5585,.F.);
#7645=ORIENTED_EDGE('',*,*,#5587,.F.);
#7646=ORIENTED_EDGE('',*,*,#5588,.T.);
#7647=ORIENTED_EDGE('',*,*,#5589,.F.);
#7648=ORIENTED_EDGE('',*,*,#5588,.F.);
#7649=ORIENTED_EDGE('',*,*,#5590,.F.);
#7650=ORIENTED_EDGE('',*,*,#5580,.T.);
#7651=ORIENTED_EDGE('',*,*,#5591,.F.);
#7652=ORIENTED_EDGE('',*,*,#5592,.F.);
#7653=ORIENTED_EDGE('',*,*,#5593,.F.);
#7654=ORIENTED_EDGE('',*,*,#5594,.T.);
#7655=ORIENTED_EDGE('',*,*,#5595,.F.);
#7656=ORIENTED_EDGE('',*,*,#5594,.F.);
#7657=ORIENTED_EDGE('',*,*,#5596,.F.);
#7658=ORIENTED_EDGE('',*,*,#5597,.T.);
#7659=ORIENTED_EDGE('',*,*,#5598,.F.);
#7660=ORIENTED_EDGE('',*,*,#5597,.F.);
#7661=ORIENTED_EDGE('',*,*,#5599,.F.);
#7662=ORIENTED_EDGE('',*,*,#5600,.T.);
#7663=ORIENTED_EDGE('',*,*,#5601,.F.);
#7664=ORIENTED_EDGE('',*,*,#5600,.F.);
#7665=ORIENTED_EDGE('',*,*,#5602,.F.);
#7666=ORIENTED_EDGE('',*,*,#5592,.T.);
#7667=ORIENTED_EDGE('',*,*,#5603,.F.);
#7668=ORIENTED_EDGE('',*,*,#5604,.F.);
#7669=ORIENTED_EDGE('',*,*,#5605,.F.);
#7670=ORIENTED_EDGE('',*,*,#5606,.T.);
#7671=ORIENTED_EDGE('',*,*,#5607,.F.);
#7672=ORIENTED_EDGE('',*,*,#5606,.F.);
#7673=ORIENTED_EDGE('',*,*,#5608,.F.);
#7674=ORIENTED_EDGE('',*,*,#5609,.T.);
#7675=ORIENTED_EDGE('',*,*,#5610,.F.);
#7676=ORIENTED_EDGE('',*,*,#5609,.F.);
#7677=ORIENTED_EDGE('',*,*,#5611,.F.);
#7678=ORIENTED_EDGE('',*,*,#5612,.T.);
#7679=ORIENTED_EDGE('',*,*,#5613,.F.);
#7680=ORIENTED_EDGE('',*,*,#5612,.F.);
#7681=ORIENTED_EDGE('',*,*,#5614,.F.);
#7682=ORIENTED_EDGE('',*,*,#5604,.T.);
#7683=ORIENTED_EDGE('',*,*,#5615,.F.);
#7684=ORIENTED_EDGE('',*,*,#5616,.F.);
#7685=ORIENTED_EDGE('',*,*,#5617,.F.);
#7686=ORIENTED_EDGE('',*,*,#5618,.T.);
#7687=ORIENTED_EDGE('',*,*,#5619,.F.);
#7688=ORIENTED_EDGE('',*,*,#5618,.F.);
#7689=ORIENTED_EDGE('',*,*,#5620,.F.);
#7690=ORIENTED_EDGE('',*,*,#5621,.T.);
#7691=ORIENTED_EDGE('',*,*,#5622,.F.);
#7692=ORIENTED_EDGE('',*,*,#5621,.F.);
#7693=ORIENTED_EDGE('',*,*,#5623,.F.);
#7694=ORIENTED_EDGE('',*,*,#5624,.T.);
#7695=ORIENTED_EDGE('',*,*,#5625,.F.);
#7696=ORIENTED_EDGE('',*,*,#5624,.F.);
#7697=ORIENTED_EDGE('',*,*,#5626,.F.);
#7698=ORIENTED_EDGE('',*,*,#5616,.T.);
#7699=ORIENTED_EDGE('',*,*,#5627,.F.);
#7700=ORIENTED_EDGE('',*,*,#5628,.F.);
#7701=ORIENTED_EDGE('',*,*,#5629,.F.);
#7702=ORIENTED_EDGE('',*,*,#5630,.T.);
#7703=ORIENTED_EDGE('',*,*,#5631,.F.);
#7704=ORIENTED_EDGE('',*,*,#5630,.F.);
#7705=ORIENTED_EDGE('',*,*,#5632,.F.);
#7706=ORIENTED_EDGE('',*,*,#5633,.T.);
#7707=ORIENTED_EDGE('',*,*,#5634,.F.);
#7708=ORIENTED_EDGE('',*,*,#5633,.F.);
#7709=ORIENTED_EDGE('',*,*,#5635,.F.);
#7710=ORIENTED_EDGE('',*,*,#5636,.T.);
#7711=ORIENTED_EDGE('',*,*,#5637,.F.);
#7712=ORIENTED_EDGE('',*,*,#5636,.F.);
#7713=ORIENTED_EDGE('',*,*,#5638,.F.);
#7714=ORIENTED_EDGE('',*,*,#5628,.T.);
#7715=ORIENTED_EDGE('',*,*,#5639,.F.);
#7716=ORIENTED_EDGE('',*,*,#5640,.F.);
#7717=ORIENTED_EDGE('',*,*,#5641,.F.);
#7718=ORIENTED_EDGE('',*,*,#5642,.T.);
#7719=ORIENTED_EDGE('',*,*,#5643,.F.);
#7720=ORIENTED_EDGE('',*,*,#5642,.F.);
#7721=ORIENTED_EDGE('',*,*,#5644,.F.);
#7722=ORIENTED_EDGE('',*,*,#5645,.T.);
#7723=ORIENTED_EDGE('',*,*,#5646,.F.);
#7724=ORIENTED_EDGE('',*,*,#5645,.F.);
#7725=ORIENTED_EDGE('',*,*,#5647,.F.);
#7726=ORIENTED_EDGE('',*,*,#5648,.T.);
#7727=ORIENTED_EDGE('',*,*,#5649,.F.);
#7728=ORIENTED_EDGE('',*,*,#5648,.F.);
#7729=ORIENTED_EDGE('',*,*,#5650,.F.);
#7730=ORIENTED_EDGE('',*,*,#5640,.T.);
#7731=ORIENTED_EDGE('',*,*,#5651,.F.);
#7732=ORIENTED_EDGE('',*,*,#5652,.F.);
#7733=ORIENTED_EDGE('',*,*,#5653,.F.);
#7734=ORIENTED_EDGE('',*,*,#5654,.T.);
#7735=ORIENTED_EDGE('',*,*,#5655,.F.);
#7736=ORIENTED_EDGE('',*,*,#5654,.F.);
#7737=ORIENTED_EDGE('',*,*,#5656,.F.);
#7738=ORIENTED_EDGE('',*,*,#5657,.T.);
#7739=ORIENTED_EDGE('',*,*,#5658,.F.);
#7740=ORIENTED_EDGE('',*,*,#5657,.F.);
#7741=ORIENTED_EDGE('',*,*,#5659,.F.);
#7742=ORIENTED_EDGE('',*,*,#5660,.T.);
#7743=ORIENTED_EDGE('',*,*,#5661,.F.);
#7744=ORIENTED_EDGE('',*,*,#5660,.F.);
#7745=ORIENTED_EDGE('',*,*,#5662,.F.);
#7746=ORIENTED_EDGE('',*,*,#5652,.T.);
#7747=ORIENTED_EDGE('',*,*,#5663,.F.);
#7748=ORIENTED_EDGE('',*,*,#5664,.F.);
#7749=ORIENTED_EDGE('',*,*,#5665,.F.);
#7750=ORIENTED_EDGE('',*,*,#5666,.T.);
#7751=ORIENTED_EDGE('',*,*,#5667,.F.);
#7752=ORIENTED_EDGE('',*,*,#5666,.F.);
#7753=ORIENTED_EDGE('',*,*,#5668,.F.);
#7754=ORIENTED_EDGE('',*,*,#5669,.T.);
#7755=ORIENTED_EDGE('',*,*,#5670,.F.);
#7756=ORIENTED_EDGE('',*,*,#5669,.F.);
#7757=ORIENTED_EDGE('',*,*,#5671,.F.);
#7758=ORIENTED_EDGE('',*,*,#5672,.T.);
#7759=ORIENTED_EDGE('',*,*,#5673,.F.);
#7760=ORIENTED_EDGE('',*,*,#5672,.F.);
#7761=ORIENTED_EDGE('',*,*,#5674,.F.);
#7762=ORIENTED_EDGE('',*,*,#5664,.T.);
#7763=ORIENTED_EDGE('',*,*,#5675,.F.);
#7764=ORIENTED_EDGE('',*,*,#5676,.F.);
#7765=ORIENTED_EDGE('',*,*,#5677,.F.);
#7766=ORIENTED_EDGE('',*,*,#5678,.T.);
#7767=ORIENTED_EDGE('',*,*,#5679,.F.);
#7768=ORIENTED_EDGE('',*,*,#5678,.F.);
#7769=ORIENTED_EDGE('',*,*,#5680,.F.);
#7770=ORIENTED_EDGE('',*,*,#5681,.T.);
#7771=ORIENTED_EDGE('',*,*,#5682,.F.);
#7772=ORIENTED_EDGE('',*,*,#5681,.F.);
#7773=ORIENTED_EDGE('',*,*,#5683,.F.);
#7774=ORIENTED_EDGE('',*,*,#5684,.T.);
#7775=ORIENTED_EDGE('',*,*,#5685,.F.);
#7776=ORIENTED_EDGE('',*,*,#5684,.F.);
#7777=ORIENTED_EDGE('',*,*,#5686,.F.);
#7778=ORIENTED_EDGE('',*,*,#5676,.T.);
#7779=ORIENTED_EDGE('',*,*,#5687,.F.);
#7780=ORIENTED_EDGE('',*,*,#5688,.F.);
#7781=ORIENTED_EDGE('',*,*,#5689,.F.);
#7782=ORIENTED_EDGE('',*,*,#5690,.T.);
#7783=ORIENTED_EDGE('',*,*,#5691,.F.);
#7784=ORIENTED_EDGE('',*,*,#5690,.F.);
#7785=ORIENTED_EDGE('',*,*,#5692,.F.);
#7786=ORIENTED_EDGE('',*,*,#5693,.T.);
#7787=ORIENTED_EDGE('',*,*,#5694,.F.);
#7788=ORIENTED_EDGE('',*,*,#5693,.F.);
#7789=ORIENTED_EDGE('',*,*,#5695,.F.);
#7790=ORIENTED_EDGE('',*,*,#5696,.T.);
#7791=ORIENTED_EDGE('',*,*,#5697,.F.);
#7792=ORIENTED_EDGE('',*,*,#5696,.F.);
#7793=ORIENTED_EDGE('',*,*,#5698,.F.);
#7794=ORIENTED_EDGE('',*,*,#5688,.T.);
#7795=ORIENTED_EDGE('',*,*,#5699,.F.);
#7796=ORIENTED_EDGE('',*,*,#5700,.F.);
#7797=ORIENTED_EDGE('',*,*,#5701,.F.);
#7798=ORIENTED_EDGE('',*,*,#5702,.T.);
#7799=ORIENTED_EDGE('',*,*,#5703,.F.);
#7800=ORIENTED_EDGE('',*,*,#5702,.F.);
#7801=ORIENTED_EDGE('',*,*,#5704,.F.);
#7802=ORIENTED_EDGE('',*,*,#5705,.T.);
#7803=ORIENTED_EDGE('',*,*,#5706,.F.);
#7804=ORIENTED_EDGE('',*,*,#5705,.F.);
#7805=ORIENTED_EDGE('',*,*,#5707,.F.);
#7806=ORIENTED_EDGE('',*,*,#5708,.T.);
#7807=ORIENTED_EDGE('',*,*,#5709,.F.);
#7808=ORIENTED_EDGE('',*,*,#5708,.F.);
#7809=ORIENTED_EDGE('',*,*,#5710,.F.);
#7810=ORIENTED_EDGE('',*,*,#5700,.T.);
#7811=ORIENTED_EDGE('',*,*,#5711,.F.);
#7812=ORIENTED_EDGE('',*,*,#5712,.F.);
#7813=ORIENTED_EDGE('',*,*,#5713,.F.);
#7814=ORIENTED_EDGE('',*,*,#5714,.T.);
#7815=ORIENTED_EDGE('',*,*,#5715,.F.);
#7816=ORIENTED_EDGE('',*,*,#5714,.F.);
#7817=ORIENTED_EDGE('',*,*,#5716,.F.);
#7818=ORIENTED_EDGE('',*,*,#5717,.T.);
#7819=ORIENTED_EDGE('',*,*,#5718,.F.);
#7820=ORIENTED_EDGE('',*,*,#5717,.F.);
#7821=ORIENTED_EDGE('',*,*,#5719,.F.);
#7822=ORIENTED_EDGE('',*,*,#5720,.T.);
#7823=ORIENTED_EDGE('',*,*,#5721,.F.);
#7824=ORIENTED_EDGE('',*,*,#5720,.F.);
#7825=ORIENTED_EDGE('',*,*,#5722,.F.);
#7826=ORIENTED_EDGE('',*,*,#5712,.T.);
#7827=ORIENTED_EDGE('',*,*,#5723,.F.);
#7828=ORIENTED_EDGE('',*,*,#5724,.F.);
#7829=ORIENTED_EDGE('',*,*,#5725,.F.);
#7830=ORIENTED_EDGE('',*,*,#5726,.T.);
#7831=ORIENTED_EDGE('',*,*,#5727,.F.);
#7832=ORIENTED_EDGE('',*,*,#5726,.F.);
#7833=ORIENTED_EDGE('',*,*,#5728,.F.);
#7834=ORIENTED_EDGE('',*,*,#5729,.T.);
#7835=ORIENTED_EDGE('',*,*,#5730,.F.);
#7836=ORIENTED_EDGE('',*,*,#5729,.F.);
#7837=ORIENTED_EDGE('',*,*,#5731,.F.);
#7838=ORIENTED_EDGE('',*,*,#5732,.T.);
#7839=ORIENTED_EDGE('',*,*,#5733,.F.);
#7840=ORIENTED_EDGE('',*,*,#5732,.F.);
#7841=ORIENTED_EDGE('',*,*,#5734,.F.);
#7842=ORIENTED_EDGE('',*,*,#5724,.T.);
#7843=ORIENTED_EDGE('',*,*,#5735,.F.);
#7844=ORIENTED_EDGE('',*,*,#5736,.F.);
#7845=ORIENTED_EDGE('',*,*,#5737,.F.);
#7846=ORIENTED_EDGE('',*,*,#5738,.T.);
#7847=ORIENTED_EDGE('',*,*,#5739,.F.);
#7848=ORIENTED_EDGE('',*,*,#5738,.F.);
#7849=ORIENTED_EDGE('',*,*,#5740,.F.);
#7850=ORIENTED_EDGE('',*,*,#5741,.T.);
#7851=ORIENTED_EDGE('',*,*,#5742,.F.);
#7852=ORIENTED_EDGE('',*,*,#5741,.F.);
#7853=ORIENTED_EDGE('',*,*,#5743,.F.);
#7854=ORIENTED_EDGE('',*,*,#5744,.T.);
#7855=ORIENTED_EDGE('',*,*,#5745,.F.);
#7856=ORIENTED_EDGE('',*,*,#5744,.F.);
#7857=ORIENTED_EDGE('',*,*,#5746,.F.);
#7858=ORIENTED_EDGE('',*,*,#5736,.T.);
#7859=ORIENTED_EDGE('',*,*,#5747,.F.);
#7860=ORIENTED_EDGE('',*,*,#5748,.F.);
#7861=ORIENTED_EDGE('',*,*,#5749,.F.);
#7862=ORIENTED_EDGE('',*,*,#5750,.T.);
#7863=ORIENTED_EDGE('',*,*,#5751,.F.);
#7864=ORIENTED_EDGE('',*,*,#5750,.F.);
#7865=ORIENTED_EDGE('',*,*,#5752,.F.);
#7866=ORIENTED_EDGE('',*,*,#5753,.T.);
#7867=ORIENTED_EDGE('',*,*,#5754,.F.);
#7868=ORIENTED_EDGE('',*,*,#5753,.F.);
#7869=ORIENTED_EDGE('',*,*,#5755,.F.);
#7870=ORIENTED_EDGE('',*,*,#5756,.T.);
#7871=ORIENTED_EDGE('',*,*,#5757,.F.);
#7872=ORIENTED_EDGE('',*,*,#5756,.F.);
#7873=ORIENTED_EDGE('',*,*,#5758,.F.);
#7874=ORIENTED_EDGE('',*,*,#5748,.T.);
#7875=ORIENTED_EDGE('',*,*,#5759,.F.);
#7876=ORIENTED_EDGE('',*,*,#5760,.F.);
#7877=ORIENTED_EDGE('',*,*,#5761,.F.);
#7878=ORIENTED_EDGE('',*,*,#5762,.T.);
#7879=ORIENTED_EDGE('',*,*,#5763,.F.);
#7880=ORIENTED_EDGE('',*,*,#5762,.F.);
#7881=ORIENTED_EDGE('',*,*,#5764,.F.);
#7882=ORIENTED_EDGE('',*,*,#5765,.T.);
#7883=ORIENTED_EDGE('',*,*,#5766,.F.);
#7884=ORIENTED_EDGE('',*,*,#5765,.F.);
#7885=ORIENTED_EDGE('',*,*,#5767,.F.);
#7886=ORIENTED_EDGE('',*,*,#5768,.T.);
#7887=ORIENTED_EDGE('',*,*,#5769,.F.);
#7888=ORIENTED_EDGE('',*,*,#5768,.F.);
#7889=ORIENTED_EDGE('',*,*,#5770,.F.);
#7890=ORIENTED_EDGE('',*,*,#5760,.T.);
#7891=ORIENTED_EDGE('',*,*,#5771,.F.);
#7892=ORIENTED_EDGE('',*,*,#5772,.F.);
#7893=ORIENTED_EDGE('',*,*,#5773,.F.);
#7894=ORIENTED_EDGE('',*,*,#5774,.T.);
#7895=ORIENTED_EDGE('',*,*,#5775,.F.);
#7896=ORIENTED_EDGE('',*,*,#5774,.F.);
#7897=ORIENTED_EDGE('',*,*,#5776,.F.);
#7898=ORIENTED_EDGE('',*,*,#5777,.T.);
#7899=ORIENTED_EDGE('',*,*,#5778,.F.);
#7900=ORIENTED_EDGE('',*,*,#5777,.F.);
#7901=ORIENTED_EDGE('',*,*,#5779,.F.);
#7902=ORIENTED_EDGE('',*,*,#5780,.T.);
#7903=ORIENTED_EDGE('',*,*,#5781,.F.);
#7904=ORIENTED_EDGE('',*,*,#5780,.F.);
#7905=ORIENTED_EDGE('',*,*,#5782,.F.);
#7906=ORIENTED_EDGE('',*,*,#5772,.T.);
#7907=ORIENTED_EDGE('',*,*,#5783,.F.);
#7908=ORIENTED_EDGE('',*,*,#5784,.F.);
#7909=ORIENTED_EDGE('',*,*,#5785,.F.);
#7910=ORIENTED_EDGE('',*,*,#5786,.T.);
#7911=ORIENTED_EDGE('',*,*,#5787,.F.);
#7912=ORIENTED_EDGE('',*,*,#5786,.F.);
#7913=ORIENTED_EDGE('',*,*,#5788,.F.);
#7914=ORIENTED_EDGE('',*,*,#5789,.T.);
#7915=ORIENTED_EDGE('',*,*,#5790,.F.);
#7916=ORIENTED_EDGE('',*,*,#5789,.F.);
#7917=ORIENTED_EDGE('',*,*,#5791,.F.);
#7918=ORIENTED_EDGE('',*,*,#5792,.T.);
#7919=ORIENTED_EDGE('',*,*,#5793,.F.);
#7920=ORIENTED_EDGE('',*,*,#5792,.F.);
#7921=ORIENTED_EDGE('',*,*,#5794,.F.);
#7922=ORIENTED_EDGE('',*,*,#5784,.T.);
#7923=ORIENTED_EDGE('',*,*,#5795,.F.);
#7924=ORIENTED_EDGE('',*,*,#5796,.T.);
#7925=ORIENTED_EDGE('',*,*,#5797,.F.);
#7926=ORIENTED_EDGE('',*,*,#5798,.F.);
#7927=ORIENTED_EDGE('',*,*,#5799,.F.);
#7928=ORIENTED_EDGE('',*,*,#5800,.T.);
#7929=ORIENTED_EDGE('',*,*,#5801,.F.);
#7930=ORIENTED_EDGE('',*,*,#5796,.F.);
#7931=ORIENTED_EDGE('',*,*,#5802,.F.);
#7932=ORIENTED_EDGE('',*,*,#5803,.T.);
#7933=ORIENTED_EDGE('',*,*,#5804,.F.);
#7934=ORIENTED_EDGE('',*,*,#5800,.F.);
#7935=ORIENTED_EDGE('',*,*,#5805,.F.);
#7936=ORIENTED_EDGE('',*,*,#5798,.T.);
#7937=ORIENTED_EDGE('',*,*,#5806,.F.);
#7938=ORIENTED_EDGE('',*,*,#5803,.F.);
#7939=ORIENTED_EDGE('',*,*,#5807,.F.);
#7940=ORIENTED_EDGE('',*,*,#5808,.F.);
#7941=ORIENTED_EDGE('',*,*,#5809,.F.);
#7942=ORIENTED_EDGE('',*,*,#5810,.F.);
#7943=ORIENTED_EDGE('',*,*,#5811,.F.);
#7944=ORIENTED_EDGE('',*,*,#5812,.F.);
#7945=ORIENTED_EDGE('',*,*,#5813,.F.);
#7946=ORIENTED_EDGE('',*,*,#5814,.F.);
#7947=ORIENTED_EDGE('',*,*,#5815,.F.);
#7948=ORIENTED_EDGE('',*,*,#5816,.F.);
#7949=ORIENTED_EDGE('',*,*,#5817,.F.);
#7950=ORIENTED_EDGE('',*,*,#5818,.F.);
#7951=ORIENTED_EDGE('',*,*,#5819,.F.);
#7952=ORIENTED_EDGE('',*,*,#5820,.F.);
#7953=ORIENTED_EDGE('',*,*,#5821,.F.);
#7954=ORIENTED_EDGE('',*,*,#5822,.F.);
#7955=ORIENTED_EDGE('',*,*,#5823,.F.);
#7956=ORIENTED_EDGE('',*,*,#5824,.F.);
#7957=ORIENTED_EDGE('',*,*,#5825,.F.);
#7958=ORIENTED_EDGE('',*,*,#5826,.F.);
#7959=ORIENTED_EDGE('',*,*,#5827,.F.);
#7960=ORIENTED_EDGE('',*,*,#5828,.F.);
#7961=ORIENTED_EDGE('',*,*,#5829,.F.);
#7962=ORIENTED_EDGE('',*,*,#5830,.F.);
#7963=ORIENTED_EDGE('',*,*,#5831,.F.);
#7964=ORIENTED_EDGE('',*,*,#5832,.F.);
#7965=ORIENTED_EDGE('',*,*,#5833,.F.);
#7966=ORIENTED_EDGE('',*,*,#5834,.F.);
#7967=ORIENTED_EDGE('',*,*,#5835,.F.);
#7968=ORIENTED_EDGE('',*,*,#5836,.F.);
#7969=ORIENTED_EDGE('',*,*,#5837,.F.);
#7970=ORIENTED_EDGE('',*,*,#5838,.F.);
#7971=ORIENTED_EDGE('',*,*,#5839,.F.);
#7972=ORIENTED_EDGE('',*,*,#5840,.F.);
#7973=ORIENTED_EDGE('',*,*,#5841,.F.);
#7974=ORIENTED_EDGE('',*,*,#5842,.F.);
#7975=ORIENTED_EDGE('',*,*,#5843,.F.);
#7976=ORIENTED_EDGE('',*,*,#5844,.F.);
#7977=ORIENTED_EDGE('',*,*,#5845,.F.);
#7978=ORIENTED_EDGE('',*,*,#5846,.F.);
#7979=ORIENTED_EDGE('',*,*,#5847,.F.);
#7980=ORIENTED_EDGE('',*,*,#5848,.F.);
#7981=ORIENTED_EDGE('',*,*,#5849,.F.);
#7982=ORIENTED_EDGE('',*,*,#5850,.F.);
#7983=ORIENTED_EDGE('',*,*,#5851,.F.);
#7984=ORIENTED_EDGE('',*,*,#5852,.F.);
#7985=ORIENTED_EDGE('',*,*,#5853,.F.);
#7986=ORIENTED_EDGE('',*,*,#5854,.F.);
#7987=ORIENTED_EDGE('',*,*,#5855,.F.);
#7988=ORIENTED_EDGE('',*,*,#5856,.F.);
#7989=ORIENTED_EDGE('',*,*,#5857,.F.);
#7990=ORIENTED_EDGE('',*,*,#5858,.F.);
#7991=ORIENTED_EDGE('',*,*,#5859,.F.);
#7992=ORIENTED_EDGE('',*,*,#5860,.F.);
#7993=ORIENTED_EDGE('',*,*,#5861,.F.);
#7994=ORIENTED_EDGE('',*,*,#5862,.F.);
#7995=ORIENTED_EDGE('',*,*,#5863,.F.);
#7996=ORIENTED_EDGE('',*,*,#5864,.F.);
#7997=ORIENTED_EDGE('',*,*,#5865,.F.);
#7998=ORIENTED_EDGE('',*,*,#5866,.F.);
#7999=ORIENTED_EDGE('',*,*,#5867,.F.);
#8000=ORIENTED_EDGE('',*,*,#5868,.F.);
#8001=ORIENTED_EDGE('',*,*,#5869,.F.);
#8002=ORIENTED_EDGE('',*,*,#5870,.F.);
#8003=ORIENTED_EDGE('',*,*,#5871,.F.);
#8004=ORIENTED_EDGE('',*,*,#5872,.F.);
#8005=ORIENTED_EDGE('',*,*,#5873,.F.);
#8006=ORIENTED_EDGE('',*,*,#5874,.F.);
#8007=ORIENTED_EDGE('',*,*,#5822,.T.);
#8008=ORIENTED_EDGE('',*,*,#5875,.F.);
#8009=ORIENTED_EDGE('',*,*,#5876,.F.);
#8010=ORIENTED_EDGE('',*,*,#5877,.F.);
#8011=ORIENTED_EDGE('',*,*,#5816,.T.);
#8012=ORIENTED_EDGE('',*,*,#5878,.F.);
#8013=ORIENTED_EDGE('',*,*,#5879,.F.);
#8014=ORIENTED_EDGE('',*,*,#5880,.F.);
#8015=ORIENTED_EDGE('',*,*,#5838,.T.);
#8016=ORIENTED_EDGE('',*,*,#5881,.F.);
#8017=ORIENTED_EDGE('',*,*,#5882,.F.);
#8018=ORIENTED_EDGE('',*,*,#5883,.F.);
#8019=ORIENTED_EDGE('',*,*,#5832,.T.);
#8020=ORIENTED_EDGE('',*,*,#5884,.F.);
#8021=ORIENTED_EDGE('',*,*,#5885,.F.);
#8022=ORIENTED_EDGE('',*,*,#5886,.F.);
#8023=ORIENTED_EDGE('',*,*,#5854,.T.);
#8024=ORIENTED_EDGE('',*,*,#5887,.F.);
#8025=ORIENTED_EDGE('',*,*,#5888,.F.);
#8026=ORIENTED_EDGE('',*,*,#5889,.F.);
#8027=ORIENTED_EDGE('',*,*,#5848,.T.);
#8028=ORIENTED_EDGE('',*,*,#5890,.F.);
#8029=ORIENTED_EDGE('',*,*,#5891,.F.);
#8030=ORIENTED_EDGE('',*,*,#5892,.F.);
#8031=ORIENTED_EDGE('',*,*,#5870,.T.);
#8032=ORIENTED_EDGE('',*,*,#5893,.F.);
#8033=ORIENTED_EDGE('',*,*,#5894,.F.);
#8034=ORIENTED_EDGE('',*,*,#5895,.F.);
#8035=ORIENTED_EDGE('',*,*,#5864,.T.);
#8036=ORIENTED_EDGE('',*,*,#5896,.F.);
#8037=ORIENTED_EDGE('',*,*,#5897,.F.);
#8038=ORIENTED_EDGE('',*,*,#5898,.F.);
#8039=ORIENTED_EDGE('',*,*,#5866,.T.);
#8040=ORIENTED_EDGE('',*,*,#5899,.F.);
#8041=ORIENTED_EDGE('',*,*,#5900,.F.);
#8042=ORIENTED_EDGE('',*,*,#5901,.F.);
#8043=ORIENTED_EDGE('',*,*,#5860,.T.);
#8044=ORIENTED_EDGE('',*,*,#5902,.F.);
#8045=ORIENTED_EDGE('',*,*,#5903,.F.);
#8046=ORIENTED_EDGE('',*,*,#5904,.F.);
#8047=ORIENTED_EDGE('',*,*,#5850,.T.);
#8048=ORIENTED_EDGE('',*,*,#5905,.F.);
#8049=ORIENTED_EDGE('',*,*,#5906,.F.);
#8050=ORIENTED_EDGE('',*,*,#5907,.F.);
#8051=ORIENTED_EDGE('',*,*,#5844,.T.);
#8052=ORIENTED_EDGE('',*,*,#5908,.F.);
#8053=ORIENTED_EDGE('',*,*,#5909,.F.);
#8054=ORIENTED_EDGE('',*,*,#5910,.F.);
#8055=ORIENTED_EDGE('',*,*,#5834,.T.);
#8056=ORIENTED_EDGE('',*,*,#5911,.F.);
#8057=ORIENTED_EDGE('',*,*,#5912,.F.);
#8058=ORIENTED_EDGE('',*,*,#5913,.F.);
#8059=ORIENTED_EDGE('',*,*,#5828,.T.);
#8060=ORIENTED_EDGE('',*,*,#5914,.F.);
#8061=ORIENTED_EDGE('',*,*,#5915,.F.);
#8062=ORIENTED_EDGE('',*,*,#5916,.F.);
#8063=ORIENTED_EDGE('',*,*,#5818,.T.);
#8064=ORIENTED_EDGE('',*,*,#5917,.F.);
#8065=ORIENTED_EDGE('',*,*,#5918,.F.);
#8066=ORIENTED_EDGE('',*,*,#5919,.F.);
#8067=ORIENTED_EDGE('',*,*,#5812,.T.);
#8068=ORIENTED_EDGE('',*,*,#5920,.F.);
#8069=ORIENTED_EDGE('',*,*,#5921,.F.);
#8070=ORIENTED_EDGE('',*,*,#5922,.F.);
#8071=ORIENTED_EDGE('',*,*,#5826,.T.);
#8072=ORIENTED_EDGE('',*,*,#5923,.F.);
#8073=ORIENTED_EDGE('',*,*,#5924,.F.);
#8074=ORIENTED_EDGE('',*,*,#5925,.F.);
#8075=ORIENTED_EDGE('',*,*,#5820,.T.);
#8076=ORIENTED_EDGE('',*,*,#5926,.F.);
#8077=ORIENTED_EDGE('',*,*,#5927,.F.);
#8078=ORIENTED_EDGE('',*,*,#5928,.F.);
#8079=ORIENTED_EDGE('',*,*,#5842,.T.);
#8080=ORIENTED_EDGE('',*,*,#5929,.F.);
#8081=ORIENTED_EDGE('',*,*,#5930,.F.);
#8082=ORIENTED_EDGE('',*,*,#5931,.F.);
#8083=ORIENTED_EDGE('',*,*,#5836,.T.);
#8084=ORIENTED_EDGE('',*,*,#5932,.F.);
#8085=ORIENTED_EDGE('',*,*,#5933,.F.);
#8086=ORIENTED_EDGE('',*,*,#5934,.F.);
#8087=ORIENTED_EDGE('',*,*,#5858,.T.);
#8088=ORIENTED_EDGE('',*,*,#5935,.F.);
#8089=ORIENTED_EDGE('',*,*,#5936,.F.);
#8090=ORIENTED_EDGE('',*,*,#5937,.F.);
#8091=ORIENTED_EDGE('',*,*,#5852,.T.);
#8092=ORIENTED_EDGE('',*,*,#5938,.F.);
#8093=ORIENTED_EDGE('',*,*,#5939,.F.);
#8094=ORIENTED_EDGE('',*,*,#5940,.F.);
#8095=ORIENTED_EDGE('',*,*,#5874,.T.);
#8096=ORIENTED_EDGE('',*,*,#5941,.F.);
#8097=ORIENTED_EDGE('',*,*,#5942,.F.);
#8098=ORIENTED_EDGE('',*,*,#5943,.F.);
#8099=ORIENTED_EDGE('',*,*,#5868,.T.);
#8100=ORIENTED_EDGE('',*,*,#5944,.F.);
#8101=ORIENTED_EDGE('',*,*,#5945,.F.);
#8102=ORIENTED_EDGE('',*,*,#5946,.F.);
#8103=ORIENTED_EDGE('',*,*,#5862,.T.);
#8104=ORIENTED_EDGE('',*,*,#5947,.F.);
#8105=ORIENTED_EDGE('',*,*,#5948,.F.);
#8106=ORIENTED_EDGE('',*,*,#5949,.F.);
#8107=ORIENTED_EDGE('',*,*,#5856,.T.);
#8108=ORIENTED_EDGE('',*,*,#5950,.F.);
#8109=ORIENTED_EDGE('',*,*,#5951,.F.);
#8110=ORIENTED_EDGE('',*,*,#5952,.F.);
#8111=ORIENTED_EDGE('',*,*,#5846,.T.);
#8112=ORIENTED_EDGE('',*,*,#5953,.F.);
#8113=ORIENTED_EDGE('',*,*,#5954,.F.);
#8114=ORIENTED_EDGE('',*,*,#5955,.F.);
#8115=ORIENTED_EDGE('',*,*,#5840,.T.);
#8116=ORIENTED_EDGE('',*,*,#5956,.F.);
#8117=ORIENTED_EDGE('',*,*,#5957,.F.);
#8118=ORIENTED_EDGE('',*,*,#5958,.F.);
#8119=ORIENTED_EDGE('',*,*,#5830,.T.);
#8120=ORIENTED_EDGE('',*,*,#5959,.F.);
#8121=ORIENTED_EDGE('',*,*,#5960,.F.);
#8122=ORIENTED_EDGE('',*,*,#5961,.F.);
#8123=ORIENTED_EDGE('',*,*,#5824,.T.);
#8124=ORIENTED_EDGE('',*,*,#5962,.F.);
#8125=ORIENTED_EDGE('',*,*,#5963,.F.);
#8126=ORIENTED_EDGE('',*,*,#5964,.F.);
#8127=ORIENTED_EDGE('',*,*,#5814,.T.);
#8128=ORIENTED_EDGE('',*,*,#5965,.F.);
#8129=ORIENTED_EDGE('',*,*,#5966,.F.);
#8130=ORIENTED_EDGE('',*,*,#5967,.F.);
#8131=ORIENTED_EDGE('',*,*,#5808,.T.);
#8132=ORIENTED_EDGE('',*,*,#5968,.F.);
#8133=ORIENTED_EDGE('',*,*,#5969,.F.);
#8134=ORIENTED_EDGE('',*,*,#5970,.F.);
#8135=ORIENTED_EDGE('',*,*,#5872,.T.);
#8136=ORIENTED_EDGE('',*,*,#5971,.F.);
#8137=ORIENTED_EDGE('',*,*,#5972,.T.);
#8138=ORIENTED_EDGE('',*,*,#5973,.T.);
#8139=ORIENTED_EDGE('',*,*,#5871,.T.);
#8140=ORIENTED_EDGE('',*,*,#5943,.T.);
#8141=ORIENTED_EDGE('',*,*,#5974,.T.);
#8142=ORIENTED_EDGE('',*,*,#5944,.T.);
#8143=ORIENTED_EDGE('',*,*,#5867,.T.);
#8144=ORIENTED_EDGE('',*,*,#5895,.T.);
#8145=ORIENTED_EDGE('',*,*,#5975,.T.);
#8146=ORIENTED_EDGE('',*,*,#5896,.T.);
#8147=ORIENTED_EDGE('',*,*,#5863,.T.);
#8148=ORIENTED_EDGE('',*,*,#5901,.T.);
#8149=ORIENTED_EDGE('',*,*,#5976,.T.);
#8150=ORIENTED_EDGE('',*,*,#5902,.T.);
#8151=ORIENTED_EDGE('',*,*,#5859,.T.);
#8152=ORIENTED_EDGE('',*,*,#5949,.T.);
#8153=ORIENTED_EDGE('',*,*,#5977,.T.);
#8154=ORIENTED_EDGE('',*,*,#5950,.T.);
#8155=ORIENTED_EDGE('',*,*,#5855,.T.);
#8156=ORIENTED_EDGE('',*,*,#5937,.T.);
#8157=ORIENTED_EDGE('',*,*,#5978,.T.);
#8158=ORIENTED_EDGE('',*,*,#5938,.T.);
#8159=ORIENTED_EDGE('',*,*,#5851,.T.);
#8160=ORIENTED_EDGE('',*,*,#5889,.T.);
#8161=ORIENTED_EDGE('',*,*,#5979,.T.);
#8162=ORIENTED_EDGE('',*,*,#5890,.T.);
#8163=ORIENTED_EDGE('',*,*,#5847,.T.);
#8164=ORIENTED_EDGE('',*,*,#5907,.T.);
#8165=ORIENTED_EDGE('',*,*,#5980,.T.);
#8166=ORIENTED_EDGE('',*,*,#5908,.T.);
#8167=ORIENTED_EDGE('',*,*,#5843,.T.);
#8168=ORIENTED_EDGE('',*,*,#5955,.T.);
#8169=ORIENTED_EDGE('',*,*,#5981,.T.);
#8170=ORIENTED_EDGE('',*,*,#5956,.T.);
#8171=ORIENTED_EDGE('',*,*,#5839,.T.);
#8172=ORIENTED_EDGE('',*,*,#5931,.T.);
#8173=ORIENTED_EDGE('',*,*,#5982,.T.);
#8174=ORIENTED_EDGE('',*,*,#5932,.T.);
#8175=ORIENTED_EDGE('',*,*,#5835,.T.);
#8176=ORIENTED_EDGE('',*,*,#5883,.T.);
#8177=ORIENTED_EDGE('',*,*,#5983,.T.);
#8178=ORIENTED_EDGE('',*,*,#5884,.T.);
#8179=ORIENTED_EDGE('',*,*,#5831,.T.);
#8180=ORIENTED_EDGE('',*,*,#5913,.T.);
#8181=ORIENTED_EDGE('',*,*,#5984,.T.);
#8182=ORIENTED_EDGE('',*,*,#5914,.T.);
#8183=ORIENTED_EDGE('',*,*,#5827,.T.);
#8184=ORIENTED_EDGE('',*,*,#5961,.T.);
#8185=ORIENTED_EDGE('',*,*,#5985,.T.);
#8186=ORIENTED_EDGE('',*,*,#5962,.T.);
#8187=ORIENTED_EDGE('',*,*,#5823,.T.);
#8188=ORIENTED_EDGE('',*,*,#5925,.T.);
#8189=ORIENTED_EDGE('',*,*,#5986,.T.);
#8190=ORIENTED_EDGE('',*,*,#5926,.T.);
#8191=ORIENTED_EDGE('',*,*,#5819,.T.);
#8192=ORIENTED_EDGE('',*,*,#5877,.T.);
#8193=ORIENTED_EDGE('',*,*,#5987,.T.);
#8194=ORIENTED_EDGE('',*,*,#5878,.T.);
#8195=ORIENTED_EDGE('',*,*,#5815,.T.);
#8196=ORIENTED_EDGE('',*,*,#5919,.T.);
#8197=ORIENTED_EDGE('',*,*,#5988,.T.);
#8198=ORIENTED_EDGE('',*,*,#5920,.T.);
#8199=ORIENTED_EDGE('',*,*,#5811,.T.);
#8200=ORIENTED_EDGE('',*,*,#5967,.T.);
#8201=ORIENTED_EDGE('',*,*,#5989,.T.);
#8202=ORIENTED_EDGE('',*,*,#5968,.T.);
#8203=ORIENTED_EDGE('',*,*,#5807,.T.);
#8204=ORIENTED_EDGE('',*,*,#5990,.T.);
#8205=ORIENTED_EDGE('',*,*,#5991,.T.);
#8206=ORIENTED_EDGE('',*,*,#5992,.T.);
#8207=ORIENTED_EDGE('',*,*,#5993,.T.);
#8208=ORIENTED_EDGE('',*,*,#5994,.T.);
#8209=ORIENTED_EDGE('',*,*,#5995,.T.);
#8210=ORIENTED_EDGE('',*,*,#5996,.T.);
#8211=ORIENTED_EDGE('',*,*,#5997,.T.);
#8212=ORIENTED_EDGE('',*,*,#5998,.T.);
#8213=ORIENTED_EDGE('',*,*,#5999,.T.);
#8214=ORIENTED_EDGE('',*,*,#6000,.T.);
#8215=ORIENTED_EDGE('',*,*,#6001,.T.);
#8216=ORIENTED_EDGE('',*,*,#6002,.T.);
#8217=ORIENTED_EDGE('',*,*,#6003,.T.);
#8218=ORIENTED_EDGE('',*,*,#6004,.T.);
#8219=ORIENTED_EDGE('',*,*,#6005,.T.);
#8220=ORIENTED_EDGE('',*,*,#6006,.T.);
#8221=ORIENTED_EDGE('',*,*,#6007,.T.);
#8222=ORIENTED_EDGE('',*,*,#6008,.T.);
#8223=ORIENTED_EDGE('',*,*,#6009,.T.);
#8224=ORIENTED_EDGE('',*,*,#6010,.T.);
#8225=ORIENTED_EDGE('',*,*,#6011,.T.);
#8226=ORIENTED_EDGE('',*,*,#6012,.T.);
#8227=ORIENTED_EDGE('',*,*,#6013,.T.);
#8228=ORIENTED_EDGE('',*,*,#6014,.T.);
#8229=ORIENTED_EDGE('',*,*,#6015,.T.);
#8230=ORIENTED_EDGE('',*,*,#6016,.T.);
#8231=ORIENTED_EDGE('',*,*,#6017,.T.);
#8232=ORIENTED_EDGE('',*,*,#6018,.T.);
#8233=ORIENTED_EDGE('',*,*,#6019,.T.);
#8234=ORIENTED_EDGE('',*,*,#6020,.T.);
#8235=ORIENTED_EDGE('',*,*,#6021,.T.);
#8236=ORIENTED_EDGE('',*,*,#6022,.T.);
#8237=ORIENTED_EDGE('',*,*,#6023,.T.);
#8238=ORIENTED_EDGE('',*,*,#6024,.T.);
#8239=ORIENTED_EDGE('',*,*,#6025,.T.);
#8240=ORIENTED_EDGE('',*,*,#6026,.T.);
#8241=ORIENTED_EDGE('',*,*,#6027,.T.);
#8242=ORIENTED_EDGE('',*,*,#6028,.T.);
#8243=ORIENTED_EDGE('',*,*,#6029,.T.);
#8244=ORIENTED_EDGE('',*,*,#6030,.T.);
#8245=ORIENTED_EDGE('',*,*,#6031,.T.);
#8246=ORIENTED_EDGE('',*,*,#6032,.T.);
#8247=ORIENTED_EDGE('',*,*,#6033,.T.);
#8248=ORIENTED_EDGE('',*,*,#6034,.T.);
#8249=ORIENTED_EDGE('',*,*,#6035,.T.);
#8250=ORIENTED_EDGE('',*,*,#6036,.T.);
#8251=ORIENTED_EDGE('',*,*,#6037,.T.);
#8252=ORIENTED_EDGE('',*,*,#6038,.T.);
#8253=ORIENTED_EDGE('',*,*,#6039,.T.);
#8254=ORIENTED_EDGE('',*,*,#6040,.T.);
#8255=ORIENTED_EDGE('',*,*,#6041,.T.);
#8256=ORIENTED_EDGE('',*,*,#6042,.T.);
#8257=ORIENTED_EDGE('',*,*,#6043,.T.);
#8258=ORIENTED_EDGE('',*,*,#6044,.T.);
#8259=ORIENTED_EDGE('',*,*,#6045,.T.);
#8260=ORIENTED_EDGE('',*,*,#6046,.T.);
#8261=ORIENTED_EDGE('',*,*,#6047,.T.);
#8262=ORIENTED_EDGE('',*,*,#6048,.T.);
#8263=ORIENTED_EDGE('',*,*,#6049,.T.);
#8264=ORIENTED_EDGE('',*,*,#6050,.T.);
#8265=ORIENTED_EDGE('',*,*,#6051,.T.);
#8266=ORIENTED_EDGE('',*,*,#6052,.T.);
#8267=ORIENTED_EDGE('',*,*,#6053,.T.);
#8268=ORIENTED_EDGE('',*,*,#6054,.T.);
#8269=ORIENTED_EDGE('',*,*,#6055,.T.);
#8270=ORIENTED_EDGE('',*,*,#5971,.T.);
#8271=ORIENTED_EDGE('',*,*,#5755,.T.);
#8272=ORIENTED_EDGE('',*,*,#5752,.T.);
#8273=ORIENTED_EDGE('',*,*,#5749,.T.);
#8274=ORIENTED_EDGE('',*,*,#5758,.T.);
#8275=ORIENTED_EDGE('',*,*,#5767,.T.);
#8276=ORIENTED_EDGE('',*,*,#5764,.T.);
#8277=ORIENTED_EDGE('',*,*,#5761,.T.);
#8278=ORIENTED_EDGE('',*,*,#5770,.T.);
#8279=ORIENTED_EDGE('',*,*,#5779,.T.);
#8280=ORIENTED_EDGE('',*,*,#5776,.T.);
#8281=ORIENTED_EDGE('',*,*,#5773,.T.);
#8282=ORIENTED_EDGE('',*,*,#5782,.T.);
#8283=ORIENTED_EDGE('',*,*,#5791,.T.);
#8284=ORIENTED_EDGE('',*,*,#5788,.T.);
#8285=ORIENTED_EDGE('',*,*,#5785,.T.);
#8286=ORIENTED_EDGE('',*,*,#5794,.T.);
#8287=ORIENTED_EDGE('',*,*,#5795,.T.);
#8288=ORIENTED_EDGE('',*,*,#5805,.T.);
#8289=ORIENTED_EDGE('',*,*,#5802,.T.);
#8290=ORIENTED_EDGE('',*,*,#5799,.T.);
#8291=ORIENTED_EDGE('',*,*,#5743,.T.);
#8292=ORIENTED_EDGE('',*,*,#5740,.T.);
#8293=ORIENTED_EDGE('',*,*,#5737,.T.);
#8294=ORIENTED_EDGE('',*,*,#5746,.T.);
#8295=ORIENTED_EDGE('',*,*,#5731,.T.);
#8296=ORIENTED_EDGE('',*,*,#5728,.T.);
#8297=ORIENTED_EDGE('',*,*,#5725,.T.);
#8298=ORIENTED_EDGE('',*,*,#5734,.T.);
#8299=ORIENTED_EDGE('',*,*,#5719,.T.);
#8300=ORIENTED_EDGE('',*,*,#5716,.T.);
#8301=ORIENTED_EDGE('',*,*,#5713,.T.);
#8302=ORIENTED_EDGE('',*,*,#5722,.T.);
#8303=ORIENTED_EDGE('',*,*,#5707,.T.);
#8304=ORIENTED_EDGE('',*,*,#5704,.T.);
#8305=ORIENTED_EDGE('',*,*,#5701,.T.);
#8306=ORIENTED_EDGE('',*,*,#5710,.T.);
#8307=ORIENTED_EDGE('',*,*,#5695,.T.);
#8308=ORIENTED_EDGE('',*,*,#5692,.T.);
#8309=ORIENTED_EDGE('',*,*,#5689,.T.);
#8310=ORIENTED_EDGE('',*,*,#5698,.T.);
#8311=ORIENTED_EDGE('',*,*,#5683,.T.);
#8312=ORIENTED_EDGE('',*,*,#5680,.T.);
#8313=ORIENTED_EDGE('',*,*,#5677,.T.);
#8314=ORIENTED_EDGE('',*,*,#5686,.T.);
#8315=ORIENTED_EDGE('',*,*,#5671,.T.);
#8316=ORIENTED_EDGE('',*,*,#5668,.T.);
#8317=ORIENTED_EDGE('',*,*,#5665,.T.);
#8318=ORIENTED_EDGE('',*,*,#5674,.T.);
#8319=ORIENTED_EDGE('',*,*,#5659,.T.);
#8320=ORIENTED_EDGE('',*,*,#5656,.T.);
#8321=ORIENTED_EDGE('',*,*,#5653,.T.);
#8322=ORIENTED_EDGE('',*,*,#5662,.T.);
#8323=ORIENTED_EDGE('',*,*,#5647,.T.);
#8324=ORIENTED_EDGE('',*,*,#5644,.T.);
#8325=ORIENTED_EDGE('',*,*,#5641,.T.);
#8326=ORIENTED_EDGE('',*,*,#5650,.T.);
#8327=ORIENTED_EDGE('',*,*,#5635,.T.);
#8328=ORIENTED_EDGE('',*,*,#5632,.T.);
#8329=ORIENTED_EDGE('',*,*,#5629,.T.);
#8330=ORIENTED_EDGE('',*,*,#5638,.T.);
#8331=ORIENTED_EDGE('',*,*,#5623,.T.);
#8332=ORIENTED_EDGE('',*,*,#5620,.T.);
#8333=ORIENTED_EDGE('',*,*,#5617,.T.);
#8334=ORIENTED_EDGE('',*,*,#5626,.T.);
#8335=ORIENTED_EDGE('',*,*,#5611,.T.);
#8336=ORIENTED_EDGE('',*,*,#5608,.T.);
#8337=ORIENTED_EDGE('',*,*,#5605,.T.);
#8338=ORIENTED_EDGE('',*,*,#5614,.T.);
#8339=ORIENTED_EDGE('',*,*,#5599,.T.);
#8340=ORIENTED_EDGE('',*,*,#5596,.T.);
#8341=ORIENTED_EDGE('',*,*,#5593,.T.);
#8342=ORIENTED_EDGE('',*,*,#5602,.T.);
#8343=ORIENTED_EDGE('',*,*,#5587,.T.);
#8344=ORIENTED_EDGE('',*,*,#5584,.T.);
#8345=ORIENTED_EDGE('',*,*,#5581,.T.);
#8346=ORIENTED_EDGE('',*,*,#5590,.T.);
#8347=ORIENTED_EDGE('',*,*,#5575,.T.);
#8348=ORIENTED_EDGE('',*,*,#5572,.T.);
#8349=ORIENTED_EDGE('',*,*,#5569,.T.);
#8350=ORIENTED_EDGE('',*,*,#5578,.T.);
#8351=ORIENTED_EDGE('',*,*,#5563,.T.);
#8352=ORIENTED_EDGE('',*,*,#5560,.T.);
#8353=ORIENTED_EDGE('',*,*,#5557,.T.);
#8354=ORIENTED_EDGE('',*,*,#5566,.T.);
#8355=ORIENTED_EDGE('',*,*,#5551,.T.);
#8356=ORIENTED_EDGE('',*,*,#5548,.T.);
#8357=ORIENTED_EDGE('',*,*,#5545,.T.);
#8358=ORIENTED_EDGE('',*,*,#5554,.T.);
#8359=ORIENTED_EDGE('',*,*,#5539,.T.);
#8360=ORIENTED_EDGE('',*,*,#5536,.T.);
#8361=ORIENTED_EDGE('',*,*,#5533,.T.);
#8362=ORIENTED_EDGE('',*,*,#5542,.T.);
#8363=ORIENTED_EDGE('',*,*,#5527,.T.);
#8364=ORIENTED_EDGE('',*,*,#5524,.T.);
#8365=ORIENTED_EDGE('',*,*,#5521,.T.);
#8366=ORIENTED_EDGE('',*,*,#5530,.T.);
#8367=ORIENTED_EDGE('',*,*,#5515,.T.);
#8368=ORIENTED_EDGE('',*,*,#5512,.T.);
#8369=ORIENTED_EDGE('',*,*,#5509,.T.);
#8370=ORIENTED_EDGE('',*,*,#5518,.T.);
#8371=ORIENTED_EDGE('',*,*,#5503,.T.);
#8372=ORIENTED_EDGE('',*,*,#5500,.T.);
#8373=ORIENTED_EDGE('',*,*,#5497,.T.);
#8374=ORIENTED_EDGE('',*,*,#5506,.T.);
#8375=ORIENTED_EDGE('',*,*,#5491,.T.);
#8376=ORIENTED_EDGE('',*,*,#5488,.T.);
#8377=ORIENTED_EDGE('',*,*,#5485,.T.);
#8378=ORIENTED_EDGE('',*,*,#5494,.T.);
#8379=ORIENTED_EDGE('',*,*,#5479,.T.);
#8380=ORIENTED_EDGE('',*,*,#5476,.T.);
#8381=ORIENTED_EDGE('',*,*,#5473,.T.);
#8382=ORIENTED_EDGE('',*,*,#5482,.T.);
#8383=ORIENTED_EDGE('',*,*,#5467,.T.);
#8384=ORIENTED_EDGE('',*,*,#5464,.T.);
#8385=ORIENTED_EDGE('',*,*,#5461,.T.);
#8386=ORIENTED_EDGE('',*,*,#5470,.T.);
#8387=ORIENTED_EDGE('',*,*,#5455,.T.);
#8388=ORIENTED_EDGE('',*,*,#5452,.T.);
#8389=ORIENTED_EDGE('',*,*,#5449,.T.);
#8390=ORIENTED_EDGE('',*,*,#5458,.T.);
#8391=ORIENTED_EDGE('',*,*,#5443,.T.);
#8392=ORIENTED_EDGE('',*,*,#5440,.T.);
#8393=ORIENTED_EDGE('',*,*,#5437,.T.);
#8394=ORIENTED_EDGE('',*,*,#5446,.T.);
#8395=ORIENTED_EDGE('',*,*,#5431,.T.);
#8396=ORIENTED_EDGE('',*,*,#5428,.T.);
#8397=ORIENTED_EDGE('',*,*,#5425,.T.);
#8398=ORIENTED_EDGE('',*,*,#5434,.T.);
#8399=ORIENTED_EDGE('',*,*,#5419,.T.);
#8400=ORIENTED_EDGE('',*,*,#5416,.T.);
#8401=ORIENTED_EDGE('',*,*,#5413,.T.);
#8402=ORIENTED_EDGE('',*,*,#5422,.T.);
#8403=ORIENTED_EDGE('',*,*,#5407,.T.);
#8404=ORIENTED_EDGE('',*,*,#5404,.T.);
#8405=ORIENTED_EDGE('',*,*,#5401,.T.);
#8406=ORIENTED_EDGE('',*,*,#5410,.T.);
#8407=ORIENTED_EDGE('',*,*,#5395,.T.);
#8408=ORIENTED_EDGE('',*,*,#5392,.T.);
#8409=ORIENTED_EDGE('',*,*,#5389,.T.);
#8410=ORIENTED_EDGE('',*,*,#5398,.T.);
#8411=ORIENTED_EDGE('',*,*,#5810,.T.);
#8412=ORIENTED_EDGE('',*,*,#6056,.F.);
#8413=ORIENTED_EDGE('',*,*,#6057,.T.);
#8414=ORIENTED_EDGE('',*,*,#5990,.F.);
#8415=ORIENTED_EDGE('',*,*,#5966,.T.);
#8416=ORIENTED_EDGE('',*,*,#6058,.T.);
#8417=ORIENTED_EDGE('',*,*,#5969,.T.);
#8418=ORIENTED_EDGE('',*,*,#5989,.F.);
#8419=ORIENTED_EDGE('',*,*,#5918,.T.);
#8420=ORIENTED_EDGE('',*,*,#6059,.T.);
#8421=ORIENTED_EDGE('',*,*,#5921,.T.);
#8422=ORIENTED_EDGE('',*,*,#5988,.F.);
#8423=ORIENTED_EDGE('',*,*,#5876,.T.);
#8424=ORIENTED_EDGE('',*,*,#6060,.T.);
#8425=ORIENTED_EDGE('',*,*,#5879,.T.);
#8426=ORIENTED_EDGE('',*,*,#5987,.F.);
#8427=ORIENTED_EDGE('',*,*,#5924,.T.);
#8428=ORIENTED_EDGE('',*,*,#6061,.T.);
#8429=ORIENTED_EDGE('',*,*,#5927,.T.);
#8430=ORIENTED_EDGE('',*,*,#5986,.F.);
#8431=ORIENTED_EDGE('',*,*,#5960,.T.);
#8432=ORIENTED_EDGE('',*,*,#6062,.T.);
#8433=ORIENTED_EDGE('',*,*,#5963,.T.);
#8434=ORIENTED_EDGE('',*,*,#5985,.F.);
#8435=ORIENTED_EDGE('',*,*,#5912,.T.);
#8436=ORIENTED_EDGE('',*,*,#6063,.T.);
#8437=ORIENTED_EDGE('',*,*,#5915,.T.);
#8438=ORIENTED_EDGE('',*,*,#5984,.F.);
#8439=ORIENTED_EDGE('',*,*,#5882,.T.);
#8440=ORIENTED_EDGE('',*,*,#6064,.T.);
#8441=ORIENTED_EDGE('',*,*,#5885,.T.);
#8442=ORIENTED_EDGE('',*,*,#5983,.F.);
#8443=ORIENTED_EDGE('',*,*,#5930,.T.);
#8444=ORIENTED_EDGE('',*,*,#6065,.T.);
#8445=ORIENTED_EDGE('',*,*,#5933,.T.);
#8446=ORIENTED_EDGE('',*,*,#5982,.F.);
#8447=ORIENTED_EDGE('',*,*,#5954,.T.);
#8448=ORIENTED_EDGE('',*,*,#6066,.T.);
#8449=ORIENTED_EDGE('',*,*,#5957,.T.);
#8450=ORIENTED_EDGE('',*,*,#5981,.F.);
#8451=ORIENTED_EDGE('',*,*,#5906,.T.);
#8452=ORIENTED_EDGE('',*,*,#6067,.T.);
#8453=ORIENTED_EDGE('',*,*,#5909,.T.);
#8454=ORIENTED_EDGE('',*,*,#5980,.F.);
#8455=ORIENTED_EDGE('',*,*,#5888,.T.);
#8456=ORIENTED_EDGE('',*,*,#6068,.T.);
#8457=ORIENTED_EDGE('',*,*,#5891,.T.);
#8458=ORIENTED_EDGE('',*,*,#5979,.F.);
#8459=ORIENTED_EDGE('',*,*,#5936,.T.);
#8460=ORIENTED_EDGE('',*,*,#6069,.T.);
#8461=ORIENTED_EDGE('',*,*,#5939,.T.);
#8462=ORIENTED_EDGE('',*,*,#5978,.F.);
#8463=ORIENTED_EDGE('',*,*,#5948,.T.);
#8464=ORIENTED_EDGE('',*,*,#6070,.T.);
#8465=ORIENTED_EDGE('',*,*,#5951,.T.);
#8466=ORIENTED_EDGE('',*,*,#5977,.F.);
#8467=ORIENTED_EDGE('',*,*,#5900,.T.);
#8468=ORIENTED_EDGE('',*,*,#6071,.T.);
#8469=ORIENTED_EDGE('',*,*,#5903,.T.);
#8470=ORIENTED_EDGE('',*,*,#5976,.F.);
#8471=ORIENTED_EDGE('',*,*,#5894,.T.);
#8472=ORIENTED_EDGE('',*,*,#6072,.T.);
#8473=ORIENTED_EDGE('',*,*,#5897,.T.);
#8474=ORIENTED_EDGE('',*,*,#5975,.F.);
#8475=ORIENTED_EDGE('',*,*,#5991,.F.);
#8476=ORIENTED_EDGE('',*,*,#6057,.F.);
#8477=ORIENTED_EDGE('',*,*,#6073,.F.);
#8478=ORIENTED_EDGE('',*,*,#6074,.F.);
#8479=ORIENTED_EDGE('',*,*,#5995,.F.);
#8480=ORIENTED_EDGE('',*,*,#6075,.F.);
#8481=ORIENTED_EDGE('',*,*,#6076,.F.);
#8482=ORIENTED_EDGE('',*,*,#6077,.F.);
#8483=ORIENTED_EDGE('',*,*,#5999,.F.);
#8484=ORIENTED_EDGE('',*,*,#6078,.F.);
#8485=ORIENTED_EDGE('',*,*,#6079,.F.);
#8486=ORIENTED_EDGE('',*,*,#6080,.F.);
#8487=ORIENTED_EDGE('',*,*,#6003,.F.);
#8488=ORIENTED_EDGE('',*,*,#6081,.F.);
#8489=ORIENTED_EDGE('',*,*,#6082,.F.);
#8490=ORIENTED_EDGE('',*,*,#6083,.F.);
#8491=ORIENTED_EDGE('',*,*,#6007,.F.);
#8492=ORIENTED_EDGE('',*,*,#6084,.F.);
#8493=ORIENTED_EDGE('',*,*,#6085,.F.);
#8494=ORIENTED_EDGE('',*,*,#6086,.F.);
#8495=ORIENTED_EDGE('',*,*,#6011,.F.);
#8496=ORIENTED_EDGE('',*,*,#6087,.F.);
#8497=ORIENTED_EDGE('',*,*,#6088,.F.);
#8498=ORIENTED_EDGE('',*,*,#6089,.F.);
#8499=ORIENTED_EDGE('',*,*,#6015,.F.);
#8500=ORIENTED_EDGE('',*,*,#6090,.F.);
#8501=ORIENTED_EDGE('',*,*,#6091,.F.);
#8502=ORIENTED_EDGE('',*,*,#6092,.F.);
#8503=ORIENTED_EDGE('',*,*,#6019,.F.);
#8504=ORIENTED_EDGE('',*,*,#6093,.F.);
#8505=ORIENTED_EDGE('',*,*,#6094,.F.);
#8506=ORIENTED_EDGE('',*,*,#6095,.F.);
#8507=ORIENTED_EDGE('',*,*,#6023,.F.);
#8508=ORIENTED_EDGE('',*,*,#6096,.F.);
#8509=ORIENTED_EDGE('',*,*,#6097,.F.);
#8510=ORIENTED_EDGE('',*,*,#6098,.F.);
#8511=ORIENTED_EDGE('',*,*,#6027,.F.);
#8512=ORIENTED_EDGE('',*,*,#6099,.F.);
#8513=ORIENTED_EDGE('',*,*,#6100,.F.);
#8514=ORIENTED_EDGE('',*,*,#6101,.F.);
#8515=ORIENTED_EDGE('',*,*,#6031,.F.);
#8516=ORIENTED_EDGE('',*,*,#6102,.F.);
#8517=ORIENTED_EDGE('',*,*,#6103,.F.);
#8518=ORIENTED_EDGE('',*,*,#6104,.F.);
#8519=ORIENTED_EDGE('',*,*,#6035,.F.);
#8520=ORIENTED_EDGE('',*,*,#6105,.F.);
#8521=ORIENTED_EDGE('',*,*,#6106,.F.);
#8522=ORIENTED_EDGE('',*,*,#6107,.F.);
#8523=ORIENTED_EDGE('',*,*,#6039,.F.);
#8524=ORIENTED_EDGE('',*,*,#6108,.F.);
#8525=ORIENTED_EDGE('',*,*,#6109,.F.);
#8526=ORIENTED_EDGE('',*,*,#6110,.F.);
#8527=ORIENTED_EDGE('',*,*,#6043,.F.);
#8528=ORIENTED_EDGE('',*,*,#6111,.F.);
#8529=ORIENTED_EDGE('',*,*,#6112,.F.);
#8530=ORIENTED_EDGE('',*,*,#6113,.F.);
#8531=ORIENTED_EDGE('',*,*,#6047,.F.);
#8532=ORIENTED_EDGE('',*,*,#6114,.F.);
#8533=ORIENTED_EDGE('',*,*,#6115,.F.);
#8534=ORIENTED_EDGE('',*,*,#6116,.F.);
#8535=ORIENTED_EDGE('',*,*,#6051,.F.);
#8536=ORIENTED_EDGE('',*,*,#6117,.F.);
#8537=ORIENTED_EDGE('',*,*,#6118,.F.);
#8538=ORIENTED_EDGE('',*,*,#6119,.F.);
#8539=ORIENTED_EDGE('',*,*,#6080,.T.);
#8540=ORIENTED_EDGE('',*,*,#6120,.F.);
#8541=ORIENTED_EDGE('',*,*,#6121,.F.);
#8542=ORIENTED_EDGE('',*,*,#6000,.F.);
#8543=ORIENTED_EDGE('',*,*,#6081,.T.);
#8544=ORIENTED_EDGE('',*,*,#6002,.F.);
#8545=ORIENTED_EDGE('',*,*,#6122,.F.);
#8546=ORIENTED_EDGE('',*,*,#6123,.F.);
#8547=ORIENTED_EDGE('',*,*,#6092,.T.);
#8548=ORIENTED_EDGE('',*,*,#6124,.F.);
#8549=ORIENTED_EDGE('',*,*,#6125,.F.);
#8550=ORIENTED_EDGE('',*,*,#6016,.F.);
#8551=ORIENTED_EDGE('',*,*,#6093,.T.);
#8552=ORIENTED_EDGE('',*,*,#6018,.F.);
#8553=ORIENTED_EDGE('',*,*,#6126,.F.);
#8554=ORIENTED_EDGE('',*,*,#6127,.F.);
#8555=ORIENTED_EDGE('',*,*,#6104,.T.);
#8556=ORIENTED_EDGE('',*,*,#6128,.F.);
#8557=ORIENTED_EDGE('',*,*,#6129,.F.);
#8558=ORIENTED_EDGE('',*,*,#6032,.F.);
#8559=ORIENTED_EDGE('',*,*,#6105,.T.);
#8560=ORIENTED_EDGE('',*,*,#6034,.F.);
#8561=ORIENTED_EDGE('',*,*,#6130,.F.);
#8562=ORIENTED_EDGE('',*,*,#6131,.F.);
#8563=ORIENTED_EDGE('',*,*,#6116,.T.);
#8564=ORIENTED_EDGE('',*,*,#6132,.F.);
#8565=ORIENTED_EDGE('',*,*,#6133,.F.);
#8566=ORIENTED_EDGE('',*,*,#6048,.F.);
#8567=ORIENTED_EDGE('',*,*,#6117,.T.);
#8568=ORIENTED_EDGE('',*,*,#6050,.F.);
#8569=ORIENTED_EDGE('',*,*,#6134,.F.);
#8570=ORIENTED_EDGE('',*,*,#6135,.F.);
#8571=ORIENTED_EDGE('',*,*,#6113,.T.);
#8572=ORIENTED_EDGE('',*,*,#6136,.F.);
#8573=ORIENTED_EDGE('',*,*,#6137,.F.);
#8574=ORIENTED_EDGE('',*,*,#6044,.F.);
#8575=ORIENTED_EDGE('',*,*,#6114,.T.);
#8576=ORIENTED_EDGE('',*,*,#6046,.F.);
#8577=ORIENTED_EDGE('',*,*,#6138,.F.);
#8578=ORIENTED_EDGE('',*,*,#6139,.F.);
#8579=ORIENTED_EDGE('',*,*,#6101,.T.);
#8580=ORIENTED_EDGE('',*,*,#6140,.F.);
#8581=ORIENTED_EDGE('',*,*,#6141,.F.);
#8582=ORIENTED_EDGE('',*,*,#6028,.F.);
#8583=ORIENTED_EDGE('',*,*,#6102,.T.);
#8584=ORIENTED_EDGE('',*,*,#6030,.F.);
#8585=ORIENTED_EDGE('',*,*,#6142,.F.);
#8586=ORIENTED_EDGE('',*,*,#6143,.F.);
#8587=ORIENTED_EDGE('',*,*,#6089,.T.);
#8588=ORIENTED_EDGE('',*,*,#6144,.F.);
#8589=ORIENTED_EDGE('',*,*,#6145,.F.);
#8590=ORIENTED_EDGE('',*,*,#6012,.F.);
#8591=ORIENTED_EDGE('',*,*,#6090,.T.);
#8592=ORIENTED_EDGE('',*,*,#6014,.F.);
#8593=ORIENTED_EDGE('',*,*,#6146,.F.);
#8594=ORIENTED_EDGE('',*,*,#6147,.F.);
#8595=ORIENTED_EDGE('',*,*,#6077,.T.);
#8596=ORIENTED_EDGE('',*,*,#6148,.F.);
#8597=ORIENTED_EDGE('',*,*,#6149,.F.);
#8598=ORIENTED_EDGE('',*,*,#5996,.F.);
#8599=ORIENTED_EDGE('',*,*,#6078,.T.);
#8600=ORIENTED_EDGE('',*,*,#5998,.F.);
#8601=ORIENTED_EDGE('',*,*,#6150,.F.);
#8602=ORIENTED_EDGE('',*,*,#6151,.F.);
#8603=ORIENTED_EDGE('',*,*,#6083,.T.);
#8604=ORIENTED_EDGE('',*,*,#6152,.F.);
#8605=ORIENTED_EDGE('',*,*,#6153,.F.);
#8606=ORIENTED_EDGE('',*,*,#6004,.F.);
#8607=ORIENTED_EDGE('',*,*,#6084,.T.);
#8608=ORIENTED_EDGE('',*,*,#6006,.F.);
#8609=ORIENTED_EDGE('',*,*,#6154,.F.);
#8610=ORIENTED_EDGE('',*,*,#6155,.F.);
#8611=ORIENTED_EDGE('',*,*,#6095,.T.);
#8612=ORIENTED_EDGE('',*,*,#6156,.F.);
#8613=ORIENTED_EDGE('',*,*,#6157,.F.);
#8614=ORIENTED_EDGE('',*,*,#6020,.F.);
#8615=ORIENTED_EDGE('',*,*,#6096,.T.);
#8616=ORIENTED_EDGE('',*,*,#6022,.F.);
#8617=ORIENTED_EDGE('',*,*,#6158,.F.);
#8618=ORIENTED_EDGE('',*,*,#6159,.F.);
#8619=ORIENTED_EDGE('',*,*,#6107,.T.);
#8620=ORIENTED_EDGE('',*,*,#6160,.F.);
#8621=ORIENTED_EDGE('',*,*,#6161,.F.);
#8622=ORIENTED_EDGE('',*,*,#6036,.F.);
#8623=ORIENTED_EDGE('',*,*,#6108,.T.);
#8624=ORIENTED_EDGE('',*,*,#6038,.F.);
#8625=ORIENTED_EDGE('',*,*,#6162,.F.);
#8626=ORIENTED_EDGE('',*,*,#6163,.F.);
#8627=ORIENTED_EDGE('',*,*,#6119,.T.);
#8628=ORIENTED_EDGE('',*,*,#6164,.F.);
#8629=ORIENTED_EDGE('',*,*,#6165,.F.);
#8630=ORIENTED_EDGE('',*,*,#6052,.F.);
#8631=ORIENTED_EDGE('',*,*,#6166,.T.);
#8632=ORIENTED_EDGE('',*,*,#6054,.F.);
#8633=ORIENTED_EDGE('',*,*,#6167,.F.);
#8634=ORIENTED_EDGE('',*,*,#6168,.F.);
#8635=ORIENTED_EDGE('',*,*,#6110,.T.);
#8636=ORIENTED_EDGE('',*,*,#6169,.F.);
#8637=ORIENTED_EDGE('',*,*,#6170,.F.);
#8638=ORIENTED_EDGE('',*,*,#6040,.F.);
#8639=ORIENTED_EDGE('',*,*,#6111,.T.);
#8640=ORIENTED_EDGE('',*,*,#6042,.F.);
#8641=ORIENTED_EDGE('',*,*,#6171,.F.);
#8642=ORIENTED_EDGE('',*,*,#6172,.F.);
#8643=ORIENTED_EDGE('',*,*,#6098,.T.);
#8644=ORIENTED_EDGE('',*,*,#6173,.F.);
#8645=ORIENTED_EDGE('',*,*,#6174,.F.);
#8646=ORIENTED_EDGE('',*,*,#6024,.F.);
#8647=ORIENTED_EDGE('',*,*,#6099,.T.);
#8648=ORIENTED_EDGE('',*,*,#6026,.F.);
#8649=ORIENTED_EDGE('',*,*,#6175,.F.);
#8650=ORIENTED_EDGE('',*,*,#6176,.F.);
#8651=ORIENTED_EDGE('',*,*,#6086,.T.);
#8652=ORIENTED_EDGE('',*,*,#6177,.F.);
#8653=ORIENTED_EDGE('',*,*,#6178,.F.);
#8654=ORIENTED_EDGE('',*,*,#6008,.F.);
#8655=ORIENTED_EDGE('',*,*,#6087,.T.);
#8656=ORIENTED_EDGE('',*,*,#6010,.F.);
#8657=ORIENTED_EDGE('',*,*,#6179,.F.);
#8658=ORIENTED_EDGE('',*,*,#6180,.F.);
#8659=ORIENTED_EDGE('',*,*,#6074,.T.);
#8660=ORIENTED_EDGE('',*,*,#6181,.F.);
#8661=ORIENTED_EDGE('',*,*,#6182,.F.);
#8662=ORIENTED_EDGE('',*,*,#5992,.F.);
#8663=ORIENTED_EDGE('',*,*,#6075,.T.);
#8664=ORIENTED_EDGE('',*,*,#5994,.F.);
#8665=ORIENTED_EDGE('',*,*,#6183,.F.);
#8666=ORIENTED_EDGE('',*,*,#6184,.F.);
#8667=ORIENTED_EDGE('',*,*,#6055,.F.);
#8668=ORIENTED_EDGE('',*,*,#6166,.F.);
#8669=ORIENTED_EDGE('',*,*,#6185,.F.);
#8670=ORIENTED_EDGE('',*,*,#5972,.F.);
#8671=ORIENTED_EDGE('',*,*,#6183,.T.);
#8672=ORIENTED_EDGE('',*,*,#5993,.F.);
#8673=ORIENTED_EDGE('',*,*,#6182,.T.);
#8674=ORIENTED_EDGE('',*,*,#6186,.T.);
#8675=ORIENTED_EDGE('',*,*,#6150,.T.);
#8676=ORIENTED_EDGE('',*,*,#5997,.F.);
#8677=ORIENTED_EDGE('',*,*,#6149,.T.);
#8678=ORIENTED_EDGE('',*,*,#6187,.T.);
#8679=ORIENTED_EDGE('',*,*,#6122,.T.);
#8680=ORIENTED_EDGE('',*,*,#6001,.F.);
#8681=ORIENTED_EDGE('',*,*,#6121,.T.);
#8682=ORIENTED_EDGE('',*,*,#6188,.T.);
#8683=ORIENTED_EDGE('',*,*,#6154,.T.);
#8684=ORIENTED_EDGE('',*,*,#6005,.F.);
#8685=ORIENTED_EDGE('',*,*,#6153,.T.);
#8686=ORIENTED_EDGE('',*,*,#6189,.T.);
#8687=ORIENTED_EDGE('',*,*,#6179,.T.);
#8688=ORIENTED_EDGE('',*,*,#6009,.F.);
#8689=ORIENTED_EDGE('',*,*,#6178,.T.);
#8690=ORIENTED_EDGE('',*,*,#6190,.T.);
#8691=ORIENTED_EDGE('',*,*,#6146,.T.);
#8692=ORIENTED_EDGE('',*,*,#6013,.F.);
#8693=ORIENTED_EDGE('',*,*,#6145,.T.);
#8694=ORIENTED_EDGE('',*,*,#6191,.T.);
#8695=ORIENTED_EDGE('',*,*,#6126,.T.);
#8696=ORIENTED_EDGE('',*,*,#6017,.F.);
#8697=ORIENTED_EDGE('',*,*,#6125,.T.);
#8698=ORIENTED_EDGE('',*,*,#6192,.T.);
#8699=ORIENTED_EDGE('',*,*,#6158,.T.);
#8700=ORIENTED_EDGE('',*,*,#6021,.F.);
#8701=ORIENTED_EDGE('',*,*,#6157,.T.);
#8702=ORIENTED_EDGE('',*,*,#6193,.T.);
#8703=ORIENTED_EDGE('',*,*,#6175,.T.);
#8704=ORIENTED_EDGE('',*,*,#6025,.F.);
#8705=ORIENTED_EDGE('',*,*,#6174,.T.);
#8706=ORIENTED_EDGE('',*,*,#6194,.T.);
#8707=ORIENTED_EDGE('',*,*,#6142,.T.);
#8708=ORIENTED_EDGE('',*,*,#6029,.F.);
#8709=ORIENTED_EDGE('',*,*,#6141,.T.);
#8710=ORIENTED_EDGE('',*,*,#6195,.T.);
#8711=ORIENTED_EDGE('',*,*,#6130,.T.);
#8712=ORIENTED_EDGE('',*,*,#6033,.F.);
#8713=ORIENTED_EDGE('',*,*,#6129,.T.);
#8714=ORIENTED_EDGE('',*,*,#6196,.T.);
#8715=ORIENTED_EDGE('',*,*,#6162,.T.);
#8716=ORIENTED_EDGE('',*,*,#6037,.F.);
#8717=ORIENTED_EDGE('',*,*,#6161,.T.);
#8718=ORIENTED_EDGE('',*,*,#6197,.T.);
#8719=ORIENTED_EDGE('',*,*,#6171,.T.);
#8720=ORIENTED_EDGE('',*,*,#6041,.F.);
#8721=ORIENTED_EDGE('',*,*,#6170,.T.);
#8722=ORIENTED_EDGE('',*,*,#6198,.T.);
#8723=ORIENTED_EDGE('',*,*,#6138,.T.);
#8724=ORIENTED_EDGE('',*,*,#6045,.F.);
#8725=ORIENTED_EDGE('',*,*,#6137,.T.);
#8726=ORIENTED_EDGE('',*,*,#6199,.T.);
#8727=ORIENTED_EDGE('',*,*,#6134,.T.);
#8728=ORIENTED_EDGE('',*,*,#6049,.F.);
#8729=ORIENTED_EDGE('',*,*,#6133,.T.);
#8730=ORIENTED_EDGE('',*,*,#6200,.T.);
#8731=ORIENTED_EDGE('',*,*,#6167,.T.);
#8732=ORIENTED_EDGE('',*,*,#6053,.F.);
#8733=ORIENTED_EDGE('',*,*,#6165,.T.);
#8734=ORIENTED_EDGE('',*,*,#6201,.T.);
#8735=ORIENTED_EDGE('',*,*,#5873,.T.);
#8736=ORIENTED_EDGE('',*,*,#5973,.F.);
#8737=ORIENTED_EDGE('',*,*,#6185,.T.);
#8738=ORIENTED_EDGE('',*,*,#6168,.T.);
#8739=ORIENTED_EDGE('',*,*,#6201,.F.);
#8740=ORIENTED_EDGE('',*,*,#6164,.T.);
#8741=ORIENTED_EDGE('',*,*,#6118,.T.);
#8742=ORIENTED_EDGE('',*,*,#6135,.T.);
#8743=ORIENTED_EDGE('',*,*,#6200,.F.);
#8744=ORIENTED_EDGE('',*,*,#6132,.T.);
#8745=ORIENTED_EDGE('',*,*,#6115,.T.);
#8746=ORIENTED_EDGE('',*,*,#6139,.T.);
#8747=ORIENTED_EDGE('',*,*,#6199,.F.);
#8748=ORIENTED_EDGE('',*,*,#6136,.T.);
#8749=ORIENTED_EDGE('',*,*,#6112,.T.);
#8750=ORIENTED_EDGE('',*,*,#6172,.T.);
#8751=ORIENTED_EDGE('',*,*,#6198,.F.);
#8752=ORIENTED_EDGE('',*,*,#6169,.T.);
#8753=ORIENTED_EDGE('',*,*,#6109,.T.);
#8754=ORIENTED_EDGE('',*,*,#6163,.T.);
#8755=ORIENTED_EDGE('',*,*,#6197,.F.);
#8756=ORIENTED_EDGE('',*,*,#6160,.T.);
#8757=ORIENTED_EDGE('',*,*,#6106,.T.);
#8758=ORIENTED_EDGE('',*,*,#6131,.T.);
#8759=ORIENTED_EDGE('',*,*,#6196,.F.);
#8760=ORIENTED_EDGE('',*,*,#6128,.T.);
#8761=ORIENTED_EDGE('',*,*,#6103,.T.);
#8762=ORIENTED_EDGE('',*,*,#6143,.T.);
#8763=ORIENTED_EDGE('',*,*,#6195,.F.);
#8764=ORIENTED_EDGE('',*,*,#6140,.T.);
#8765=ORIENTED_EDGE('',*,*,#6100,.T.);
#8766=ORIENTED_EDGE('',*,*,#6176,.T.);
#8767=ORIENTED_EDGE('',*,*,#6194,.F.);
#8768=ORIENTED_EDGE('',*,*,#6173,.T.);
#8769=ORIENTED_EDGE('',*,*,#6097,.T.);
#8770=ORIENTED_EDGE('',*,*,#6159,.T.);
#8771=ORIENTED_EDGE('',*,*,#6193,.F.);
#8772=ORIENTED_EDGE('',*,*,#6156,.T.);
#8773=ORIENTED_EDGE('',*,*,#6094,.T.);
#8774=ORIENTED_EDGE('',*,*,#6127,.T.);
#8775=ORIENTED_EDGE('',*,*,#6192,.F.);
#8776=ORIENTED_EDGE('',*,*,#6124,.T.);
#8777=ORIENTED_EDGE('',*,*,#6091,.T.);
#8778=ORIENTED_EDGE('',*,*,#6147,.T.);
#8779=ORIENTED_EDGE('',*,*,#6191,.F.);
#8780=ORIENTED_EDGE('',*,*,#6144,.T.);
#8781=ORIENTED_EDGE('',*,*,#6088,.T.);
#8782=ORIENTED_EDGE('',*,*,#6180,.T.);
#8783=ORIENTED_EDGE('',*,*,#6190,.F.);
#8784=ORIENTED_EDGE('',*,*,#6177,.T.);
#8785=ORIENTED_EDGE('',*,*,#6085,.T.);
#8786=ORIENTED_EDGE('',*,*,#6155,.T.);
#8787=ORIENTED_EDGE('',*,*,#6189,.F.);
#8788=ORIENTED_EDGE('',*,*,#6152,.T.);
#8789=ORIENTED_EDGE('',*,*,#6082,.T.);
#8790=ORIENTED_EDGE('',*,*,#6123,.T.);
#8791=ORIENTED_EDGE('',*,*,#6188,.F.);
#8792=ORIENTED_EDGE('',*,*,#6120,.T.);
#8793=ORIENTED_EDGE('',*,*,#6079,.T.);
#8794=ORIENTED_EDGE('',*,*,#6151,.T.);
#8795=ORIENTED_EDGE('',*,*,#6187,.F.);
#8796=ORIENTED_EDGE('',*,*,#6148,.T.);
#8797=ORIENTED_EDGE('',*,*,#6076,.T.);
#8798=ORIENTED_EDGE('',*,*,#6184,.T.);
#8799=ORIENTED_EDGE('',*,*,#6186,.F.);
#8800=ORIENTED_EDGE('',*,*,#6181,.T.);
#8801=ORIENTED_EDGE('',*,*,#6073,.T.);
#8802=ORIENTED_EDGE('',*,*,#6056,.T.);
#8803=ORIENTED_EDGE('',*,*,#5809,.T.);
#8804=ORIENTED_EDGE('',*,*,#5970,.T.);
#8805=ORIENTED_EDGE('',*,*,#6058,.F.);
#8806=ORIENTED_EDGE('',*,*,#5965,.T.);
#8807=ORIENTED_EDGE('',*,*,#5813,.T.);
#8808=ORIENTED_EDGE('',*,*,#5922,.T.);
#8809=ORIENTED_EDGE('',*,*,#6059,.F.);
#8810=ORIENTED_EDGE('',*,*,#5917,.T.);
#8811=ORIENTED_EDGE('',*,*,#5817,.T.);
#8812=ORIENTED_EDGE('',*,*,#5880,.T.);
#8813=ORIENTED_EDGE('',*,*,#6060,.F.);
#8814=ORIENTED_EDGE('',*,*,#5875,.T.);
#8815=ORIENTED_EDGE('',*,*,#5821,.T.);
#8816=ORIENTED_EDGE('',*,*,#5928,.T.);
#8817=ORIENTED_EDGE('',*,*,#6061,.F.);
#8818=ORIENTED_EDGE('',*,*,#5923,.T.);
#8819=ORIENTED_EDGE('',*,*,#5825,.T.);
#8820=ORIENTED_EDGE('',*,*,#5964,.T.);
#8821=ORIENTED_EDGE('',*,*,#6062,.F.);
#8822=ORIENTED_EDGE('',*,*,#5959,.T.);
#8823=ORIENTED_EDGE('',*,*,#5829,.T.);
#8824=ORIENTED_EDGE('',*,*,#5916,.T.);
#8825=ORIENTED_EDGE('',*,*,#6063,.F.);
#8826=ORIENTED_EDGE('',*,*,#5911,.T.);
#8827=ORIENTED_EDGE('',*,*,#5833,.T.);
#8828=ORIENTED_EDGE('',*,*,#5886,.T.);
#8829=ORIENTED_EDGE('',*,*,#6064,.F.);
#8830=ORIENTED_EDGE('',*,*,#5881,.T.);
#8831=ORIENTED_EDGE('',*,*,#5837,.T.);
#8832=ORIENTED_EDGE('',*,*,#5934,.T.);
#8833=ORIENTED_EDGE('',*,*,#6065,.F.);
#8834=ORIENTED_EDGE('',*,*,#5929,.T.);
#8835=ORIENTED_EDGE('',*,*,#5841,.T.);
#8836=ORIENTED_EDGE('',*,*,#5958,.T.);
#8837=ORIENTED_EDGE('',*,*,#6066,.F.);
#8838=ORIENTED_EDGE('',*,*,#5953,.T.);
#8839=ORIENTED_EDGE('',*,*,#5845,.T.);
#8840=ORIENTED_EDGE('',*,*,#5910,.T.);
#8841=ORIENTED_EDGE('',*,*,#6067,.F.);
#8842=ORIENTED_EDGE('',*,*,#5905,.T.);
#8843=ORIENTED_EDGE('',*,*,#5849,.T.);
#8844=ORIENTED_EDGE('',*,*,#5892,.T.);
#8845=ORIENTED_EDGE('',*,*,#6068,.F.);
#8846=ORIENTED_EDGE('',*,*,#5887,.T.);
#8847=ORIENTED_EDGE('',*,*,#5853,.T.);
#8848=ORIENTED_EDGE('',*,*,#5940,.T.);
#8849=ORIENTED_EDGE('',*,*,#6069,.F.);
#8850=ORIENTED_EDGE('',*,*,#5935,.T.);
#8851=ORIENTED_EDGE('',*,*,#5857,.T.);
#8852=ORIENTED_EDGE('',*,*,#5952,.T.);
#8853=ORIENTED_EDGE('',*,*,#6070,.F.);
#8854=ORIENTED_EDGE('',*,*,#5947,.T.);
#8855=ORIENTED_EDGE('',*,*,#5861,.T.);
#8856=ORIENTED_EDGE('',*,*,#5904,.T.);
#8857=ORIENTED_EDGE('',*,*,#6071,.F.);
#8858=ORIENTED_EDGE('',*,*,#5899,.T.);
#8859=ORIENTED_EDGE('',*,*,#5865,.T.);
#8860=ORIENTED_EDGE('',*,*,#5898,.T.);
#8861=ORIENTED_EDGE('',*,*,#6072,.F.);
#8862=ORIENTED_EDGE('',*,*,#5893,.T.);
#8863=ORIENTED_EDGE('',*,*,#5869,.T.);
#8864=ORIENTED_EDGE('',*,*,#5946,.T.);
#8865=ORIENTED_EDGE('',*,*,#6202,.F.);
#8866=ORIENTED_EDGE('',*,*,#5941,.T.);
#8867=ORIENTED_EDGE('',*,*,#5754,.T.);
#8868=ORIENTED_EDGE('',*,*,#5757,.T.);
#8869=ORIENTED_EDGE('',*,*,#5747,.T.);
#8870=ORIENTED_EDGE('',*,*,#5751,.T.);
#8871=ORIENTED_EDGE('',*,*,#5766,.T.);
#8872=ORIENTED_EDGE('',*,*,#5769,.T.);
#8873=ORIENTED_EDGE('',*,*,#5759,.T.);
#8874=ORIENTED_EDGE('',*,*,#5763,.T.);
#8875=ORIENTED_EDGE('',*,*,#5778,.T.);
#8876=ORIENTED_EDGE('',*,*,#5781,.T.);
#8877=ORIENTED_EDGE('',*,*,#5771,.T.);
#8878=ORIENTED_EDGE('',*,*,#5775,.T.);
#8879=ORIENTED_EDGE('',*,*,#5790,.T.);
#8880=ORIENTED_EDGE('',*,*,#5793,.T.);
#8881=ORIENTED_EDGE('',*,*,#5783,.T.);
#8882=ORIENTED_EDGE('',*,*,#5787,.T.);
#8883=ORIENTED_EDGE('',*,*,#5797,.T.);
#8884=ORIENTED_EDGE('',*,*,#5801,.T.);
#8885=ORIENTED_EDGE('',*,*,#5804,.T.);
#8886=ORIENTED_EDGE('',*,*,#5806,.T.);
#8887=ORIENTED_EDGE('',*,*,#5742,.T.);
#8888=ORIENTED_EDGE('',*,*,#5745,.T.);
#8889=ORIENTED_EDGE('',*,*,#5735,.T.);
#8890=ORIENTED_EDGE('',*,*,#5739,.T.);
#8891=ORIENTED_EDGE('',*,*,#5730,.T.);
#8892=ORIENTED_EDGE('',*,*,#5733,.T.);
#8893=ORIENTED_EDGE('',*,*,#5723,.T.);
#8894=ORIENTED_EDGE('',*,*,#5727,.T.);
#8895=ORIENTED_EDGE('',*,*,#5718,.T.);
#8896=ORIENTED_EDGE('',*,*,#5721,.T.);
#8897=ORIENTED_EDGE('',*,*,#5711,.T.);
#8898=ORIENTED_EDGE('',*,*,#5715,.T.);
#8899=ORIENTED_EDGE('',*,*,#5706,.T.);
#8900=ORIENTED_EDGE('',*,*,#5709,.T.);
#8901=ORIENTED_EDGE('',*,*,#5699,.T.);
#8902=ORIENTED_EDGE('',*,*,#5703,.T.);
#8903=ORIENTED_EDGE('',*,*,#5694,.T.);
#8904=ORIENTED_EDGE('',*,*,#5697,.T.);
#8905=ORIENTED_EDGE('',*,*,#5687,.T.);
#8906=ORIENTED_EDGE('',*,*,#5691,.T.);
#8907=ORIENTED_EDGE('',*,*,#5682,.T.);
#8908=ORIENTED_EDGE('',*,*,#5685,.T.);
#8909=ORIENTED_EDGE('',*,*,#5675,.T.);
#8910=ORIENTED_EDGE('',*,*,#5679,.T.);
#8911=ORIENTED_EDGE('',*,*,#5670,.T.);
#8912=ORIENTED_EDGE('',*,*,#5673,.T.);
#8913=ORIENTED_EDGE('',*,*,#5663,.T.);
#8914=ORIENTED_EDGE('',*,*,#5667,.T.);
#8915=ORIENTED_EDGE('',*,*,#5658,.T.);
#8916=ORIENTED_EDGE('',*,*,#5661,.T.);
#8917=ORIENTED_EDGE('',*,*,#5651,.T.);
#8918=ORIENTED_EDGE('',*,*,#5655,.T.);
#8919=ORIENTED_EDGE('',*,*,#5646,.T.);
#8920=ORIENTED_EDGE('',*,*,#5649,.T.);
#8921=ORIENTED_EDGE('',*,*,#5639,.T.);
#8922=ORIENTED_EDGE('',*,*,#5643,.T.);
#8923=ORIENTED_EDGE('',*,*,#5634,.T.);
#8924=ORIENTED_EDGE('',*,*,#5637,.T.);
#8925=ORIENTED_EDGE('',*,*,#5627,.T.);
#8926=ORIENTED_EDGE('',*,*,#5631,.T.);
#8927=ORIENTED_EDGE('',*,*,#5622,.T.);
#8928=ORIENTED_EDGE('',*,*,#5625,.T.);
#8929=ORIENTED_EDGE('',*,*,#5615,.T.);
#8930=ORIENTED_EDGE('',*,*,#5619,.T.);
#8931=ORIENTED_EDGE('',*,*,#5610,.T.);
#8932=ORIENTED_EDGE('',*,*,#5613,.T.);
#8933=ORIENTED_EDGE('',*,*,#5603,.T.);
#8934=ORIENTED_EDGE('',*,*,#5607,.T.);
#8935=ORIENTED_EDGE('',*,*,#5598,.T.);
#8936=ORIENTED_EDGE('',*,*,#5601,.T.);
#8937=ORIENTED_EDGE('',*,*,#5591,.T.);
#8938=ORIENTED_EDGE('',*,*,#5595,.T.);
#8939=ORIENTED_EDGE('',*,*,#5586,.T.);
#8940=ORIENTED_EDGE('',*,*,#5589,.T.);
#8941=ORIENTED_EDGE('',*,*,#5579,.T.);
#8942=ORIENTED_EDGE('',*,*,#5583,.T.);
#8943=ORIENTED_EDGE('',*,*,#5574,.T.);
#8944=ORIENTED_EDGE('',*,*,#5577,.T.);
#8945=ORIENTED_EDGE('',*,*,#5567,.T.);
#8946=ORIENTED_EDGE('',*,*,#5571,.T.);
#8947=ORIENTED_EDGE('',*,*,#5562,.T.);
#8948=ORIENTED_EDGE('',*,*,#5565,.T.);
#8949=ORIENTED_EDGE('',*,*,#5555,.T.);
#8950=ORIENTED_EDGE('',*,*,#5559,.T.);
#8951=ORIENTED_EDGE('',*,*,#5550,.T.);
#8952=ORIENTED_EDGE('',*,*,#5553,.T.);
#8953=ORIENTED_EDGE('',*,*,#5543,.T.);
#8954=ORIENTED_EDGE('',*,*,#5547,.T.);
#8955=ORIENTED_EDGE('',*,*,#5538,.T.);
#8956=ORIENTED_EDGE('',*,*,#5541,.T.);
#8957=ORIENTED_EDGE('',*,*,#5531,.T.);
#8958=ORIENTED_EDGE('',*,*,#5535,.T.);
#8959=ORIENTED_EDGE('',*,*,#5526,.T.);
#8960=ORIENTED_EDGE('',*,*,#5529,.T.);
#8961=ORIENTED_EDGE('',*,*,#5519,.T.);
#8962=ORIENTED_EDGE('',*,*,#5523,.T.);
#8963=ORIENTED_EDGE('',*,*,#5514,.T.);
#8964=ORIENTED_EDGE('',*,*,#5517,.T.);
#8965=ORIENTED_EDGE('',*,*,#5507,.T.);
#8966=ORIENTED_EDGE('',*,*,#5511,.T.);
#8967=ORIENTED_EDGE('',*,*,#5502,.T.);
#8968=ORIENTED_EDGE('',*,*,#5505,.T.);
#8969=ORIENTED_EDGE('',*,*,#5495,.T.);
#8970=ORIENTED_EDGE('',*,*,#5499,.T.);
#8971=ORIENTED_EDGE('',*,*,#5490,.T.);
#8972=ORIENTED_EDGE('',*,*,#5493,.T.);
#8973=ORIENTED_EDGE('',*,*,#5483,.T.);
#8974=ORIENTED_EDGE('',*,*,#5487,.T.);
#8975=ORIENTED_EDGE('',*,*,#5478,.T.);
#8976=ORIENTED_EDGE('',*,*,#5481,.T.);
#8977=ORIENTED_EDGE('',*,*,#5471,.T.);
#8978=ORIENTED_EDGE('',*,*,#5475,.T.);
#8979=ORIENTED_EDGE('',*,*,#5466,.T.);
#8980=ORIENTED_EDGE('',*,*,#5469,.T.);
#8981=ORIENTED_EDGE('',*,*,#5459,.T.);
#8982=ORIENTED_EDGE('',*,*,#5463,.T.);
#8983=ORIENTED_EDGE('',*,*,#5454,.T.);
#8984=ORIENTED_EDGE('',*,*,#5457,.T.);
#8985=ORIENTED_EDGE('',*,*,#5447,.T.);
#8986=ORIENTED_EDGE('',*,*,#5451,.T.);
#8987=ORIENTED_EDGE('',*,*,#5442,.T.);
#8988=ORIENTED_EDGE('',*,*,#5445,.T.);
#8989=ORIENTED_EDGE('',*,*,#5435,.T.);
#8990=ORIENTED_EDGE('',*,*,#5439,.T.);
#8991=ORIENTED_EDGE('',*,*,#5430,.T.);
#8992=ORIENTED_EDGE('',*,*,#5433,.T.);
#8993=ORIENTED_EDGE('',*,*,#5423,.T.);
#8994=ORIENTED_EDGE('',*,*,#5427,.T.);
#8995=ORIENTED_EDGE('',*,*,#5418,.T.);
#8996=ORIENTED_EDGE('',*,*,#5421,.T.);
#8997=ORIENTED_EDGE('',*,*,#5411,.T.);
#8998=ORIENTED_EDGE('',*,*,#5415,.T.);
#8999=ORIENTED_EDGE('',*,*,#5406,.T.);
#9000=ORIENTED_EDGE('',*,*,#5409,.T.);
#9001=ORIENTED_EDGE('',*,*,#5399,.T.);
#9002=ORIENTED_EDGE('',*,*,#5403,.T.);
#9003=ORIENTED_EDGE('',*,*,#5394,.T.);
#9004=ORIENTED_EDGE('',*,*,#5397,.T.);
#9005=ORIENTED_EDGE('',*,*,#5387,.T.);
#9006=ORIENTED_EDGE('',*,*,#5391,.T.);
#9007=ORIENTED_EDGE('',*,*,#5942,.T.);
#9008=ORIENTED_EDGE('',*,*,#6202,.T.);
#9009=ORIENTED_EDGE('',*,*,#5945,.T.);
#9010=ORIENTED_EDGE('',*,*,#5974,.F.);
#9011=PLANE('',#9906);
#9012=PLANE('',#9907);
#9013=PLANE('',#9908);
#9014=PLANE('',#9909);
#9015=PLANE('',#9910);
#9016=PLANE('',#9915);
#9017=PLANE('',#9916);
#9018=PLANE('',#9917);
#9019=PLANE('',#9918);
#9020=PLANE('',#9919);
#9021=PLANE('',#9920);
#9022=PLANE('',#9925);
#9023=PLANE('',#9926);
#9024=PLANE('',#9927);
#9025=PLANE('',#9928);
#9026=PLANE('',#9929);
#9027=PLANE('',#9930);
#9028=PLANE('',#9931);
#9029=PLANE('',#9932);
#9030=PLANE('',#9933);
#9031=PLANE('',#9934);
#9032=PLANE('',#9935);
#9033=PLANE('',#9936);
#9034=PLANE('',#9937);
#9035=PLANE('',#9938);
#9036=PLANE('',#9939);
#9037=PLANE('',#9940);
#9038=PLANE('',#9941);
#9039=PLANE('',#9942);
#9040=PLANE('',#9943);
#9041=PLANE('',#9948);
#9042=PLANE('',#9949);
#9043=PLANE('',#9950);
#9044=PLANE('',#9951);
#9045=PLANE('',#9952);
#9046=PLANE('',#9953);
#9047=PLANE('',#9954);
#9048=PLANE('',#9955);
#9049=PLANE('',#9956);
#9050=PLANE('',#9957);
#9051=PLANE('',#9958);
#9052=PLANE('',#9959);
#9053=PLANE('',#9960);
#9054=PLANE('',#9961);
#9055=PLANE('',#9962);
#9056=PLANE('',#9963);
#9057=PLANE('',#9964);
#9058=PLANE('',#9965);
#9059=PLANE('',#9966);
#9060=PLANE('',#9967);
#9061=PLANE('',#9968);
#9062=PLANE('',#9969);
#9063=PLANE('',#9970);
#9064=PLANE('',#9971);
#9065=PLANE('',#9972);
#9066=PLANE('',#9973);
#9067=PLANE('',#9974);
#9068=PLANE('',#9975);
#9069=PLANE('',#9976);
#9070=PLANE('',#9977);
#9071=PLANE('',#9978);
#9072=PLANE('',#9979);
#9073=PLANE('',#9980);
#9074=PLANE('',#9981);
#9075=PLANE('',#9982);
#9076=PLANE('',#9983);
#9077=PLANE('',#9984);
#9078=PLANE('',#9985);
#9079=PLANE('',#9986);
#9080=PLANE('',#9987);
#9081=PLANE('',#9988);
#9082=PLANE('',#9989);
#9083=PLANE('',#9990);
#9084=PLANE('',#9991);
#9085=PLANE('',#9992);
#9086=PLANE('',#9993);
#9087=PLANE('',#9994);
#9088=PLANE('',#9995);
#9089=PLANE('',#9996);
#9090=PLANE('',#9997);
#9091=PLANE('',#9998);
#9092=PLANE('',#9999);
#9093=PLANE('',#10000);
#9094=PLANE('',#10001);
#9095=PLANE('',#10002);
#9096=PLANE('',#10003);
#9097=PLANE('',#10004);
#9098=PLANE('',#10005);
#9099=PLANE('',#10006);
#9100=PLANE('',#10007);
#9101=PLANE('',#10008);
#9102=PLANE('',#10009);
#9103=PLANE('',#10010);
#9104=PLANE('',#10011);
#9105=PLANE('',#10012);
#9106=PLANE('',#10013);
#9107=PLANE('',#10014);
#9108=PLANE('',#10015);
#9109=PLANE('',#10016);
#9110=PLANE('',#10017);
#9111=PLANE('',#10018);
#9112=PLANE('',#10019);
#9113=PLANE('',#10020);
#9114=PLANE('',#10021);
#9115=PLANE('',#10022);
#9116=PLANE('',#10023);
#9117=PLANE('',#10024);
#9118=PLANE('',#10025);
#9119=PLANE('',#10026);
#9120=PLANE('',#10027);
#9121=PLANE('',#10028);
#9122=PLANE('',#10029);
#9123=PLANE('',#10030);
#9124=PLANE('',#10031);
#9125=PLANE('',#10032);
#9126=PLANE('',#10033);
#9127=PLANE('',#10034);
#9128=PLANE('',#10035);
#9129=PLANE('',#10036);
#9130=PLANE('',#10037);
#9131=PLANE('',#10038);
#9132=PLANE('',#10039);
#9133=PLANE('',#10040);
#9134=PLANE('',#10041);
#9135=PLANE('',#10042);
#9136=PLANE('',#10043);
#9137=PLANE('',#10044);
#9138=PLANE('',#10045);
#9139=PLANE('',#10046);
#9140=PLANE('',#10047);
#9141=PLANE('',#10048);
#9142=PLANE('',#10049);
#9143=PLANE('',#10050);
#9144=PLANE('',#10051);
#9145=PLANE('',#10052);
#9146=PLANE('',#10053);
#9147=PLANE('',#10054);
#9148=PLANE('',#10055);
#9149=PLANE('',#10056);
#9150=PLANE('',#10057);
#9151=PLANE('',#10058);
#9152=PLANE('',#10059);
#9153=PLANE('',#10060);
#9154=PLANE('',#10061);
#9155=PLANE('',#10062);
#9156=PLANE('',#10063);
#9157=PLANE('',#10064);
#9158=PLANE('',#10065);
#9159=PLANE('',#10066);
#9160=PLANE('',#10067);
#9161=PLANE('',#10068);
#9162=PLANE('',#10069);
#9163=PLANE('',#10070);
#9164=PLANE('',#10071);
#9165=PLANE('',#10072);
#9166=PLANE('',#10073);
#9167=PLANE('',#10074);
#9168=PLANE('',#10075);
#9169=PLANE('',#10076);
#9170=PLANE('',#10077);
#9171=PLANE('',#10078);
#9172=PLANE('',#10079);
#9173=PLANE('',#10080);
#9174=PLANE('',#10081);
#9175=PLANE('',#10082);
#9176=PLANE('',#10083);
#9177=PLANE('',#10084);
#9178=PLANE('',#10085);
#9179=PLANE('',#10086);
#9180=PLANE('',#10087);
#9181=PLANE('',#10088);
#9182=PLANE('',#10089);
#9183=PLANE('',#10090);
#9184=PLANE('',#10091);
#9185=PLANE('',#10092);
#9186=PLANE('',#10093);
#9187=PLANE('',#10094);
#9188=PLANE('',#10095);
#9189=PLANE('',#10096);
#9190=PLANE('',#10097);
#9191=PLANE('',#10098);
#9192=PLANE('',#10099);
#9193=PLANE('',#10100);
#9194=PLANE('',#10101);
#9195=PLANE('',#10102);
#9196=PLANE('',#10103);
#9197=PLANE('',#10104);
#9198=PLANE('',#10105);
#9199=PLANE('',#10106);
#9200=PLANE('',#10107);
#9201=PLANE('',#10108);
#9202=PLANE('',#10109);
#9203=PLANE('',#10110);
#9204=PLANE('',#10111);
#9205=PLANE('',#10112);
#9206=PLANE('',#10113);
#9207=PLANE('',#10114);
#9208=PLANE('',#10115);
#9209=PLANE('',#10116);
#9210=PLANE('',#10120);
#9211=PLANE('',#10124);
#9212=PLANE('',#10128);
#9213=PLANE('',#10132);
#9214=PLANE('',#10136);
#9215=PLANE('',#10140);
#9216=PLANE('',#10144);
#9217=PLANE('',#10148);
#9218=PLANE('',#10152);
#9219=PLANE('',#10156);
#9220=PLANE('',#10160);
#9221=PLANE('',#10164);
#9222=PLANE('',#10168);
#9223=PLANE('',#10172);
#9224=PLANE('',#10176);
#9225=PLANE('',#10180);
#9226=PLANE('',#10184);
#9227=PLANE('',#10188);
#9228=PLANE('',#10192);
#9229=PLANE('',#10196);
#9230=PLANE('',#10200);
#9231=PLANE('',#10204);
#9232=PLANE('',#10208);
#9233=PLANE('',#10212);
#9234=PLANE('',#10216);
#9235=PLANE('',#10220);
#9236=PLANE('',#10224);
#9237=PLANE('',#10228);
#9238=PLANE('',#10232);
#9239=PLANE('',#10236);
#9240=PLANE('',#10240);
#9241=PLANE('',#10244);
#9242=PLANE('',#10248);
#9243=PLANE('',#10252);
#9244=PLANE('',#10256);
#9245=PLANE('',#10260);
#9246=PLANE('',#10264);
#9247=PLANE('',#10268);
#9248=PLANE('',#10272);
#9249=PLANE('',#10276);
#9250=PLANE('',#10280);
#9251=PLANE('',#10284);
#9252=PLANE('',#10288);
#9253=PLANE('',#10292);
#9254=PLANE('',#10296);
#9255=PLANE('',#10300);
#9256=PLANE('',#10304);
#9257=PLANE('',#10308);
#9258=PLANE('',#10312);
#9259=PLANE('',#10316);
#9260=PLANE('',#10320);
#9261=PLANE('',#10324);
#9262=PLANE('',#10328);
#9263=PLANE('',#10332);
#9264=PLANE('',#10336);
#9265=PLANE('',#10340);
#9266=PLANE('',#10344);
#9267=PLANE('',#10348);
#9268=PLANE('',#10352);
#9269=PLANE('',#10356);
#9270=PLANE('',#10360);
#9271=PLANE('',#10364);
#9272=PLANE('',#10368);
#9273=PLANE('',#10372);
#9274=PLANE('',#10376);
#9275=PLANE('',#10380);
#9276=PLANE('',#10384);
#9277=PLANE('',#10388);
#9278=PLANE('',#10392);
#9279=PLANE('',#10396);
#9280=PLANE('',#10397);
#9281=PLANE('',#10398);
#9282=PLANE('',#10399);
#9283=PLANE('',#10400);
#9284=PLANE('',#10401);
#9285=PLANE('',#10402);
#9286=PLANE('',#10403);
#9287=PLANE('',#10404);
#9288=PLANE('',#10405);
#9289=PLANE('',#10406);
#9290=PLANE('',#10407);
#9291=PLANE('',#10408);
#9292=PLANE('',#10409);
#9293=PLANE('',#10410);
#9294=PLANE('',#10411);
#9295=PLANE('',#10412);
#9296=PLANE('',#10413);
#9297=PLANE('',#10414);
#9298=PLANE('',#10415);
#9299=PLANE('',#10416);
#9300=PLANE('',#10417);
#9301=PLANE('',#10418);
#9302=PLANE('',#10419);
#9303=PLANE('',#10420);
#9304=PLANE('',#10421);
#9305=PLANE('',#10422);
#9306=PLANE('',#10423);
#9307=PLANE('',#10424);
#9308=PLANE('',#10425);
#9309=PLANE('',#10426);
#9310=PLANE('',#10427);
#9311=PLANE('',#10428);
#9312=PLANE('',#10429);
#9313=PLANE('',#10430);
#9314=PLANE('',#10431);
#9315=PLANE('',#10432);
#9316=PLANE('',#10433);
#9317=PLANE('',#10434);
#9318=PLANE('',#10435);
#9319=PLANE('',#10436);
#9320=PLANE('',#10437);
#9321=PLANE('',#10438);
#9322=PLANE('',#10439);
#9323=PLANE('',#10440);
#9324=PLANE('',#10441);
#9325=PLANE('',#10442);
#9326=PLANE('',#10443);
#9327=PLANE('',#10444);
#9328=PLANE('',#10445);
#9329=PLANE('',#10446);
#9330=PLANE('',#10447);
#9331=PLANE('',#10448);
#9332=PLANE('',#10449);
#9333=PLANE('',#10450);
#9334=PLANE('',#10451);
#9335=PLANE('',#10452);
#9336=PLANE('',#10453);
#9337=PLANE('',#10454);
#9338=PLANE('',#10455);
#9339=PLANE('',#10456);
#9340=PLANE('',#10457);
#9341=PLANE('',#10458);
#9342=PLANE('',#10459);
#9343=PLANE('',#10460);
#9344=PLANE('',#10461);
#9345=PLANE('',#10462);
#9346=PLANE('',#10463);
#9347=PLANE('',#10464);
#9348=PLANE('',#10465);
#9349=PLANE('',#10466);
#9350=PLANE('',#10467);
#9351=PLANE('',#10468);
#9352=PLANE('',#10469);
#9353=PLANE('',#10470);
#9354=PLANE('',#10471);
#9355=PLANE('',#10472);
#9356=PLANE('',#10473);
#9357=PLANE('',#10474);
#9358=PLANE('',#10475);
#9359=PLANE('',#10476);
#9360=PLANE('',#10477);
#9361=PLANE('',#10478);
#9362=PLANE('',#10479);
#9363=PLANE('',#10480);
#9364=PLANE('',#10481);
#9365=PLANE('',#10482);
#9366=PLANE('',#10483);
#9367=PLANE('',#10484);
#9368=PLANE('',#10485);
#9369=PLANE('',#10486);
#9370=PLANE('',#10487);
#9371=PLANE('',#10488);
#9372=PLANE('',#10489);
#9373=PLANE('',#10490);
#9374=PLANE('',#10491);
#9375=PLANE('',#10492);
#9376=PLANE('',#10493);
#9377=PLANE('',#10494);
#9378=PLANE('',#10495);
#9379=PLANE('',#10496);
#9380=PLANE('',#10497);
#9381=PLANE('',#10498);
#9382=PLANE('',#10499);
#9383=PLANE('',#10500);
#9384=PLANE('',#10501);
#9385=PLANE('',#10502);
#9386=PLANE('',#10503);
#9387=PLANE('',#10504);
#9388=PLANE('',#10505);
#9389=PLANE('',#10506);
#9390=PLANE('',#10507);
#9391=PLANE('',#10508);
#9392=PLANE('',#10509);
#9393=PLANE('',#10510);
#9394=PLANE('',#10511);
#9395=PLANE('',#10512);
#9396=PLANE('',#10513);
#9397=PLANE('',#10514);
#9398=PLANE('',#10515);
#9399=PLANE('',#10516);
#9400=PLANE('',#10517);
#9401=PLANE('',#10518);
#9402=PLANE('',#10519);
#9403=PLANE('',#10520);
#9404=PLANE('',#10521);
#9405=PLANE('',#10522);
#9406=PLANE('',#10523);
#9407=PLANE('',#10524);
#9408=PLANE('',#10525);
#9409=PLANE('',#10526);
#9410=PLANE('',#10527);
#9411=PLANE('',#10528);
#9412=PLANE('',#10529);
#9413=ADVANCED_FACE('',(#321),#9011,.F.);
#9414=ADVANCED_FACE('',(#322),#9012,.F.);
#9415=ADVANCED_FACE('',(#323),#9013,.F.);
#9416=ADVANCED_FACE('',(#324),#9014,.F.);
#9417=ADVANCED_FACE('',(#325,#95,#96,#97,#98),#9015,.T.);
#9418=ADVANCED_FACE('',(#326),#9016,.F.);
#9419=ADVANCED_FACE('',(#327),#9017,.F.);
#9420=ADVANCED_FACE('',(#328),#9018,.F.);
#9421=ADVANCED_FACE('',(#329),#9019,.F.);
#9422=ADVANCED_FACE('',(#330),#9020,.T.);
#9423=ADVANCED_FACE('',(#331,#99,#100,#101,#102),#9021,.F.);
#9424=ADVANCED_FACE('',(#332),#9022,.F.);
#9425=ADVANCED_FACE('',(#333),#9023,.F.);
#9426=ADVANCED_FACE('',(#334),#9024,.F.);
#9427=ADVANCED_FACE('',(#335),#9025,.T.);
#9428=ADVANCED_FACE('',(#336),#9026,.T.);
#9429=ADVANCED_FACE('',(#337),#9027,.T.);
#9430=ADVANCED_FACE('',(#338),#9028,.T.);
#9431=ADVANCED_FACE('',(#339),#9029,.T.);
#9432=ADVANCED_FACE('',(#340),#9030,.T.);
#9433=ADVANCED_FACE('',(#341),#9031,.F.);
#9434=ADVANCED_FACE('',(#342),#9032,.F.);
#9435=ADVANCED_FACE('',(#343),#9033,.F.);
#9436=ADVANCED_FACE('',(#344),#9034,.F.);
#9437=ADVANCED_FACE('',(#345),#9035,.T.);
#9438=ADVANCED_FACE('',(#346),#9036,.T.);
#9439=ADVANCED_FACE('',(#347),#9037,.T.);
#9440=ADVANCED_FACE('',(#348),#9038,.T.);
#9441=ADVANCED_FACE('',(#349),#9039,.T.);
#9442=ADVANCED_FACE('',(#350),#9040,.T.);
#9443=ADVANCED_FACE('',(#351),#21,.F.);
#9444=ADVANCED_FACE('',(#352),#22,.F.);
#9445=ADVANCED_FACE('',(#353),#23,.F.);
#9446=ADVANCED_FACE('',(#354),#24,.F.);
#9447=ADVANCED_FACE('',(#355),#9041,.T.);
#9448=ADVANCED_FACE('',(#356),#9042,.T.);
#9449=ADVANCED_FACE('',(#357),#9043,.T.);
#9450=ADVANCED_FACE('',(#358),#9044,.T.);
#9451=ADVANCED_FACE('',(#359),#9045,.F.);
#9452=ADVANCED_FACE('',(#360),#9046,.F.);
#9453=ADVANCED_FACE('',(#361),#9047,.F.);
#9454=ADVANCED_FACE('',(#362),#9048,.F.);
#9455=ADVANCED_FACE('',(#363),#9049,.F.);
#9456=ADVANCED_FACE('',(#364),#9050,.F.);
#9457=ADVANCED_FACE('',(#365),#9051,.F.);
#9458=ADVANCED_FACE('',(#366),#9052,.F.);
#9459=ADVANCED_FACE('',(#367),#9053,.F.);
#9460=ADVANCED_FACE('',(#368),#9054,.F.);
#9461=ADVANCED_FACE('',(#369),#9055,.F.);
#9462=ADVANCED_FACE('',(#370),#9056,.F.);
#9463=ADVANCED_FACE('',(#371),#9057,.F.);
#9464=ADVANCED_FACE('',(#372),#9058,.F.);
#9465=ADVANCED_FACE('',(#373),#9059,.F.);
#9466=ADVANCED_FACE('',(#374),#9060,.F.);
#9467=ADVANCED_FACE('',(#375),#9061,.F.);
#9468=ADVANCED_FACE('',(#376),#9062,.F.);
#9469=ADVANCED_FACE('',(#377),#9063,.F.);
#9470=ADVANCED_FACE('',(#378),#9064,.F.);
#9471=ADVANCED_FACE('',(#379),#9065,.F.);
#9472=ADVANCED_FACE('',(#380),#9066,.F.);
#9473=ADVANCED_FACE('',(#381),#9067,.F.);
#9474=ADVANCED_FACE('',(#382),#9068,.F.);
#9475=ADVANCED_FACE('',(#383),#9069,.F.);
#9476=ADVANCED_FACE('',(#384),#9070,.F.);
#9477=ADVANCED_FACE('',(#385),#9071,.F.);
#9478=ADVANCED_FACE('',(#386),#9072,.F.);
#9479=ADVANCED_FACE('',(#387),#9073,.F.);
#9480=ADVANCED_FACE('',(#388),#9074,.F.);
#9481=ADVANCED_FACE('',(#389),#9075,.F.);
#9482=ADVANCED_FACE('',(#390),#9076,.F.);
#9483=ADVANCED_FACE('',(#391),#9077,.F.);
#9484=ADVANCED_FACE('',(#392),#9078,.F.);
#9485=ADVANCED_FACE('',(#393),#9079,.F.);
#9486=ADVANCED_FACE('',(#394),#9080,.F.);
#9487=ADVANCED_FACE('',(#395),#9081,.F.);
#9488=ADVANCED_FACE('',(#396),#9082,.F.);
#9489=ADVANCED_FACE('',(#397),#9083,.F.);
#9490=ADVANCED_FACE('',(#398),#9084,.F.);
#9491=ADVANCED_FACE('',(#399),#9085,.F.);
#9492=ADVANCED_FACE('',(#400),#9086,.F.);
#9493=ADVANCED_FACE('',(#401),#9087,.F.);
#9494=ADVANCED_FACE('',(#402),#9088,.F.);
#9495=ADVANCED_FACE('',(#403),#9089,.F.);
#9496=ADVANCED_FACE('',(#404),#9090,.F.);
#9497=ADVANCED_FACE('',(#405),#9091,.F.);
#9498=ADVANCED_FACE('',(#406),#9092,.F.);
#9499=ADVANCED_FACE('',(#407),#9093,.T.);
#9500=ADVANCED_FACE('',(#408),#9094,.T.);
#9501=ADVANCED_FACE('',(#409),#9095,.T.);
#9502=ADVANCED_FACE('',(#410),#9096,.T.);
#9503=ADVANCED_FACE('',(#411),#9097,.T.);
#9504=ADVANCED_FACE('',(#412),#9098,.T.);
#9505=ADVANCED_FACE('',(#413),#9099,.T.);
#9506=ADVANCED_FACE('',(#414),#9100,.T.);
#9507=ADVANCED_FACE('',(#415),#9101,.T.);
#9508=ADVANCED_FACE('',(#416),#9102,.T.);
#9509=ADVANCED_FACE('',(#417),#9103,.T.);
#9510=ADVANCED_FACE('',(#418),#9104,.T.);
#9511=ADVANCED_FACE('',(#419),#9105,.T.);
#9512=ADVANCED_FACE('',(#420),#9106,.T.);
#9513=ADVANCED_FACE('',(#421),#9107,.T.);
#9514=ADVANCED_FACE('',(#422),#9108,.T.);
#9515=ADVANCED_FACE('',(#423),#9109,.T.);
#9516=ADVANCED_FACE('',(#424),#9110,.F.);
#9517=ADVANCED_FACE('',(#425),#9111,.F.);
#9518=ADVANCED_FACE('',(#426),#9112,.F.);
#9519=ADVANCED_FACE('',(#427),#9113,.F.);
#9520=ADVANCED_FACE('',(#428),#9114,.F.);
#9521=ADVANCED_FACE('',(#429),#9115,.F.);
#9522=ADVANCED_FACE('',(#430),#9116,.F.);
#9523=ADVANCED_FACE('',(#431),#9117,.F.);
#9524=ADVANCED_FACE('',(#432),#9118,.F.);
#9525=ADVANCED_FACE('',(#433),#9119,.F.);
#9526=ADVANCED_FACE('',(#434),#9120,.T.);
#9527=ADVANCED_FACE('',(#435),#9121,.T.);
#9528=ADVANCED_FACE('',(#436),#9122,.T.);
#9529=ADVANCED_FACE('',(#437),#9123,.T.);
#9530=ADVANCED_FACE('',(#438),#9124,.T.);
#9531=ADVANCED_FACE('',(#439),#9125,.T.);
#9532=ADVANCED_FACE('',(#440),#9126,.T.);
#9533=ADVANCED_FACE('',(#441),#9127,.F.);
#9534=ADVANCED_FACE('',(#442),#9128,.F.);
#9535=ADVANCED_FACE('',(#443),#9129,.F.);
#9536=ADVANCED_FACE('',(#444),#9130,.F.);
#9537=ADVANCED_FACE('',(#445),#9131,.F.);
#9538=ADVANCED_FACE('',(#446),#9132,.F.);
#9539=ADVANCED_FACE('',(#447),#9133,.F.);
#9540=ADVANCED_FACE('',(#448),#9134,.F.);
#9541=ADVANCED_FACE('',(#449),#9135,.F.);
#9542=ADVANCED_FACE('',(#450),#9136,.F.);
#9543=ADVANCED_FACE('',(#451),#9137,.F.);
#9544=ADVANCED_FACE('',(#452),#9138,.F.);
#9545=ADVANCED_FACE('',(#453),#9139,.F.);
#9546=ADVANCED_FACE('',(#454),#9140,.F.);
#9547=ADVANCED_FACE('',(#455),#9141,.F.);
#9548=ADVANCED_FACE('',(#456),#9142,.F.);
#9549=ADVANCED_FACE('',(#457),#9143,.F.);
#9550=ADVANCED_FACE('',(#458),#9144,.F.);
#9551=ADVANCED_FACE('',(#459),#9145,.F.);
#9552=ADVANCED_FACE('',(#460),#9146,.F.);
#9553=ADVANCED_FACE('',(#461),#9147,.F.);
#9554=ADVANCED_FACE('',(#462),#9148,.F.);
#9555=ADVANCED_FACE('',(#463),#9149,.F.);
#9556=ADVANCED_FACE('',(#464),#9150,.F.);
#9557=ADVANCED_FACE('',(#465),#9151,.F.);
#9558=ADVANCED_FACE('',(#466),#9152,.F.);
#9559=ADVANCED_FACE('',(#467),#9153,.F.);
#9560=ADVANCED_FACE('',(#468),#9154,.F.);
#9561=ADVANCED_FACE('',(#469),#9155,.F.);
#9562=ADVANCED_FACE('',(#470),#9156,.F.);
#9563=ADVANCED_FACE('',(#471),#9157,.F.);
#9564=ADVANCED_FACE('',(#472),#9158,.F.);
#9565=ADVANCED_FACE('',(#473),#9159,.F.);
#9566=ADVANCED_FACE('',(#474),#9160,.F.);
#9567=ADVANCED_FACE('',(#475),#9161,.F.);
#9568=ADVANCED_FACE('',(#476),#9162,.F.);
#9569=ADVANCED_FACE('',(#477),#9163,.F.);
#9570=ADVANCED_FACE('',(#478),#9164,.F.);
#9571=ADVANCED_FACE('',(#479),#9165,.F.);
#9572=ADVANCED_FACE('',(#480),#9166,.F.);
#9573=ADVANCED_FACE('',(#481),#9167,.F.);
#9574=ADVANCED_FACE('',(#482),#9168,.F.);
#9575=ADVANCED_FACE('',(#483),#9169,.F.);
#9576=ADVANCED_FACE('',(#484),#9170,.F.);
#9577=ADVANCED_FACE('',(#485),#9171,.F.);
#9578=ADVANCED_FACE('',(#486),#9172,.F.);
#9579=ADVANCED_FACE('',(#487),#9173,.F.);
#9580=ADVANCED_FACE('',(#488),#9174,.F.);
#9581=ADVANCED_FACE('',(#489),#9175,.T.);
#9582=ADVANCED_FACE('',(#490),#9176,.T.);
#9583=ADVANCED_FACE('',(#491),#9177,.T.);
#9584=ADVANCED_FACE('',(#492),#9178,.T.);
#9585=ADVANCED_FACE('',(#493),#9179,.T.);
#9586=ADVANCED_FACE('',(#494),#9180,.T.);
#9587=ADVANCED_FACE('',(#495),#9181,.T.);
#9588=ADVANCED_FACE('',(#496),#9182,.T.);
#9589=ADVANCED_FACE('',(#497),#9183,.T.);
#9590=ADVANCED_FACE('',(#498),#9184,.T.);
#9591=ADVANCED_FACE('',(#499),#9185,.T.);
#9592=ADVANCED_FACE('',(#500),#9186,.T.);
#9593=ADVANCED_FACE('',(#501),#9187,.T.);
#9594=ADVANCED_FACE('',(#502),#9188,.T.);
#9595=ADVANCED_FACE('',(#503),#9189,.T.);
#9596=ADVANCED_FACE('',(#504),#9190,.T.);
#9597=ADVANCED_FACE('',(#505),#9191,.T.);
#9598=ADVANCED_FACE('',(#506),#9192,.F.);
#9599=ADVANCED_FACE('',(#507),#9193,.F.);
#9600=ADVANCED_FACE('',(#508),#9194,.F.);
#9601=ADVANCED_FACE('',(#509),#9195,.F.);
#9602=ADVANCED_FACE('',(#510),#9196,.F.);
#9603=ADVANCED_FACE('',(#511),#9197,.F.);
#9604=ADVANCED_FACE('',(#512),#9198,.F.);
#9605=ADVANCED_FACE('',(#513),#9199,.F.);
#9606=ADVANCED_FACE('',(#514),#9200,.F.);
#9607=ADVANCED_FACE('',(#515),#9201,.F.);
#9608=ADVANCED_FACE('',(#516),#9202,.T.);
#9609=ADVANCED_FACE('',(#517),#9203,.T.);
#9610=ADVANCED_FACE('',(#518),#9204,.T.);
#9611=ADVANCED_FACE('',(#519),#9205,.T.);
#9612=ADVANCED_FACE('',(#520),#9206,.T.);
#9613=ADVANCED_FACE('',(#521),#9207,.T.);
#9614=ADVANCED_FACE('',(#522),#9208,.T.);
#9615=ADVANCED_FACE('',(#523),#9209,.F.);
#9616=ADVANCED_FACE('',(#524),#25,.F.);
#9617=ADVANCED_FACE('',(#525),#9210,.F.);
#9618=ADVANCED_FACE('',(#526),#26,.F.);
#9619=ADVANCED_FACE('',(#527),#9211,.F.);
#9620=ADVANCED_FACE('',(#528),#27,.F.);
#9621=ADVANCED_FACE('',(#529),#9212,.F.);
#9622=ADVANCED_FACE('',(#530),#28,.F.);
#9623=ADVANCED_FACE('',(#531),#9213,.F.);
#9624=ADVANCED_FACE('',(#532),#29,.F.);
#9625=ADVANCED_FACE('',(#533),#9214,.F.);
#9626=ADVANCED_FACE('',(#534),#30,.F.);
#9627=ADVANCED_FACE('',(#535),#9215,.F.);
#9628=ADVANCED_FACE('',(#536),#31,.F.);
#9629=ADVANCED_FACE('',(#537),#9216,.F.);
#9630=ADVANCED_FACE('',(#538),#32,.F.);
#9631=ADVANCED_FACE('',(#539),#9217,.F.);
#9632=ADVANCED_FACE('',(#540),#33,.F.);
#9633=ADVANCED_FACE('',(#541),#9218,.F.);
#9634=ADVANCED_FACE('',(#542),#34,.F.);
#9635=ADVANCED_FACE('',(#543),#9219,.F.);
#9636=ADVANCED_FACE('',(#544),#35,.F.);
#9637=ADVANCED_FACE('',(#545),#9220,.F.);
#9638=ADVANCED_FACE('',(#546),#36,.F.);
#9639=ADVANCED_FACE('',(#547),#9221,.F.);
#9640=ADVANCED_FACE('',(#548),#37,.F.);
#9641=ADVANCED_FACE('',(#549),#9222,.F.);
#9642=ADVANCED_FACE('',(#550),#38,.F.);
#9643=ADVANCED_FACE('',(#551),#9223,.F.);
#9644=ADVANCED_FACE('',(#552),#39,.F.);
#9645=ADVANCED_FACE('',(#553),#9224,.F.);
#9646=ADVANCED_FACE('',(#554),#40,.F.);
#9647=ADVANCED_FACE('',(#555),#9225,.F.);
#9648=ADVANCED_FACE('',(#556),#41,.F.);
#9649=ADVANCED_FACE('',(#557),#9226,.F.);
#9650=ADVANCED_FACE('',(#558),#42,.F.);
#9651=ADVANCED_FACE('',(#559),#9227,.F.);
#9652=ADVANCED_FACE('',(#560),#43,.F.);
#9653=ADVANCED_FACE('',(#561),#9228,.F.);
#9654=ADVANCED_FACE('',(#562),#44,.F.);
#9655=ADVANCED_FACE('',(#563),#9229,.F.);
#9656=ADVANCED_FACE('',(#564),#45,.F.);
#9657=ADVANCED_FACE('',(#565),#9230,.F.);
#9658=ADVANCED_FACE('',(#566),#46,.F.);
#9659=ADVANCED_FACE('',(#567),#9231,.F.);
#9660=ADVANCED_FACE('',(#568),#47,.F.);
#9661=ADVANCED_FACE('',(#569),#9232,.F.);
#9662=ADVANCED_FACE('',(#570),#48,.F.);
#9663=ADVANCED_FACE('',(#571),#9233,.F.);
#9664=ADVANCED_FACE('',(#572),#49,.F.);
#9665=ADVANCED_FACE('',(#573),#9234,.F.);
#9666=ADVANCED_FACE('',(#574),#50,.F.);
#9667=ADVANCED_FACE('',(#575),#9235,.F.);
#9668=ADVANCED_FACE('',(#576),#51,.F.);
#9669=ADVANCED_FACE('',(#577),#9236,.F.);
#9670=ADVANCED_FACE('',(#578),#52,.F.);
#9671=ADVANCED_FACE('',(#579),#9237,.F.);
#9672=ADVANCED_FACE('',(#580),#53,.F.);
#9673=ADVANCED_FACE('',(#581),#9238,.F.);
#9674=ADVANCED_FACE('',(#582),#54,.F.);
#9675=ADVANCED_FACE('',(#583),#9239,.F.);
#9676=ADVANCED_FACE('',(#584),#55,.F.);
#9677=ADVANCED_FACE('',(#585),#9240,.F.);
#9678=ADVANCED_FACE('',(#586),#56,.F.);
#9679=ADVANCED_FACE('',(#587),#9241,.F.);
#9680=ADVANCED_FACE('',(#588),#57,.F.);
#9681=ADVANCED_FACE('',(#589),#9242,.F.);
#9682=ADVANCED_FACE('',(#590),#58,.F.);
#9683=ADVANCED_FACE('',(#591),#9243,.F.);
#9684=ADVANCED_FACE('',(#592),#59,.F.);
#9685=ADVANCED_FACE('',(#593),#9244,.F.);
#9686=ADVANCED_FACE('',(#594),#60,.F.);
#9687=ADVANCED_FACE('',(#595),#9245,.F.);
#9688=ADVANCED_FACE('',(#596),#61,.F.);
#9689=ADVANCED_FACE('',(#597),#9246,.F.);
#9690=ADVANCED_FACE('',(#598),#62,.F.);
#9691=ADVANCED_FACE('',(#599),#9247,.F.);
#9692=ADVANCED_FACE('',(#600),#63,.F.);
#9693=ADVANCED_FACE('',(#601),#9248,.F.);
#9694=ADVANCED_FACE('',(#602),#64,.F.);
#9695=ADVANCED_FACE('',(#603),#9249,.F.);
#9696=ADVANCED_FACE('',(#604),#65,.F.);
#9697=ADVANCED_FACE('',(#605),#9250,.F.);
#9698=ADVANCED_FACE('',(#606),#66,.F.);
#9699=ADVANCED_FACE('',(#607),#9251,.F.);
#9700=ADVANCED_FACE('',(#608),#67,.F.);
#9701=ADVANCED_FACE('',(#609),#9252,.F.);
#9702=ADVANCED_FACE('',(#610),#68,.F.);
#9703=ADVANCED_FACE('',(#611),#9253,.F.);
#9704=ADVANCED_FACE('',(#612),#69,.F.);
#9705=ADVANCED_FACE('',(#613),#9254,.F.);
#9706=ADVANCED_FACE('',(#614),#70,.F.);
#9707=ADVANCED_FACE('',(#615),#9255,.F.);
#9708=ADVANCED_FACE('',(#616),#71,.F.);
#9709=ADVANCED_FACE('',(#617),#9256,.F.);
#9710=ADVANCED_FACE('',(#618),#72,.F.);
#9711=ADVANCED_FACE('',(#619),#9257,.F.);
#9712=ADVANCED_FACE('',(#620),#73,.F.);
#9713=ADVANCED_FACE('',(#621),#9258,.F.);
#9714=ADVANCED_FACE('',(#622),#74,.F.);
#9715=ADVANCED_FACE('',(#623),#9259,.F.);
#9716=ADVANCED_FACE('',(#624),#75,.F.);
#9717=ADVANCED_FACE('',(#625),#9260,.F.);
#9718=ADVANCED_FACE('',(#626),#76,.F.);
#9719=ADVANCED_FACE('',(#627),#9261,.F.);
#9720=ADVANCED_FACE('',(#628),#77,.F.);
#9721=ADVANCED_FACE('',(#629),#9262,.F.);
#9722=ADVANCED_FACE('',(#630),#78,.F.);
#9723=ADVANCED_FACE('',(#631),#9263,.F.);
#9724=ADVANCED_FACE('',(#632),#79,.F.);
#9725=ADVANCED_FACE('',(#633),#9264,.F.);
#9726=ADVANCED_FACE('',(#634),#80,.F.);
#9727=ADVANCED_FACE('',(#635),#9265,.F.);
#9728=ADVANCED_FACE('',(#636),#81,.F.);
#9729=ADVANCED_FACE('',(#637),#9266,.F.);
#9730=ADVANCED_FACE('',(#638),#82,.F.);
#9731=ADVANCED_FACE('',(#639),#9267,.F.);
#9732=ADVANCED_FACE('',(#640),#83,.F.);
#9733=ADVANCED_FACE('',(#641),#9268,.F.);
#9734=ADVANCED_FACE('',(#642),#84,.F.);
#9735=ADVANCED_FACE('',(#643),#9269,.F.);
#9736=ADVANCED_FACE('',(#644),#85,.F.);
#9737=ADVANCED_FACE('',(#645),#9270,.F.);
#9738=ADVANCED_FACE('',(#646),#86,.F.);
#9739=ADVANCED_FACE('',(#647),#9271,.F.);
#9740=ADVANCED_FACE('',(#648),#87,.F.);
#9741=ADVANCED_FACE('',(#649),#9272,.F.);
#9742=ADVANCED_FACE('',(#650),#88,.F.);
#9743=ADVANCED_FACE('',(#651),#9273,.F.);
#9744=ADVANCED_FACE('',(#652),#89,.F.);
#9745=ADVANCED_FACE('',(#653),#9274,.F.);
#9746=ADVANCED_FACE('',(#654),#90,.F.);
#9747=ADVANCED_FACE('',(#655),#9275,.F.);
#9748=ADVANCED_FACE('',(#656),#91,.F.);
#9749=ADVANCED_FACE('',(#657),#9276,.F.);
#9750=ADVANCED_FACE('',(#658),#92,.F.);
#9751=ADVANCED_FACE('',(#659),#9277,.F.);
#9752=ADVANCED_FACE('',(#660),#93,.F.);
#9753=ADVANCED_FACE('',(#661),#9278,.F.);
#9754=ADVANCED_FACE('',(#662),#94,.F.);
#9755=ADVANCED_FACE('',(#663),#9279,.F.);
#9756=ADVANCED_FACE('',(#664),#9280,.F.);
#9757=ADVANCED_FACE('',(#665),#9281,.F.);
#9758=ADVANCED_FACE('',(#666),#9282,.F.);
#9759=ADVANCED_FACE('',(#667),#9283,.F.);
#9760=ADVANCED_FACE('',(#668),#9284,.F.);
#9761=ADVANCED_FACE('',(#669),#9285,.F.);
#9762=ADVANCED_FACE('',(#670),#9286,.F.);
#9763=ADVANCED_FACE('',(#671),#9287,.F.);
#9764=ADVANCED_FACE('',(#672),#9288,.F.);
#9765=ADVANCED_FACE('',(#673),#9289,.F.);
#9766=ADVANCED_FACE('',(#674),#9290,.F.);
#9767=ADVANCED_FACE('',(#675),#9291,.F.);
#9768=ADVANCED_FACE('',(#676),#9292,.F.);
#9769=ADVANCED_FACE('',(#677),#9293,.F.);
#9770=ADVANCED_FACE('',(#678),#9294,.F.);
#9771=ADVANCED_FACE('',(#679),#9295,.F.);
#9772=ADVANCED_FACE('',(#680),#9296,.T.);
#9773=ADVANCED_FACE('',(#681),#9297,.T.);
#9774=ADVANCED_FACE('',(#682),#9298,.T.);
#9775=ADVANCED_FACE('',(#683),#9299,.T.);
#9776=ADVANCED_FACE('',(#684),#9300,.T.);
#9777=ADVANCED_FACE('',(#685),#9301,.T.);
#9778=ADVANCED_FACE('',(#686),#9302,.T.);
#9779=ADVANCED_FACE('',(#687),#9303,.T.);
#9780=ADVANCED_FACE('',(#688),#9304,.T.);
#9781=ADVANCED_FACE('',(#689),#9305,.T.);
#9782=ADVANCED_FACE('',(#690),#9306,.T.);
#9783=ADVANCED_FACE('',(#691),#9307,.T.);
#9784=ADVANCED_FACE('',(#692),#9308,.T.);
#9785=ADVANCED_FACE('',(#693),#9309,.T.);
#9786=ADVANCED_FACE('',(#694),#9310,.T.);
#9787=ADVANCED_FACE('',(#695),#9311,.T.);
#9788=ADVANCED_FACE('',(#696),#9312,.T.);
#9789=ADVANCED_FACE('',(#697),#9313,.T.);
#9790=ADVANCED_FACE('',(#698),#9314,.T.);
#9791=ADVANCED_FACE('',(#699),#9315,.T.);
#9792=ADVANCED_FACE('',(#700),#9316,.T.);
#9793=ADVANCED_FACE('',(#701),#9317,.T.);
#9794=ADVANCED_FACE('',(#702),#9318,.T.);
#9795=ADVANCED_FACE('',(#703),#9319,.T.);
#9796=ADVANCED_FACE('',(#704),#9320,.T.);
#9797=ADVANCED_FACE('',(#705),#9321,.T.);
#9798=ADVANCED_FACE('',(#706),#9322,.T.);
#9799=ADVANCED_FACE('',(#707),#9323,.T.);
#9800=ADVANCED_FACE('',(#708),#9324,.T.);
#9801=ADVANCED_FACE('',(#709),#9325,.T.);
#9802=ADVANCED_FACE('',(#710),#9326,.T.);
#9803=ADVANCED_FACE('',(#711),#9327,.T.);
#9804=ADVANCED_FACE('',(#712),#9328,.T.);
#9805=ADVANCED_FACE('',(#713,#103,#104,#105,#106,#107,#108,#109,#110,#111,
#112,#113,#114,#115,#116,#117,#118,#119,#120,#121,#122,#123,#124,#125,#126,
#127,#128,#129,#130,#131,#132,#133,#134,#135,#136,#137),#9329,.T.);
#9806=ADVANCED_FACE('',(#714),#9330,.F.);
#9807=ADVANCED_FACE('',(#715),#9331,.T.);
#9808=ADVANCED_FACE('',(#716),#9332,.T.);
#9809=ADVANCED_FACE('',(#717),#9333,.T.);
#9810=ADVANCED_FACE('',(#718),#9334,.T.);
#9811=ADVANCED_FACE('',(#719),#9335,.T.);
#9812=ADVANCED_FACE('',(#720),#9336,.T.);
#9813=ADVANCED_FACE('',(#721),#9337,.T.);
#9814=ADVANCED_FACE('',(#722),#9338,.T.);
#9815=ADVANCED_FACE('',(#723),#9339,.T.);
#9816=ADVANCED_FACE('',(#724),#9340,.T.);
#9817=ADVANCED_FACE('',(#725),#9341,.T.);
#9818=ADVANCED_FACE('',(#726),#9342,.T.);
#9819=ADVANCED_FACE('',(#727),#9343,.T.);
#9820=ADVANCED_FACE('',(#728),#9344,.T.);
#9821=ADVANCED_FACE('',(#729),#9345,.T.);
#9822=ADVANCED_FACE('',(#730),#9346,.F.);
#9823=ADVANCED_FACE('',(#731),#9347,.F.);
#9824=ADVANCED_FACE('',(#732),#9348,.F.);
#9825=ADVANCED_FACE('',(#733),#9349,.F.);
#9826=ADVANCED_FACE('',(#734),#9350,.F.);
#9827=ADVANCED_FACE('',(#735),#9351,.F.);
#9828=ADVANCED_FACE('',(#736),#9352,.F.);
#9829=ADVANCED_FACE('',(#737),#9353,.F.);
#9830=ADVANCED_FACE('',(#738),#9354,.F.);
#9831=ADVANCED_FACE('',(#739),#9355,.F.);
#9832=ADVANCED_FACE('',(#740),#9356,.F.);
#9833=ADVANCED_FACE('',(#741),#9357,.F.);
#9834=ADVANCED_FACE('',(#742),#9358,.F.);
#9835=ADVANCED_FACE('',(#743),#9359,.F.);
#9836=ADVANCED_FACE('',(#744),#9360,.F.);
#9837=ADVANCED_FACE('',(#745),#9361,.F.);
#9838=ADVANCED_FACE('',(#746),#9362,.T.);
#9839=ADVANCED_FACE('',(#747),#9363,.T.);
#9840=ADVANCED_FACE('',(#748),#9364,.T.);
#9841=ADVANCED_FACE('',(#749),#9365,.T.);
#9842=ADVANCED_FACE('',(#750),#9366,.T.);
#9843=ADVANCED_FACE('',(#751),#9367,.T.);
#9844=ADVANCED_FACE('',(#752),#9368,.T.);
#9845=ADVANCED_FACE('',(#753),#9369,.T.);
#9846=ADVANCED_FACE('',(#754),#9370,.T.);
#9847=ADVANCED_FACE('',(#755),#9371,.T.);
#9848=ADVANCED_FACE('',(#756),#9372,.T.);
#9849=ADVANCED_FACE('',(#757),#9373,.T.);
#9850=ADVANCED_FACE('',(#758),#9374,.T.);
#9851=ADVANCED_FACE('',(#759),#9375,.T.);
#9852=ADVANCED_FACE('',(#760),#9376,.T.);
#9853=ADVANCED_FACE('',(#761),#9377,.T.);
#9854=ADVANCED_FACE('',(#762),#9378,.T.);
#9855=ADVANCED_FACE('',(#763),#9379,.T.);
#9856=ADVANCED_FACE('',(#764),#9380,.T.);
#9857=ADVANCED_FACE('',(#765),#9381,.T.);
#9858=ADVANCED_FACE('',(#766),#9382,.T.);
#9859=ADVANCED_FACE('',(#767),#9383,.T.);
#9860=ADVANCED_FACE('',(#768),#9384,.T.);
#9861=ADVANCED_FACE('',(#769),#9385,.T.);
#9862=ADVANCED_FACE('',(#770),#9386,.T.);
#9863=ADVANCED_FACE('',(#771),#9387,.T.);
#9864=ADVANCED_FACE('',(#772),#9388,.T.);
#9865=ADVANCED_FACE('',(#773),#9389,.T.);
#9866=ADVANCED_FACE('',(#774),#9390,.T.);
#9867=ADVANCED_FACE('',(#775),#9391,.T.);
#9868=ADVANCED_FACE('',(#776),#9392,.T.);
#9869=ADVANCED_FACE('',(#777),#9393,.T.);
#9870=ADVANCED_FACE('',(#778),#9394,.F.);
#9871=ADVANCED_FACE('',(#779),#9395,.T.);
#9872=ADVANCED_FACE('',(#780),#9396,.T.);
#9873=ADVANCED_FACE('',(#781),#9397,.T.);
#9874=ADVANCED_FACE('',(#782),#9398,.T.);
#9875=ADVANCED_FACE('',(#783),#9399,.T.);
#9876=ADVANCED_FACE('',(#784),#9400,.T.);
#9877=ADVANCED_FACE('',(#785),#9401,.T.);
#9878=ADVANCED_FACE('',(#786),#9402,.T.);
#9879=ADVANCED_FACE('',(#787),#9403,.T.);
#9880=ADVANCED_FACE('',(#788),#9404,.T.);
#9881=ADVANCED_FACE('',(#789),#9405,.T.);
#9882=ADVANCED_FACE('',(#790),#9406,.T.);
#9883=ADVANCED_FACE('',(#791),#9407,.T.);
#9884=ADVANCED_FACE('',(#792),#9408,.T.);
#9885=ADVANCED_FACE('',(#793),#9409,.T.);
#9886=ADVANCED_FACE('',(#794),#9410,.T.);
#9887=ADVANCED_FACE('',(#795,#138,#139,#140,#141,#142,#143,#144,#145,#146,
#147,#148,#149,#150,#151,#152,#153,#154,#155,#156,#157,#158,#159,#160,#161,
#162,#163,#164,#165,#166,#167,#168,#169,#170,#171,#172),#9411,.T.);
#9888=ADVANCED_FACE('',(#796),#9412,.T.);
#9889=CLOSED_SHELL('',(#9413,#9414,#9415,#9416,#9417,#9418,#9419,#9420,
#9421,#9422,#9423,#9424,#9425,#9426,#9427,#9428,#9429,#9430,#9431,#9432,
#9433,#9434,#9435,#9436,#9437,#9438,#9439,#9440,#9441,#9442,#9443,#9444,
#9445,#9446,#9447,#9448,#9449,#9450));
#9890=CLOSED_SHELL('',(#9451,#9452,#9453,#9454,#9455,#9456,#9457,#9458,
#9459,#9460,#9461,#9462,#9463,#9464,#9465,#9466,#9467,#9468,#9469,#9470,
#9471,#9472,#9473,#9474,#9475,#9476,#9477,#9478,#9479,#9480,#9481,#9482,
#9483,#9484,#9485,#9486,#9487,#9488,#9489,#9490,#9491,#9492,#9493,#9494,
#9495,#9496,#9497,#9498,#9499,#9500,#9501,#9502,#9503,#9504,#9505,#9506,
#9507,#9508,#9509,#9510,#9511,#9512,#9513,#9514,#9515,#9516,#9517,#9518,
#9519,#9520,#9521,#9522,#9523,#9524,#9525,#9526,#9527,#9528,#9529,#9530,
#9531,#9532));
#9891=CLOSED_SHELL('',(#9533,#9534,#9535,#9536,#9537,#9538,#9539,#9540,
#9541,#9542,#9543,#9544,#9545,#9546,#9547,#9548,#9549,#9550,#9551,#9552,
#9553,#9554,#9555,#9556,#9557,#9558,#9559,#9560,#9561,#9562,#9563,#9564,
#9565,#9566,#9567,#9568,#9569,#9570,#9571,#9572,#9573,#9574,#9575,#9576,
#9577,#9578,#9579,#9580,#9581,#9582,#9583,#9584,#9585,#9586,#9587,#9588,
#9589,#9590,#9591,#9592,#9593,#9594,#9595,#9596,#9597,#9598,#9599,#9600,
#9601,#9602,#9603,#9604,#9605,#9606,#9607,#9608,#9609,#9610,#9611,#9612,
#9613,#9614));
#9892=CLOSED_SHELL('',(#9615,#9616,#9617,#9618,#9619,#9620,#9621,#9622,
#9623,#9624,#9625,#9626,#9627,#9628,#9629,#9630,#9631,#9632,#9633,#9634,
#9635,#9636,#9637,#9638,#9639,#9640,#9641,#9642,#9643,#9644,#9645,#9646,
#9647,#9648,#9649,#9650,#9651,#9652,#9653,#9654,#9655,#9656,#9657,#9658,
#9659,#9660,#9661,#9662,#9663,#9664,#9665,#9666,#9667,#9668,#9669,#9670,
#9671,#9672,#9673,#9674,#9675,#9676,#9677,#9678,#9679,#9680,#9681,#9682,
#9683,#9684,#9685,#9686,#9687,#9688,#9689,#9690,#9691,#9692,#9693,#9694,
#9695,#9696,#9697,#9698,#9699,#9700,#9701,#9702,#9703,#9704,#9705,#9706,
#9707,#9708,#9709,#9710,#9711,#9712,#9713,#9714,#9715,#9716,#9717,#9718,
#9719,#9720,#9721,#9722,#9723,#9724,#9725,#9726,#9727,#9728,#9729,#9730,
#9731,#9732,#9733,#9734,#9735,#9736,#9737,#9738,#9739,#9740,#9741,#9742,
#9743,#9744,#9745,#9746,#9747,#9748,#9749,#9750,#9751,#9752,#9753,#9754,
#9755,#9756,#9757,#9758,#9759,#9760,#9761,#9762,#9763,#9764,#9765,#9766,
#9767,#9768,#9769,#9770,#9771,#9772,#9773,#9774,#9775,#9776,#9777,#9778,
#9779,#9780,#9781,#9782,#9783,#9784,#9785,#9786,#9787,#9788,#9789,#9790,
#9791,#9792,#9793,#9794,#9795,#9796,#9797,#9798,#9799,#9800,#9801,#9802,
#9803,#9804,#9805,#9806,#9807,#9808,#9809,#9810,#9811,#9812,#9813,#9814,
#9815,#9816,#9817,#9818,#9819,#9820,#9821,#9822,#9823,#9824,#9825,#9826,
#9827,#9828,#9829,#9830,#9831,#9832,#9833,#9834,#9835,#9836,#9837,#9838,
#9839,#9840,#9841,#9842,#9843,#9844,#9845,#9846,#9847,#9848,#9849,#9850,
#9851,#9852,#9853,#9854,#9855,#9856,#9857,#9858,#9859,#9860,#9861,#9862,
#9863,#9864,#9865,#9866,#9867,#9868,#9869,#9870,#9871,#9872,#9873,#9874,
#9875,#9876,#9877,#9878,#9879,#9880,#9881,#9882,#9883,#9884,#9885,#9886,
#9887,#9888));
#9893=DERIVED_UNIT_ELEMENT(#9895,1.);
#9894=DERIVED_UNIT_ELEMENT(#15858,-3.);
#9895=(
MASS_UNIT()
NAMED_UNIT(*)
SI_UNIT(.KILO.,.GRAM.)
);
#9896=DERIVED_UNIT((#9893,#9894));
#9897=MEASURE_REPRESENTATION_ITEM('density measure',
POSITIVE_RATIO_MEASURE(2700.),#9896);
#9898=PROPERTY_DEFINITION_REPRESENTATION(#9903,#9900);
#9899=PROPERTY_DEFINITION_REPRESENTATION(#9904,#9901);
#9900=REPRESENTATION('material name',(#9902),#15855);
#9901=REPRESENTATION('density',(#9897),#15855);
#9902=DESCRIPTIVE_REPRESENTATION_ITEM('SOLIDWORKS Materials|1060 Alloy',
'SOLIDWORKS Materials|1060 Alloy');
#9903=PROPERTY_DEFINITION('material property','material name',#15865);
#9904=PROPERTY_DEFINITION('material property','density of part',#15865);
#9905=AXIS2_PLACEMENT_3D('',#13036,#10530,#10531);
#9906=AXIS2_PLACEMENT_3D('',#13037,#10532,#10533);
#9907=AXIS2_PLACEMENT_3D('',#13046,#10538,#10539);
#9908=AXIS2_PLACEMENT_3D('',#13055,#10544,#10545);
#9909=AXIS2_PLACEMENT_3D('',#13064,#10550,#10551);
#9910=AXIS2_PLACEMENT_3D('',#13073,#10556,#10557);
#9911=AXIS2_PLACEMENT_3D('',#13127,#10586,#10587);
#9912=AXIS2_PLACEMENT_3D('',#13129,#10588,#10589);
#9913=AXIS2_PLACEMENT_3D('',#13131,#10590,#10591);
#9914=AXIS2_PLACEMENT_3D('',#13133,#10592,#10593);
#9915=AXIS2_PLACEMENT_3D('',#13134,#10594,#10595);
#9916=AXIS2_PLACEMENT_3D('',#13140,#10599,#10600);
#9917=AXIS2_PLACEMENT_3D('',#13146,#10604,#10605);
#9918=AXIS2_PLACEMENT_3D('',#13152,#10609,#10610);
#9919=AXIS2_PLACEMENT_3D('',#13158,#10614,#10615);
#9920=AXIS2_PLACEMENT_3D('',#13162,#10618,#10619);
#9921=AXIS2_PLACEMENT_3D('',#13202,#10643,#10644);
#9922=AXIS2_PLACEMENT_3D('',#13204,#10645,#10646);
#9923=AXIS2_PLACEMENT_3D('',#13206,#10647,#10648);
#9924=AXIS2_PLACEMENT_3D('',#13208,#10649,#10650);
#9925=AXIS2_PLACEMENT_3D('',#13209,#10651,#10652);
#9926=AXIS2_PLACEMENT_3D('',#13210,#10653,#10654);
#9927=AXIS2_PLACEMENT_3D('',#13213,#10657,#10658);
#9928=AXIS2_PLACEMENT_3D('',#13216,#10661,#10662);
#9929=AXIS2_PLACEMENT_3D('',#13217,#10663,#10664);
#9930=AXIS2_PLACEMENT_3D('',#13219,#10666,#10667);
#9931=AXIS2_PLACEMENT_3D('',#13220,#10668,#10669);
#9932=AXIS2_PLACEMENT_3D('',#13221,#10670,#10671);
#9933=AXIS2_PLACEMENT_3D('',#13223,#10673,#10674);
#9934=AXIS2_PLACEMENT_3D('',#13224,#10675,#10676);
#9935=AXIS2_PLACEMENT_3D('',#13225,#10677,#10678);
#9936=AXIS2_PLACEMENT_3D('',#13228,#10681,#10682);
#9937=AXIS2_PLACEMENT_3D('',#13231,#10685,#10686);
#9938=AXIS2_PLACEMENT_3D('',#13234,#10689,#10690);
#9939=AXIS2_PLACEMENT_3D('',#13235,#10691,#10692);
#9940=AXIS2_PLACEMENT_3D('',#13236,#10693,#10694);
#9941=AXIS2_PLACEMENT_3D('',#13237,#10695,#10696);
#9942=AXIS2_PLACEMENT_3D('',#13238,#10697,#10698);
#9943=AXIS2_PLACEMENT_3D('',#13239,#10699,#10700);
#9944=AXIS2_PLACEMENT_3D('',#13240,#10701,#10702);
#9945=AXIS2_PLACEMENT_3D('',#13242,#10704,#10705);
#9946=AXIS2_PLACEMENT_3D('',#13244,#10707,#10708);
#9947=AXIS2_PLACEMENT_3D('',#13246,#10710,#10711);
#9948=AXIS2_PLACEMENT_3D('',#13248,#10713,#10714);
#9949=AXIS2_PLACEMENT_3D('',#13251,#10717,#10718);
#9950=AXIS2_PLACEMENT_3D('',#13252,#10719,#10720);
#9951=AXIS2_PLACEMENT_3D('',#13254,#10722,#10723);
#9952=AXIS2_PLACEMENT_3D('',#13255,#10724,#10725);
#9953=AXIS2_PLACEMENT_3D('',#13264,#10730,#10731);
#9954=AXIS2_PLACEMENT_3D('',#13270,#10735,#10736);
#9955=AXIS2_PLACEMENT_3D('',#13276,#10740,#10741);
#9956=AXIS2_PLACEMENT_3D('',#13285,#10746,#10747);
#9957=AXIS2_PLACEMENT_3D('',#13291,#10751,#10752);
#9958=AXIS2_PLACEMENT_3D('',#13297,#10756,#10757);
#9959=AXIS2_PLACEMENT_3D('',#13306,#10762,#10763);
#9960=AXIS2_PLACEMENT_3D('',#13312,#10767,#10768);
#9961=AXIS2_PLACEMENT_3D('',#13318,#10772,#10773);
#9962=AXIS2_PLACEMENT_3D('',#13327,#10778,#10779);
#9963=AXIS2_PLACEMENT_3D('',#13333,#10783,#10784);
#9964=AXIS2_PLACEMENT_3D('',#13339,#10788,#10789);
#9965=AXIS2_PLACEMENT_3D('',#13348,#10794,#10795);
#9966=AXIS2_PLACEMENT_3D('',#13354,#10799,#10800);
#9967=AXIS2_PLACEMENT_3D('',#13360,#10804,#10805);
#9968=AXIS2_PLACEMENT_3D('',#13369,#10810,#10811);
#9969=AXIS2_PLACEMENT_3D('',#13375,#10815,#10816);
#9970=AXIS2_PLACEMENT_3D('',#13381,#10820,#10821);
#9971=AXIS2_PLACEMENT_3D('',#13390,#10826,#10827);
#9972=AXIS2_PLACEMENT_3D('',#13396,#10831,#10832);
#9973=AXIS2_PLACEMENT_3D('',#13402,#10836,#10837);
#9974=AXIS2_PLACEMENT_3D('',#13411,#10842,#10843);
#9975=AXIS2_PLACEMENT_3D('',#13417,#10847,#10848);
#9976=AXIS2_PLACEMENT_3D('',#13423,#10852,#10853);
#9977=AXIS2_PLACEMENT_3D('',#13432,#10858,#10859);
#9978=AXIS2_PLACEMENT_3D('',#13438,#10863,#10864);
#9979=AXIS2_PLACEMENT_3D('',#13444,#10868,#10869);
#9980=AXIS2_PLACEMENT_3D('',#13453,#10874,#10875);
#9981=AXIS2_PLACEMENT_3D('',#13459,#10879,#10880);
#9982=AXIS2_PLACEMENT_3D('',#13465,#10884,#10885);
#9983=AXIS2_PLACEMENT_3D('',#13474,#10890,#10891);
#9984=AXIS2_PLACEMENT_3D('',#13480,#10895,#10896);
#9985=AXIS2_PLACEMENT_3D('',#13486,#10900,#10901);
#9986=AXIS2_PLACEMENT_3D('',#13495,#10906,#10907);
#9987=AXIS2_PLACEMENT_3D('',#13501,#10911,#10912);
#9988=AXIS2_PLACEMENT_3D('',#13507,#10916,#10917);
#9989=AXIS2_PLACEMENT_3D('',#13516,#10922,#10923);
#9990=AXIS2_PLACEMENT_3D('',#13522,#10927,#10928);
#9991=AXIS2_PLACEMENT_3D('',#13528,#10932,#10933);
#9992=AXIS2_PLACEMENT_3D('',#13537,#10938,#10939);
#9993=AXIS2_PLACEMENT_3D('',#13543,#10943,#10944);
#9994=AXIS2_PLACEMENT_3D('',#13549,#10948,#10949);
#9995=AXIS2_PLACEMENT_3D('',#13558,#10954,#10955);
#9996=AXIS2_PLACEMENT_3D('',#13564,#10959,#10960);
#9997=AXIS2_PLACEMENT_3D('',#13570,#10964,#10965);
#9998=AXIS2_PLACEMENT_3D('',#13579,#10970,#10971);
#9999=AXIS2_PLACEMENT_3D('',#13585,#10975,#10976);
#10000=AXIS2_PLACEMENT_3D('',#13591,#10980,#10981);
#10001=AXIS2_PLACEMENT_3D('',#13640,#11014,#11015);
#10002=AXIS2_PLACEMENT_3D('',#13644,#11018,#11019);
#10003=AXIS2_PLACEMENT_3D('',#13648,#11022,#11023);
#10004=AXIS2_PLACEMENT_3D('',#13650,#11025,#11026);
#10005=AXIS2_PLACEMENT_3D('',#13652,#11028,#11029);
#10006=AXIS2_PLACEMENT_3D('',#13654,#11031,#11032);
#10007=AXIS2_PLACEMENT_3D('',#13656,#11034,#11035);
#10008=AXIS2_PLACEMENT_3D('',#13658,#11037,#11038);
#10009=AXIS2_PLACEMENT_3D('',#13660,#11040,#11041);
#10010=AXIS2_PLACEMENT_3D('',#13662,#11043,#11044);
#10011=AXIS2_PLACEMENT_3D('',#13664,#11046,#11047);
#10012=AXIS2_PLACEMENT_3D('',#13666,#11049,#11050);
#10013=AXIS2_PLACEMENT_3D('',#13668,#11052,#11053);
#10014=AXIS2_PLACEMENT_3D('',#13670,#11055,#11056);
#10015=AXIS2_PLACEMENT_3D('',#13672,#11058,#11059);
#10016=AXIS2_PLACEMENT_3D('',#13674,#11061,#11062);
#10017=AXIS2_PLACEMENT_3D('',#13676,#11064,#11065);
#10018=AXIS2_PLACEMENT_3D('',#13682,#11069,#11070);
#10019=AXIS2_PLACEMENT_3D('',#13686,#11073,#11074);
#10020=AXIS2_PLACEMENT_3D('',#13692,#11078,#11079);
#10021=AXIS2_PLACEMENT_3D('',#13698,#11083,#11084);
#10022=AXIS2_PLACEMENT_3D('',#13700,#11086,#11087);
#10023=AXIS2_PLACEMENT_3D('',#13706,#11091,#11092);
#10024=AXIS2_PLACEMENT_3D('',#13712,#11096,#11097);
#10025=AXIS2_PLACEMENT_3D('',#13714,#11099,#11100);
#10026=AXIS2_PLACEMENT_3D('',#13720,#11104,#11105);
#10027=AXIS2_PLACEMENT_3D('',#13722,#11107,#11108);
#10028=AXIS2_PLACEMENT_3D('',#13724,#11110,#11111);
#10029=AXIS2_PLACEMENT_3D('',#13726,#11113,#11114);
#10030=AXIS2_PLACEMENT_3D('',#13728,#11116,#11117);
#10031=AXIS2_PLACEMENT_3D('',#13733,#11121,#11122);
#10032=AXIS2_PLACEMENT_3D('',#13735,#11124,#11125);
#10033=AXIS2_PLACEMENT_3D('',#13736,#11126,#11127);
#10034=AXIS2_PLACEMENT_3D('',#13737,#11128,#11129);
#10035=AXIS2_PLACEMENT_3D('',#13746,#11134,#11135);
#10036=AXIS2_PLACEMENT_3D('',#13752,#11139,#11140);
#10037=AXIS2_PLACEMENT_3D('',#13758,#11144,#11145);
#10038=AXIS2_PLACEMENT_3D('',#13767,#11150,#11151);
#10039=AXIS2_PLACEMENT_3D('',#13773,#11155,#11156);
#10040=AXIS2_PLACEMENT_3D('',#13779,#11160,#11161);
#10041=AXIS2_PLACEMENT_3D('',#13788,#11166,#11167);
#10042=AXIS2_PLACEMENT_3D('',#13794,#11171,#11172);
#10043=AXIS2_PLACEMENT_3D('',#13800,#11176,#11177);
#10044=AXIS2_PLACEMENT_3D('',#13809,#11182,#11183);
#10045=AXIS2_PLACEMENT_3D('',#13815,#11187,#11188);
#10046=AXIS2_PLACEMENT_3D('',#13821,#11192,#11193);
#10047=AXIS2_PLACEMENT_3D('',#13830,#11198,#11199);
#10048=AXIS2_PLACEMENT_3D('',#13836,#11203,#11204);
#10049=AXIS2_PLACEMENT_3D('',#13842,#11208,#11209);
#10050=AXIS2_PLACEMENT_3D('',#13851,#11214,#11215);
#10051=AXIS2_PLACEMENT_3D('',#13857,#11219,#11220);
#10052=AXIS2_PLACEMENT_3D('',#13863,#11224,#11225);
#10053=AXIS2_PLACEMENT_3D('',#13872,#11230,#11231);
#10054=AXIS2_PLACEMENT_3D('',#13878,#11235,#11236);
#10055=AXIS2_PLACEMENT_3D('',#13884,#11240,#11241);
#10056=AXIS2_PLACEMENT_3D('',#13893,#11246,#11247);
#10057=AXIS2_PLACEMENT_3D('',#13899,#11251,#11252);
#10058=AXIS2_PLACEMENT_3D('',#13905,#11256,#11257);
#10059=AXIS2_PLACEMENT_3D('',#13914,#11262,#11263);
#10060=AXIS2_PLACEMENT_3D('',#13920,#11267,#11268);
#10061=AXIS2_PLACEMENT_3D('',#13926,#11272,#11273);
#10062=AXIS2_PLACEMENT_3D('',#13935,#11278,#11279);
#10063=AXIS2_PLACEMENT_3D('',#13941,#11283,#11284);
#10064=AXIS2_PLACEMENT_3D('',#13947,#11288,#11289);
#10065=AXIS2_PLACEMENT_3D('',#13956,#11294,#11295);
#10066=AXIS2_PLACEMENT_3D('',#13962,#11299,#11300);
#10067=AXIS2_PLACEMENT_3D('',#13968,#11304,#11305);
#10068=AXIS2_PLACEMENT_3D('',#13977,#11310,#11311);
#10069=AXIS2_PLACEMENT_3D('',#13983,#11315,#11316);
#10070=AXIS2_PLACEMENT_3D('',#13989,#11320,#11321);
#10071=AXIS2_PLACEMENT_3D('',#13998,#11326,#11327);
#10072=AXIS2_PLACEMENT_3D('',#14004,#11331,#11332);
#10073=AXIS2_PLACEMENT_3D('',#14010,#11336,#11337);
#10074=AXIS2_PLACEMENT_3D('',#14019,#11342,#11343);
#10075=AXIS2_PLACEMENT_3D('',#14025,#11347,#11348);
#10076=AXIS2_PLACEMENT_3D('',#14031,#11352,#11353);
#10077=AXIS2_PLACEMENT_3D('',#14040,#11358,#11359);
#10078=AXIS2_PLACEMENT_3D('',#14046,#11363,#11364);
#10079=AXIS2_PLACEMENT_3D('',#14052,#11368,#11369);
#10080=AXIS2_PLACEMENT_3D('',#14061,#11374,#11375);
#10081=AXIS2_PLACEMENT_3D('',#14067,#11379,#11380);
#10082=AXIS2_PLACEMENT_3D('',#14073,#11384,#11385);
#10083=AXIS2_PLACEMENT_3D('',#14122,#11418,#11419);
#10084=AXIS2_PLACEMENT_3D('',#14126,#11422,#11423);
#10085=AXIS2_PLACEMENT_3D('',#14128,#11425,#11426);
#10086=AXIS2_PLACEMENT_3D('',#14130,#11428,#11429);
#10087=AXIS2_PLACEMENT_3D('',#14132,#11431,#11432);
#10088=AXIS2_PLACEMENT_3D('',#14134,#11434,#11435);
#10089=AXIS2_PLACEMENT_3D('',#14138,#11438,#11439);
#10090=AXIS2_PLACEMENT_3D('',#14140,#11441,#11442);
#10091=AXIS2_PLACEMENT_3D('',#14142,#11444,#11445);
#10092=AXIS2_PLACEMENT_3D('',#14144,#11447,#11448);
#10093=AXIS2_PLACEMENT_3D('',#14146,#11450,#11451);
#10094=AXIS2_PLACEMENT_3D('',#14148,#11453,#11454);
#10095=AXIS2_PLACEMENT_3D('',#14150,#11456,#11457);
#10096=AXIS2_PLACEMENT_3D('',#14152,#11459,#11460);
#10097=AXIS2_PLACEMENT_3D('',#14154,#11462,#11463);
#10098=AXIS2_PLACEMENT_3D('',#14156,#11465,#11466);
#10099=AXIS2_PLACEMENT_3D('',#14158,#11468,#11469);
#10100=AXIS2_PLACEMENT_3D('',#14164,#11473,#11474);
#10101=AXIS2_PLACEMENT_3D('',#14168,#11477,#11478);
#10102=AXIS2_PLACEMENT_3D('',#14172,#11481,#11482);
#10103=AXIS2_PLACEMENT_3D('',#14178,#11486,#11487);
#10104=AXIS2_PLACEMENT_3D('',#14182,#11490,#11491);
#10105=AXIS2_PLACEMENT_3D('',#14186,#11494,#11495);
#10106=AXIS2_PLACEMENT_3D('',#14192,#11499,#11500);
#10107=AXIS2_PLACEMENT_3D('',#14196,#11503,#11504);
#10108=AXIS2_PLACEMENT_3D('',#14200,#11507,#11508);
#10109=AXIS2_PLACEMENT_3D('',#14204,#11511,#11512);
#10110=AXIS2_PLACEMENT_3D('',#14208,#11515,#11516);
#10111=AXIS2_PLACEMENT_3D('',#14210,#11518,#11519);
#10112=AXIS2_PLACEMENT_3D('',#14212,#11521,#11522);
#10113=AXIS2_PLACEMENT_3D('',#14214,#11524,#11525);
#10114=AXIS2_PLACEMENT_3D('',#14216,#11527,#11528);
#10115=AXIS2_PLACEMENT_3D('',#14218,#11530,#11531);
#10116=AXIS2_PLACEMENT_3D('',#14219,#11532,#11533);
#10117=AXIS2_PLACEMENT_3D('',#14228,#11538,#11539);
#10118=AXIS2_PLACEMENT_3D('',#14230,#11540,#11541);
#10119=AXIS2_PLACEMENT_3D('',#14232,#11542,#11543);
#10120=AXIS2_PLACEMENT_3D('',#14234,#11545,#11546);
#10121=AXIS2_PLACEMENT_3D('',#14240,#11550,#11551);
#10122=AXIS2_PLACEMENT_3D('',#14241,#11552,#11553);
#10123=AXIS2_PLACEMENT_3D('',#14242,#11554,#11555);
#10124=AXIS2_PLACEMENT_3D('',#14243,#11556,#11557);
#10125=AXIS2_PLACEMENT_3D('',#14252,#11562,#11563);
#10126=AXIS2_PLACEMENT_3D('',#14254,#11564,#11565);
#10127=AXIS2_PLACEMENT_3D('',#14256,#11566,#11567);
#10128=AXIS2_PLACEMENT_3D('',#14258,#11569,#11570);
#10129=AXIS2_PLACEMENT_3D('',#14264,#11574,#11575);
#10130=AXIS2_PLACEMENT_3D('',#14265,#11576,#11577);
#10131=AXIS2_PLACEMENT_3D('',#14266,#11578,#11579);
#10132=AXIS2_PLACEMENT_3D('',#14267,#11580,#11581);
#10133=AXIS2_PLACEMENT_3D('',#14276,#11586,#11587);
#10134=AXIS2_PLACEMENT_3D('',#14278,#11588,#11589);
#10135=AXIS2_PLACEMENT_3D('',#14280,#11590,#11591);
#10136=AXIS2_PLACEMENT_3D('',#14282,#11593,#11594);
#10137=AXIS2_PLACEMENT_3D('',#14288,#11598,#11599);
#10138=AXIS2_PLACEMENT_3D('',#14289,#11600,#11601);
#10139=AXIS2_PLACEMENT_3D('',#14290,#11602,#11603);
#10140=AXIS2_PLACEMENT_3D('',#14291,#11604,#11605);
#10141=AXIS2_PLACEMENT_3D('',#14300,#11610,#11611);
#10142=AXIS2_PLACEMENT_3D('',#14302,#11612,#11613);
#10143=AXIS2_PLACEMENT_3D('',#14304,#11614,#11615);
#10144=AXIS2_PLACEMENT_3D('',#14306,#11617,#11618);
#10145=AXIS2_PLACEMENT_3D('',#14312,#11622,#11623);
#10146=AXIS2_PLACEMENT_3D('',#14313,#11624,#11625);
#10147=AXIS2_PLACEMENT_3D('',#14314,#11626,#11627);
#10148=AXIS2_PLACEMENT_3D('',#14315,#11628,#11629);
#10149=AXIS2_PLACEMENT_3D('',#14324,#11634,#11635);
#10150=AXIS2_PLACEMENT_3D('',#14326,#11636,#11637);
#10151=AXIS2_PLACEMENT_3D('',#14328,#11638,#11639);
#10152=AXIS2_PLACEMENT_3D('',#14330,#11641,#11642);
#10153=AXIS2_PLACEMENT_3D('',#14336,#11646,#11647);
#10154=AXIS2_PLACEMENT_3D('',#14337,#11648,#11649);
#10155=AXIS2_PLACEMENT_3D('',#14338,#11650,#11651);
#10156=AXIS2_PLACEMENT_3D('',#14339,#11652,#11653);
#10157=AXIS2_PLACEMENT_3D('',#14348,#11658,#11659);
#10158=AXIS2_PLACEMENT_3D('',#14350,#11660,#11661);
#10159=AXIS2_PLACEMENT_3D('',#14352,#11662,#11663);
#10160=AXIS2_PLACEMENT_3D('',#14354,#11665,#11666);
#10161=AXIS2_PLACEMENT_3D('',#14360,#11670,#11671);
#10162=AXIS2_PLACEMENT_3D('',#14361,#11672,#11673);
#10163=AXIS2_PLACEMENT_3D('',#14362,#11674,#11675);
#10164=AXIS2_PLACEMENT_3D('',#14363,#11676,#11677);
#10165=AXIS2_PLACEMENT_3D('',#14372,#11682,#11683);
#10166=AXIS2_PLACEMENT_3D('',#14374,#11684,#11685);
#10167=AXIS2_PLACEMENT_3D('',#14376,#11686,#11687);
#10168=AXIS2_PLACEMENT_3D('',#14378,#11689,#11690);
#10169=AXIS2_PLACEMENT_3D('',#14384,#11694,#11695);
#10170=AXIS2_PLACEMENT_3D('',#14385,#11696,#11697);
#10171=AXIS2_PLACEMENT_3D('',#14386,#11698,#11699);
#10172=AXIS2_PLACEMENT_3D('',#14387,#11700,#11701);
#10173=AXIS2_PLACEMENT_3D('',#14396,#11706,#11707);
#10174=AXIS2_PLACEMENT_3D('',#14398,#11708,#11709);
#10175=AXIS2_PLACEMENT_3D('',#14400,#11710,#11711);
#10176=AXIS2_PLACEMENT_3D('',#14402,#11713,#11714);
#10177=AXIS2_PLACEMENT_3D('',#14408,#11718,#11719);
#10178=AXIS2_PLACEMENT_3D('',#14409,#11720,#11721);
#10179=AXIS2_PLACEMENT_3D('',#14410,#11722,#11723);
#10180=AXIS2_PLACEMENT_3D('',#14411,#11724,#11725);
#10181=AXIS2_PLACEMENT_3D('',#14420,#11730,#11731);
#10182=AXIS2_PLACEMENT_3D('',#14422,#11732,#11733);
#10183=AXIS2_PLACEMENT_3D('',#14424,#11734,#11735);
#10184=AXIS2_PLACEMENT_3D('',#14426,#11737,#11738);
#10185=AXIS2_PLACEMENT_3D('',#14432,#11742,#11743);
#10186=AXIS2_PLACEMENT_3D('',#14433,#11744,#11745);
#10187=AXIS2_PLACEMENT_3D('',#14434,#11746,#11747);
#10188=AXIS2_PLACEMENT_3D('',#14435,#11748,#11749);
#10189=AXIS2_PLACEMENT_3D('',#14444,#11754,#11755);
#10190=AXIS2_PLACEMENT_3D('',#14446,#11756,#11757);
#10191=AXIS2_PLACEMENT_3D('',#14448,#11758,#11759);
#10192=AXIS2_PLACEMENT_3D('',#14450,#11761,#11762);
#10193=AXIS2_PLACEMENT_3D('',#14456,#11766,#11767);
#10194=AXIS2_PLACEMENT_3D('',#14457,#11768,#11769);
#10195=AXIS2_PLACEMENT_3D('',#14458,#11770,#11771);
#10196=AXIS2_PLACEMENT_3D('',#14459,#11772,#11773);
#10197=AXIS2_PLACEMENT_3D('',#14468,#11778,#11779);
#10198=AXIS2_PLACEMENT_3D('',#14470,#11780,#11781);
#10199=AXIS2_PLACEMENT_3D('',#14472,#11782,#11783);
#10200=AXIS2_PLACEMENT_3D('',#14474,#11785,#11786);
#10201=AXIS2_PLACEMENT_3D('',#14480,#11790,#11791);
#10202=AXIS2_PLACEMENT_3D('',#14481,#11792,#11793);
#10203=AXIS2_PLACEMENT_3D('',#14482,#11794,#11795);
#10204=AXIS2_PLACEMENT_3D('',#14483,#11796,#11797);
#10205=AXIS2_PLACEMENT_3D('',#14492,#11802,#11803);
#10206=AXIS2_PLACEMENT_3D('',#14494,#11804,#11805);
#10207=AXIS2_PLACEMENT_3D('',#14496,#11806,#11807);
#10208=AXIS2_PLACEMENT_3D('',#14498,#11809,#11810);
#10209=AXIS2_PLACEMENT_3D('',#14504,#11814,#11815);
#10210=AXIS2_PLACEMENT_3D('',#14505,#11816,#11817);
#10211=AXIS2_PLACEMENT_3D('',#14506,#11818,#11819);
#10212=AXIS2_PLACEMENT_3D('',#14507,#11820,#11821);
#10213=AXIS2_PLACEMENT_3D('',#14516,#11826,#11827);
#10214=AXIS2_PLACEMENT_3D('',#14518,#11828,#11829);
#10215=AXIS2_PLACEMENT_3D('',#14520,#11830,#11831);
#10216=AXIS2_PLACEMENT_3D('',#14522,#11833,#11834);
#10217=AXIS2_PLACEMENT_3D('',#14528,#11838,#11839);
#10218=AXIS2_PLACEMENT_3D('',#14529,#11840,#11841);
#10219=AXIS2_PLACEMENT_3D('',#14530,#11842,#11843);
#10220=AXIS2_PLACEMENT_3D('',#14531,#11844,#11845);
#10221=AXIS2_PLACEMENT_3D('',#14540,#11850,#11851);
#10222=AXIS2_PLACEMENT_3D('',#14542,#11852,#11853);
#10223=AXIS2_PLACEMENT_3D('',#14544,#11854,#11855);
#10224=AXIS2_PLACEMENT_3D('',#14546,#11857,#11858);
#10225=AXIS2_PLACEMENT_3D('',#14552,#11862,#11863);
#10226=AXIS2_PLACEMENT_3D('',#14553,#11864,#11865);
#10227=AXIS2_PLACEMENT_3D('',#14554,#11866,#11867);
#10228=AXIS2_PLACEMENT_3D('',#14555,#11868,#11869);
#10229=AXIS2_PLACEMENT_3D('',#14564,#11874,#11875);
#10230=AXIS2_PLACEMENT_3D('',#14566,#11876,#11877);
#10231=AXIS2_PLACEMENT_3D('',#14568,#11878,#11879);
#10232=AXIS2_PLACEMENT_3D('',#14570,#11881,#11882);
#10233=AXIS2_PLACEMENT_3D('',#14576,#11886,#11887);
#10234=AXIS2_PLACEMENT_3D('',#14577,#11888,#11889);
#10235=AXIS2_PLACEMENT_3D('',#14578,#11890,#11891);
#10236=AXIS2_PLACEMENT_3D('',#14579,#11892,#11893);
#10237=AXIS2_PLACEMENT_3D('',#14588,#11898,#11899);
#10238=AXIS2_PLACEMENT_3D('',#14590,#11900,#11901);
#10239=AXIS2_PLACEMENT_3D('',#14592,#11902,#11903);
#10240=AXIS2_PLACEMENT_3D('',#14594,#11905,#11906);
#10241=AXIS2_PLACEMENT_3D('',#14600,#11910,#11911);
#10242=AXIS2_PLACEMENT_3D('',#14601,#11912,#11913);
#10243=AXIS2_PLACEMENT_3D('',#14602,#11914,#11915);
#10244=AXIS2_PLACEMENT_3D('',#14603,#11916,#11917);
#10245=AXIS2_PLACEMENT_3D('',#14612,#11922,#11923);
#10246=AXIS2_PLACEMENT_3D('',#14614,#11924,#11925);
#10247=AXIS2_PLACEMENT_3D('',#14616,#11926,#11927);
#10248=AXIS2_PLACEMENT_3D('',#14618,#11929,#11930);
#10249=AXIS2_PLACEMENT_3D('',#14624,#11934,#11935);
#10250=AXIS2_PLACEMENT_3D('',#14625,#11936,#11937);
#10251=AXIS2_PLACEMENT_3D('',#14626,#11938,#11939);
#10252=AXIS2_PLACEMENT_3D('',#14627,#11940,#11941);
#10253=AXIS2_PLACEMENT_3D('',#14636,#11946,#11947);
#10254=AXIS2_PLACEMENT_3D('',#14638,#11948,#11949);
#10255=AXIS2_PLACEMENT_3D('',#14640,#11950,#11951);
#10256=AXIS2_PLACEMENT_3D('',#14642,#11953,#11954);
#10257=AXIS2_PLACEMENT_3D('',#14648,#11958,#11959);
#10258=AXIS2_PLACEMENT_3D('',#14649,#11960,#11961);
#10259=AXIS2_PLACEMENT_3D('',#14650,#11962,#11963);
#10260=AXIS2_PLACEMENT_3D('',#14651,#11964,#11965);
#10261=AXIS2_PLACEMENT_3D('',#14660,#11970,#11971);
#10262=AXIS2_PLACEMENT_3D('',#14662,#11972,#11973);
#10263=AXIS2_PLACEMENT_3D('',#14664,#11974,#11975);
#10264=AXIS2_PLACEMENT_3D('',#14666,#11977,#11978);
#10265=AXIS2_PLACEMENT_3D('',#14672,#11982,#11983);
#10266=AXIS2_PLACEMENT_3D('',#14673,#11984,#11985);
#10267=AXIS2_PLACEMENT_3D('',#14674,#11986,#11987);
#10268=AXIS2_PLACEMENT_3D('',#14675,#11988,#11989);
#10269=AXIS2_PLACEMENT_3D('',#14684,#11994,#11995);
#10270=AXIS2_PLACEMENT_3D('',#14686,#11996,#11997);
#10271=AXIS2_PLACEMENT_3D('',#14688,#11998,#11999);
#10272=AXIS2_PLACEMENT_3D('',#14690,#12001,#12002);
#10273=AXIS2_PLACEMENT_3D('',#14696,#12006,#12007);
#10274=AXIS2_PLACEMENT_3D('',#14697,#12008,#12009);
#10275=AXIS2_PLACEMENT_3D('',#14698,#12010,#12011);
#10276=AXIS2_PLACEMENT_3D('',#14699,#12012,#12013);
#10277=AXIS2_PLACEMENT_3D('',#14708,#12018,#12019);
#10278=AXIS2_PLACEMENT_3D('',#14710,#12020,#12021);
#10279=AXIS2_PLACEMENT_3D('',#14712,#12022,#12023);
#10280=AXIS2_PLACEMENT_3D('',#14714,#12025,#12026);
#10281=AXIS2_PLACEMENT_3D('',#14720,#12030,#12031);
#10282=AXIS2_PLACEMENT_3D('',#14721,#12032,#12033);
#10283=AXIS2_PLACEMENT_3D('',#14722,#12034,#12035);
#10284=AXIS2_PLACEMENT_3D('',#14723,#12036,#12037);
#10285=AXIS2_PLACEMENT_3D('',#14732,#12042,#12043);
#10286=AXIS2_PLACEMENT_3D('',#14734,#12044,#12045);
#10287=AXIS2_PLACEMENT_3D('',#14736,#12046,#12047);
#10288=AXIS2_PLACEMENT_3D('',#14738,#12049,#12050);
#10289=AXIS2_PLACEMENT_3D('',#14744,#12054,#12055);
#10290=AXIS2_PLACEMENT_3D('',#14745,#12056,#12057);
#10291=AXIS2_PLACEMENT_3D('',#14746,#12058,#12059);
#10292=AXIS2_PLACEMENT_3D('',#14747,#12060,#12061);
#10293=AXIS2_PLACEMENT_3D('',#14756,#12066,#12067);
#10294=AXIS2_PLACEMENT_3D('',#14758,#12068,#12069);
#10295=AXIS2_PLACEMENT_3D('',#14760,#12070,#12071);
#10296=AXIS2_PLACEMENT_3D('',#14762,#12073,#12074);
#10297=AXIS2_PLACEMENT_3D('',#14768,#12078,#12079);
#10298=AXIS2_PLACEMENT_3D('',#14769,#12080,#12081);
#10299=AXIS2_PLACEMENT_3D('',#14770,#12082,#12083);
#10300=AXIS2_PLACEMENT_3D('',#14771,#12084,#12085);
#10301=AXIS2_PLACEMENT_3D('',#14780,#12090,#12091);
#10302=AXIS2_PLACEMENT_3D('',#14782,#12092,#12093);
#10303=AXIS2_PLACEMENT_3D('',#14784,#12094,#12095);
#10304=AXIS2_PLACEMENT_3D('',#14786,#12097,#12098);
#10305=AXIS2_PLACEMENT_3D('',#14792,#12102,#12103);
#10306=AXIS2_PLACEMENT_3D('',#14793,#12104,#12105);
#10307=AXIS2_PLACEMENT_3D('',#14794,#12106,#12107);
#10308=AXIS2_PLACEMENT_3D('',#14795,#12108,#12109);
#10309=AXIS2_PLACEMENT_3D('',#14804,#12114,#12115);
#10310=AXIS2_PLACEMENT_3D('',#14806,#12116,#12117);
#10311=AXIS2_PLACEMENT_3D('',#14808,#12118,#12119);
#10312=AXIS2_PLACEMENT_3D('',#14810,#12121,#12122);
#10313=AXIS2_PLACEMENT_3D('',#14816,#12126,#12127);
#10314=AXIS2_PLACEMENT_3D('',#14817,#12128,#12129);
#10315=AXIS2_PLACEMENT_3D('',#14818,#12130,#12131);
#10316=AXIS2_PLACEMENT_3D('',#14819,#12132,#12133);
#10317=AXIS2_PLACEMENT_3D('',#14828,#12138,#12139);
#10318=AXIS2_PLACEMENT_3D('',#14830,#12140,#12141);
#10319=AXIS2_PLACEMENT_3D('',#14832,#12142,#12143);
#10320=AXIS2_PLACEMENT_3D('',#14834,#12145,#12146);
#10321=AXIS2_PLACEMENT_3D('',#14840,#12150,#12151);
#10322=AXIS2_PLACEMENT_3D('',#14841,#12152,#12153);
#10323=AXIS2_PLACEMENT_3D('',#14842,#12154,#12155);
#10324=AXIS2_PLACEMENT_3D('',#14843,#12156,#12157);
#10325=AXIS2_PLACEMENT_3D('',#14852,#12162,#12163);
#10326=AXIS2_PLACEMENT_3D('',#14854,#12164,#12165);
#10327=AXIS2_PLACEMENT_3D('',#14856,#12166,#12167);
#10328=AXIS2_PLACEMENT_3D('',#14858,#12169,#12170);
#10329=AXIS2_PLACEMENT_3D('',#14864,#12174,#12175);
#10330=AXIS2_PLACEMENT_3D('',#14865,#12176,#12177);
#10331=AXIS2_PLACEMENT_3D('',#14866,#12178,#12179);
#10332=AXIS2_PLACEMENT_3D('',#14867,#12180,#12181);
#10333=AXIS2_PLACEMENT_3D('',#14876,#12186,#12187);
#10334=AXIS2_PLACEMENT_3D('',#14878,#12188,#12189);
#10335=AXIS2_PLACEMENT_3D('',#14880,#12190,#12191);
#10336=AXIS2_PLACEMENT_3D('',#14882,#12193,#12194);
#10337=AXIS2_PLACEMENT_3D('',#14888,#12198,#12199);
#10338=AXIS2_PLACEMENT_3D('',#14889,#12200,#12201);
#10339=AXIS2_PLACEMENT_3D('',#14890,#12202,#12203);
#10340=AXIS2_PLACEMENT_3D('',#14891,#12204,#12205);
#10341=AXIS2_PLACEMENT_3D('',#14900,#12210,#12211);
#10342=AXIS2_PLACEMENT_3D('',#14902,#12212,#12213);
#10343=AXIS2_PLACEMENT_3D('',#14904,#12214,#12215);
#10344=AXIS2_PLACEMENT_3D('',#14906,#12217,#12218);
#10345=AXIS2_PLACEMENT_3D('',#14912,#12222,#12223);
#10346=AXIS2_PLACEMENT_3D('',#14913,#12224,#12225);
#10347=AXIS2_PLACEMENT_3D('',#14914,#12226,#12227);
#10348=AXIS2_PLACEMENT_3D('',#14915,#12228,#12229);
#10349=AXIS2_PLACEMENT_3D('',#14924,#12234,#12235);
#10350=AXIS2_PLACEMENT_3D('',#14926,#12236,#12237);
#10351=AXIS2_PLACEMENT_3D('',#14928,#12238,#12239);
#10352=AXIS2_PLACEMENT_3D('',#14930,#12241,#12242);
#10353=AXIS2_PLACEMENT_3D('',#14936,#12246,#12247);
#10354=AXIS2_PLACEMENT_3D('',#14937,#12248,#12249);
#10355=AXIS2_PLACEMENT_3D('',#14938,#12250,#12251);
#10356=AXIS2_PLACEMENT_3D('',#14939,#12252,#12253);
#10357=AXIS2_PLACEMENT_3D('',#14948,#12258,#12259);
#10358=AXIS2_PLACEMENT_3D('',#14950,#12260,#12261);
#10359=AXIS2_PLACEMENT_3D('',#14952,#12262,#12263);
#10360=AXIS2_PLACEMENT_3D('',#14954,#12265,#12266);
#10361=AXIS2_PLACEMENT_3D('',#14960,#12270,#12271);
#10362=AXIS2_PLACEMENT_3D('',#14961,#12272,#12273);
#10363=AXIS2_PLACEMENT_3D('',#14962,#12274,#12275);
#10364=AXIS2_PLACEMENT_3D('',#14963,#12276,#12277);
#10365=AXIS2_PLACEMENT_3D('',#14972,#12282,#12283);
#10366=AXIS2_PLACEMENT_3D('',#14974,#12284,#12285);
#10367=AXIS2_PLACEMENT_3D('',#14976,#12286,#12287);
#10368=AXIS2_PLACEMENT_3D('',#14978,#12289,#12290);
#10369=AXIS2_PLACEMENT_3D('',#14984,#12294,#12295);
#10370=AXIS2_PLACEMENT_3D('',#14985,#12296,#12297);
#10371=AXIS2_PLACEMENT_3D('',#14986,#12298,#12299);
#10372=AXIS2_PLACEMENT_3D('',#14987,#12300,#12301);
#10373=AXIS2_PLACEMENT_3D('',#14996,#12306,#12307);
#10374=AXIS2_PLACEMENT_3D('',#14998,#12308,#12309);
#10375=AXIS2_PLACEMENT_3D('',#15000,#12310,#12311);
#10376=AXIS2_PLACEMENT_3D('',#15002,#12313,#12314);
#10377=AXIS2_PLACEMENT_3D('',#15008,#12318,#12319);
#10378=AXIS2_PLACEMENT_3D('',#15009,#12320,#12321);
#10379=AXIS2_PLACEMENT_3D('',#15010,#12322,#12323);
#10380=AXIS2_PLACEMENT_3D('',#15011,#12324,#12325);
#10381=AXIS2_PLACEMENT_3D('',#15020,#12330,#12331);
#10382=AXIS2_PLACEMENT_3D('',#15022,#12332,#12333);
#10383=AXIS2_PLACEMENT_3D('',#15024,#12334,#12335);
#10384=AXIS2_PLACEMENT_3D('',#15026,#12337,#12338);
#10385=AXIS2_PLACEMENT_3D('',#15032,#12342,#12343);
#10386=AXIS2_PLACEMENT_3D('',#15033,#12344,#12345);
#10387=AXIS2_PLACEMENT_3D('',#15034,#12346,#12347);
#10388=AXIS2_PLACEMENT_3D('',#15035,#12348,#12349);
#10389=AXIS2_PLACEMENT_3D('',#15044,#12354,#12355);
#10390=AXIS2_PLACEMENT_3D('',#15046,#12356,#12357);
#10391=AXIS2_PLACEMENT_3D('',#15049,#12359,#12360);
#10392=AXIS2_PLACEMENT_3D('',#15050,#12361,#12362);
#10393=AXIS2_PLACEMENT_3D('',#15056,#12366,#12367);
#10394=AXIS2_PLACEMENT_3D('',#15057,#12368,#12369);
#10395=AXIS2_PLACEMENT_3D('',#15058,#12370,#12371);
#10396=AXIS2_PLACEMENT_3D('',#15059,#12372,#12373);
#10397=AXIS2_PLACEMENT_3D('',#15068,#12378,#12379);
#10398=AXIS2_PLACEMENT_3D('',#15077,#12384,#12385);
#10399=AXIS2_PLACEMENT_3D('',#15086,#12390,#12391);
#10400=AXIS2_PLACEMENT_3D('',#15095,#12396,#12397);
#10401=AXIS2_PLACEMENT_3D('',#15104,#12402,#12403);
#10402=AXIS2_PLACEMENT_3D('',#15113,#12408,#12409);
#10403=AXIS2_PLACEMENT_3D('',#15122,#12414,#12415);
#10404=AXIS2_PLACEMENT_3D('',#15131,#12420,#12421);
#10405=AXIS2_PLACEMENT_3D('',#15140,#12426,#12427);
#10406=AXIS2_PLACEMENT_3D('',#15149,#12432,#12433);
#10407=AXIS2_PLACEMENT_3D('',#15158,#12438,#12439);
#10408=AXIS2_PLACEMENT_3D('',#15167,#12444,#12445);
#10409=AXIS2_PLACEMENT_3D('',#15176,#12450,#12451);
#10410=AXIS2_PLACEMENT_3D('',#15185,#12456,#12457);
#10411=AXIS2_PLACEMENT_3D('',#15194,#12462,#12463);
#10412=AXIS2_PLACEMENT_3D('',#15203,#12468,#12469);
#10413=AXIS2_PLACEMENT_3D('',#15212,#12474,#12475);
#10414=AXIS2_PLACEMENT_3D('',#15218,#12479,#12480);
#10415=AXIS2_PLACEMENT_3D('',#15224,#12484,#12485);
#10416=AXIS2_PLACEMENT_3D('',#15230,#12489,#12490);
#10417=AXIS2_PLACEMENT_3D('',#15236,#12494,#12495);
#10418=AXIS2_PLACEMENT_3D('',#15242,#12499,#12500);
#10419=AXIS2_PLACEMENT_3D('',#15248,#12504,#12505);
#10420=AXIS2_PLACEMENT_3D('',#15254,#12509,#12510);
#10421=AXIS2_PLACEMENT_3D('',#15260,#12514,#12515);
#10422=AXIS2_PLACEMENT_3D('',#15266,#12519,#12520);
#10423=AXIS2_PLACEMENT_3D('',#15272,#12524,#12525);
#10424=AXIS2_PLACEMENT_3D('',#15278,#12529,#12530);
#10425=AXIS2_PLACEMENT_3D('',#15284,#12534,#12535);
#10426=AXIS2_PLACEMENT_3D('',#15290,#12539,#12540);
#10427=AXIS2_PLACEMENT_3D('',#15296,#12544,#12545);
#10428=AXIS2_PLACEMENT_3D('',#15302,#12549,#12550);
#10429=AXIS2_PLACEMENT_3D('',#15308,#12554,#12555);
#10430=AXIS2_PLACEMENT_3D('',#15314,#12559,#12560);
#10431=AXIS2_PLACEMENT_3D('',#15320,#12564,#12565);
#10432=AXIS2_PLACEMENT_3D('',#15326,#12569,#12570);
#10433=AXIS2_PLACEMENT_3D('',#15332,#12574,#12575);
#10434=AXIS2_PLACEMENT_3D('',#15338,#12579,#12580);
#10435=AXIS2_PLACEMENT_3D('',#15344,#12584,#12585);
#10436=AXIS2_PLACEMENT_3D('',#15350,#12589,#12590);
#10437=AXIS2_PLACEMENT_3D('',#15356,#12594,#12595);
#10438=AXIS2_PLACEMENT_3D('',#15362,#12599,#12600);
#10439=AXIS2_PLACEMENT_3D('',#15368,#12604,#12605);
#10440=AXIS2_PLACEMENT_3D('',#15374,#12609,#12610);
#10441=AXIS2_PLACEMENT_3D('',#15380,#12614,#12615);
#10442=AXIS2_PLACEMENT_3D('',#15386,#12619,#12620);
#10443=AXIS2_PLACEMENT_3D('',#15392,#12624,#12625);
#10444=AXIS2_PLACEMENT_3D('',#15398,#12629,#12630);
#10445=AXIS2_PLACEMENT_3D('',#15404,#12634,#12635);
#10446=AXIS2_PLACEMENT_3D('',#15410,#12639,#12640);
#10447=AXIS2_PLACEMENT_3D('',#15558,#12723,#12724);
#10448=AXIS2_PLACEMENT_3D('',#15562,#12727,#12728);
#10449=AXIS2_PLACEMENT_3D('',#15564,#12730,#12731);
#10450=AXIS2_PLACEMENT_3D('',#15566,#12733,#12734);
#10451=AXIS2_PLACEMENT_3D('',#15568,#12736,#12737);
#10452=AXIS2_PLACEMENT_3D('',#15570,#12739,#12740);
#10453=AXIS2_PLACEMENT_3D('',#15572,#12742,#12743);
#10454=AXIS2_PLACEMENT_3D('',#15574,#12745,#12746);
#10455=AXIS2_PLACEMENT_3D('',#15576,#12748,#12749);
#10456=AXIS2_PLACEMENT_3D('',#15578,#12751,#12752);
#10457=AXIS2_PLACEMENT_3D('',#15580,#12754,#12755);
#10458=AXIS2_PLACEMENT_3D('',#15582,#12757,#12758);
#10459=AXIS2_PLACEMENT_3D('',#15584,#12760,#12761);
#10460=AXIS2_PLACEMENT_3D('',#15586,#12763,#12764);
#10461=AXIS2_PLACEMENT_3D('',#15588,#12766,#12767);
#10462=AXIS2_PLACEMENT_3D('',#15590,#12769,#12770);
#10463=AXIS2_PLACEMENT_3D('',#15592,#12772,#12773);
#10464=AXIS2_PLACEMENT_3D('',#15596,#12776,#12777);
#10465=AXIS2_PLACEMENT_3D('',#15602,#12781,#12782);
#10466=AXIS2_PLACEMENT_3D('',#15608,#12786,#12787);
#10467=AXIS2_PLACEMENT_3D('',#15614,#12791,#12792);
#10468=AXIS2_PLACEMENT_3D('',#15620,#12796,#12797);
#10469=AXIS2_PLACEMENT_3D('',#15626,#12801,#12802);
#10470=AXIS2_PLACEMENT_3D('',#15632,#12806,#12807);
#10471=AXIS2_PLACEMENT_3D('',#15638,#12811,#12812);
#10472=AXIS2_PLACEMENT_3D('',#15644,#12816,#12817);
#10473=AXIS2_PLACEMENT_3D('',#15650,#12821,#12822);
#10474=AXIS2_PLACEMENT_3D('',#15656,#12826,#12827);
#10475=AXIS2_PLACEMENT_3D('',#15662,#12831,#12832);
#10476=AXIS2_PLACEMENT_3D('',#15668,#12836,#12837);
#10477=AXIS2_PLACEMENT_3D('',#15674,#12841,#12842);
#10478=AXIS2_PLACEMENT_3D('',#15680,#12846,#12847);
#10479=AXIS2_PLACEMENT_3D('',#15686,#12851,#12852);
#10480=AXIS2_PLACEMENT_3D('',#15690,#12855,#12856);
#10481=AXIS2_PLACEMENT_3D('',#15694,#12859,#12860);
#10482=AXIS2_PLACEMENT_3D('',#15698,#12863,#12864);
#10483=AXIS2_PLACEMENT_3D('',#15702,#12867,#12868);
#10484=AXIS2_PLACEMENT_3D('',#15706,#12871,#12872);
#10485=AXIS2_PLACEMENT_3D('',#15710,#12875,#12876);
#10486=AXIS2_PLACEMENT_3D('',#15714,#12879,#12880);
#10487=AXIS2_PLACEMENT_3D('',#15718,#12883,#12884);
#10488=AXIS2_PLACEMENT_3D('',#15722,#12887,#12888);
#10489=AXIS2_PLACEMENT_3D('',#15726,#12891,#12892);
#10490=AXIS2_PLACEMENT_3D('',#15730,#12895,#12896);
#10491=AXIS2_PLACEMENT_3D('',#15734,#12899,#12900);
#10492=AXIS2_PLACEMENT_3D('',#15738,#12903,#12904);
#10493=AXIS2_PLACEMENT_3D('',#15742,#12907,#12908);
#10494=AXIS2_PLACEMENT_3D('',#15746,#12911,#12912);
#10495=AXIS2_PLACEMENT_3D('',#15750,#12915,#12916);
#10496=AXIS2_PLACEMENT_3D('',#15754,#12919,#12920);
#10497=AXIS2_PLACEMENT_3D('',#15758,#12923,#12924);
#10498=AXIS2_PLACEMENT_3D('',#15762,#12927,#12928);
#10499=AXIS2_PLACEMENT_3D('',#15766,#12931,#12932);
#10500=AXIS2_PLACEMENT_3D('',#15770,#12935,#12936);
#10501=AXIS2_PLACEMENT_3D('',#15774,#12939,#12940);
#10502=AXIS2_PLACEMENT_3D('',#15778,#12943,#12944);
#10503=AXIS2_PLACEMENT_3D('',#15784,#12948,#12949);
#10504=AXIS2_PLACEMENT_3D('',#15788,#12952,#12953);
#10505=AXIS2_PLACEMENT_3D('',#15792,#12956,#12957);
#10506=AXIS2_PLACEMENT_3D('',#15796,#12960,#12961);
#10507=AXIS2_PLACEMENT_3D('',#15800,#12964,#12965);
#10508=AXIS2_PLACEMENT_3D('',#15804,#12968,#12969);
#10509=AXIS2_PLACEMENT_3D('',#15808,#12972,#12973);
#10510=AXIS2_PLACEMENT_3D('',#15812,#12976,#12977);
#10511=AXIS2_PLACEMENT_3D('',#15816,#12980,#12981);
#10512=AXIS2_PLACEMENT_3D('',#15818,#12983,#12984);
#10513=AXIS2_PLACEMENT_3D('',#15820,#12986,#12987);
#10514=AXIS2_PLACEMENT_3D('',#15822,#12989,#12990);
#10515=AXIS2_PLACEMENT_3D('',#15824,#12992,#12993);
#10516=AXIS2_PLACEMENT_3D('',#15826,#12995,#12996);
#10517=AXIS2_PLACEMENT_3D('',#15828,#12998,#12999);
#10518=AXIS2_PLACEMENT_3D('',#15830,#13001,#13002);
#10519=AXIS2_PLACEMENT_3D('',#15832,#13004,#13005);
#10520=AXIS2_PLACEMENT_3D('',#15834,#13007,#13008);
#10521=AXIS2_PLACEMENT_3D('',#15836,#13010,#13011);
#10522=AXIS2_PLACEMENT_3D('',#15838,#13013,#13014);
#10523=AXIS2_PLACEMENT_3D('',#15840,#13016,#13017);
#10524=AXIS2_PLACEMENT_3D('',#15842,#13019,#13020);
#10525=AXIS2_PLACEMENT_3D('',#15844,#13022,#13023);
#10526=AXIS2_PLACEMENT_3D('',#15846,#13025,#13026);
#10527=AXIS2_PLACEMENT_3D('',#15848,#13028,#13029);
#10528=AXIS2_PLACEMENT_3D('',#15850,#13031,#13032);
#10529=AXIS2_PLACEMENT_3D('',#15852,#13034,#13035);
#10530=DIRECTION('axis',(0.,0.,1.));
#10531=DIRECTION('refdir',(1.,0.,0.));
#10532=DIRECTION('center_axis',(1.,0.,0.));
#10533=DIRECTION('ref_axis',(0.,0.,-1.));
#10534=DIRECTION('',(0.,1.,0.));
#10535=DIRECTION('',(0.,0.,-1.));
#10536=DIRECTION('',(0.,-1.,0.));
#10537=DIRECTION('',(0.,0.,1.));
#10538=DIRECTION('center_axis',(1.,0.,0.));
#10539=DIRECTION('ref_axis',(0.,0.,-1.));
#10540=DIRECTION('',(0.,1.,0.));
#10541=DIRECTION('',(0.,0.,-1.));
#10542=DIRECTION('',(0.,-1.,0.));
#10543=DIRECTION('',(0.,0.,1.));
#10544=DIRECTION('center_axis',(1.,0.,0.));
#10545=DIRECTION('ref_axis',(0.,0.,-1.));
#10546=DIRECTION('',(0.,1.,0.));
#10547=DIRECTION('',(0.,0.,-1.));
#10548=DIRECTION('',(0.,-1.,0.));
#10549=DIRECTION('',(0.,0.,1.));
#10550=DIRECTION('center_axis',(1.,0.,0.));
#10551=DIRECTION('ref_axis',(0.,0.,-1.));
#10552=DIRECTION('',(0.,-1.,0.));
#10553=DIRECTION('',(0.,0.,1.));
#10554=DIRECTION('',(0.,1.,0.));
#10555=DIRECTION('',(0.,0.,-1.));
#10556=DIRECTION('center_axis',(0.,-1.,0.));
#10557=DIRECTION('ref_axis',(1.,0.,0.));
#10558=DIRECTION('',(-1.,0.,0.));
#10559=DIRECTION('',(0.,0.,1.));
#10560=DIRECTION('',(-1.,0.,0.));
#10561=DIRECTION('',(0.,0.,1.));
#10562=DIRECTION('',(1.,0.,0.));
#10563=DIRECTION('',(0.,0.,1.));
#10564=DIRECTION('',(-1.,0.,0.));
#10565=DIRECTION('',(0.,0.,1.));
#10566=DIRECTION('',(1.,0.,0.));
#10567=DIRECTION('',(0.,0.,1.));
#10568=DIRECTION('',(-1.,0.,0.));
#10569=DIRECTION('',(0.,0.,1.));
#10570=DIRECTION('',(1.,0.,0.));
#10571=DIRECTION('',(0.,0.,1.));
#10572=DIRECTION('',(-1.,0.,0.));
#10573=DIRECTION('',(-1.4986137565244E-16,0.,-1.));
#10574=DIRECTION('',(1.,0.,0.));
#10575=DIRECTION('',(0.,0.,1.));
#10576=DIRECTION('',(-1.,0.,0.));
#10577=DIRECTION('',(1.,0.,0.));
#10578=DIRECTION('',(0.,0.,-1.));
#10579=DIRECTION('',(-1.,0.,0.));
#10580=DIRECTION('',(1.,0.,0.));
#10581=DIRECTION('',(0.,0.,-1.));
#10582=DIRECTION('',(-1.,0.,0.));
#10583=DIRECTION('',(1.,0.,0.));
#10584=DIRECTION('',(0.,0.,-1.));
#10585=DIRECTION('',(-1.,0.,0.));
#10586=DIRECTION('center_axis',(0.,1.,0.));
#10587=DIRECTION('ref_axis',(1.,0.,0.));
#10588=DIRECTION('center_axis',(0.,1.,0.));
#10589=DIRECTION('ref_axis',(1.,0.,0.));
#10590=DIRECTION('center_axis',(0.,1.,0.));
#10591=DIRECTION('ref_axis',(1.,0.,0.));
#10592=DIRECTION('center_axis',(0.,1.,0.));
#10593=DIRECTION('ref_axis',(1.,0.,0.));
#10594=DIRECTION('center_axis',(-1.,0.,0.));
#10595=DIRECTION('ref_axis',(0.,0.,1.));
#10596=DIRECTION('',(0.,-1.,0.));
#10597=DIRECTION('',(0.,0.,-1.));
#10598=DIRECTION('',(0.,1.,0.));
#10599=DIRECTION('center_axis',(-1.,0.,0.));
#10600=DIRECTION('ref_axis',(0.,0.,1.));
#10601=DIRECTION('',(0.,-1.,0.));
#10602=DIRECTION('',(0.,0.,-1.));
#10603=DIRECTION('',(0.,1.,0.));
#10604=DIRECTION('center_axis',(-1.,0.,0.));
#10605=DIRECTION('ref_axis',(0.,0.,1.));
#10606=DIRECTION('',(0.,-1.,0.));
#10607=DIRECTION('',(0.,0.,-1.));
#10608=DIRECTION('',(0.,1.,0.));
#10609=DIRECTION('center_axis',(-1.,0.,0.));
#10610=DIRECTION('ref_axis',(0.,0.,1.));
#10611=DIRECTION('',(0.,1.,0.));
#10612=DIRECTION('',(0.,-1.,0.));
#10613=DIRECTION('',(0.,0.,-1.));
#10614=DIRECTION('center_axis',(0.,0.,1.));
#10615=DIRECTION('ref_axis',(-1.,0.,0.));
#10616=DIRECTION('',(-1.,0.,0.));
#10617=DIRECTION('',(0.,-1.,0.));
#10618=DIRECTION('center_axis',(0.,-1.,0.));
#10619=DIRECTION('ref_axis',(1.,0.,0.));
#10620=DIRECTION('',(1.,0.,0.));
#10621=DIRECTION('',(0.,0.,1.));
#10622=DIRECTION('',(-1.,0.,0.));
#10623=DIRECTION('',(1.,0.,0.));
#10624=DIRECTION('',(0.,0.,1.));
#10625=DIRECTION('',(-1.,0.,0.));
#10626=DIRECTION('',(1.,0.,0.));
#10627=DIRECTION('',(0.,0.,1.));
#10628=DIRECTION('',(-1.,0.,0.));
#10629=DIRECTION('',(-1.,0.,0.));
#10630=DIRECTION('',(0.,0.,1.));
#10631=DIRECTION('',(1.,0.,0.));
#10632=DIRECTION('',(-1.4986137565244E-16,0.,-1.));
#10633=DIRECTION('',(-1.,0.,0.));
#10634=DIRECTION('',(0.,0.,-1.));
#10635=DIRECTION('',(1.,0.,0.));
#10636=DIRECTION('',(-1.,0.,0.));
#10637=DIRECTION('',(0.,0.,-1.));
#10638=DIRECTION('',(1.,0.,0.));
#10639=DIRECTION('',(-1.,0.,0.));
#10640=DIRECTION('',(0.,0.,-1.));
#10641=DIRECTION('',(1.,0.,0.));
#10642=DIRECTION('',(1.,0.,0.));
#10643=DIRECTION('center_axis',(0.,1.,0.));
#10644=DIRECTION('ref_axis',(1.,0.,0.));
#10645=DIRECTION('center_axis',(0.,1.,0.));
#10646=DIRECTION('ref_axis',(1.,0.,0.));
#10647=DIRECTION('center_axis',(0.,1.,0.));
#10648=DIRECTION('ref_axis',(1.,0.,0.));
#10649=DIRECTION('center_axis',(0.,1.,0.));
#10650=DIRECTION('ref_axis',(1.,0.,0.));
#10651=DIRECTION('center_axis',(0.,0.,-1.));
#10652=DIRECTION('ref_axis',(-1.,0.,0.));
#10653=DIRECTION('center_axis',(1.,0.,0.));
#10654=DIRECTION('ref_axis',(0.,0.,-1.));
#10655=DIRECTION('',(0.,1.,0.));
#10656=DIRECTION('',(0.,-1.,0.));
#10657=DIRECTION('center_axis',(1.,0.,0.));
#10658=DIRECTION('ref_axis',(0.,0.,-1.));
#10659=DIRECTION('',(0.,1.,0.));
#10660=DIRECTION('',(0.,-1.,0.));
#10661=DIRECTION('center_axis',(0.,0.,-1.));
#10662=DIRECTION('ref_axis',(0.,1.,0.));
#10663=DIRECTION('center_axis',(0.,0.,1.));
#10664=DIRECTION('ref_axis',(0.,-1.,0.));
#10665=DIRECTION('',(0.,1.,0.));
#10666=DIRECTION('center_axis',(0.,0.,-1.));
#10667=DIRECTION('ref_axis',(0.,1.,0.));
#10668=DIRECTION('center_axis',(0.,0.,1.));
#10669=DIRECTION('ref_axis',(0.,-1.,0.));
#10670=DIRECTION('center_axis',(0.,0.,-1.));
#10671=DIRECTION('ref_axis',(0.,1.,0.));
#10672=DIRECTION('',(0.,-1.,0.));
#10673=DIRECTION('center_axis',(0.,0.,1.));
#10674=DIRECTION('ref_axis',(0.,-1.,0.));
#10675=DIRECTION('center_axis',(1.,0.,0.));
#10676=DIRECTION('ref_axis',(0.,0.,-1.));
#10677=DIRECTION('center_axis',(-1.,0.,0.));
#10678=DIRECTION('ref_axis',(0.,0.,1.));
#10679=DIRECTION('',(0.,1.,0.));
#10680=DIRECTION('',(0.,-1.,0.));
#10681=DIRECTION('center_axis',(-1.,0.,0.));
#10682=DIRECTION('ref_axis',(0.,0.,1.));
#10683=DIRECTION('',(0.,1.,0.));
#10684=DIRECTION('',(0.,-1.,0.));
#10685=DIRECTION('center_axis',(-1.,0.,0.));
#10686=DIRECTION('ref_axis',(0.,0.,1.));
#10687=DIRECTION('',(0.,1.,0.));
#10688=DIRECTION('',(0.,-1.,0.));
#10689=DIRECTION('center_axis',(0.,0.,-1.));
#10690=DIRECTION('ref_axis',(0.,1.,0.));
#10691=DIRECTION('center_axis',(0.,0.,-1.));
#10692=DIRECTION('ref_axis',(0.,1.,0.));
#10693=DIRECTION('center_axis',(0.,0.,1.));
#10694=DIRECTION('ref_axis',(0.,-1.,0.));
#10695=DIRECTION('center_axis',(0.,0.,-1.));
#10696=DIRECTION('ref_axis',(0.,1.,0.));
#10697=DIRECTION('center_axis',(0.,0.,1.));
#10698=DIRECTION('ref_axis',(0.,-1.,0.));
#10699=DIRECTION('center_axis',(0.,0.,1.));
#10700=DIRECTION('ref_axis',(0.,-1.,0.));
#10701=DIRECTION('center_axis',(0.,-1.,0.));
#10702=DIRECTION('ref_axis',(1.,0.,0.));
#10703=DIRECTION('',(0.,1.,0.));
#10704=DIRECTION('center_axis',(0.,-1.,0.));
#10705=DIRECTION('ref_axis',(1.,0.,0.));
#10706=DIRECTION('',(0.,1.,0.));
#10707=DIRECTION('center_axis',(0.,-1.,0.));
#10708=DIRECTION('ref_axis',(1.,0.,0.));
#10709=DIRECTION('',(0.,1.,0.));
#10710=DIRECTION('center_axis',(0.,-1.,0.));
#10711=DIRECTION('ref_axis',(1.,0.,0.));
#10712=DIRECTION('',(0.,1.,0.));
#10713=DIRECTION('center_axis',(0.,0.,-1.));
#10714=DIRECTION('ref_axis',(1.,0.,0.));
#10715=DIRECTION('',(0.,-1.,0.));
#10716=DIRECTION('',(0.,-1.,0.));
#10717=DIRECTION('center_axis',(-1.,0.,1.4986137565244E-16));
#10718=DIRECTION('ref_axis',(-1.4986137565244E-16,0.,-1.));
#10719=DIRECTION('center_axis',(0.,0.,1.));
#10720=DIRECTION('ref_axis',(-1.,0.,0.));
#10721=DIRECTION('',(0.,-1.,0.));
#10722=DIRECTION('center_axis',(1.,0.,0.));
#10723=DIRECTION('ref_axis',(0.,0.,1.));
#10724=DIRECTION('center_axis',(0.,0.,1.));
#10725=DIRECTION('ref_axis',(0.,-1.,0.));
#10726=DIRECTION('',(0.,1.,0.));
#10727=DIRECTION('',(1.,0.,0.));
#10728=DIRECTION('',(0.,-1.,0.));
#10729=DIRECTION('',(1.,0.,0.));
#10730=DIRECTION('center_axis',(0.,1.,0.));
#10731=DIRECTION('ref_axis',(0.,0.,1.));
#10732=DIRECTION('',(0.,0.,-1.));
#10733=DIRECTION('',(0.,0.,1.));
#10734=DIRECTION('',(-1.,0.,0.));
#10735=DIRECTION('center_axis',(0.,-1.,0.));
#10736=DIRECTION('ref_axis',(0.,0.,-1.));
#10737=DIRECTION('',(0.,0.,1.));
#10738=DIRECTION('',(1.,0.,0.));
#10739=DIRECTION('',(0.,0.,-1.));
#10740=DIRECTION('center_axis',(0.,0.,1.));
#10741=DIRECTION('ref_axis',(0.,-1.,0.));
#10742=DIRECTION('',(0.,1.,0.));
#10743=DIRECTION('',(1.,0.,0.));
#10744=DIRECTION('',(0.,-1.,0.));
#10745=DIRECTION('',(1.,0.,0.));
#10746=DIRECTION('center_axis',(0.,1.,0.));
#10747=DIRECTION('ref_axis',(0.,0.,1.));
#10748=DIRECTION('',(0.,0.,-1.));
#10749=DIRECTION('',(0.,0.,1.));
#10750=DIRECTION('',(-1.,0.,0.));
#10751=DIRECTION('center_axis',(0.,-1.,0.));
#10752=DIRECTION('ref_axis',(0.,0.,-1.));
#10753=DIRECTION('',(0.,0.,1.));
#10754=DIRECTION('',(1.,0.,0.));
#10755=DIRECTION('',(0.,0.,-1.));
#10756=DIRECTION('center_axis',(0.,0.,1.));
#10757=DIRECTION('ref_axis',(0.,-1.,0.));
#10758=DIRECTION('',(0.,1.,0.));
#10759=DIRECTION('',(1.,0.,0.));
#10760=DIRECTION('',(0.,-1.,0.));
#10761=DIRECTION('',(1.,0.,0.));
#10762=DIRECTION('center_axis',(0.,1.,0.));
#10763=DIRECTION('ref_axis',(0.,0.,1.));
#10764=DIRECTION('',(0.,0.,-1.));
#10765=DIRECTION('',(0.,0.,1.));
#10766=DIRECTION('',(-1.,0.,0.));
#10767=DIRECTION('center_axis',(0.,-1.,0.));
#10768=DIRECTION('ref_axis',(0.,0.,-1.));
#10769=DIRECTION('',(0.,0.,1.));
#10770=DIRECTION('',(1.,0.,0.));
#10771=DIRECTION('',(0.,0.,-1.));
#10772=DIRECTION('center_axis',(0.,0.,1.));
#10773=DIRECTION('ref_axis',(0.,-1.,0.));
#10774=DIRECTION('',(0.,1.,0.));
#10775=DIRECTION('',(1.,0.,0.));
#10776=DIRECTION('',(0.,-1.,0.));
#10777=DIRECTION('',(1.,0.,0.));
#10778=DIRECTION('center_axis',(0.,1.,0.));
#10779=DIRECTION('ref_axis',(0.,0.,1.));
#10780=DIRECTION('',(0.,0.,-1.));
#10781=DIRECTION('',(0.,0.,1.));
#10782=DIRECTION('',(-1.,0.,0.));
#10783=DIRECTION('center_axis',(0.,-1.,0.));
#10784=DIRECTION('ref_axis',(0.,0.,-1.));
#10785=DIRECTION('',(0.,0.,1.));
#10786=DIRECTION('',(1.,0.,0.));
#10787=DIRECTION('',(0.,0.,-1.));
#10788=DIRECTION('center_axis',(0.,0.,1.));
#10789=DIRECTION('ref_axis',(0.,-1.,0.));
#10790=DIRECTION('',(0.,1.,0.));
#10791=DIRECTION('',(1.,0.,0.));
#10792=DIRECTION('',(0.,-1.,0.));
#10793=DIRECTION('',(1.,0.,0.));
#10794=DIRECTION('center_axis',(0.,1.,0.));
#10795=DIRECTION('ref_axis',(0.,0.,1.));
#10796=DIRECTION('',(0.,0.,-1.));
#10797=DIRECTION('',(0.,0.,1.));
#10798=DIRECTION('',(-1.,0.,0.));
#10799=DIRECTION('center_axis',(0.,-1.,0.));
#10800=DIRECTION('ref_axis',(0.,0.,-1.));
#10801=DIRECTION('',(0.,0.,1.));
#10802=DIRECTION('',(1.,0.,0.));
#10803=DIRECTION('',(0.,0.,-1.));
#10804=DIRECTION('center_axis',(0.,0.,1.));
#10805=DIRECTION('ref_axis',(0.,-1.,0.));
#10806=DIRECTION('',(0.,1.,0.));
#10807=DIRECTION('',(1.,0.,0.));
#10808=DIRECTION('',(0.,-1.,0.));
#10809=DIRECTION('',(1.,0.,0.));
#10810=DIRECTION('center_axis',(0.,1.,0.));
#10811=DIRECTION('ref_axis',(0.,0.,1.));
#10812=DIRECTION('',(0.,0.,-1.));
#10813=DIRECTION('',(0.,0.,1.));
#10814=DIRECTION('',(-1.,0.,0.));
#10815=DIRECTION('center_axis',(0.,-1.,0.));
#10816=DIRECTION('ref_axis',(0.,0.,-1.));
#10817=DIRECTION('',(0.,0.,1.));
#10818=DIRECTION('',(1.,0.,0.));
#10819=DIRECTION('',(0.,0.,-1.));
#10820=DIRECTION('center_axis',(0.,0.,1.));
#10821=DIRECTION('ref_axis',(0.,-1.,0.));
#10822=DIRECTION('',(0.,1.,0.));
#10823=DIRECTION('',(1.,0.,0.));
#10824=DIRECTION('',(0.,-1.,0.));
#10825=DIRECTION('',(1.,0.,0.));
#10826=DIRECTION('center_axis',(0.,1.,0.));
#10827=DIRECTION('ref_axis',(0.,0.,1.));
#10828=DIRECTION('',(0.,0.,-1.));
#10829=DIRECTION('',(0.,0.,1.));
#10830=DIRECTION('',(-1.,0.,0.));
#10831=DIRECTION('center_axis',(0.,-1.,0.));
#10832=DIRECTION('ref_axis',(0.,0.,-1.));
#10833=DIRECTION('',(0.,0.,1.));
#10834=DIRECTION('',(1.,0.,0.));
#10835=DIRECTION('',(0.,0.,-1.));
#10836=DIRECTION('center_axis',(0.,0.,1.));
#10837=DIRECTION('ref_axis',(0.,-1.,0.));
#10838=DIRECTION('',(0.,1.,0.));
#10839=DIRECTION('',(1.,0.,0.));
#10840=DIRECTION('',(0.,-1.,0.));
#10841=DIRECTION('',(1.,0.,0.));
#10842=DIRECTION('center_axis',(0.,1.,0.));
#10843=DIRECTION('ref_axis',(0.,0.,1.));
#10844=DIRECTION('',(0.,0.,-1.));
#10845=DIRECTION('',(0.,0.,1.));
#10846=DIRECTION('',(-1.,0.,0.));
#10847=DIRECTION('center_axis',(0.,-1.,0.));
#10848=DIRECTION('ref_axis',(0.,0.,-1.));
#10849=DIRECTION('',(0.,0.,1.));
#10850=DIRECTION('',(1.,0.,0.));
#10851=DIRECTION('',(0.,0.,-1.));
#10852=DIRECTION('center_axis',(0.,0.,1.));
#10853=DIRECTION('ref_axis',(0.,-1.,0.));
#10854=DIRECTION('',(0.,1.,0.));
#10855=DIRECTION('',(1.,0.,0.));
#10856=DIRECTION('',(0.,-1.,0.));
#10857=DIRECTION('',(1.,0.,0.));
#10858=DIRECTION('center_axis',(0.,1.,0.));
#10859=DIRECTION('ref_axis',(0.,0.,1.));
#10860=DIRECTION('',(0.,0.,-1.));
#10861=DIRECTION('',(0.,0.,1.));
#10862=DIRECTION('',(-1.,0.,0.));
#10863=DIRECTION('center_axis',(0.,-1.,0.));
#10864=DIRECTION('ref_axis',(0.,0.,-1.));
#10865=DIRECTION('',(0.,0.,1.));
#10866=DIRECTION('',(1.,0.,0.));
#10867=DIRECTION('',(0.,0.,-1.));
#10868=DIRECTION('center_axis',(0.,0.,1.));
#10869=DIRECTION('ref_axis',(0.,-1.,0.));
#10870=DIRECTION('',(0.,1.,0.));
#10871=DIRECTION('',(1.,0.,0.));
#10872=DIRECTION('',(0.,-1.,0.));
#10873=DIRECTION('',(1.,0.,0.));
#10874=DIRECTION('center_axis',(0.,1.,0.));
#10875=DIRECTION('ref_axis',(0.,0.,1.));
#10876=DIRECTION('',(0.,0.,-1.));
#10877=DIRECTION('',(0.,0.,1.));
#10878=DIRECTION('',(-1.,0.,0.));
#10879=DIRECTION('center_axis',(0.,-1.,0.));
#10880=DIRECTION('ref_axis',(0.,0.,-1.));
#10881=DIRECTION('',(0.,0.,1.));
#10882=DIRECTION('',(1.,0.,0.));
#10883=DIRECTION('',(0.,0.,-1.));
#10884=DIRECTION('center_axis',(0.,0.,1.));
#10885=DIRECTION('ref_axis',(0.,-1.,0.));
#10886=DIRECTION('',(0.,1.,0.));
#10887=DIRECTION('',(1.,0.,0.));
#10888=DIRECTION('',(0.,-1.,0.));
#10889=DIRECTION('',(1.,0.,0.));
#10890=DIRECTION('center_axis',(0.,1.,0.));
#10891=DIRECTION('ref_axis',(0.,0.,1.));
#10892=DIRECTION('',(0.,0.,-1.));
#10893=DIRECTION('',(0.,0.,1.));
#10894=DIRECTION('',(-1.,0.,0.));
#10895=DIRECTION('center_axis',(0.,-1.,0.));
#10896=DIRECTION('ref_axis',(0.,0.,-1.));
#10897=DIRECTION('',(0.,0.,1.));
#10898=DIRECTION('',(1.,0.,0.));
#10899=DIRECTION('',(0.,0.,-1.));
#10900=DIRECTION('center_axis',(0.,0.,1.));
#10901=DIRECTION('ref_axis',(0.,-1.,0.));
#10902=DIRECTION('',(0.,1.,0.));
#10903=DIRECTION('',(1.,0.,0.));
#10904=DIRECTION('',(0.,-1.,0.));
#10905=DIRECTION('',(1.,0.,0.));
#10906=DIRECTION('center_axis',(0.,1.,0.));
#10907=DIRECTION('ref_axis',(0.,0.,1.));
#10908=DIRECTION('',(0.,0.,-1.));
#10909=DIRECTION('',(0.,0.,1.));
#10910=DIRECTION('',(-1.,0.,0.));
#10911=DIRECTION('center_axis',(0.,-1.,0.));
#10912=DIRECTION('ref_axis',(0.,0.,-1.));
#10913=DIRECTION('',(0.,0.,1.));
#10914=DIRECTION('',(1.,0.,0.));
#10915=DIRECTION('',(0.,0.,-1.));
#10916=DIRECTION('center_axis',(0.,0.,1.));
#10917=DIRECTION('ref_axis',(0.,-1.,0.));
#10918=DIRECTION('',(0.,1.,0.));
#10919=DIRECTION('',(1.,0.,0.));
#10920=DIRECTION('',(0.,-1.,0.));
#10921=DIRECTION('',(1.,0.,0.));
#10922=DIRECTION('center_axis',(0.,1.,0.));
#10923=DIRECTION('ref_axis',(0.,0.,1.));
#10924=DIRECTION('',(0.,0.,-1.));
#10925=DIRECTION('',(0.,0.,1.));
#10926=DIRECTION('',(-1.,0.,0.));
#10927=DIRECTION('center_axis',(0.,-1.,0.));
#10928=DIRECTION('ref_axis',(0.,0.,-1.));
#10929=DIRECTION('',(0.,0.,1.));
#10930=DIRECTION('',(1.,0.,0.));
#10931=DIRECTION('',(0.,0.,-1.));
#10932=DIRECTION('center_axis',(0.,0.,1.));
#10933=DIRECTION('ref_axis',(0.,-1.,0.));
#10934=DIRECTION('',(0.,1.,0.));
#10935=DIRECTION('',(1.,0.,0.));
#10936=DIRECTION('',(0.,-1.,0.));
#10937=DIRECTION('',(1.,0.,0.));
#10938=DIRECTION('center_axis',(0.,1.,0.));
#10939=DIRECTION('ref_axis',(0.,0.,1.));
#10940=DIRECTION('',(0.,0.,-1.));
#10941=DIRECTION('',(0.,0.,1.));
#10942=DIRECTION('',(-1.,0.,0.));
#10943=DIRECTION('center_axis',(0.,-1.,0.));
#10944=DIRECTION('ref_axis',(0.,0.,-1.));
#10945=DIRECTION('',(0.,0.,1.));
#10946=DIRECTION('',(1.,0.,0.));
#10947=DIRECTION('',(0.,0.,-1.));
#10948=DIRECTION('center_axis',(0.,0.,1.));
#10949=DIRECTION('ref_axis',(0.,-1.,0.));
#10950=DIRECTION('',(0.,1.,0.));
#10951=DIRECTION('',(1.,0.,0.));
#10952=DIRECTION('',(0.,-1.,0.));
#10953=DIRECTION('',(1.,0.,0.));
#10954=DIRECTION('center_axis',(0.,1.,0.));
#10955=DIRECTION('ref_axis',(0.,0.,1.));
#10956=DIRECTION('',(0.,0.,-1.));
#10957=DIRECTION('',(0.,0.,1.));
#10958=DIRECTION('',(-1.,0.,0.));
#10959=DIRECTION('center_axis',(0.,-1.,0.));
#10960=DIRECTION('ref_axis',(0.,0.,-1.));
#10961=DIRECTION('',(0.,0.,1.));
#10962=DIRECTION('',(1.,0.,0.));
#10963=DIRECTION('',(0.,0.,-1.));
#10964=DIRECTION('center_axis',(0.,0.,1.));
#10965=DIRECTION('ref_axis',(0.,-1.,0.));
#10966=DIRECTION('',(0.,1.,0.));
#10967=DIRECTION('',(1.,0.,0.));
#10968=DIRECTION('',(0.,-1.,0.));
#10969=DIRECTION('',(1.,0.,0.));
#10970=DIRECTION('center_axis',(0.,1.,0.));
#10971=DIRECTION('ref_axis',(0.,0.,1.));
#10972=DIRECTION('',(0.,0.,-1.));
#10973=DIRECTION('',(0.,0.,1.));
#10974=DIRECTION('',(-1.,0.,0.));
#10975=DIRECTION('center_axis',(0.,-1.,0.));
#10976=DIRECTION('ref_axis',(0.,0.,-1.));
#10977=DIRECTION('',(0.,0.,1.));
#10978=DIRECTION('',(1.,0.,0.));
#10979=DIRECTION('',(0.,0.,-1.));
#10980=DIRECTION('center_axis',(1.,0.,0.));
#10981=DIRECTION('ref_axis',(0.,0.,-1.));
#10982=DIRECTION('',(0.,1.,0.));
#10983=DIRECTION('',(0.,1.,0.));
#10984=DIRECTION('',(0.,1.,0.));
#10985=DIRECTION('',(0.,1.,0.));
#10986=DIRECTION('',(0.,1.,0.));
#10987=DIRECTION('',(0.,1.,0.));
#10988=DIRECTION('',(0.,1.,0.));
#10989=DIRECTION('',(0.,1.,0.));
#10990=DIRECTION('',(0.,1.,0.));
#10991=DIRECTION('',(0.,1.,0.));
#10992=DIRECTION('',(0.,1.,0.));
#10993=DIRECTION('',(0.,1.,0.));
#10994=DIRECTION('',(0.,1.,0.));
#10995=DIRECTION('',(0.,1.,0.));
#10996=DIRECTION('',(0.,0.,-1.));
#10997=DIRECTION('',(0.,1.,0.));
#10998=DIRECTION('',(0.,0.,-1.));
#10999=DIRECTION('',(0.,-1.,0.));
#11000=DIRECTION('',(0.,0.,-1.));
#11001=DIRECTION('',(0.,1.,0.));
#11002=DIRECTION('',(0.,0.,-1.));
#11003=DIRECTION('',(0.,-1.,0.));
#11004=DIRECTION('',(0.,0.,-1.));
#11005=DIRECTION('',(0.,1.,0.));
#11006=DIRECTION('',(0.,0.,-1.));
#11007=DIRECTION('',(0.,-1.,0.));
#11008=DIRECTION('',(0.,0.,-1.));
#11009=DIRECTION('',(0.,1.,0.));
#11010=DIRECTION('',(0.,0.,-1.));
#11011=DIRECTION('',(0.,1.,0.));
#11012=DIRECTION('',(0.,1.,0.));
#11013=DIRECTION('',(0.,1.,0.));
#11014=DIRECTION('center_axis',(0.,0.,-1.));
#11015=DIRECTION('ref_axis',(-1.,0.,0.));
#11016=DIRECTION('',(0.,1.,0.));
#11017=DIRECTION('',(-1.,0.,0.));
#11018=DIRECTION('center_axis',(0.,0.,-1.));
#11019=DIRECTION('ref_axis',(-1.,0.,0.));
#11020=DIRECTION('',(-1.,0.,0.));
#11021=DIRECTION('',(0.,1.,0.));
#11022=DIRECTION('center_axis',(0.,0.,-1.));
#11023=DIRECTION('ref_axis',(-1.,0.,0.));
#11024=DIRECTION('',(0.,1.,0.));
#11025=DIRECTION('center_axis',(0.,0.,-1.));
#11026=DIRECTION('ref_axis',(-1.,0.,0.));
#11027=DIRECTION('',(0.,1.,0.));
#11028=DIRECTION('center_axis',(0.,0.,-1.));
#11029=DIRECTION('ref_axis',(-1.,0.,0.));
#11030=DIRECTION('',(0.,1.,0.));
#11031=DIRECTION('center_axis',(0.,0.,-1.));
#11032=DIRECTION('ref_axis',(-1.,0.,0.));
#11033=DIRECTION('',(0.,1.,0.));
#11034=DIRECTION('center_axis',(0.,0.,-1.));
#11035=DIRECTION('ref_axis',(-1.,0.,0.));
#11036=DIRECTION('',(0.,1.,0.));
#11037=DIRECTION('center_axis',(0.,0.,-1.));
#11038=DIRECTION('ref_axis',(-1.,0.,0.));
#11039=DIRECTION('',(0.,1.,0.));
#11040=DIRECTION('center_axis',(0.,0.,-1.));
#11041=DIRECTION('ref_axis',(-1.,0.,0.));
#11042=DIRECTION('',(0.,1.,0.));
#11043=DIRECTION('center_axis',(0.,0.,-1.));
#11044=DIRECTION('ref_axis',(-1.,0.,0.));
#11045=DIRECTION('',(0.,1.,0.));
#11046=DIRECTION('center_axis',(0.,0.,-1.));
#11047=DIRECTION('ref_axis',(-1.,0.,0.));
#11048=DIRECTION('',(0.,1.,0.));
#11049=DIRECTION('center_axis',(0.,0.,-1.));
#11050=DIRECTION('ref_axis',(-1.,0.,0.));
#11051=DIRECTION('',(0.,1.,0.));
#11052=DIRECTION('center_axis',(0.,0.,-1.));
#11053=DIRECTION('ref_axis',(-1.,0.,0.));
#11054=DIRECTION('',(0.,1.,0.));
#11055=DIRECTION('center_axis',(0.,0.,-1.));
#11056=DIRECTION('ref_axis',(-1.,0.,0.));
#11057=DIRECTION('',(0.,1.,0.));
#11058=DIRECTION('center_axis',(0.,0.,-1.));
#11059=DIRECTION('ref_axis',(-1.,0.,0.));
#11060=DIRECTION('',(0.,1.,0.));
#11061=DIRECTION('center_axis',(0.,0.,-1.));
#11062=DIRECTION('ref_axis',(-1.,0.,0.));
#11063=DIRECTION('',(0.,1.,0.));
#11064=DIRECTION('center_axis',(0.,1.,0.));
#11065=DIRECTION('ref_axis',(0.,0.,1.));
#11066=DIRECTION('',(1.,0.,0.));
#11067=DIRECTION('',(0.,0.,1.));
#11068=DIRECTION('',(1.,0.,0.));
#11069=DIRECTION('center_axis',(0.,0.,-1.));
#11070=DIRECTION('ref_axis',(0.,1.,0.));
#11071=DIRECTION('',(0.,1.,0.));
#11072=DIRECTION('',(-1.,0.,0.));
#11073=DIRECTION('center_axis',(0.,0.,-1.));
#11074=DIRECTION('ref_axis',(0.,1.,0.));
#11075=DIRECTION('',(1.,0.,0.));
#11076=DIRECTION('',(0.,1.,0.));
#11077=DIRECTION('',(-1.,0.,0.));
#11078=DIRECTION('center_axis',(0.,0.,1.));
#11079=DIRECTION('ref_axis',(0.,-1.,0.));
#11080=DIRECTION('',(1.,0.,0.));
#11081=DIRECTION('',(0.,-1.,0.));
#11082=DIRECTION('',(1.,0.,0.));
#11083=DIRECTION('center_axis',(0.,1.,0.));
#11084=DIRECTION('ref_axis',(0.,0.,1.));
#11085=DIRECTION('',(0.,0.,1.));
#11086=DIRECTION('center_axis',(0.,0.,-1.));
#11087=DIRECTION('ref_axis',(0.,1.,0.));
#11088=DIRECTION('',(1.,0.,0.));
#11089=DIRECTION('',(0.,1.,0.));
#11090=DIRECTION('',(-1.,0.,0.));
#11091=DIRECTION('center_axis',(0.,0.,1.));
#11092=DIRECTION('ref_axis',(0.,-1.,0.));
#11093=DIRECTION('',(1.,0.,0.));
#11094=DIRECTION('',(0.,-1.,0.));
#11095=DIRECTION('',(1.,0.,0.));
#11096=DIRECTION('center_axis',(0.,1.,0.));
#11097=DIRECTION('ref_axis',(0.,0.,1.));
#11098=DIRECTION('',(0.,0.,1.));
#11099=DIRECTION('center_axis',(0.,0.,1.));
#11100=DIRECTION('ref_axis',(0.,-1.,0.));
#11101=DIRECTION('',(1.,0.,0.));
#11102=DIRECTION('',(0.,-1.,0.));
#11103=DIRECTION('',(1.,0.,0.));
#11104=DIRECTION('center_axis',(0.,1.,0.));
#11105=DIRECTION('ref_axis',(0.,0.,1.));
#11106=DIRECTION('',(0.,0.,1.));
#11107=DIRECTION('center_axis',(0.,-1.,0.));
#11108=DIRECTION('ref_axis',(1.,0.,0.));
#11109=DIRECTION('',(0.,0.,1.));
#11110=DIRECTION('center_axis',(0.,-1.,0.));
#11111=DIRECTION('ref_axis',(1.,0.,0.));
#11112=DIRECTION('',(0.,0.,1.));
#11113=DIRECTION('center_axis',(0.,-1.,0.));
#11114=DIRECTION('ref_axis',(1.,0.,0.));
#11115=DIRECTION('',(0.,0.,1.));
#11116=DIRECTION('center_axis',(-1.,0.,0.));
#11117=DIRECTION('ref_axis',(0.,0.,1.));
#11118=DIRECTION('',(0.,1.,0.));
#11119=DIRECTION('',(0.,1.,0.));
#11120=DIRECTION('',(0.,0.,1.));
#11121=DIRECTION('center_axis',(0.,0.,1.));
#11122=DIRECTION('ref_axis',(1.,0.,0.));
#11123=DIRECTION('',(1.,0.,0.));
#11124=DIRECTION('center_axis',(0.,0.,-1.));
#11125=DIRECTION('ref_axis',(-1.,0.,0.));
#11126=DIRECTION('center_axis',(0.,1.,0.));
#11127=DIRECTION('ref_axis',(0.,0.,1.));
#11128=DIRECTION('center_axis',(0.,0.,1.));
#11129=DIRECTION('ref_axis',(0.,-1.,0.));
#11130=DIRECTION('',(0.,-1.,0.));
#11131=DIRECTION('',(1.,0.,0.));
#11132=DIRECTION('',(0.,1.,0.));
#11133=DIRECTION('',(1.,0.,0.));
#11134=DIRECTION('center_axis',(0.,-1.,0.));
#11135=DIRECTION('ref_axis',(0.,0.,-1.));
#11136=DIRECTION('',(0.,0.,-1.));
#11137=DIRECTION('',(0.,0.,1.));
#11138=DIRECTION('',(1.,0.,0.));
#11139=DIRECTION('center_axis',(0.,1.,0.));
#11140=DIRECTION('ref_axis',(0.,0.,1.));
#11141=DIRECTION('',(0.,0.,1.));
#11142=DIRECTION('',(-1.,0.,0.));
#11143=DIRECTION('',(0.,0.,-1.));
#11144=DIRECTION('center_axis',(0.,0.,1.));
#11145=DIRECTION('ref_axis',(0.,-1.,0.));
#11146=DIRECTION('',(0.,-1.,0.));
#11147=DIRECTION('',(1.,0.,0.));
#11148=DIRECTION('',(0.,1.,0.));
#11149=DIRECTION('',(1.,0.,0.));
#11150=DIRECTION('center_axis',(0.,-1.,0.));
#11151=DIRECTION('ref_axis',(0.,0.,-1.));
#11152=DIRECTION('',(0.,0.,-1.));
#11153=DIRECTION('',(0.,0.,1.));
#11154=DIRECTION('',(1.,0.,0.));
#11155=DIRECTION('center_axis',(0.,1.,0.));
#11156=DIRECTION('ref_axis',(0.,0.,1.));
#11157=DIRECTION('',(0.,0.,1.));
#11158=DIRECTION('',(-1.,0.,0.));
#11159=DIRECTION('',(0.,0.,-1.));
#11160=DIRECTION('center_axis',(0.,0.,1.));
#11161=DIRECTION('ref_axis',(0.,-1.,0.));
#11162=DIRECTION('',(0.,-1.,0.));
#11163=DIRECTION('',(1.,0.,0.));
#11164=DIRECTION('',(0.,1.,0.));
#11165=DIRECTION('',(1.,0.,0.));
#11166=DIRECTION('center_axis',(0.,-1.,0.));
#11167=DIRECTION('ref_axis',(0.,0.,-1.));
#11168=DIRECTION('',(0.,0.,-1.));
#11169=DIRECTION('',(0.,0.,1.));
#11170=DIRECTION('',(1.,0.,0.));
#11171=DIRECTION('center_axis',(0.,1.,0.));
#11172=DIRECTION('ref_axis',(0.,0.,1.));
#11173=DIRECTION('',(0.,0.,1.));
#11174=DIRECTION('',(-1.,0.,0.));
#11175=DIRECTION('',(0.,0.,-1.));
#11176=DIRECTION('center_axis',(0.,0.,1.));
#11177=DIRECTION('ref_axis',(0.,-1.,0.));
#11178=DIRECTION('',(0.,-1.,0.));
#11179=DIRECTION('',(1.,0.,0.));
#11180=DIRECTION('',(0.,1.,0.));
#11181=DIRECTION('',(1.,0.,0.));
#11182=DIRECTION('center_axis',(0.,-1.,0.));
#11183=DIRECTION('ref_axis',(0.,0.,-1.));
#11184=DIRECTION('',(0.,0.,-1.));
#11185=DIRECTION('',(0.,0.,1.));
#11186=DIRECTION('',(1.,0.,0.));
#11187=DIRECTION('center_axis',(0.,1.,0.));
#11188=DIRECTION('ref_axis',(0.,0.,1.));
#11189=DIRECTION('',(0.,0.,1.));
#11190=DIRECTION('',(-1.,0.,0.));
#11191=DIRECTION('',(0.,0.,-1.));
#11192=DIRECTION('center_axis',(0.,0.,1.));
#11193=DIRECTION('ref_axis',(0.,-1.,0.));
#11194=DIRECTION('',(0.,-1.,0.));
#11195=DIRECTION('',(1.,0.,0.));
#11196=DIRECTION('',(0.,1.,0.));
#11197=DIRECTION('',(1.,0.,0.));
#11198=DIRECTION('center_axis',(0.,-1.,0.));
#11199=DIRECTION('ref_axis',(0.,0.,-1.));
#11200=DIRECTION('',(0.,0.,-1.));
#11201=DIRECTION('',(0.,0.,1.));
#11202=DIRECTION('',(1.,0.,0.));
#11203=DIRECTION('center_axis',(0.,1.,0.));
#11204=DIRECTION('ref_axis',(0.,0.,1.));
#11205=DIRECTION('',(0.,0.,1.));
#11206=DIRECTION('',(-1.,0.,0.));
#11207=DIRECTION('',(0.,0.,-1.));
#11208=DIRECTION('center_axis',(0.,0.,1.));
#11209=DIRECTION('ref_axis',(0.,-1.,0.));
#11210=DIRECTION('',(0.,-1.,0.));
#11211=DIRECTION('',(1.,0.,0.));
#11212=DIRECTION('',(0.,1.,0.));
#11213=DIRECTION('',(1.,0.,0.));
#11214=DIRECTION('center_axis',(0.,-1.,0.));
#11215=DIRECTION('ref_axis',(0.,0.,-1.));
#11216=DIRECTION('',(0.,0.,-1.));
#11217=DIRECTION('',(0.,0.,1.));
#11218=DIRECTION('',(1.,0.,0.));
#11219=DIRECTION('center_axis',(0.,1.,0.));
#11220=DIRECTION('ref_axis',(0.,0.,1.));
#11221=DIRECTION('',(0.,0.,1.));
#11222=DIRECTION('',(-1.,0.,0.));
#11223=DIRECTION('',(0.,0.,-1.));
#11224=DIRECTION('center_axis',(0.,0.,1.));
#11225=DIRECTION('ref_axis',(0.,-1.,0.));
#11226=DIRECTION('',(0.,-1.,0.));
#11227=DIRECTION('',(1.,0.,0.));
#11228=DIRECTION('',(0.,1.,0.));
#11229=DIRECTION('',(1.,0.,0.));
#11230=DIRECTION('center_axis',(0.,-1.,0.));
#11231=DIRECTION('ref_axis',(0.,0.,-1.));
#11232=DIRECTION('',(0.,0.,-1.));
#11233=DIRECTION('',(0.,0.,1.));
#11234=DIRECTION('',(1.,0.,0.));
#11235=DIRECTION('center_axis',(0.,1.,0.));
#11236=DIRECTION('ref_axis',(0.,0.,1.));
#11237=DIRECTION('',(0.,0.,1.));
#11238=DIRECTION('',(-1.,0.,0.));
#11239=DIRECTION('',(0.,0.,-1.));
#11240=DIRECTION('center_axis',(0.,0.,1.));
#11241=DIRECTION('ref_axis',(0.,-1.,0.));
#11242=DIRECTION('',(0.,-1.,0.));
#11243=DIRECTION('',(1.,0.,0.));
#11244=DIRECTION('',(0.,1.,0.));
#11245=DIRECTION('',(1.,0.,0.));
#11246=DIRECTION('center_axis',(0.,-1.,0.));
#11247=DIRECTION('ref_axis',(0.,0.,-1.));
#11248=DIRECTION('',(0.,0.,-1.));
#11249=DIRECTION('',(0.,0.,1.));
#11250=DIRECTION('',(1.,0.,0.));
#11251=DIRECTION('center_axis',(0.,1.,0.));
#11252=DIRECTION('ref_axis',(0.,0.,1.));
#11253=DIRECTION('',(0.,0.,1.));
#11254=DIRECTION('',(-1.,0.,0.));
#11255=DIRECTION('',(0.,0.,-1.));
#11256=DIRECTION('center_axis',(0.,0.,1.));
#11257=DIRECTION('ref_axis',(0.,-1.,0.));
#11258=DIRECTION('',(0.,-1.,0.));
#11259=DIRECTION('',(1.,0.,0.));
#11260=DIRECTION('',(0.,1.,0.));
#11261=DIRECTION('',(1.,0.,0.));
#11262=DIRECTION('center_axis',(0.,-1.,0.));
#11263=DIRECTION('ref_axis',(0.,0.,-1.));
#11264=DIRECTION('',(0.,0.,-1.));
#11265=DIRECTION('',(0.,0.,1.));
#11266=DIRECTION('',(1.,0.,0.));
#11267=DIRECTION('center_axis',(0.,1.,0.));
#11268=DIRECTION('ref_axis',(0.,0.,1.));
#11269=DIRECTION('',(0.,0.,1.));
#11270=DIRECTION('',(-1.,0.,0.));
#11271=DIRECTION('',(0.,0.,-1.));
#11272=DIRECTION('center_axis',(0.,0.,1.));
#11273=DIRECTION('ref_axis',(0.,-1.,0.));
#11274=DIRECTION('',(0.,-1.,0.));
#11275=DIRECTION('',(1.,0.,0.));
#11276=DIRECTION('',(0.,1.,0.));
#11277=DIRECTION('',(1.,0.,0.));
#11278=DIRECTION('center_axis',(0.,-1.,0.));
#11279=DIRECTION('ref_axis',(0.,0.,-1.));
#11280=DIRECTION('',(0.,0.,-1.));
#11281=DIRECTION('',(0.,0.,1.));
#11282=DIRECTION('',(1.,0.,0.));
#11283=DIRECTION('center_axis',(0.,1.,0.));
#11284=DIRECTION('ref_axis',(0.,0.,1.));
#11285=DIRECTION('',(0.,0.,1.));
#11286=DIRECTION('',(-1.,0.,0.));
#11287=DIRECTION('',(0.,0.,-1.));
#11288=DIRECTION('center_axis',(0.,0.,1.));
#11289=DIRECTION('ref_axis',(0.,-1.,0.));
#11290=DIRECTION('',(0.,-1.,0.));
#11291=DIRECTION('',(1.,0.,0.));
#11292=DIRECTION('',(0.,1.,0.));
#11293=DIRECTION('',(1.,0.,0.));
#11294=DIRECTION('center_axis',(0.,-1.,0.));
#11295=DIRECTION('ref_axis',(0.,0.,-1.));
#11296=DIRECTION('',(0.,0.,-1.));
#11297=DIRECTION('',(0.,0.,1.));
#11298=DIRECTION('',(1.,0.,0.));
#11299=DIRECTION('center_axis',(0.,1.,0.));
#11300=DIRECTION('ref_axis',(0.,0.,1.));
#11301=DIRECTION('',(0.,0.,1.));
#11302=DIRECTION('',(-1.,0.,0.));
#11303=DIRECTION('',(0.,0.,-1.));
#11304=DIRECTION('center_axis',(0.,0.,1.));
#11305=DIRECTION('ref_axis',(0.,-1.,0.));
#11306=DIRECTION('',(0.,-1.,0.));
#11307=DIRECTION('',(1.,0.,0.));
#11308=DIRECTION('',(0.,1.,0.));
#11309=DIRECTION('',(1.,0.,0.));
#11310=DIRECTION('center_axis',(0.,-1.,0.));
#11311=DIRECTION('ref_axis',(0.,0.,-1.));
#11312=DIRECTION('',(0.,0.,-1.));
#11313=DIRECTION('',(0.,0.,1.));
#11314=DIRECTION('',(1.,0.,0.));
#11315=DIRECTION('center_axis',(0.,1.,0.));
#11316=DIRECTION('ref_axis',(0.,0.,1.));
#11317=DIRECTION('',(0.,0.,1.));
#11318=DIRECTION('',(-1.,0.,0.));
#11319=DIRECTION('',(0.,0.,-1.));
#11320=DIRECTION('center_axis',(0.,0.,1.));
#11321=DIRECTION('ref_axis',(0.,-1.,0.));
#11322=DIRECTION('',(0.,-1.,0.));
#11323=DIRECTION('',(1.,0.,0.));
#11324=DIRECTION('',(0.,1.,0.));
#11325=DIRECTION('',(1.,0.,0.));
#11326=DIRECTION('center_axis',(0.,-1.,0.));
#11327=DIRECTION('ref_axis',(0.,0.,-1.));
#11328=DIRECTION('',(0.,0.,-1.));
#11329=DIRECTION('',(0.,0.,1.));
#11330=DIRECTION('',(1.,0.,0.));
#11331=DIRECTION('center_axis',(0.,1.,0.));
#11332=DIRECTION('ref_axis',(0.,0.,1.));
#11333=DIRECTION('',(0.,0.,1.));
#11334=DIRECTION('',(-1.,0.,0.));
#11335=DIRECTION('',(0.,0.,-1.));
#11336=DIRECTION('center_axis',(0.,0.,1.));
#11337=DIRECTION('ref_axis',(0.,-1.,0.));
#11338=DIRECTION('',(0.,-1.,0.));
#11339=DIRECTION('',(1.,0.,0.));
#11340=DIRECTION('',(0.,1.,0.));
#11341=DIRECTION('',(1.,0.,0.));
#11342=DIRECTION('center_axis',(0.,-1.,0.));
#11343=DIRECTION('ref_axis',(0.,0.,-1.));
#11344=DIRECTION('',(0.,0.,-1.));
#11345=DIRECTION('',(0.,0.,1.));
#11346=DIRECTION('',(1.,0.,0.));
#11347=DIRECTION('center_axis',(0.,1.,0.));
#11348=DIRECTION('ref_axis',(0.,0.,1.));
#11349=DIRECTION('',(0.,0.,1.));
#11350=DIRECTION('',(-1.,0.,0.));
#11351=DIRECTION('',(0.,0.,-1.));
#11352=DIRECTION('center_axis',(0.,0.,1.));
#11353=DIRECTION('ref_axis',(0.,-1.,0.));
#11354=DIRECTION('',(0.,-1.,0.));
#11355=DIRECTION('',(1.,0.,0.));
#11356=DIRECTION('',(0.,1.,0.));
#11357=DIRECTION('',(1.,0.,0.));
#11358=DIRECTION('center_axis',(0.,-1.,0.));
#11359=DIRECTION('ref_axis',(0.,0.,-1.));
#11360=DIRECTION('',(0.,0.,-1.));
#11361=DIRECTION('',(0.,0.,1.));
#11362=DIRECTION('',(1.,0.,0.));
#11363=DIRECTION('center_axis',(0.,1.,0.));
#11364=DIRECTION('ref_axis',(0.,0.,1.));
#11365=DIRECTION('',(0.,0.,1.));
#11366=DIRECTION('',(-1.,0.,0.));
#11367=DIRECTION('',(0.,0.,-1.));
#11368=DIRECTION('center_axis',(0.,0.,1.));
#11369=DIRECTION('ref_axis',(0.,-1.,0.));
#11370=DIRECTION('',(0.,-1.,0.));
#11371=DIRECTION('',(1.,0.,0.));
#11372=DIRECTION('',(0.,1.,0.));
#11373=DIRECTION('',(1.,0.,0.));
#11374=DIRECTION('center_axis',(0.,-1.,0.));
#11375=DIRECTION('ref_axis',(0.,0.,-1.));
#11376=DIRECTION('',(0.,0.,-1.));
#11377=DIRECTION('',(0.,0.,1.));
#11378=DIRECTION('',(1.,0.,0.));
#11379=DIRECTION('center_axis',(0.,1.,0.));
#11380=DIRECTION('ref_axis',(0.,0.,1.));
#11381=DIRECTION('',(0.,0.,1.));
#11382=DIRECTION('',(-1.,0.,0.));
#11383=DIRECTION('',(0.,0.,-1.));
#11384=DIRECTION('center_axis',(-1.,0.,0.));
#11385=DIRECTION('ref_axis',(0.,0.,1.));
#11386=DIRECTION('',(0.,1.,0.));
#11387=DIRECTION('',(0.,1.,0.));
#11388=DIRECTION('',(0.,1.,0.));
#11389=DIRECTION('',(0.,0.,1.));
#11390=DIRECTION('',(0.,-1.,0.));
#11391=DIRECTION('',(0.,0.,-1.));
#11392=DIRECTION('',(0.,1.,0.));
#11393=DIRECTION('',(0.,0.,1.));
#11394=DIRECTION('',(0.,-1.,0.));
#11395=DIRECTION('',(0.,0.,-1.));
#11396=DIRECTION('',(0.,1.,0.));
#11397=DIRECTION('',(0.,0.,1.));
#11398=DIRECTION('',(0.,-1.,0.));
#11399=DIRECTION('',(0.,0.,-1.));
#11400=DIRECTION('',(0.,1.,0.));
#11401=DIRECTION('',(0.,0.,1.));
#11402=DIRECTION('',(0.,1.,0.));
#11403=DIRECTION('',(0.,0.,1.));
#11404=DIRECTION('',(0.,1.,0.));
#11405=DIRECTION('',(0.,1.,0.));
#11406=DIRECTION('',(0.,1.,0.));
#11407=DIRECTION('',(0.,1.,0.));
#11408=DIRECTION('',(0.,1.,0.));
#11409=DIRECTION('',(0.,1.,0.));
#11410=DIRECTION('',(0.,1.,0.));
#11411=DIRECTION('',(0.,1.,0.));
#11412=DIRECTION('',(0.,1.,0.));
#11413=DIRECTION('',(0.,1.,0.));
#11414=DIRECTION('',(0.,1.,0.));
#11415=DIRECTION('',(0.,1.,0.));
#11416=DIRECTION('',(0.,1.,0.));
#11417=DIRECTION('',(0.,1.,0.));
#11418=DIRECTION('center_axis',(0.,0.,-1.));
#11419=DIRECTION('ref_axis',(-1.,0.,0.));
#11420=DIRECTION('',(0.,1.,0.));
#11421=DIRECTION('',(-1.,0.,0.));
#11422=DIRECTION('center_axis',(0.,0.,-1.));
#11423=DIRECTION('ref_axis',(-1.,0.,0.));
#11424=DIRECTION('',(0.,1.,0.));
#11425=DIRECTION('center_axis',(0.,0.,-1.));
#11426=DIRECTION('ref_axis',(-1.,0.,0.));
#11427=DIRECTION('',(0.,1.,0.));
#11428=DIRECTION('center_axis',(0.,0.,-1.));
#11429=DIRECTION('ref_axis',(-1.,0.,0.));
#11430=DIRECTION('',(0.,1.,0.));
#11431=DIRECTION('center_axis',(0.,0.,-1.));
#11432=DIRECTION('ref_axis',(-1.,0.,0.));
#11433=DIRECTION('',(0.,1.,0.));
#11434=DIRECTION('center_axis',(0.,0.,-1.));
#11435=DIRECTION('ref_axis',(-1.,0.,0.));
#11436=DIRECTION('',(-1.,0.,0.));
#11437=DIRECTION('',(0.,1.,0.));
#11438=DIRECTION('center_axis',(0.,0.,-1.));
#11439=DIRECTION('ref_axis',(-1.,0.,0.));
#11440=DIRECTION('',(0.,1.,0.));
#11441=DIRECTION('center_axis',(0.,0.,-1.));
#11442=DIRECTION('ref_axis',(-1.,0.,0.));
#11443=DIRECTION('',(0.,1.,0.));
#11444=DIRECTION('center_axis',(0.,0.,-1.));
#11445=DIRECTION('ref_axis',(-1.,0.,0.));
#11446=DIRECTION('',(0.,1.,0.));
#11447=DIRECTION('center_axis',(0.,0.,-1.));
#11448=DIRECTION('ref_axis',(-1.,0.,0.));
#11449=DIRECTION('',(0.,1.,0.));
#11450=DIRECTION('center_axis',(0.,0.,-1.));
#11451=DIRECTION('ref_axis',(-1.,0.,0.));
#11452=DIRECTION('',(0.,1.,0.));
#11453=DIRECTION('center_axis',(0.,0.,-1.));
#11454=DIRECTION('ref_axis',(-1.,0.,0.));
#11455=DIRECTION('',(0.,1.,0.));
#11456=DIRECTION('center_axis',(0.,0.,-1.));
#11457=DIRECTION('ref_axis',(-1.,0.,0.));
#11458=DIRECTION('',(0.,1.,0.));
#11459=DIRECTION('center_axis',(0.,0.,-1.));
#11460=DIRECTION('ref_axis',(-1.,0.,0.));
#11461=DIRECTION('',(0.,1.,0.));
#11462=DIRECTION('center_axis',(0.,0.,-1.));
#11463=DIRECTION('ref_axis',(-1.,0.,0.));
#11464=DIRECTION('',(0.,1.,0.));
#11465=DIRECTION('center_axis',(0.,0.,-1.));
#11466=DIRECTION('ref_axis',(-1.,0.,0.));
#11467=DIRECTION('',(0.,1.,0.));
#11468=DIRECTION('center_axis',(0.,0.,-1.));
#11469=DIRECTION('ref_axis',(0.,1.,0.));
#11470=DIRECTION('',(-1.,0.,0.));
#11471=DIRECTION('',(0.,-1.,0.));
#11472=DIRECTION('',(1.,0.,0.));
#11473=DIRECTION('center_axis',(0.,1.,0.));
#11474=DIRECTION('ref_axis',(0.,0.,1.));
#11475=DIRECTION('',(0.,0.,-1.));
#11476=DIRECTION('',(1.,0.,0.));
#11477=DIRECTION('center_axis',(0.,0.,1.));
#11478=DIRECTION('ref_axis',(0.,-1.,0.));
#11479=DIRECTION('',(0.,1.,0.));
#11480=DIRECTION('',(1.,0.,0.));
#11481=DIRECTION('center_axis',(0.,0.,-1.));
#11482=DIRECTION('ref_axis',(0.,1.,0.));
#11483=DIRECTION('',(-1.,0.,0.));
#11484=DIRECTION('',(0.,-1.,0.));
#11485=DIRECTION('',(1.,0.,0.));
#11486=DIRECTION('center_axis',(0.,1.,0.));
#11487=DIRECTION('ref_axis',(0.,0.,1.));
#11488=DIRECTION('',(0.,0.,-1.));
#11489=DIRECTION('',(1.,0.,0.));
#11490=DIRECTION('center_axis',(0.,0.,1.));
#11491=DIRECTION('ref_axis',(0.,-1.,0.));
#11492=DIRECTION('',(0.,1.,0.));
#11493=DIRECTION('',(1.,0.,0.));
#11494=DIRECTION('center_axis',(0.,1.,0.));
#11495=DIRECTION('ref_axis',(0.,0.,1.));
#11496=DIRECTION('',(1.,0.,0.));
#11497=DIRECTION('',(0.,0.,-1.));
#11498=DIRECTION('',(1.,0.,0.));
#11499=DIRECTION('center_axis',(0.,0.,-1.));
#11500=DIRECTION('ref_axis',(0.,1.,0.));
#11501=DIRECTION('',(-1.,0.,0.));
#11502=DIRECTION('',(0.,-1.,0.));
#11503=DIRECTION('center_axis',(0.,1.,0.));
#11504=DIRECTION('ref_axis',(0.,0.,1.));
#11505=DIRECTION('',(0.,0.,-1.));
#11506=DIRECTION('',(1.,0.,0.));
#11507=DIRECTION('center_axis',(0.,0.,1.));
#11508=DIRECTION('ref_axis',(0.,-1.,0.));
#11509=DIRECTION('',(0.,1.,0.));
#11510=DIRECTION('',(1.,0.,0.));
#11511=DIRECTION('center_axis',(0.,0.,1.));
#11512=DIRECTION('ref_axis',(1.,0.,0.));
#11513=DIRECTION('',(0.,1.,0.));
#11514=DIRECTION('',(1.,0.,0.));
#11515=DIRECTION('center_axis',(0.,-1.,0.));
#11516=DIRECTION('ref_axis',(1.,0.,0.));
#11517=DIRECTION('',(0.,0.,1.));
#11518=DIRECTION('center_axis',(0.,-1.,0.));
#11519=DIRECTION('ref_axis',(1.,0.,0.));
#11520=DIRECTION('',(0.,0.,1.));
#11521=DIRECTION('center_axis',(0.,-1.,0.));
#11522=DIRECTION('ref_axis',(1.,0.,0.));
#11523=DIRECTION('',(0.,0.,1.));
#11524=DIRECTION('center_axis',(0.,0.,-1.));
#11525=DIRECTION('ref_axis',(-1.,0.,0.));
#11526=DIRECTION('',(0.,1.,0.));
#11527=DIRECTION('center_axis',(1.,0.,0.));
#11528=DIRECTION('ref_axis',(0.,0.,-1.));
#11529=DIRECTION('',(0.,0.,-1.));
#11530=DIRECTION('center_axis',(0.,1.,0.));
#11531=DIRECTION('ref_axis',(0.,0.,1.));
#11532=DIRECTION('center_axis',(0.704839292409566,0.70936702198198,0.));
#11533=DIRECTION('ref_axis',(0.70936702198198,-0.704839292409566,0.));
#11534=DIRECTION('',(-0.70936702198198,0.704839292409566,0.));
#11535=DIRECTION('',(0.,0.,-1.));
#11536=DIRECTION('',(0.70936702198198,-0.704839292409566,0.));
#11537=DIRECTION('',(0.,0.,-1.));
#11538=DIRECTION('center_axis',(0.,0.,-1.));
#11539=DIRECTION('ref_axis',(-0.785746159527848,0.61854908680495,0.));
#11540=DIRECTION('center_axis',(0.,0.,1.));
#11541=DIRECTION('ref_axis',(0.849913646959316,0.526921998698399,0.));
#11542=DIRECTION('center_axis',(0.,0.,-1.));
#11543=DIRECTION('ref_axis',(0.849913646959316,0.526921998698399,0.));
#11544=DIRECTION('',(0.,0.,-1.));
#11545=DIRECTION('center_axis',(-0.706979292409715,-0.707234246981761,0.));
#11546=DIRECTION('ref_axis',(-0.707234246981761,0.706979292409715,0.));
#11547=DIRECTION('',(0.707234246981761,-0.706979292409715,0.));
#11548=DIRECTION('',(-0.707234246981761,0.706979292409715,0.));
#11549=DIRECTION('',(0.,0.,-1.));
#11550=DIRECTION('center_axis',(0.,0.,-1.));
#11551=DIRECTION('ref_axis',(0.727553283209927,-0.686051178914851,0.));
#11552=DIRECTION('center_axis',(0.,0.,1.));
#11553=DIRECTION('ref_axis',(-0.745001624204721,-0.667062650680075,0.));
#11554=DIRECTION('center_axis',(0.,0.,-1.));
#11555=DIRECTION('ref_axis',(-0.745001624204721,-0.667062650680075,0.));
#11556=DIRECTION('center_axis',(0.704839292409566,0.70936702198198,0.));
#11557=DIRECTION('ref_axis',(0.70936702198198,-0.704839292409566,0.));
#11558=DIRECTION('',(-0.70936702198198,0.704839292409566,0.));
#11559=DIRECTION('',(0.,0.,-1.));
#11560=DIRECTION('',(0.70936702198198,-0.704839292409566,0.));
#11561=DIRECTION('',(0.,0.,-1.));
#11562=DIRECTION('center_axis',(0.,0.,-1.));
#11563=DIRECTION('ref_axis',(-0.78574615952785,0.618549086804948,0.));
#11564=DIRECTION('center_axis',(0.,0.,1.));
#11565=DIRECTION('ref_axis',(0.849913646959316,0.526921998698399,0.));
#11566=DIRECTION('center_axis',(0.,0.,-1.));
#11567=DIRECTION('ref_axis',(0.849913646959316,0.526921998698399,0.));
#11568=DIRECTION('',(0.,0.,-1.));
#11569=DIRECTION('center_axis',(-0.706979292409715,-0.707234246981761,0.));
#11570=DIRECTION('ref_axis',(-0.707234246981761,0.706979292409715,0.));
#11571=DIRECTION('',(0.707234246981761,-0.706979292409715,0.));
#11572=DIRECTION('',(-0.707234246981761,0.706979292409715,0.));
#11573=DIRECTION('',(0.,0.,-1.));
#11574=DIRECTION('center_axis',(0.,0.,-1.));
#11575=DIRECTION('ref_axis',(0.727553283209925,-0.686051178914852,0.));
#11576=DIRECTION('center_axis',(0.,0.,1.));
#11577=DIRECTION('ref_axis',(-0.745001624204721,-0.667062650680075,0.));
#11578=DIRECTION('center_axis',(0.,0.,-1.));
#11579=DIRECTION('ref_axis',(-0.745001624204721,-0.667062650680075,0.));
#11580=DIRECTION('center_axis',(0.704839292409566,0.70936702198198,0.));
#11581=DIRECTION('ref_axis',(0.70936702198198,-0.704839292409566,0.));
#11582=DIRECTION('',(-0.70936702198198,0.704839292409566,0.));
#11583=DIRECTION('',(0.,0.,-1.));
#11584=DIRECTION('',(0.70936702198198,-0.704839292409566,0.));
#11585=DIRECTION('',(0.,0.,-1.));
#11586=DIRECTION('center_axis',(0.,0.,-1.));
#11587=DIRECTION('ref_axis',(-0.785746159527849,0.618549086804949,0.));
#11588=DIRECTION('center_axis',(0.,0.,1.));
#11589=DIRECTION('ref_axis',(0.849913646959316,0.526921998698399,0.));
#11590=DIRECTION('center_axis',(0.,0.,-1.));
#11591=DIRECTION('ref_axis',(0.849913646959316,0.526921998698399,0.));
#11592=DIRECTION('',(0.,0.,-1.));
#11593=DIRECTION('center_axis',(-0.706979292409715,-0.707234246981761,0.));
#11594=DIRECTION('ref_axis',(-0.707234246981761,0.706979292409715,0.));
#11595=DIRECTION('',(0.707234246981761,-0.706979292409715,0.));
#11596=DIRECTION('',(-0.707234246981761,0.706979292409715,0.));
#11597=DIRECTION('',(0.,0.,-1.));
#11598=DIRECTION('center_axis',(0.,0.,-1.));
#11599=DIRECTION('ref_axis',(0.727553283209926,-0.686051178914852,0.));
#11600=DIRECTION('center_axis',(0.,0.,1.));
#11601=DIRECTION('ref_axis',(-0.745001624204722,-0.667062650680073,0.));
#11602=DIRECTION('center_axis',(0.,0.,-1.));
#11603=DIRECTION('ref_axis',(-0.745001624204722,-0.667062650680073,0.));
#11604=DIRECTION('center_axis',(0.704839292409566,0.70936702198198,0.));
#11605=DIRECTION('ref_axis',(0.70936702198198,-0.704839292409566,0.));
#11606=DIRECTION('',(-0.70936702198198,0.704839292409566,0.));
#11607=DIRECTION('',(0.,0.,-1.));
#11608=DIRECTION('',(0.70936702198198,-0.704839292409566,0.));
#11609=DIRECTION('',(0.,0.,-1.));
#11610=DIRECTION('center_axis',(0.,0.,-1.));
#11611=DIRECTION('ref_axis',(-0.785746159527851,0.618549086804947,0.));
#11612=DIRECTION('center_axis',(0.,0.,1.));
#11613=DIRECTION('ref_axis',(0.849913646959316,0.526921998698399,0.));
#11614=DIRECTION('center_axis',(0.,0.,-1.));
#11615=DIRECTION('ref_axis',(0.849913646959316,0.526921998698399,0.));
#11616=DIRECTION('',(0.,0.,-1.));
#11617=DIRECTION('center_axis',(-0.706979292409715,-0.707234246981761,0.));
#11618=DIRECTION('ref_axis',(-0.707234246981761,0.706979292409715,0.));
#11619=DIRECTION('',(0.707234246981761,-0.706979292409715,0.));
#11620=DIRECTION('',(-0.707234246981761,0.706979292409715,0.));
#11621=DIRECTION('',(0.,0.,-1.));
#11622=DIRECTION('center_axis',(0.,0.,-1.));
#11623=DIRECTION('ref_axis',(0.727553283209927,-0.686051178914851,0.));
#11624=DIRECTION('center_axis',(0.,0.,1.));
#11625=DIRECTION('ref_axis',(-0.745001624204721,-0.667062650680075,0.));
#11626=DIRECTION('center_axis',(0.,0.,-1.));
#11627=DIRECTION('ref_axis',(-0.745001624204721,-0.667062650680075,0.));
#11628=DIRECTION('center_axis',(0.704839292409566,0.70936702198198,0.));
#11629=DIRECTION('ref_axis',(0.70936702198198,-0.704839292409566,0.));
#11630=DIRECTION('',(-0.70936702198198,0.704839292409566,0.));
#11631=DIRECTION('',(0.,0.,-1.));
#11632=DIRECTION('',(0.70936702198198,-0.704839292409566,0.));
#11633=DIRECTION('',(0.,0.,-1.));
#11634=DIRECTION('center_axis',(0.,0.,-1.));
#11635=DIRECTION('ref_axis',(-0.78574615952785,0.618549086804948,0.));
#11636=DIRECTION('center_axis',(0.,0.,1.));
#11637=DIRECTION('ref_axis',(0.849913646959318,0.526921998698396,0.));
#11638=DIRECTION('center_axis',(0.,0.,-1.));
#11639=DIRECTION('ref_axis',(0.849913646959318,0.526921998698396,0.));
#11640=DIRECTION('',(0.,0.,-1.));
#11641=DIRECTION('center_axis',(-0.706979292409715,-0.707234246981761,0.));
#11642=DIRECTION('ref_axis',(-0.707234246981761,0.706979292409715,0.));
#11643=DIRECTION('',(0.707234246981761,-0.706979292409715,0.));
#11644=DIRECTION('',(-0.707234246981761,0.706979292409715,0.));
#11645=DIRECTION('',(0.,0.,-1.));
#11646=DIRECTION('center_axis',(0.,0.,-1.));
#11647=DIRECTION('ref_axis',(0.727553283209925,-0.686051178914853,0.));
#11648=DIRECTION('center_axis',(0.,0.,1.));
#11649=DIRECTION('ref_axis',(-0.745001624204721,-0.667062650680075,0.));
#11650=DIRECTION('center_axis',(0.,0.,-1.));
#11651=DIRECTION('ref_axis',(-0.745001624204721,-0.667062650680075,0.));
#11652=DIRECTION('center_axis',(0.704839292409566,0.70936702198198,0.));
#11653=DIRECTION('ref_axis',(0.70936702198198,-0.704839292409566,0.));
#11654=DIRECTION('',(-0.70936702198198,0.704839292409566,0.));
#11655=DIRECTION('',(0.,0.,-1.));
#11656=DIRECTION('',(0.70936702198198,-0.704839292409566,0.));
#11657=DIRECTION('',(0.,0.,-1.));
#11658=DIRECTION('center_axis',(0.,0.,-1.));
#11659=DIRECTION('ref_axis',(-0.785746159527851,0.618549086804947,0.));
#11660=DIRECTION('center_axis',(0.,0.,1.));
#11661=DIRECTION('ref_axis',(0.849913646959316,0.526921998698399,0.));
#11662=DIRECTION('center_axis',(0.,0.,-1.));
#11663=DIRECTION('ref_axis',(0.849913646959316,0.526921998698399,0.));
#11664=DIRECTION('',(0.,0.,-1.));
#11665=DIRECTION('center_axis',(-0.706979292409715,-0.707234246981761,0.));
#11666=DIRECTION('ref_axis',(-0.707234246981761,0.706979292409715,0.));
#11667=DIRECTION('',(0.707234246981761,-0.706979292409715,0.));
#11668=DIRECTION('',(-0.707234246981761,0.706979292409715,0.));
#11669=DIRECTION('',(0.,0.,-1.));
#11670=DIRECTION('center_axis',(0.,0.,-1.));
#11671=DIRECTION('ref_axis',(0.727553283209925,-0.686051178914853,0.));
#11672=DIRECTION('center_axis',(0.,0.,1.));
#11673=DIRECTION('ref_axis',(-0.745001624204721,-0.667062650680075,0.));
#11674=DIRECTION('center_axis',(0.,0.,-1.));
#11675=DIRECTION('ref_axis',(-0.745001624204721,-0.667062650680075,0.));
#11676=DIRECTION('center_axis',(0.704839292409566,0.70936702198198,0.));
#11677=DIRECTION('ref_axis',(0.70936702198198,-0.704839292409566,0.));
#11678=DIRECTION('',(-0.70936702198198,0.704839292409566,0.));
#11679=DIRECTION('',(0.,0.,-1.));
#11680=DIRECTION('',(0.70936702198198,-0.704839292409566,0.));
#11681=DIRECTION('',(0.,0.,-1.));
#11682=DIRECTION('center_axis',(0.,0.,-1.));
#11683=DIRECTION('ref_axis',(-0.785746159527851,0.618549086804947,0.));
#11684=DIRECTION('center_axis',(0.,0.,1.));
#11685=DIRECTION('ref_axis',(0.849913646959316,0.526921998698399,0.));
#11686=DIRECTION('center_axis',(0.,0.,-1.));
#11687=DIRECTION('ref_axis',(0.849913646959316,0.526921998698399,0.));
#11688=DIRECTION('',(0.,0.,-1.));
#11689=DIRECTION('center_axis',(-0.706979292409715,-0.707234246981761,0.));
#11690=DIRECTION('ref_axis',(-0.707234246981761,0.706979292409715,0.));
#11691=DIRECTION('',(0.707234246981761,-0.706979292409715,0.));
#11692=DIRECTION('',(-0.707234246981761,0.706979292409715,0.));
#11693=DIRECTION('',(0.,0.,-1.));
#11694=DIRECTION('center_axis',(0.,0.,-1.));
#11695=DIRECTION('ref_axis',(0.727553283209925,-0.686051178914853,0.));
#11696=DIRECTION('center_axis',(0.,0.,1.));
#11697=DIRECTION('ref_axis',(-0.745001624204721,-0.667062650680075,0.));
#11698=DIRECTION('center_axis',(0.,0.,-1.));
#11699=DIRECTION('ref_axis',(-0.745001624204721,-0.667062650680075,0.));
#11700=DIRECTION('center_axis',(0.704839292409566,0.70936702198198,0.));
#11701=DIRECTION('ref_axis',(0.70936702198198,-0.704839292409566,0.));
#11702=DIRECTION('',(-0.70936702198198,0.704839292409566,0.));
#11703=DIRECTION('',(0.,0.,-1.));
#11704=DIRECTION('',(0.70936702198198,-0.704839292409566,0.));
#11705=DIRECTION('',(0.,0.,-1.));
#11706=DIRECTION('center_axis',(0.,0.,-1.));
#11707=DIRECTION('ref_axis',(-0.78574615952785,0.618549086804948,0.));
#11708=DIRECTION('center_axis',(0.,0.,1.));
#11709=DIRECTION('ref_axis',(0.849913646959318,0.526921998698396,0.));
#11710=DIRECTION('center_axis',(0.,0.,-1.));
#11711=DIRECTION('ref_axis',(0.849913646959318,0.526921998698396,0.));
#11712=DIRECTION('',(0.,0.,-1.));
#11713=DIRECTION('center_axis',(-0.706979292409715,-0.707234246981761,0.));
#11714=DIRECTION('ref_axis',(-0.707234246981761,0.706979292409715,0.));
#11715=DIRECTION('',(0.707234246981761,-0.706979292409715,0.));
#11716=DIRECTION('',(-0.707234246981761,0.706979292409715,0.));
#11717=DIRECTION('',(0.,0.,-1.));
#11718=DIRECTION('center_axis',(0.,0.,-1.));
#11719=DIRECTION('ref_axis',(0.727553283209925,-0.686051178914853,0.));
#11720=DIRECTION('center_axis',(0.,0.,1.));
#11721=DIRECTION('ref_axis',(-0.745001624204721,-0.667062650680075,0.));
#11722=DIRECTION('center_axis',(0.,0.,-1.));
#11723=DIRECTION('ref_axis',(-0.745001624204721,-0.667062650680075,0.));
#11724=DIRECTION('center_axis',(0.704839292409566,0.70936702198198,0.));
#11725=DIRECTION('ref_axis',(0.70936702198198,-0.704839292409566,0.));
#11726=DIRECTION('',(-0.70936702198198,0.704839292409566,0.));
#11727=DIRECTION('',(0.,0.,-1.));
#11728=DIRECTION('',(0.70936702198198,-0.704839292409566,0.));
#11729=DIRECTION('',(0.,0.,-1.));
#11730=DIRECTION('center_axis',(0.,0.,-1.));
#11731=DIRECTION('ref_axis',(-0.785746159527851,0.618549086804947,0.));
#11732=DIRECTION('center_axis',(0.,0.,1.));
#11733=DIRECTION('ref_axis',(0.849913646959316,0.526921998698399,0.));
#11734=DIRECTION('center_axis',(0.,0.,-1.));
#11735=DIRECTION('ref_axis',(0.849913646959316,0.526921998698399,0.));
#11736=DIRECTION('',(0.,0.,-1.));
#11737=DIRECTION('center_axis',(-0.706979292409715,-0.707234246981761,0.));
#11738=DIRECTION('ref_axis',(-0.707234246981761,0.706979292409715,0.));
#11739=DIRECTION('',(0.707234246981761,-0.706979292409715,0.));
#11740=DIRECTION('',(-0.707234246981761,0.706979292409715,0.));
#11741=DIRECTION('',(0.,0.,-1.));
#11742=DIRECTION('center_axis',(0.,0.,-1.));
#11743=DIRECTION('ref_axis',(0.727553283209925,-0.686051178914853,0.));
#11744=DIRECTION('center_axis',(0.,0.,1.));
#11745=DIRECTION('ref_axis',(-0.745001624204721,-0.667062650680075,0.));
#11746=DIRECTION('center_axis',(0.,0.,-1.));
#11747=DIRECTION('ref_axis',(-0.745001624204721,-0.667062650680075,0.));
#11748=DIRECTION('center_axis',(0.704839292409566,0.70936702198198,0.));
#11749=DIRECTION('ref_axis',(0.70936702198198,-0.704839292409566,0.));
#11750=DIRECTION('',(-0.70936702198198,0.704839292409566,0.));
#11751=DIRECTION('',(0.,0.,-1.));
#11752=DIRECTION('',(0.70936702198198,-0.704839292409566,0.));
#11753=DIRECTION('',(0.,0.,-1.));
#11754=DIRECTION('center_axis',(0.,0.,-1.));
#11755=DIRECTION('ref_axis',(-0.785746159527851,0.618549086804947,0.));
#11756=DIRECTION('center_axis',(0.,0.,1.));
#11757=DIRECTION('ref_axis',(0.849913646959316,0.526921998698399,0.));
#11758=DIRECTION('center_axis',(0.,0.,-1.));
#11759=DIRECTION('ref_axis',(0.849913646959316,0.526921998698399,0.));
#11760=DIRECTION('',(0.,0.,-1.));
#11761=DIRECTION('center_axis',(-0.706979292409715,-0.707234246981761,0.));
#11762=DIRECTION('ref_axis',(-0.707234246981761,0.706979292409715,0.));
#11763=DIRECTION('',(0.707234246981761,-0.706979292409715,0.));
#11764=DIRECTION('',(-0.707234246981761,0.706979292409715,0.));
#11765=DIRECTION('',(0.,0.,-1.));
#11766=DIRECTION('center_axis',(0.,0.,-1.));
#11767=DIRECTION('ref_axis',(0.727553283209925,-0.686051178914853,0.));
#11768=DIRECTION('center_axis',(0.,0.,1.));
#11769=DIRECTION('ref_axis',(-0.745001624204721,-0.667062650680075,0.));
#11770=DIRECTION('center_axis',(0.,0.,-1.));
#11771=DIRECTION('ref_axis',(-0.745001624204721,-0.667062650680075,0.));
#11772=DIRECTION('center_axis',(0.704839292409566,0.70936702198198,0.));
#11773=DIRECTION('ref_axis',(0.70936702198198,-0.704839292409566,0.));
#11774=DIRECTION('',(-0.70936702198198,0.704839292409566,0.));
#11775=DIRECTION('',(0.,0.,-1.));
#11776=DIRECTION('',(0.70936702198198,-0.704839292409566,0.));
#11777=DIRECTION('',(0.,0.,-1.));
#11778=DIRECTION('center_axis',(0.,0.,-1.));
#11779=DIRECTION('ref_axis',(-0.78574615952785,0.618549086804948,0.));
#11780=DIRECTION('center_axis',(0.,0.,1.));
#11781=DIRECTION('ref_axis',(0.849913646959318,0.526921998698396,0.));
#11782=DIRECTION('center_axis',(0.,0.,-1.));
#11783=DIRECTION('ref_axis',(0.849913646959318,0.526921998698396,0.));
#11784=DIRECTION('',(0.,0.,-1.));
#11785=DIRECTION('center_axis',(-0.706979292409715,-0.707234246981761,0.));
#11786=DIRECTION('ref_axis',(-0.707234246981761,0.706979292409715,0.));
#11787=DIRECTION('',(0.707234246981761,-0.706979292409715,0.));
#11788=DIRECTION('',(-0.707234246981761,0.706979292409715,0.));
#11789=DIRECTION('',(0.,0.,-1.));
#11790=DIRECTION('center_axis',(0.,0.,-1.));
#11791=DIRECTION('ref_axis',(0.727553283209925,-0.686051178914853,0.));
#11792=DIRECTION('center_axis',(0.,0.,1.));
#11793=DIRECTION('ref_axis',(-0.745001624204721,-0.667062650680075,0.));
#11794=DIRECTION('center_axis',(0.,0.,-1.));
#11795=DIRECTION('ref_axis',(-0.745001624204721,-0.667062650680075,0.));
#11796=DIRECTION('center_axis',(0.704839292409566,0.70936702198198,0.));
#11797=DIRECTION('ref_axis',(0.70936702198198,-0.704839292409566,0.));
#11798=DIRECTION('',(-0.70936702198198,0.704839292409566,0.));
#11799=DIRECTION('',(0.,0.,-1.));
#11800=DIRECTION('',(0.70936702198198,-0.704839292409566,0.));
#11801=DIRECTION('',(0.,0.,-1.));
#11802=DIRECTION('center_axis',(0.,0.,-1.));
#11803=DIRECTION('ref_axis',(-0.785746159527851,0.618549086804947,0.));
#11804=DIRECTION('center_axis',(0.,0.,1.));
#11805=DIRECTION('ref_axis',(0.849913646959316,0.526921998698399,0.));
#11806=DIRECTION('center_axis',(0.,0.,-1.));
#11807=DIRECTION('ref_axis',(0.849913646959316,0.526921998698399,0.));
#11808=DIRECTION('',(0.,0.,-1.));
#11809=DIRECTION('center_axis',(-0.706979292409715,-0.707234246981761,0.));
#11810=DIRECTION('ref_axis',(-0.707234246981761,0.706979292409715,0.));
#11811=DIRECTION('',(0.707234246981761,-0.706979292409715,0.));
#11812=DIRECTION('',(-0.707234246981761,0.706979292409715,0.));
#11813=DIRECTION('',(0.,0.,-1.));
#11814=DIRECTION('center_axis',(0.,0.,-1.));
#11815=DIRECTION('ref_axis',(0.727553283209927,-0.686051178914851,0.));
#11816=DIRECTION('center_axis',(0.,0.,1.));
#11817=DIRECTION('ref_axis',(-0.745001624204721,-0.667062650680075,0.));
#11818=DIRECTION('center_axis',(0.,0.,-1.));
#11819=DIRECTION('ref_axis',(-0.745001624204721,-0.667062650680075,0.));
#11820=DIRECTION('center_axis',(0.704839292409566,0.70936702198198,0.));
#11821=DIRECTION('ref_axis',(0.70936702198198,-0.704839292409566,0.));
#11822=DIRECTION('',(-0.70936702198198,0.704839292409566,0.));
#11823=DIRECTION('',(0.,0.,-1.));
#11824=DIRECTION('',(0.70936702198198,-0.704839292409566,0.));
#11825=DIRECTION('',(0.,0.,-1.));
#11826=DIRECTION('center_axis',(0.,0.,-1.));
#11827=DIRECTION('ref_axis',(-0.785746159527849,0.618549086804949,0.));
#11828=DIRECTION('center_axis',(0.,0.,1.));
#11829=DIRECTION('ref_axis',(0.849913646959316,0.526921998698399,0.));
#11830=DIRECTION('center_axis',(0.,0.,-1.));
#11831=DIRECTION('ref_axis',(0.849913646959316,0.526921998698399,0.));
#11832=DIRECTION('',(0.,0.,-1.));
#11833=DIRECTION('center_axis',(-0.706979292409715,-0.707234246981761,0.));
#11834=DIRECTION('ref_axis',(-0.707234246981761,0.706979292409715,0.));
#11835=DIRECTION('',(0.707234246981761,-0.706979292409715,0.));
#11836=DIRECTION('',(-0.707234246981761,0.706979292409715,0.));
#11837=DIRECTION('',(0.,0.,-1.));
#11838=DIRECTION('center_axis',(0.,0.,-1.));
#11839=DIRECTION('ref_axis',(0.727553283209927,-0.68605117891485,0.));
#11840=DIRECTION('center_axis',(0.,0.,1.));
#11841=DIRECTION('ref_axis',(-0.745001624204721,-0.667062650680075,0.));
#11842=DIRECTION('center_axis',(0.,0.,-1.));
#11843=DIRECTION('ref_axis',(-0.745001624204721,-0.667062650680075,0.));
#11844=DIRECTION('center_axis',(0.704839292409566,0.70936702198198,0.));
#11845=DIRECTION('ref_axis',(0.70936702198198,-0.704839292409566,0.));
#11846=DIRECTION('',(-0.70936702198198,0.704839292409566,0.));
#11847=DIRECTION('',(0.,0.,-1.));
#11848=DIRECTION('',(0.70936702198198,-0.704839292409566,0.));
#11849=DIRECTION('',(0.,0.,-1.));
#11850=DIRECTION('center_axis',(0.,0.,-1.));
#11851=DIRECTION('ref_axis',(-0.78574615952785,0.618549086804948,0.));
#11852=DIRECTION('center_axis',(0.,0.,1.));
#11853=DIRECTION('ref_axis',(0.849913646959318,0.526921998698396,0.));
#11854=DIRECTION('center_axis',(0.,0.,-1.));
#11855=DIRECTION('ref_axis',(0.849913646959318,0.526921998698396,0.));
#11856=DIRECTION('',(0.,0.,-1.));
#11857=DIRECTION('center_axis',(-0.706979292409715,-0.707234246981761,0.));
#11858=DIRECTION('ref_axis',(-0.707234246981761,0.706979292409715,0.));
#11859=DIRECTION('',(0.707234246981761,-0.706979292409715,0.));
#11860=DIRECTION('',(-0.707234246981761,0.706979292409715,0.));
#11861=DIRECTION('',(0.,0.,-1.));
#11862=DIRECTION('center_axis',(0.,0.,-1.));
#11863=DIRECTION('ref_axis',(0.727553283209925,-0.686051178914852,0.));
#11864=DIRECTION('center_axis',(0.,0.,1.));
#11865=DIRECTION('ref_axis',(-0.745001624204721,-0.667062650680075,0.));
#11866=DIRECTION('center_axis',(0.,0.,-1.));
#11867=DIRECTION('ref_axis',(-0.745001624204721,-0.667062650680075,0.));
#11868=DIRECTION('center_axis',(0.704839292409566,0.70936702198198,0.));
#11869=DIRECTION('ref_axis',(0.70936702198198,-0.704839292409566,0.));
#11870=DIRECTION('',(-0.70936702198198,0.704839292409566,0.));
#11871=DIRECTION('',(0.,0.,-1.));
#11872=DIRECTION('',(0.70936702198198,-0.704839292409566,0.));
#11873=DIRECTION('',(0.,0.,-1.));
#11874=DIRECTION('center_axis',(0.,0.,-1.));
#11875=DIRECTION('ref_axis',(-0.785746159527849,0.618549086804949,0.));
#11876=DIRECTION('center_axis',(0.,0.,1.));
#11877=DIRECTION('ref_axis',(0.849913646959316,0.526921998698399,0.));
#11878=DIRECTION('center_axis',(0.,0.,-1.));
#11879=DIRECTION('ref_axis',(0.849913646959316,0.526921998698399,0.));
#11880=DIRECTION('',(0.,0.,-1.));
#11881=DIRECTION('center_axis',(-0.706979292409715,-0.707234246981761,0.));
#11882=DIRECTION('ref_axis',(-0.707234246981761,0.706979292409715,0.));
#11883=DIRECTION('',(0.707234246981761,-0.706979292409715,0.));
#11884=DIRECTION('',(-0.707234246981761,0.706979292409715,0.));
#11885=DIRECTION('',(0.,0.,-1.));
#11886=DIRECTION('center_axis',(0.,0.,-1.));
#11887=DIRECTION('ref_axis',(0.727553283209927,-0.686051178914851,0.));
#11888=DIRECTION('center_axis',(0.,0.,1.));
#11889=DIRECTION('ref_axis',(-0.745001624204721,-0.667062650680075,0.));
#11890=DIRECTION('center_axis',(0.,0.,-1.));
#11891=DIRECTION('ref_axis',(-0.745001624204721,-0.667062650680075,0.));
#11892=DIRECTION('center_axis',(0.704839292409566,0.70936702198198,0.));
#11893=DIRECTION('ref_axis',(0.70936702198198,-0.704839292409566,0.));
#11894=DIRECTION('',(-0.70936702198198,0.704839292409566,0.));
#11895=DIRECTION('',(0.,0.,-1.));
#11896=DIRECTION('',(0.70936702198198,-0.704839292409566,0.));
#11897=DIRECTION('',(0.,0.,-1.));
#11898=DIRECTION('center_axis',(0.,0.,-1.));
#11899=DIRECTION('ref_axis',(-0.785746159527848,0.61854908680495,0.));
#11900=DIRECTION('center_axis',(0.,0.,1.));
#11901=DIRECTION('ref_axis',(0.849913646959316,0.526921998698399,0.));
#11902=DIRECTION('center_axis',(0.,0.,-1.));
#11903=DIRECTION('ref_axis',(0.849913646959316,0.526921998698399,0.));
#11904=DIRECTION('',(0.,0.,-1.));
#11905=DIRECTION('center_axis',(-0.706979292409715,-0.707234246981761,0.));
#11906=DIRECTION('ref_axis',(-0.707234246981761,0.706979292409715,0.));
#11907=DIRECTION('',(0.707234246981761,-0.706979292409715,0.));
#11908=DIRECTION('',(-0.707234246981761,0.706979292409715,0.));
#11909=DIRECTION('',(0.,0.,-1.));
#11910=DIRECTION('center_axis',(0.,0.,-1.));
#11911=DIRECTION('ref_axis',(0.727553283209927,-0.686051178914851,0.));
#11912=DIRECTION('center_axis',(0.,0.,1.));
#11913=DIRECTION('ref_axis',(-0.745001624204721,-0.667062650680075,0.));
#11914=DIRECTION('center_axis',(0.,0.,-1.));
#11915=DIRECTION('ref_axis',(-0.745001624204721,-0.667062650680075,0.));
#11916=DIRECTION('center_axis',(0.704839292409566,0.70936702198198,0.));
#11917=DIRECTION('ref_axis',(0.70936702198198,-0.704839292409566,0.));
#11918=DIRECTION('',(-0.70936702198198,0.704839292409566,0.));
#11919=DIRECTION('',(0.,0.,-1.));
#11920=DIRECTION('',(0.70936702198198,-0.704839292409566,0.));
#11921=DIRECTION('',(0.,0.,-1.));
#11922=DIRECTION('center_axis',(0.,0.,-1.));
#11923=DIRECTION('ref_axis',(-0.78574615952785,0.618549086804948,0.));
#11924=DIRECTION('center_axis',(0.,0.,1.));
#11925=DIRECTION('ref_axis',(0.849913646959316,0.526921998698399,0.));
#11926=DIRECTION('center_axis',(0.,0.,-1.));
#11927=DIRECTION('ref_axis',(0.849913646959316,0.526921998698399,0.));
#11928=DIRECTION('',(0.,0.,-1.));
#11929=DIRECTION('center_axis',(-0.706979292409715,-0.707234246981761,0.));
#11930=DIRECTION('ref_axis',(-0.707234246981761,0.706979292409715,0.));
#11931=DIRECTION('',(0.707234246981761,-0.706979292409715,0.));
#11932=DIRECTION('',(-0.707234246981761,0.706979292409715,0.));
#11933=DIRECTION('',(0.,0.,-1.));
#11934=DIRECTION('center_axis',(0.,0.,-1.));
#11935=DIRECTION('ref_axis',(0.727553283209927,-0.68605117891485,0.));
#11936=DIRECTION('center_axis',(0.,0.,1.));
#11937=DIRECTION('ref_axis',(-0.745001624204721,-0.667062650680075,0.));
#11938=DIRECTION('center_axis',(0.,0.,-1.));
#11939=DIRECTION('ref_axis',(-0.745001624204721,-0.667062650680075,0.));
#11940=DIRECTION('center_axis',(0.704839292409566,0.70936702198198,0.));
#11941=DIRECTION('ref_axis',(0.70936702198198,-0.704839292409566,0.));
#11942=DIRECTION('',(-0.70936702198198,0.704839292409566,0.));
#11943=DIRECTION('',(0.,0.,-1.));
#11944=DIRECTION('',(0.70936702198198,-0.704839292409566,0.));
#11945=DIRECTION('',(0.,0.,-1.));
#11946=DIRECTION('center_axis',(0.,0.,-1.));
#11947=DIRECTION('ref_axis',(-0.785746159527851,0.618549086804947,0.));
#11948=DIRECTION('center_axis',(0.,0.,1.));
#11949=DIRECTION('ref_axis',(0.849913646959316,0.526921998698399,0.));
#11950=DIRECTION('center_axis',(0.,0.,-1.));
#11951=DIRECTION('ref_axis',(0.849913646959316,0.526921998698399,0.));
#11952=DIRECTION('',(0.,0.,-1.));
#11953=DIRECTION('center_axis',(-0.706979292409715,-0.707234246981761,0.));
#11954=DIRECTION('ref_axis',(-0.707234246981761,0.706979292409715,0.));
#11955=DIRECTION('',(0.707234246981761,-0.706979292409715,0.));
#11956=DIRECTION('',(-0.707234246981761,0.706979292409715,0.));
#11957=DIRECTION('',(0.,0.,-1.));
#11958=DIRECTION('center_axis',(0.,0.,-1.));
#11959=DIRECTION('ref_axis',(0.727553283209926,-0.686051178914852,0.));
#11960=DIRECTION('center_axis',(0.,0.,1.));
#11961=DIRECTION('ref_axis',(-0.745001624204722,-0.667062650680073,0.));
#11962=DIRECTION('center_axis',(0.,0.,-1.));
#11963=DIRECTION('ref_axis',(-0.745001624204722,-0.667062650680073,0.));
#11964=DIRECTION('center_axis',(0.704839292409566,0.70936702198198,0.));
#11965=DIRECTION('ref_axis',(0.70936702198198,-0.704839292409566,0.));
#11966=DIRECTION('',(-0.70936702198198,0.704839292409566,0.));
#11967=DIRECTION('',(0.,0.,-1.));
#11968=DIRECTION('',(0.70936702198198,-0.704839292409566,0.));
#11969=DIRECTION('',(0.,0.,-1.));
#11970=DIRECTION('center_axis',(0.,0.,-1.));
#11971=DIRECTION('ref_axis',(-0.785746159527851,0.618549086804947,0.));
#11972=DIRECTION('center_axis',(0.,0.,1.));
#11973=DIRECTION('ref_axis',(0.849913646959316,0.526921998698399,0.));
#11974=DIRECTION('center_axis',(0.,0.,-1.));
#11975=DIRECTION('ref_axis',(0.849913646959316,0.526921998698399,0.));
#11976=DIRECTION('',(0.,0.,-1.));
#11977=DIRECTION('center_axis',(-0.706979292409715,-0.707234246981761,0.));
#11978=DIRECTION('ref_axis',(-0.707234246981761,0.706979292409715,0.));
#11979=DIRECTION('',(0.707234246981761,-0.706979292409715,0.));
#11980=DIRECTION('',(-0.707234246981761,0.706979292409715,0.));
#11981=DIRECTION('',(0.,0.,-1.));
#11982=DIRECTION('center_axis',(0.,0.,-1.));
#11983=DIRECTION('ref_axis',(0.727553283209925,-0.686051178914853,0.));
#11984=DIRECTION('center_axis',(0.,0.,1.));
#11985=DIRECTION('ref_axis',(-0.745001624204721,-0.667062650680075,0.));
#11986=DIRECTION('center_axis',(0.,0.,-1.));
#11987=DIRECTION('ref_axis',(-0.745001624204721,-0.667062650680075,0.));
#11988=DIRECTION('center_axis',(0.704839292409566,0.70936702198198,0.));
#11989=DIRECTION('ref_axis',(0.70936702198198,-0.704839292409566,0.));
#11990=DIRECTION('',(-0.70936702198198,0.704839292409566,0.));
#11991=DIRECTION('',(0.,0.,-1.));
#11992=DIRECTION('',(0.70936702198198,-0.704839292409566,0.));
#11993=DIRECTION('',(0.,0.,-1.));
#11994=DIRECTION('center_axis',(0.,0.,-1.));
#11995=DIRECTION('ref_axis',(-0.785746159527851,0.618549086804947,0.));
#11996=DIRECTION('center_axis',(0.,0.,1.));
#11997=DIRECTION('ref_axis',(0.849913646959316,0.526921998698399,0.));
#11998=DIRECTION('center_axis',(0.,0.,-1.));
#11999=DIRECTION('ref_axis',(0.849913646959316,0.526921998698399,0.));
#12000=DIRECTION('',(0.,0.,-1.));
#12001=DIRECTION('center_axis',(-0.706979292409715,-0.707234246981761,0.));
#12002=DIRECTION('ref_axis',(-0.707234246981761,0.706979292409715,0.));
#12003=DIRECTION('',(0.707234246981761,-0.706979292409715,0.));
#12004=DIRECTION('',(-0.707234246981761,0.706979292409715,0.));
#12005=DIRECTION('',(0.,0.,-1.));
#12006=DIRECTION('center_axis',(0.,0.,-1.));
#12007=DIRECTION('ref_axis',(0.727553283209925,-0.686051178914853,0.));
#12008=DIRECTION('center_axis',(0.,0.,1.));
#12009=DIRECTION('ref_axis',(-0.745001624204721,-0.667062650680075,0.));
#12010=DIRECTION('center_axis',(0.,0.,-1.));
#12011=DIRECTION('ref_axis',(-0.745001624204721,-0.667062650680075,0.));
#12012=DIRECTION('center_axis',(0.704839292409566,0.70936702198198,0.));
#12013=DIRECTION('ref_axis',(0.70936702198198,-0.704839292409566,0.));
#12014=DIRECTION('',(-0.70936702198198,0.704839292409566,0.));
#12015=DIRECTION('',(0.,0.,-1.));
#12016=DIRECTION('',(0.70936702198198,-0.704839292409566,0.));
#12017=DIRECTION('',(0.,0.,-1.));
#12018=DIRECTION('center_axis',(0.,0.,-1.));
#12019=DIRECTION('ref_axis',(-0.785746159527851,0.618549086804947,0.));
#12020=DIRECTION('center_axis',(0.,0.,1.));
#12021=DIRECTION('ref_axis',(0.849913646959316,0.526921998698399,0.));
#12022=DIRECTION('center_axis',(0.,0.,-1.));
#12023=DIRECTION('ref_axis',(0.849913646959316,0.526921998698399,0.));
#12024=DIRECTION('',(0.,0.,-1.));
#12025=DIRECTION('center_axis',(-0.706979292409715,-0.707234246981761,0.));
#12026=DIRECTION('ref_axis',(-0.707234246981761,0.706979292409715,0.));
#12027=DIRECTION('',(0.707234246981761,-0.706979292409715,0.));
#12028=DIRECTION('',(-0.707234246981761,0.706979292409715,0.));
#12029=DIRECTION('',(0.,0.,-1.));
#12030=DIRECTION('center_axis',(0.,0.,-1.));
#12031=DIRECTION('ref_axis',(0.727553283209926,-0.686051178914852,0.));
#12032=DIRECTION('center_axis',(0.,0.,1.));
#12033=DIRECTION('ref_axis',(-0.745001624204722,-0.667062650680073,0.));
#12034=DIRECTION('center_axis',(0.,0.,-1.));
#12035=DIRECTION('ref_axis',(-0.745001624204722,-0.667062650680073,0.));
#12036=DIRECTION('center_axis',(0.704839292409566,0.70936702198198,0.));
#12037=DIRECTION('ref_axis',(0.70936702198198,-0.704839292409566,0.));
#12038=DIRECTION('',(-0.70936702198198,0.704839292409566,0.));
#12039=DIRECTION('',(0.,0.,-1.));
#12040=DIRECTION('',(0.70936702198198,-0.704839292409566,0.));
#12041=DIRECTION('',(0.,0.,-1.));
#12042=DIRECTION('center_axis',(0.,0.,-1.));
#12043=DIRECTION('ref_axis',(-0.785746159527851,0.618549086804947,0.));
#12044=DIRECTION('center_axis',(0.,0.,1.));
#12045=DIRECTION('ref_axis',(0.849913646959316,0.526921998698399,0.));
#12046=DIRECTION('center_axis',(0.,0.,-1.));
#12047=DIRECTION('ref_axis',(0.849913646959316,0.526921998698399,0.));
#12048=DIRECTION('',(0.,0.,-1.));
#12049=DIRECTION('center_axis',(-0.706979292409715,-0.707234246981761,0.));
#12050=DIRECTION('ref_axis',(-0.707234246981761,0.706979292409715,0.));
#12051=DIRECTION('',(0.707234246981761,-0.706979292409715,0.));
#12052=DIRECTION('',(-0.707234246981761,0.706979292409715,0.));
#12053=DIRECTION('',(0.,0.,-1.));
#12054=DIRECTION('center_axis',(0.,0.,-1.));
#12055=DIRECTION('ref_axis',(0.727553283209925,-0.686051178914853,0.));
#12056=DIRECTION('center_axis',(0.,0.,1.));
#12057=DIRECTION('ref_axis',(-0.745001624204721,-0.667062650680075,0.));
#12058=DIRECTION('center_axis',(0.,0.,-1.));
#12059=DIRECTION('ref_axis',(-0.745001624204721,-0.667062650680075,0.));
#12060=DIRECTION('center_axis',(0.704839292409566,0.70936702198198,0.));
#12061=DIRECTION('ref_axis',(0.70936702198198,-0.704839292409566,0.));
#12062=DIRECTION('',(-0.70936702198198,0.704839292409566,0.));
#12063=DIRECTION('',(0.,0.,-1.));
#12064=DIRECTION('',(0.70936702198198,-0.704839292409566,0.));
#12065=DIRECTION('',(0.,0.,-1.));
#12066=DIRECTION('center_axis',(0.,0.,-1.));
#12067=DIRECTION('ref_axis',(-0.785746159527851,0.618549086804947,0.));
#12068=DIRECTION('center_axis',(0.,0.,1.));
#12069=DIRECTION('ref_axis',(0.849913646959316,0.526921998698399,0.));
#12070=DIRECTION('center_axis',(0.,0.,-1.));
#12071=DIRECTION('ref_axis',(0.849913646959316,0.526921998698399,0.));
#12072=DIRECTION('',(0.,0.,-1.));
#12073=DIRECTION('center_axis',(-0.706979292409715,-0.707234246981761,0.));
#12074=DIRECTION('ref_axis',(-0.707234246981761,0.706979292409715,0.));
#12075=DIRECTION('',(0.707234246981761,-0.706979292409715,0.));
#12076=DIRECTION('',(-0.707234246981761,0.706979292409715,0.));
#12077=DIRECTION('',(0.,0.,-1.));
#12078=DIRECTION('center_axis',(0.,0.,-1.));
#12079=DIRECTION('ref_axis',(0.727553283209925,-0.686051178914853,0.));
#12080=DIRECTION('center_axis',(0.,0.,1.));
#12081=DIRECTION('ref_axis',(-0.745001624204721,-0.667062650680075,0.));
#12082=DIRECTION('center_axis',(0.,0.,-1.));
#12083=DIRECTION('ref_axis',(-0.745001624204721,-0.667062650680075,0.));
#12084=DIRECTION('center_axis',(-0.706979292409715,-0.707234246981761,0.));
#12085=DIRECTION('ref_axis',(-0.707234246981761,0.706979292409715,0.));
#12086=DIRECTION('',(0.707234246981761,-0.706979292409715,0.));
#12087=DIRECTION('',(0.,0.,-1.));
#12088=DIRECTION('',(-0.707234246981761,0.706979292409715,0.));
#12089=DIRECTION('',(0.,0.,-1.));
#12090=DIRECTION('center_axis',(0.,0.,-1.));
#12091=DIRECTION('ref_axis',(0.727553283209926,-0.686051178914851,0.));
#12092=DIRECTION('center_axis',(0.,0.,1.));
#12093=DIRECTION('ref_axis',(-0.745001624204722,-0.667062650680073,0.));
#12094=DIRECTION('center_axis',(0.,0.,-1.));
#12095=DIRECTION('ref_axis',(-0.745001624204722,-0.667062650680073,0.));
#12096=DIRECTION('',(0.,0.,-1.));
#12097=DIRECTION('center_axis',(0.704839292409566,0.70936702198198,0.));
#12098=DIRECTION('ref_axis',(0.70936702198198,-0.704839292409566,0.));
#12099=DIRECTION('',(-0.70936702198198,0.704839292409566,0.));
#12100=DIRECTION('',(0.70936702198198,-0.704839292409566,0.));
#12101=DIRECTION('',(0.,0.,-1.));
#12102=DIRECTION('center_axis',(0.,0.,-1.));
#12103=DIRECTION('ref_axis',(-0.78574615952785,0.618549086804948,0.));
#12104=DIRECTION('center_axis',(0.,0.,1.));
#12105=DIRECTION('ref_axis',(0.849913646959316,0.526921998698399,0.));
#12106=DIRECTION('center_axis',(0.,0.,-1.));
#12107=DIRECTION('ref_axis',(0.849913646959316,0.526921998698399,0.));
#12108=DIRECTION('center_axis',(0.704839292409566,0.70936702198198,0.));
#12109=DIRECTION('ref_axis',(0.70936702198198,-0.704839292409566,0.));
#12110=DIRECTION('',(-0.70936702198198,0.704839292409566,0.));
#12111=DIRECTION('',(0.,0.,-1.));
#12112=DIRECTION('',(0.70936702198198,-0.704839292409566,0.));
#12113=DIRECTION('',(0.,0.,-1.));
#12114=DIRECTION('center_axis',(0.,0.,-1.));
#12115=DIRECTION('ref_axis',(-0.785746159527851,0.618549086804947,0.));
#12116=DIRECTION('center_axis',(0.,0.,1.));
#12117=DIRECTION('ref_axis',(0.849913646959316,0.526921998698399,0.));
#12118=DIRECTION('center_axis',(0.,0.,-1.));
#12119=DIRECTION('ref_axis',(0.849913646959316,0.526921998698399,0.));
#12120=DIRECTION('',(0.,0.,-1.));
#12121=DIRECTION('center_axis',(-0.706979292409715,-0.707234246981761,0.));
#12122=DIRECTION('ref_axis',(-0.707234246981761,0.706979292409715,0.));
#12123=DIRECTION('',(0.707234246981761,-0.706979292409715,0.));
#12124=DIRECTION('',(-0.707234246981761,0.706979292409715,0.));
#12125=DIRECTION('',(0.,0.,-1.));
#12126=DIRECTION('center_axis',(0.,0.,-1.));
#12127=DIRECTION('ref_axis',(0.727553283209925,-0.686051178914853,0.));
#12128=DIRECTION('center_axis',(0.,0.,1.));
#12129=DIRECTION('ref_axis',(-0.745001624204721,-0.667062650680075,0.));
#12130=DIRECTION('center_axis',(0.,0.,-1.));
#12131=DIRECTION('ref_axis',(-0.745001624204721,-0.667062650680075,0.));
#12132=DIRECTION('center_axis',(0.704839292409566,0.70936702198198,0.));
#12133=DIRECTION('ref_axis',(0.70936702198198,-0.704839292409566,0.));
#12134=DIRECTION('',(-0.70936702198198,0.704839292409566,0.));
#12135=DIRECTION('',(0.,0.,-1.));
#12136=DIRECTION('',(0.70936702198198,-0.704839292409566,0.));
#12137=DIRECTION('',(0.,0.,-1.));
#12138=DIRECTION('center_axis',(0.,0.,-1.));
#12139=DIRECTION('ref_axis',(-0.78574615952785,0.618549086804948,0.));
#12140=DIRECTION('center_axis',(0.,0.,1.));
#12141=DIRECTION('ref_axis',(0.849913646959318,0.526921998698396,0.));
#12142=DIRECTION('center_axis',(0.,0.,-1.));
#12143=DIRECTION('ref_axis',(0.849913646959318,0.526921998698396,0.));
#12144=DIRECTION('',(0.,0.,-1.));
#12145=DIRECTION('center_axis',(-0.706979292409715,-0.707234246981761,0.));
#12146=DIRECTION('ref_axis',(-0.707234246981761,0.706979292409715,0.));
#12147=DIRECTION('',(0.707234246981761,-0.706979292409715,0.));
#12148=DIRECTION('',(-0.707234246981761,0.706979292409715,0.));
#12149=DIRECTION('',(0.,0.,-1.));
#12150=DIRECTION('center_axis',(0.,0.,-1.));
#12151=DIRECTION('ref_axis',(0.727553283209925,-0.686051178914852,0.));
#12152=DIRECTION('center_axis',(0.,0.,1.));
#12153=DIRECTION('ref_axis',(-0.745001624204721,-0.667062650680075,0.));
#12154=DIRECTION('center_axis',(0.,0.,-1.));
#12155=DIRECTION('ref_axis',(-0.745001624204721,-0.667062650680075,0.));
#12156=DIRECTION('center_axis',(0.704839292409566,0.70936702198198,0.));
#12157=DIRECTION('ref_axis',(0.70936702198198,-0.704839292409566,0.));
#12158=DIRECTION('',(-0.70936702198198,0.704839292409566,0.));
#12159=DIRECTION('',(0.,0.,-1.));
#12160=DIRECTION('',(0.70936702198198,-0.704839292409566,0.));
#12161=DIRECTION('',(0.,0.,-1.));
#12162=DIRECTION('center_axis',(0.,0.,-1.));
#12163=DIRECTION('ref_axis',(-0.785746159527851,0.618549086804947,0.));
#12164=DIRECTION('center_axis',(0.,0.,1.));
#12165=DIRECTION('ref_axis',(0.849913646959316,0.526921998698399,0.));
#12166=DIRECTION('center_axis',(0.,0.,-1.));
#12167=DIRECTION('ref_axis',(0.849913646959316,0.526921998698399,0.));
#12168=DIRECTION('',(0.,0.,-1.));
#12169=DIRECTION('center_axis',(-0.706979292409715,-0.707234246981761,0.));
#12170=DIRECTION('ref_axis',(-0.707234246981761,0.706979292409715,0.));
#12171=DIRECTION('',(0.707234246981761,-0.706979292409715,0.));
#12172=DIRECTION('',(-0.707234246981761,0.706979292409715,0.));
#12173=DIRECTION('',(0.,0.,-1.));
#12174=DIRECTION('center_axis',(0.,0.,-1.));
#12175=DIRECTION('ref_axis',(0.727553283209927,-0.686051178914851,0.));
#12176=DIRECTION('center_axis',(0.,0.,1.));
#12177=DIRECTION('ref_axis',(-0.745001624204721,-0.667062650680075,0.));
#12178=DIRECTION('center_axis',(0.,0.,-1.));
#12179=DIRECTION('ref_axis',(-0.745001624204721,-0.667062650680075,0.));
#12180=DIRECTION('center_axis',(0.704839292409566,0.70936702198198,0.));
#12181=DIRECTION('ref_axis',(0.70936702198198,-0.704839292409566,0.));
#12182=DIRECTION('',(-0.70936702198198,0.704839292409566,0.));
#12183=DIRECTION('',(0.,0.,-1.));
#12184=DIRECTION('',(0.70936702198198,-0.704839292409566,0.));
#12185=DIRECTION('',(0.,0.,-1.));
#12186=DIRECTION('center_axis',(0.,0.,-1.));
#12187=DIRECTION('ref_axis',(-0.78574615952785,0.618549086804948,0.));
#12188=DIRECTION('center_axis',(0.,0.,1.));
#12189=DIRECTION('ref_axis',(0.849913646959316,0.526921998698399,0.));
#12190=DIRECTION('center_axis',(0.,0.,-1.));
#12191=DIRECTION('ref_axis',(0.849913646959316,0.526921998698399,0.));
#12192=DIRECTION('',(0.,0.,-1.));
#12193=DIRECTION('center_axis',(-0.706979292409715,-0.707234246981761,0.));
#12194=DIRECTION('ref_axis',(-0.707234246981761,0.706979292409715,0.));
#12195=DIRECTION('',(0.707234246981761,-0.706979292409715,0.));
#12196=DIRECTION('',(-0.707234246981761,0.706979292409715,0.));
#12197=DIRECTION('',(0.,0.,-1.));
#12198=DIRECTION('center_axis',(0.,0.,-1.));
#12199=DIRECTION('ref_axis',(0.727553283209927,-0.68605117891485,0.));
#12200=DIRECTION('center_axis',(0.,0.,1.));
#12201=DIRECTION('ref_axis',(-0.745001624204721,-0.667062650680075,0.));
#12202=DIRECTION('center_axis',(0.,0.,-1.));
#12203=DIRECTION('ref_axis',(-0.745001624204721,-0.667062650680075,0.));
#12204=DIRECTION('center_axis',(0.704839292409566,0.70936702198198,0.));
#12205=DIRECTION('ref_axis',(0.70936702198198,-0.704839292409566,0.));
#12206=DIRECTION('',(-0.70936702198198,0.704839292409566,0.));
#12207=DIRECTION('',(0.,0.,-1.));
#12208=DIRECTION('',(0.70936702198198,-0.704839292409566,0.));
#12209=DIRECTION('',(0.,0.,-1.));
#12210=DIRECTION('center_axis',(0.,0.,-1.));
#12211=DIRECTION('ref_axis',(-0.785746159527848,0.61854908680495,0.));
#12212=DIRECTION('center_axis',(0.,0.,1.));
#12213=DIRECTION('ref_axis',(0.849913646959316,0.526921998698399,0.));
#12214=DIRECTION('center_axis',(0.,0.,-1.));
#12215=DIRECTION('ref_axis',(0.849913646959316,0.526921998698399,0.));
#12216=DIRECTION('',(0.,0.,-1.));
#12217=DIRECTION('center_axis',(-0.706979292409715,-0.707234246981761,0.));
#12218=DIRECTION('ref_axis',(-0.707234246981761,0.706979292409715,0.));
#12219=DIRECTION('',(0.707234246981761,-0.706979292409715,0.));
#12220=DIRECTION('',(-0.707234246981761,0.706979292409715,0.));
#12221=DIRECTION('',(0.,0.,-1.));
#12222=DIRECTION('center_axis',(0.,0.,-1.));
#12223=DIRECTION('ref_axis',(0.727553283209925,-0.686051178914852,0.));
#12224=DIRECTION('center_axis',(0.,0.,1.));
#12225=DIRECTION('ref_axis',(-0.745001624204721,-0.667062650680075,0.));
#12226=DIRECTION('center_axis',(0.,0.,-1.));
#12227=DIRECTION('ref_axis',(-0.745001624204721,-0.667062650680075,0.));
#12228=DIRECTION('center_axis',(0.704839292409566,0.70936702198198,0.));
#12229=DIRECTION('ref_axis',(0.70936702198198,-0.704839292409566,0.));
#12230=DIRECTION('',(-0.70936702198198,0.704839292409566,0.));
#12231=DIRECTION('',(0.,0.,-1.));
#12232=DIRECTION('',(0.70936702198198,-0.704839292409566,0.));
#12233=DIRECTION('',(0.,0.,-1.));
#12234=DIRECTION('center_axis',(0.,0.,-1.));
#12235=DIRECTION('ref_axis',(-0.785746159527849,0.618549086804949,0.));
#12236=DIRECTION('center_axis',(0.,0.,1.));
#12237=DIRECTION('ref_axis',(0.849913646959316,0.526921998698399,0.));
#12238=DIRECTION('center_axis',(0.,0.,-1.));
#12239=DIRECTION('ref_axis',(0.849913646959316,0.526921998698399,0.));
#12240=DIRECTION('',(0.,0.,-1.));
#12241=DIRECTION('center_axis',(-0.706979292409715,-0.707234246981761,0.));
#12242=DIRECTION('ref_axis',(-0.707234246981761,0.706979292409715,0.));
#12243=DIRECTION('',(0.707234246981761,-0.706979292409715,0.));
#12244=DIRECTION('',(-0.707234246981761,0.706979292409715,0.));
#12245=DIRECTION('',(0.,0.,-1.));
#12246=DIRECTION('center_axis',(0.,0.,-1.));
#12247=DIRECTION('ref_axis',(0.727553283209926,-0.686051178914852,0.));
#12248=DIRECTION('center_axis',(0.,0.,1.));
#12249=DIRECTION('ref_axis',(-0.745001624204722,-0.667062650680073,0.));
#12250=DIRECTION('center_axis',(0.,0.,-1.));
#12251=DIRECTION('ref_axis',(-0.745001624204722,-0.667062650680073,0.));
#12252=DIRECTION('center_axis',(0.704839292409566,0.70936702198198,0.));
#12253=DIRECTION('ref_axis',(0.70936702198198,-0.704839292409566,0.));
#12254=DIRECTION('',(-0.70936702198198,0.704839292409566,0.));
#12255=DIRECTION('',(0.,0.,-1.));
#12256=DIRECTION('',(0.70936702198198,-0.704839292409566,0.));
#12257=DIRECTION('',(0.,0.,-1.));
#12258=DIRECTION('center_axis',(0.,0.,-1.));
#12259=DIRECTION('ref_axis',(-0.78574615952785,0.618549086804948,0.));
#12260=DIRECTION('center_axis',(0.,0.,1.));
#12261=DIRECTION('ref_axis',(0.849913646959318,0.526921998698396,0.));
#12262=DIRECTION('center_axis',(0.,0.,-1.));
#12263=DIRECTION('ref_axis',(0.849913646959318,0.526921998698396,0.));
#12264=DIRECTION('',(0.,0.,-1.));
#12265=DIRECTION('center_axis',(-0.706979292409715,-0.707234246981761,0.));
#12266=DIRECTION('ref_axis',(-0.707234246981761,0.706979292409715,0.));
#12267=DIRECTION('',(0.707234246981761,-0.706979292409715,0.));
#12268=DIRECTION('',(-0.707234246981761,0.706979292409715,0.));
#12269=DIRECTION('',(0.,0.,-1.));
#12270=DIRECTION('center_axis',(0.,0.,-1.));
#12271=DIRECTION('ref_axis',(0.727553283209925,-0.686051178914852,0.));
#12272=DIRECTION('center_axis',(0.,0.,1.));
#12273=DIRECTION('ref_axis',(-0.745001624204721,-0.667062650680075,0.));
#12274=DIRECTION('center_axis',(0.,0.,-1.));
#12275=DIRECTION('ref_axis',(-0.745001624204721,-0.667062650680075,0.));
#12276=DIRECTION('center_axis',(0.704839292409566,0.70936702198198,0.));
#12277=DIRECTION('ref_axis',(0.70936702198198,-0.704839292409566,0.));
#12278=DIRECTION('',(-0.70936702198198,0.704839292409566,0.));
#12279=DIRECTION('',(0.,0.,-1.));
#12280=DIRECTION('',(0.70936702198198,-0.704839292409566,0.));
#12281=DIRECTION('',(0.,0.,-1.));
#12282=DIRECTION('center_axis',(0.,0.,-1.));
#12283=DIRECTION('ref_axis',(-0.78574615952785,0.618549086804948,0.));
#12284=DIRECTION('center_axis',(0.,0.,1.));
#12285=DIRECTION('ref_axis',(0.849913646959318,0.526921998698396,0.));
#12286=DIRECTION('center_axis',(0.,0.,-1.));
#12287=DIRECTION('ref_axis',(0.849913646959318,0.526921998698396,0.));
#12288=DIRECTION('',(0.,0.,-1.));
#12289=DIRECTION('center_axis',(-0.706979292409715,-0.707234246981761,0.));
#12290=DIRECTION('ref_axis',(-0.707234246981761,0.706979292409715,0.));
#12291=DIRECTION('',(0.707234246981761,-0.706979292409715,0.));
#12292=DIRECTION('',(-0.707234246981761,0.706979292409715,0.));
#12293=DIRECTION('',(0.,0.,-1.));
#12294=DIRECTION('center_axis',(0.,0.,-1.));
#12295=DIRECTION('ref_axis',(0.727553283209925,-0.686051178914853,0.));
#12296=DIRECTION('center_axis',(0.,0.,1.));
#12297=DIRECTION('ref_axis',(-0.745001624204721,-0.667062650680075,0.));
#12298=DIRECTION('center_axis',(0.,0.,-1.));
#12299=DIRECTION('ref_axis',(-0.745001624204721,-0.667062650680075,0.));
#12300=DIRECTION('center_axis',(0.704839292409566,0.70936702198198,0.));
#12301=DIRECTION('ref_axis',(0.70936702198198,-0.704839292409566,0.));
#12302=DIRECTION('',(-0.70936702198198,0.704839292409566,0.));
#12303=DIRECTION('',(0.,0.,-1.));
#12304=DIRECTION('',(0.70936702198198,-0.704839292409566,0.));
#12305=DIRECTION('',(0.,0.,-1.));
#12306=DIRECTION('center_axis',(0.,0.,-1.));
#12307=DIRECTION('ref_axis',(-0.78574615952785,0.618549086804948,0.));
#12308=DIRECTION('center_axis',(0.,0.,1.));
#12309=DIRECTION('ref_axis',(0.849913646959318,0.526921998698396,0.));
#12310=DIRECTION('center_axis',(0.,0.,-1.));
#12311=DIRECTION('ref_axis',(0.849913646959318,0.526921998698396,0.));
#12312=DIRECTION('',(0.,0.,-1.));
#12313=DIRECTION('center_axis',(-0.706979292409715,-0.707234246981761,0.));
#12314=DIRECTION('ref_axis',(-0.707234246981761,0.706979292409715,0.));
#12315=DIRECTION('',(0.707234246981761,-0.706979292409715,0.));
#12316=DIRECTION('',(-0.707234246981761,0.706979292409715,0.));
#12317=DIRECTION('',(0.,0.,-1.));
#12318=DIRECTION('center_axis',(0.,0.,-1.));
#12319=DIRECTION('ref_axis',(0.727553283209925,-0.686051178914852,0.));
#12320=DIRECTION('center_axis',(0.,0.,1.));
#12321=DIRECTION('ref_axis',(-0.745001624204721,-0.667062650680075,0.));
#12322=DIRECTION('center_axis',(0.,0.,-1.));
#12323=DIRECTION('ref_axis',(-0.745001624204721,-0.667062650680075,0.));
#12324=DIRECTION('center_axis',(0.704839292409566,0.70936702198198,0.));
#12325=DIRECTION('ref_axis',(0.70936702198198,-0.704839292409566,0.));
#12326=DIRECTION('',(-0.70936702198198,0.704839292409566,0.));
#12327=DIRECTION('',(0.,0.,-1.));
#12328=DIRECTION('',(0.70936702198198,-0.704839292409566,0.));
#12329=DIRECTION('',(0.,0.,-1.));
#12330=DIRECTION('center_axis',(0.,0.,-1.));
#12331=DIRECTION('ref_axis',(-0.78574615952785,0.618549086804948,0.));
#12332=DIRECTION('center_axis',(0.,0.,1.));
#12333=DIRECTION('ref_axis',(0.849913646959318,0.526921998698396,0.));
#12334=DIRECTION('center_axis',(0.,0.,-1.));
#12335=DIRECTION('ref_axis',(0.849913646959318,0.526921998698396,0.));
#12336=DIRECTION('',(0.,0.,-1.));
#12337=DIRECTION('center_axis',(-0.706979292409715,-0.707234246981761,0.));
#12338=DIRECTION('ref_axis',(-0.707234246981761,0.706979292409715,0.));
#12339=DIRECTION('',(0.707234246981761,-0.706979292409715,0.));
#12340=DIRECTION('',(-0.707234246981761,0.706979292409715,0.));
#12341=DIRECTION('',(0.,0.,-1.));
#12342=DIRECTION('center_axis',(0.,0.,-1.));
#12343=DIRECTION('ref_axis',(0.727553283209925,-0.686051178914853,0.));
#12344=DIRECTION('center_axis',(0.,0.,1.));
#12345=DIRECTION('ref_axis',(-0.745001624204721,-0.667062650680075,0.));
#12346=DIRECTION('center_axis',(0.,0.,-1.));
#12347=DIRECTION('ref_axis',(-0.745001624204721,-0.667062650680075,0.));
#12348=DIRECTION('center_axis',(-0.706979292409715,-0.707234246981761,0.));
#12349=DIRECTION('ref_axis',(-0.707234246981761,0.706979292409715,0.));
#12350=DIRECTION('',(-0.707234246981761,0.706979292409715,0.));
#12351=DIRECTION('',(0.,0.,-1.));
#12352=DIRECTION('',(0.707234246981761,-0.706979292409715,0.));
#12353=DIRECTION('',(0.,0.,-1.));
#12354=DIRECTION('center_axis',(0.,0.,-1.));
#12355=DIRECTION('ref_axis',(0.727553283209925,-0.686051178914853,0.));
#12356=DIRECTION('center_axis',(0.,0.,-1.));
#12357=DIRECTION('ref_axis',(-0.745001624204721,-0.667062650680075,0.));
#12358=DIRECTION('',(0.,0.,-1.));
#12359=DIRECTION('center_axis',(0.,0.,1.));
#12360=DIRECTION('ref_axis',(-0.745001624204721,-0.667062650680075,0.));
#12361=DIRECTION('center_axis',(0.704839292409566,0.70936702198198,0.));
#12362=DIRECTION('ref_axis',(0.70936702198198,-0.704839292409566,0.));
#12363=DIRECTION('',(0.70936702198198,-0.704839292409566,0.));
#12364=DIRECTION('',(0.,0.,-1.));
#12365=DIRECTION('',(-0.70936702198198,0.704839292409566,0.));
#12366=DIRECTION('center_axis',(0.,0.,-1.));
#12367=DIRECTION('ref_axis',(-0.78574615952785,0.618549086804948,0.));
#12368=DIRECTION('center_axis',(0.,0.,-1.));
#12369=DIRECTION('ref_axis',(0.849913646959318,0.526921998698396,0.));
#12370=DIRECTION('center_axis',(0.,0.,1.));
#12371=DIRECTION('ref_axis',(0.849913646959318,0.526921998698396,0.));
#12372=DIRECTION('center_axis',(1.,0.,0.));
#12373=DIRECTION('ref_axis',(0.,0.,-1.));
#12374=DIRECTION('',(0.,-1.,0.));
#12375=DIRECTION('',(0.,0.,1.));
#12376=DIRECTION('',(0.,1.,0.));
#12377=DIRECTION('',(0.,0.,-1.));
#12378=DIRECTION('center_axis',(1.,0.,0.));
#12379=DIRECTION('ref_axis',(0.,0.,-1.));
#12380=DIRECTION('',(0.,-1.,0.));
#12381=DIRECTION('',(0.,0.,1.));
#12382=DIRECTION('',(0.,1.,0.));
#12383=DIRECTION('',(0.,0.,-1.));
#12384=DIRECTION('center_axis',(1.,0.,0.));
#12385=DIRECTION('ref_axis',(0.,0.,-1.));
#12386=DIRECTION('',(0.,-1.,0.));
#12387=DIRECTION('',(0.,0.,1.));
#12388=DIRECTION('',(0.,1.,0.));
#12389=DIRECTION('',(0.,0.,-1.));
#12390=DIRECTION('center_axis',(1.,0.,0.));
#12391=DIRECTION('ref_axis',(0.,0.,-1.));
#12392=DIRECTION('',(0.,-1.,0.));
#12393=DIRECTION('',(0.,0.,1.));
#12394=DIRECTION('',(0.,1.,0.));
#12395=DIRECTION('',(0.,0.,-1.));
#12396=DIRECTION('center_axis',(1.,0.,0.));
#12397=DIRECTION('ref_axis',(0.,0.,-1.));
#12398=DIRECTION('',(0.,-1.,0.));
#12399=DIRECTION('',(0.,0.,1.));
#12400=DIRECTION('',(0.,1.,0.));
#12401=DIRECTION('',(0.,0.,-1.));
#12402=DIRECTION('center_axis',(1.,0.,0.));
#12403=DIRECTION('ref_axis',(0.,0.,-1.));
#12404=DIRECTION('',(0.,-1.,0.));
#12405=DIRECTION('',(0.,0.,1.));
#12406=DIRECTION('',(0.,1.,0.));
#12407=DIRECTION('',(0.,0.,-1.));
#12408=DIRECTION('center_axis',(1.,0.,0.));
#12409=DIRECTION('ref_axis',(0.,0.,-1.));
#12410=DIRECTION('',(0.,-1.,0.));
#12411=DIRECTION('',(0.,0.,1.));
#12412=DIRECTION('',(0.,1.,0.));
#12413=DIRECTION('',(0.,0.,-1.));
#12414=DIRECTION('center_axis',(1.,0.,0.));
#12415=DIRECTION('ref_axis',(0.,0.,-1.));
#12416=DIRECTION('',(0.,-1.,0.));
#12417=DIRECTION('',(0.,0.,1.));
#12418=DIRECTION('',(0.,1.,0.));
#12419=DIRECTION('',(0.,0.,-1.));
#12420=DIRECTION('center_axis',(1.,0.,0.));
#12421=DIRECTION('ref_axis',(0.,0.,-1.));
#12422=DIRECTION('',(0.,-1.,0.));
#12423=DIRECTION('',(0.,0.,1.));
#12424=DIRECTION('',(0.,1.,0.));
#12425=DIRECTION('',(0.,0.,-1.));
#12426=DIRECTION('center_axis',(1.,0.,0.));
#12427=DIRECTION('ref_axis',(0.,0.,-1.));
#12428=DIRECTION('',(0.,-1.,0.));
#12429=DIRECTION('',(0.,0.,1.));
#12430=DIRECTION('',(0.,1.,0.));
#12431=DIRECTION('',(0.,0.,-1.));
#12432=DIRECTION('center_axis',(1.,0.,0.));
#12433=DIRECTION('ref_axis',(0.,0.,-1.));
#12434=DIRECTION('',(0.,-1.,0.));
#12435=DIRECTION('',(0.,0.,1.));
#12436=DIRECTION('',(0.,1.,0.));
#12437=DIRECTION('',(0.,0.,-1.));
#12438=DIRECTION('center_axis',(1.,0.,0.));
#12439=DIRECTION('ref_axis',(0.,0.,-1.));
#12440=DIRECTION('',(0.,-1.,0.));
#12441=DIRECTION('',(0.,0.,1.));
#12442=DIRECTION('',(0.,1.,0.));
#12443=DIRECTION('',(0.,0.,-1.));
#12444=DIRECTION('center_axis',(1.,0.,0.));
#12445=DIRECTION('ref_axis',(0.,0.,-1.));
#12446=DIRECTION('',(0.,-1.,0.));
#12447=DIRECTION('',(0.,0.,1.));
#12448=DIRECTION('',(0.,1.,0.));
#12449=DIRECTION('',(0.,0.,-1.));
#12450=DIRECTION('center_axis',(1.,0.,0.));
#12451=DIRECTION('ref_axis',(0.,0.,-1.));
#12452=DIRECTION('',(0.,-1.,0.));
#12453=DIRECTION('',(0.,0.,1.));
#12454=DIRECTION('',(0.,1.,0.));
#12455=DIRECTION('',(0.,0.,-1.));
#12456=DIRECTION('center_axis',(1.,0.,0.));
#12457=DIRECTION('ref_axis',(0.,0.,-1.));
#12458=DIRECTION('',(0.,-1.,0.));
#12459=DIRECTION('',(0.,0.,1.));
#12460=DIRECTION('',(0.,1.,0.));
#12461=DIRECTION('',(0.,0.,-1.));
#12462=DIRECTION('center_axis',(1.,0.,0.));
#12463=DIRECTION('ref_axis',(0.,0.,-1.));
#12464=DIRECTION('',(0.,-1.,0.));
#12465=DIRECTION('',(0.,0.,1.));
#12466=DIRECTION('',(0.,1.,0.));
#12467=DIRECTION('',(0.,0.,-1.));
#12468=DIRECTION('center_axis',(1.,0.,0.));
#12469=DIRECTION('ref_axis',(0.,0.,-1.));
#12470=DIRECTION('',(0.,-1.,0.));
#12471=DIRECTION('',(0.,0.,1.));
#12472=DIRECTION('',(0.,1.,0.));
#12473=DIRECTION('',(0.,0.,-1.));
#12474=DIRECTION('center_axis',(0.,1.,0.));
#12475=DIRECTION('ref_axis',(0.,0.,1.));
#12476=DIRECTION('',(1.,0.,0.));
#12477=DIRECTION('',(0.,0.,-1.));
#12478=DIRECTION('',(-1.,0.,0.));
#12479=DIRECTION('center_axis',(0.,-1.,0.));
#12480=DIRECTION('ref_axis',(0.,0.,-1.));
#12481=DIRECTION('',(1.,0.,0.));
#12482=DIRECTION('',(0.,0.,1.));
#12483=DIRECTION('',(-1.,0.,0.));
#12484=DIRECTION('center_axis',(0.,1.,0.));
#12485=DIRECTION('ref_axis',(0.,0.,1.));
#12486=DIRECTION('',(1.,0.,0.));
#12487=DIRECTION('',(0.,0.,-1.));
#12488=DIRECTION('',(-1.,0.,0.));
#12489=DIRECTION('center_axis',(0.,-1.,0.));
#12490=DIRECTION('ref_axis',(0.,0.,-1.));
#12491=DIRECTION('',(1.,0.,0.));
#12492=DIRECTION('',(0.,0.,1.));
#12493=DIRECTION('',(-1.,0.,0.));
#12494=DIRECTION('center_axis',(0.,1.,0.));
#12495=DIRECTION('ref_axis',(0.,0.,1.));
#12496=DIRECTION('',(1.,0.,0.));
#12497=DIRECTION('',(0.,0.,-1.));
#12498=DIRECTION('',(-1.,0.,0.));
#12499=DIRECTION('center_axis',(0.,-1.,0.));
#12500=DIRECTION('ref_axis',(0.,0.,-1.));
#12501=DIRECTION('',(1.,0.,0.));
#12502=DIRECTION('',(0.,0.,1.));
#12503=DIRECTION('',(-1.,0.,0.));
#12504=DIRECTION('center_axis',(0.,1.,0.));
#12505=DIRECTION('ref_axis',(0.,0.,1.));
#12506=DIRECTION('',(1.,0.,0.));
#12507=DIRECTION('',(0.,0.,-1.));
#12508=DIRECTION('',(-1.,0.,0.));
#12509=DIRECTION('center_axis',(0.,-1.,0.));
#12510=DIRECTION('ref_axis',(0.,0.,-1.));
#12511=DIRECTION('',(1.,0.,0.));
#12512=DIRECTION('',(0.,0.,1.));
#12513=DIRECTION('',(-1.,0.,0.));
#12514=DIRECTION('center_axis',(0.,1.,0.));
#12515=DIRECTION('ref_axis',(0.,0.,1.));
#12516=DIRECTION('',(1.,0.,0.));
#12517=DIRECTION('',(0.,0.,-1.));
#12518=DIRECTION('',(-1.,0.,0.));
#12519=DIRECTION('center_axis',(0.,-1.,0.));
#12520=DIRECTION('ref_axis',(0.,0.,-1.));
#12521=DIRECTION('',(1.,0.,0.));
#12522=DIRECTION('',(0.,0.,1.));
#12523=DIRECTION('',(-1.,0.,0.));
#12524=DIRECTION('center_axis',(0.,1.,0.));
#12525=DIRECTION('ref_axis',(0.,0.,1.));
#12526=DIRECTION('',(1.,0.,0.));
#12527=DIRECTION('',(0.,0.,-1.));
#12528=DIRECTION('',(-1.,0.,0.));
#12529=DIRECTION('center_axis',(0.,-1.,0.));
#12530=DIRECTION('ref_axis',(0.,0.,-1.));
#12531=DIRECTION('',(1.,0.,0.));
#12532=DIRECTION('',(0.,0.,1.));
#12533=DIRECTION('',(-1.,0.,0.));
#12534=DIRECTION('center_axis',(0.,1.,0.));
#12535=DIRECTION('ref_axis',(0.,0.,1.));
#12536=DIRECTION('',(1.,0.,0.));
#12537=DIRECTION('',(0.,0.,-1.));
#12538=DIRECTION('',(-1.,0.,0.));
#12539=DIRECTION('center_axis',(0.,-1.,0.));
#12540=DIRECTION('ref_axis',(0.,0.,-1.));
#12541=DIRECTION('',(1.,0.,0.));
#12542=DIRECTION('',(0.,0.,1.));
#12543=DIRECTION('',(-1.,0.,0.));
#12544=DIRECTION('center_axis',(0.,1.,0.));
#12545=DIRECTION('ref_axis',(0.,0.,1.));
#12546=DIRECTION('',(1.,0.,0.));
#12547=DIRECTION('',(0.,0.,-1.));
#12548=DIRECTION('',(-1.,0.,0.));
#12549=DIRECTION('center_axis',(0.,-1.,0.));
#12550=DIRECTION('ref_axis',(0.,0.,-1.));
#12551=DIRECTION('',(1.,0.,0.));
#12552=DIRECTION('',(0.,0.,1.));
#12553=DIRECTION('',(-1.,0.,0.));
#12554=DIRECTION('center_axis',(0.,1.,0.));
#12555=DIRECTION('ref_axis',(0.,0.,1.));
#12556=DIRECTION('',(1.,0.,0.));
#12557=DIRECTION('',(0.,0.,-1.));
#12558=DIRECTION('',(-1.,0.,0.));
#12559=DIRECTION('center_axis',(0.,-1.,0.));
#12560=DIRECTION('ref_axis',(0.,0.,-1.));
#12561=DIRECTION('',(1.,0.,0.));
#12562=DIRECTION('',(0.,0.,1.));
#12563=DIRECTION('',(-1.,0.,0.));
#12564=DIRECTION('center_axis',(0.,1.,0.));
#12565=DIRECTION('ref_axis',(0.,0.,1.));
#12566=DIRECTION('',(1.,0.,0.));
#12567=DIRECTION('',(0.,0.,-1.));
#12568=DIRECTION('',(-1.,0.,0.));
#12569=DIRECTION('center_axis',(0.,-1.,0.));
#12570=DIRECTION('ref_axis',(0.,0.,-1.));
#12571=DIRECTION('',(1.,0.,0.));
#12572=DIRECTION('',(0.,0.,1.));
#12573=DIRECTION('',(-1.,0.,0.));
#12574=DIRECTION('center_axis',(0.,1.,0.));
#12575=DIRECTION('ref_axis',(0.,0.,1.));
#12576=DIRECTION('',(1.,0.,0.));
#12577=DIRECTION('',(0.,0.,-1.));
#12578=DIRECTION('',(-1.,0.,0.));
#12579=DIRECTION('center_axis',(0.,-1.,0.));
#12580=DIRECTION('ref_axis',(0.,0.,-1.));
#12581=DIRECTION('',(1.,0.,0.));
#12582=DIRECTION('',(0.,0.,1.));
#12583=DIRECTION('',(-1.,0.,0.));
#12584=DIRECTION('center_axis',(0.,1.,0.));
#12585=DIRECTION('ref_axis',(0.,0.,1.));
#12586=DIRECTION('',(1.,0.,0.));
#12587=DIRECTION('',(0.,0.,-1.));
#12588=DIRECTION('',(-1.,0.,0.));
#12589=DIRECTION('center_axis',(0.,-1.,0.));
#12590=DIRECTION('ref_axis',(0.,0.,-1.));
#12591=DIRECTION('',(1.,0.,0.));
#12592=DIRECTION('',(0.,0.,1.));
#12593=DIRECTION('',(-1.,0.,0.));
#12594=DIRECTION('center_axis',(0.,1.,0.));
#12595=DIRECTION('ref_axis',(0.,0.,1.));
#12596=DIRECTION('',(1.,0.,0.));
#12597=DIRECTION('',(0.,0.,-1.));
#12598=DIRECTION('',(-1.,0.,0.));
#12599=DIRECTION('center_axis',(0.,-1.,0.));
#12600=DIRECTION('ref_axis',(0.,0.,-1.));
#12601=DIRECTION('',(1.,0.,0.));
#12602=DIRECTION('',(0.,0.,1.));
#12603=DIRECTION('',(-1.,0.,0.));
#12604=DIRECTION('center_axis',(0.,1.,0.));
#12605=DIRECTION('ref_axis',(0.,0.,1.));
#12606=DIRECTION('',(1.,0.,0.));
#12607=DIRECTION('',(0.,0.,-1.));
#12608=DIRECTION('',(-1.,0.,0.));
#12609=DIRECTION('center_axis',(0.,-1.,0.));
#12610=DIRECTION('ref_axis',(0.,0.,-1.));
#12611=DIRECTION('',(1.,0.,0.));
#12612=DIRECTION('',(0.,0.,1.));
#12613=DIRECTION('',(-1.,0.,0.));
#12614=DIRECTION('center_axis',(0.,1.,0.));
#12615=DIRECTION('ref_axis',(0.,0.,1.));
#12616=DIRECTION('',(1.,0.,0.));
#12617=DIRECTION('',(0.,0.,-1.));
#12618=DIRECTION('',(-1.,0.,0.));
#12619=DIRECTION('center_axis',(0.,-1.,0.));
#12620=DIRECTION('ref_axis',(0.,0.,-1.));
#12621=DIRECTION('',(1.,0.,0.));
#12622=DIRECTION('',(0.,0.,1.));
#12623=DIRECTION('',(-1.,0.,0.));
#12624=DIRECTION('center_axis',(0.,1.,0.));
#12625=DIRECTION('ref_axis',(0.,0.,1.));
#12626=DIRECTION('',(1.,0.,0.));
#12627=DIRECTION('',(0.,0.,-1.));
#12628=DIRECTION('',(-1.,0.,0.));
#12629=DIRECTION('center_axis',(0.,-1.,0.));
#12630=DIRECTION('ref_axis',(0.,0.,-1.));
#12631=DIRECTION('',(1.,0.,0.));
#12632=DIRECTION('',(0.,0.,1.));
#12633=DIRECTION('',(-1.,0.,0.));
#12634=DIRECTION('center_axis',(0.,1.,0.));
#12635=DIRECTION('ref_axis',(-1.,0.,0.));
#12636=DIRECTION('',(-1.,0.,0.));
#12637=DIRECTION('',(0.,0.,-1.));
#12638=DIRECTION('',(-1.,0.,0.));
#12639=DIRECTION('center_axis',(0.,0.,1.));
#12640=DIRECTION('ref_axis',(1.,0.,0.));
#12641=DIRECTION('',(0.,-1.,0.));
#12642=DIRECTION('',(0.,-1.,0.));
#12643=DIRECTION('',(0.,-1.,0.));
#12644=DIRECTION('',(0.,-1.,0.));
#12645=DIRECTION('',(0.,-1.,0.));
#12646=DIRECTION('',(0.,-1.,0.));
#12647=DIRECTION('',(0.,-1.,0.));
#12648=DIRECTION('',(0.,-1.,0.));
#12649=DIRECTION('',(0.,-1.,0.));
#12650=DIRECTION('',(0.,-1.,0.));
#12651=DIRECTION('',(0.,-1.,0.));
#12652=DIRECTION('',(0.,-1.,0.));
#12653=DIRECTION('',(0.,-1.,0.));
#12654=DIRECTION('',(0.,-1.,0.));
#12655=DIRECTION('',(0.,-1.,0.));
#12656=DIRECTION('',(0.,-1.,0.));
#12657=DIRECTION('',(1.,0.,0.));
#12658=DIRECTION('',(0.,1.,0.));
#12659=DIRECTION('',(1.,0.,0.));
#12660=DIRECTION('',(0.,1.,0.));
#12661=DIRECTION('',(-1.,0.,0.));
#12662=DIRECTION('',(0.,1.,0.));
#12663=DIRECTION('',(1.,0.,0.));
#12664=DIRECTION('',(0.,1.,0.));
#12665=DIRECTION('',(-1.,0.,0.));
#12666=DIRECTION('',(0.,1.,0.));
#12667=DIRECTION('',(1.,0.,0.));
#12668=DIRECTION('',(0.,1.,0.));
#12669=DIRECTION('',(-1.,0.,0.));
#12670=DIRECTION('',(0.,1.,0.));
#12671=DIRECTION('',(1.,0.,0.));
#12672=DIRECTION('',(0.,1.,0.));
#12673=DIRECTION('',(-1.,0.,0.));
#12674=DIRECTION('',(0.,1.,0.));
#12675=DIRECTION('',(1.,0.,0.));
#12676=DIRECTION('',(0.,1.,0.));
#12677=DIRECTION('',(-1.,0.,0.));
#12678=DIRECTION('',(0.,1.,0.));
#12679=DIRECTION('',(1.,0.,0.));
#12680=DIRECTION('',(0.,1.,0.));
#12681=DIRECTION('',(-1.,0.,0.));
#12682=DIRECTION('',(0.,1.,0.));
#12683=DIRECTION('',(1.,0.,0.));
#12684=DIRECTION('',(0.,1.,0.));
#12685=DIRECTION('',(-1.,0.,0.));
#12686=DIRECTION('',(0.,1.,0.));
#12687=DIRECTION('',(1.,0.,0.));
#12688=DIRECTION('',(0.,1.,0.));
#12689=DIRECTION('',(-1.,0.,0.));
#12690=DIRECTION('',(0.,1.,0.));
#12691=DIRECTION('',(1.,0.,0.));
#12692=DIRECTION('',(0.,1.,0.));
#12693=DIRECTION('',(-1.,0.,0.));
#12694=DIRECTION('',(0.,1.,0.));
#12695=DIRECTION('',(1.,0.,0.));
#12696=DIRECTION('',(0.,1.,0.));
#12697=DIRECTION('',(-1.,0.,0.));
#12698=DIRECTION('',(0.,1.,0.));
#12699=DIRECTION('',(1.,0.,0.));
#12700=DIRECTION('',(0.,1.,0.));
#12701=DIRECTION('',(-1.,0.,0.));
#12702=DIRECTION('',(0.,1.,0.));
#12703=DIRECTION('',(1.,0.,0.));
#12704=DIRECTION('',(0.,1.,0.));
#12705=DIRECTION('',(-1.,0.,0.));
#12706=DIRECTION('',(0.,1.,0.));
#12707=DIRECTION('',(1.,0.,0.));
#12708=DIRECTION('',(0.,1.,0.));
#12709=DIRECTION('',(-1.,0.,0.));
#12710=DIRECTION('',(0.,1.,0.));
#12711=DIRECTION('',(1.,0.,0.));
#12712=DIRECTION('',(0.,1.,0.));
#12713=DIRECTION('',(-1.,0.,0.));
#12714=DIRECTION('',(0.,1.,0.));
#12715=DIRECTION('',(1.,0.,0.));
#12716=DIRECTION('',(0.,1.,0.));
#12717=DIRECTION('',(-1.,0.,0.));
#12718=DIRECTION('',(0.,1.,0.));
#12719=DIRECTION('',(1.,0.,0.));
#12720=DIRECTION('',(0.,1.,0.));
#12721=DIRECTION('',(-1.,0.,0.));
#12722=DIRECTION('',(0.,1.,0.));
#12723=DIRECTION('center_axis',(0.,1.,0.));
#12724=DIRECTION('ref_axis',(0.,0.,1.));
#12725=DIRECTION('',(-1.,0.,0.));
#12726=DIRECTION('',(0.,0.,1.));
#12727=DIRECTION('center_axis',(-1.,0.,0.));
#12728=DIRECTION('ref_axis',(0.,-1.,0.));
#12729=DIRECTION('',(0.,-1.,0.));
#12730=DIRECTION('center_axis',(-1.,0.,0.));
#12731=DIRECTION('ref_axis',(0.,-1.,0.));
#12732=DIRECTION('',(0.,-1.,0.));
#12733=DIRECTION('center_axis',(-1.,0.,0.));
#12734=DIRECTION('ref_axis',(0.,-1.,0.));
#12735=DIRECTION('',(0.,-1.,0.));
#12736=DIRECTION('center_axis',(-1.,0.,0.));
#12737=DIRECTION('ref_axis',(0.,-1.,0.));
#12738=DIRECTION('',(0.,-1.,0.));
#12739=DIRECTION('center_axis',(-1.,0.,0.));
#12740=DIRECTION('ref_axis',(0.,-1.,0.));
#12741=DIRECTION('',(0.,-1.,0.));
#12742=DIRECTION('center_axis',(-1.,0.,0.));
#12743=DIRECTION('ref_axis',(0.,-1.,0.));
#12744=DIRECTION('',(0.,-1.,0.));
#12745=DIRECTION('center_axis',(-1.,0.,0.));
#12746=DIRECTION('ref_axis',(0.,-1.,0.));
#12747=DIRECTION('',(0.,-1.,0.));
#12748=DIRECTION('center_axis',(-1.,0.,0.));
#12749=DIRECTION('ref_axis',(0.,-1.,0.));
#12750=DIRECTION('',(0.,-1.,0.));
#12751=DIRECTION('center_axis',(-1.,0.,0.));
#12752=DIRECTION('ref_axis',(0.,-1.,0.));
#12753=DIRECTION('',(0.,-1.,0.));
#12754=DIRECTION('center_axis',(-1.,0.,0.));
#12755=DIRECTION('ref_axis',(0.,-1.,0.));
#12756=DIRECTION('',(0.,-1.,0.));
#12757=DIRECTION('center_axis',(-1.,0.,0.));
#12758=DIRECTION('ref_axis',(0.,-1.,0.));
#12759=DIRECTION('',(0.,-1.,0.));
#12760=DIRECTION('center_axis',(-1.,0.,0.));
#12761=DIRECTION('ref_axis',(0.,-1.,0.));
#12762=DIRECTION('',(0.,-1.,0.));
#12763=DIRECTION('center_axis',(-1.,0.,0.));
#12764=DIRECTION('ref_axis',(0.,-1.,0.));
#12765=DIRECTION('',(0.,-1.,0.));
#12766=DIRECTION('center_axis',(-1.,0.,0.));
#12767=DIRECTION('ref_axis',(0.,-1.,0.));
#12768=DIRECTION('',(0.,-1.,0.));
#12769=DIRECTION('center_axis',(-1.,0.,0.));
#12770=DIRECTION('ref_axis',(0.,-1.,0.));
#12771=DIRECTION('',(0.,-1.,0.));
#12772=DIRECTION('center_axis',(-1.,0.,0.));
#12773=DIRECTION('ref_axis',(0.,0.,1.));
#12774=DIRECTION('',(0.,-1.,0.));
#12775=DIRECTION('',(0.,0.,-1.));
#12776=DIRECTION('center_axis',(-1.,0.,0.));
#12777=DIRECTION('ref_axis',(0.,0.,1.));
#12778=DIRECTION('',(0.,0.,1.));
#12779=DIRECTION('',(0.,-1.,0.));
#12780=DIRECTION('',(0.,0.,-1.));
#12781=DIRECTION('center_axis',(-1.,0.,0.));
#12782=DIRECTION('ref_axis',(0.,0.,1.));
#12783=DIRECTION('',(0.,0.,1.));
#12784=DIRECTION('',(0.,-1.,0.));
#12785=DIRECTION('',(0.,0.,-1.));
#12786=DIRECTION('center_axis',(-1.,0.,0.));
#12787=DIRECTION('ref_axis',(0.,0.,1.));
#12788=DIRECTION('',(0.,0.,1.));
#12789=DIRECTION('',(0.,-1.,0.));
#12790=DIRECTION('',(0.,0.,-1.));
#12791=DIRECTION('center_axis',(-1.,0.,0.));
#12792=DIRECTION('ref_axis',(0.,0.,1.));
#12793=DIRECTION('',(0.,0.,1.));
#12794=DIRECTION('',(0.,-1.,0.));
#12795=DIRECTION('',(0.,0.,-1.));
#12796=DIRECTION('center_axis',(-1.,0.,0.));
#12797=DIRECTION('ref_axis',(0.,0.,1.));
#12798=DIRECTION('',(0.,0.,1.));
#12799=DIRECTION('',(0.,-1.,0.));
#12800=DIRECTION('',(0.,0.,-1.));
#12801=DIRECTION('center_axis',(-1.,0.,0.));
#12802=DIRECTION('ref_axis',(0.,0.,1.));
#12803=DIRECTION('',(0.,0.,1.));
#12804=DIRECTION('',(0.,-1.,0.));
#12805=DIRECTION('',(0.,0.,-1.));
#12806=DIRECTION('center_axis',(-1.,0.,0.));
#12807=DIRECTION('ref_axis',(0.,0.,1.));
#12808=DIRECTION('',(0.,0.,1.));
#12809=DIRECTION('',(0.,-1.,0.));
#12810=DIRECTION('',(0.,0.,-1.));
#12811=DIRECTION('center_axis',(-1.,0.,0.));
#12812=DIRECTION('ref_axis',(0.,0.,1.));
#12813=DIRECTION('',(0.,0.,1.));
#12814=DIRECTION('',(0.,-1.,0.));
#12815=DIRECTION('',(0.,0.,-1.));
#12816=DIRECTION('center_axis',(-1.,0.,0.));
#12817=DIRECTION('ref_axis',(0.,0.,1.));
#12818=DIRECTION('',(0.,0.,1.));
#12819=DIRECTION('',(0.,-1.,0.));
#12820=DIRECTION('',(0.,0.,-1.));
#12821=DIRECTION('center_axis',(-1.,0.,0.));
#12822=DIRECTION('ref_axis',(0.,0.,1.));
#12823=DIRECTION('',(0.,0.,1.));
#12824=DIRECTION('',(0.,-1.,0.));
#12825=DIRECTION('',(0.,0.,-1.));
#12826=DIRECTION('center_axis',(-1.,0.,0.));
#12827=DIRECTION('ref_axis',(0.,0.,1.));
#12828=DIRECTION('',(0.,0.,1.));
#12829=DIRECTION('',(0.,-1.,0.));
#12830=DIRECTION('',(0.,0.,-1.));
#12831=DIRECTION('center_axis',(-1.,0.,0.));
#12832=DIRECTION('ref_axis',(0.,0.,1.));
#12833=DIRECTION('',(0.,0.,1.));
#12834=DIRECTION('',(0.,-1.,0.));
#12835=DIRECTION('',(0.,0.,-1.));
#12836=DIRECTION('center_axis',(-1.,0.,0.));
#12837=DIRECTION('ref_axis',(0.,0.,1.));
#12838=DIRECTION('',(0.,0.,1.));
#12839=DIRECTION('',(0.,-1.,0.));
#12840=DIRECTION('',(0.,0.,-1.));
#12841=DIRECTION('center_axis',(-1.,0.,0.));
#12842=DIRECTION('ref_axis',(0.,0.,1.));
#12843=DIRECTION('',(0.,0.,1.));
#12844=DIRECTION('',(0.,-1.,0.));
#12845=DIRECTION('',(0.,0.,-1.));
#12846=DIRECTION('center_axis',(-1.,0.,0.));
#12847=DIRECTION('ref_axis',(0.,0.,1.));
#12848=DIRECTION('',(0.,0.,1.));
#12849=DIRECTION('',(0.,-1.,0.));
#12850=DIRECTION('',(0.,0.,-1.));
#12851=DIRECTION('center_axis',(0.,-1.,0.));
#12852=DIRECTION('ref_axis',(0.,0.,-1.));
#12853=DIRECTION('',(-1.,0.,0.));
#12854=DIRECTION('',(0.,0.,-1.));
#12855=DIRECTION('center_axis',(0.,1.,0.));
#12856=DIRECTION('ref_axis',(0.,0.,1.));
#12857=DIRECTION('',(0.,0.,1.));
#12858=DIRECTION('',(1.,0.,0.));
#12859=DIRECTION('center_axis',(0.,-1.,0.));
#12860=DIRECTION('ref_axis',(0.,0.,-1.));
#12861=DIRECTION('',(-1.,0.,0.));
#12862=DIRECTION('',(0.,0.,-1.));
#12863=DIRECTION('center_axis',(0.,1.,0.));
#12864=DIRECTION('ref_axis',(0.,0.,1.));
#12865=DIRECTION('',(0.,0.,1.));
#12866=DIRECTION('',(1.,0.,0.));
#12867=DIRECTION('center_axis',(0.,-1.,0.));
#12868=DIRECTION('ref_axis',(0.,0.,-1.));
#12869=DIRECTION('',(-1.,0.,0.));
#12870=DIRECTION('',(0.,0.,-1.));
#12871=DIRECTION('center_axis',(0.,1.,0.));
#12872=DIRECTION('ref_axis',(0.,0.,1.));
#12873=DIRECTION('',(0.,0.,1.));
#12874=DIRECTION('',(1.,0.,0.));
#12875=DIRECTION('center_axis',(0.,-1.,0.));
#12876=DIRECTION('ref_axis',(0.,0.,-1.));
#12877=DIRECTION('',(-1.,0.,0.));
#12878=DIRECTION('',(0.,0.,-1.));
#12879=DIRECTION('center_axis',(0.,1.,0.));
#12880=DIRECTION('ref_axis',(0.,0.,1.));
#12881=DIRECTION('',(0.,0.,1.));
#12882=DIRECTION('',(1.,0.,0.));
#12883=DIRECTION('center_axis',(0.,-1.,0.));
#12884=DIRECTION('ref_axis',(0.,0.,-1.));
#12885=DIRECTION('',(-1.,0.,0.));
#12886=DIRECTION('',(0.,0.,-1.));
#12887=DIRECTION('center_axis',(0.,1.,0.));
#12888=DIRECTION('ref_axis',(0.,0.,1.));
#12889=DIRECTION('',(0.,0.,1.));
#12890=DIRECTION('',(1.,0.,0.));
#12891=DIRECTION('center_axis',(0.,-1.,0.));
#12892=DIRECTION('ref_axis',(0.,0.,-1.));
#12893=DIRECTION('',(-1.,0.,0.));
#12894=DIRECTION('',(0.,0.,-1.));
#12895=DIRECTION('center_axis',(0.,1.,0.));
#12896=DIRECTION('ref_axis',(0.,0.,1.));
#12897=DIRECTION('',(0.,0.,1.));
#12898=DIRECTION('',(1.,0.,0.));
#12899=DIRECTION('center_axis',(0.,-1.,0.));
#12900=DIRECTION('ref_axis',(0.,0.,-1.));
#12901=DIRECTION('',(-1.,0.,0.));
#12902=DIRECTION('',(0.,0.,-1.));
#12903=DIRECTION('center_axis',(0.,1.,0.));
#12904=DIRECTION('ref_axis',(0.,0.,1.));
#12905=DIRECTION('',(0.,0.,1.));
#12906=DIRECTION('',(1.,0.,0.));
#12907=DIRECTION('center_axis',(0.,-1.,0.));
#12908=DIRECTION('ref_axis',(0.,0.,-1.));
#12909=DIRECTION('',(-1.,0.,0.));
#12910=DIRECTION('',(0.,0.,-1.));
#12911=DIRECTION('center_axis',(0.,1.,0.));
#12912=DIRECTION('ref_axis',(0.,0.,1.));
#12913=DIRECTION('',(0.,0.,1.));
#12914=DIRECTION('',(1.,0.,0.));
#12915=DIRECTION('center_axis',(0.,-1.,0.));
#12916=DIRECTION('ref_axis',(0.,0.,-1.));
#12917=DIRECTION('',(-1.,0.,0.));
#12918=DIRECTION('',(0.,0.,-1.));
#12919=DIRECTION('center_axis',(0.,1.,0.));
#12920=DIRECTION('ref_axis',(0.,0.,1.));
#12921=DIRECTION('',(0.,0.,1.));
#12922=DIRECTION('',(1.,0.,0.));
#12923=DIRECTION('center_axis',(0.,-1.,0.));
#12924=DIRECTION('ref_axis',(0.,0.,-1.));
#12925=DIRECTION('',(-1.,0.,0.));
#12926=DIRECTION('',(0.,0.,-1.));
#12927=DIRECTION('center_axis',(0.,1.,0.));
#12928=DIRECTION('ref_axis',(0.,0.,1.));
#12929=DIRECTION('',(0.,0.,1.));
#12930=DIRECTION('',(1.,0.,0.));
#12931=DIRECTION('center_axis',(0.,-1.,0.));
#12932=DIRECTION('ref_axis',(0.,0.,-1.));
#12933=DIRECTION('',(-1.,0.,0.));
#12934=DIRECTION('',(0.,0.,-1.));
#12935=DIRECTION('center_axis',(0.,1.,0.));
#12936=DIRECTION('ref_axis',(0.,0.,1.));
#12937=DIRECTION('',(0.,0.,1.));
#12938=DIRECTION('',(1.,0.,0.));
#12939=DIRECTION('center_axis',(0.,-1.,0.));
#12940=DIRECTION('ref_axis',(0.,0.,-1.));
#12941=DIRECTION('',(-1.,0.,0.));
#12942=DIRECTION('',(0.,0.,-1.));
#12943=DIRECTION('center_axis',(0.,1.,0.));
#12944=DIRECTION('ref_axis',(0.,0.,1.));
#12945=DIRECTION('',(0.,0.,1.));
#12946=DIRECTION('',(0.,0.,1.));
#12947=DIRECTION('',(1.,0.,0.));
#12948=DIRECTION('center_axis',(0.,-1.,0.));
#12949=DIRECTION('ref_axis',(0.,0.,-1.));
#12950=DIRECTION('',(-1.,0.,0.));
#12951=DIRECTION('',(0.,0.,-1.));
#12952=DIRECTION('center_axis',(0.,1.,0.));
#12953=DIRECTION('ref_axis',(0.,0.,1.));
#12954=DIRECTION('',(0.,0.,1.));
#12955=DIRECTION('',(1.,0.,0.));
#12956=DIRECTION('center_axis',(0.,-1.,0.));
#12957=DIRECTION('ref_axis',(0.,0.,-1.));
#12958=DIRECTION('',(-1.,0.,0.));
#12959=DIRECTION('',(0.,0.,-1.));
#12960=DIRECTION('center_axis',(0.,1.,0.));
#12961=DIRECTION('ref_axis',(0.,0.,1.));
#12962=DIRECTION('',(0.,0.,1.));
#12963=DIRECTION('',(1.,0.,0.));
#12964=DIRECTION('center_axis',(0.,-1.,0.));
#12965=DIRECTION('ref_axis',(0.,0.,-1.));
#12966=DIRECTION('',(-1.,0.,0.));
#12967=DIRECTION('',(0.,0.,-1.));
#12968=DIRECTION('center_axis',(0.,1.,0.));
#12969=DIRECTION('ref_axis',(0.,0.,1.));
#12970=DIRECTION('',(0.,0.,1.));
#12971=DIRECTION('',(1.,0.,0.));
#12972=DIRECTION('center_axis',(0.,-1.,0.));
#12973=DIRECTION('ref_axis',(0.,0.,-1.));
#12974=DIRECTION('',(-1.,0.,0.));
#12975=DIRECTION('',(0.,0.,-1.));
#12976=DIRECTION('center_axis',(0.,1.,0.));
#12977=DIRECTION('ref_axis',(0.,0.,1.));
#12978=DIRECTION('',(0.,0.,1.));
#12979=DIRECTION('',(1.,0.,0.));
#12980=DIRECTION('center_axis',(-1.,0.,0.));
#12981=DIRECTION('ref_axis',(0.,0.,1.));
#12982=DIRECTION('',(0.,-1.,0.));
#12983=DIRECTION('center_axis',(1.,0.,0.));
#12984=DIRECTION('ref_axis',(0.,1.,0.));
#12985=DIRECTION('',(0.,1.,0.));
#12986=DIRECTION('center_axis',(1.,0.,0.));
#12987=DIRECTION('ref_axis',(0.,1.,0.));
#12988=DIRECTION('',(0.,1.,0.));
#12989=DIRECTION('center_axis',(1.,0.,0.));
#12990=DIRECTION('ref_axis',(0.,1.,0.));
#12991=DIRECTION('',(0.,1.,0.));
#12992=DIRECTION('center_axis',(1.,0.,0.));
#12993=DIRECTION('ref_axis',(0.,1.,0.));
#12994=DIRECTION('',(0.,1.,0.));
#12995=DIRECTION('center_axis',(1.,0.,0.));
#12996=DIRECTION('ref_axis',(0.,1.,0.));
#12997=DIRECTION('',(0.,1.,0.));
#12998=DIRECTION('center_axis',(1.,0.,0.));
#12999=DIRECTION('ref_axis',(0.,1.,0.));
#13000=DIRECTION('',(0.,1.,0.));
#13001=DIRECTION('center_axis',(1.,0.,0.));
#13002=DIRECTION('ref_axis',(0.,1.,0.));
#13003=DIRECTION('',(0.,1.,0.));
#13004=DIRECTION('center_axis',(1.,0.,0.));
#13005=DIRECTION('ref_axis',(0.,1.,0.));
#13006=DIRECTION('',(0.,1.,0.));
#13007=DIRECTION('center_axis',(1.,0.,0.));
#13008=DIRECTION('ref_axis',(0.,1.,0.));
#13009=DIRECTION('',(0.,1.,0.));
#13010=DIRECTION('center_axis',(1.,0.,0.));
#13011=DIRECTION('ref_axis',(0.,1.,0.));
#13012=DIRECTION('',(0.,1.,0.));
#13013=DIRECTION('center_axis',(1.,0.,0.));
#13014=DIRECTION('ref_axis',(0.,1.,0.));
#13015=DIRECTION('',(0.,1.,0.));
#13016=DIRECTION('center_axis',(1.,0.,0.));
#13017=DIRECTION('ref_axis',(0.,1.,0.));
#13018=DIRECTION('',(0.,1.,0.));
#13019=DIRECTION('center_axis',(1.,0.,0.));
#13020=DIRECTION('ref_axis',(0.,1.,0.));
#13021=DIRECTION('',(0.,1.,0.));
#13022=DIRECTION('center_axis',(1.,0.,0.));
#13023=DIRECTION('ref_axis',(0.,1.,0.));
#13024=DIRECTION('',(0.,1.,0.));
#13025=DIRECTION('center_axis',(1.,0.,0.));
#13026=DIRECTION('ref_axis',(0.,1.,0.));
#13027=DIRECTION('',(0.,1.,0.));
#13028=DIRECTION('center_axis',(1.,0.,0.));
#13029=DIRECTION('ref_axis',(0.,1.,0.));
#13030=DIRECTION('',(0.,1.,0.));
#13031=DIRECTION('center_axis',(0.,0.,-1.));
#13032=DIRECTION('ref_axis',(-1.,0.,0.));
#13033=DIRECTION('',(0.,-1.,0.));
#13034=DIRECTION('center_axis',(-1.,0.,0.));
#13035=DIRECTION('ref_axis',(0.,-1.,0.));
#13036=CARTESIAN_POINT('',(0.,0.,0.));
#13037=CARTESIAN_POINT('Origin',(231.5,-8.,192.675001877546));
#13038=CARTESIAN_POINT('',(231.5,-8.00000011920929,173.110002801418));
#13039=CARTESIAN_POINT('',(231.5,-5.,173.110002801418));
#13040=CARTESIAN_POINT('',(231.5,-8.00000005960464,173.110002801418));
#13041=CARTESIAN_POINT('',(231.5,-8.00000011920929,178.110002801418));
#13042=CARTESIAN_POINT('',(231.5,-8.,181.562501877546));
#13043=CARTESIAN_POINT('',(231.5,-5.,178.110002801418));
#13044=CARTESIAN_POINT('',(231.5,-6.5,178.110002801418));
#13045=CARTESIAN_POINT('',(231.5,-5.,181.562501877546));
#13046=CARTESIAN_POINT('Origin',(231.5,-8.,192.675001877546));
#13047=CARTESIAN_POINT('',(231.5,-8.,183.000002801418));
#13048=CARTESIAN_POINT('',(231.5,-5.00000007450581,183.000002801418));
#13049=CARTESIAN_POINT('',(231.5,-8.,183.000002801418));
#13050=CARTESIAN_POINT('',(231.5,-8.,192.675001877546));
#13051=CARTESIAN_POINT('',(231.5,-8.,181.562501877546));
#13052=CARTESIAN_POINT('',(231.5,-5.,192.675001877546));
#13053=CARTESIAN_POINT('',(231.5,-6.5,192.675001877546));
#13054=CARTESIAN_POINT('',(231.5,-5.,181.562501877546));
#13055=CARTESIAN_POINT('Origin',(231.5,-8.,192.675001877546));
#13056=CARTESIAN_POINT('',(231.5,-8.00000011920929,163.220002801418));
#13057=CARTESIAN_POINT('',(231.5,-5.,163.220002801418));
#13058=CARTESIAN_POINT('',(231.5,-8.00000005960464,163.220002801418));
#13059=CARTESIAN_POINT('',(231.5,-8.00000011920929,168.220002801418));
#13060=CARTESIAN_POINT('',(231.5,-8.,181.562501877546));
#13061=CARTESIAN_POINT('',(231.5,-5.,168.220002801418));
#13062=CARTESIAN_POINT('',(231.5,-6.5,168.220002801418));
#13063=CARTESIAN_POINT('',(231.5,-5.,181.562501877546));
#13064=CARTESIAN_POINT('Origin',(231.5,-8.,192.675001877546));
#13065=CARTESIAN_POINT('',(231.5,-5.,158.330002801418));
#13066=CARTESIAN_POINT('',(231.5,-8.00000011920929,158.330002801418));
#13067=CARTESIAN_POINT('',(231.5,-6.5,158.330002801418));
#13068=CARTESIAN_POINT('',(231.5,-5.,151.225001877546));
#13069=CARTESIAN_POINT('',(231.5,-5.,181.562501877546));
#13070=CARTESIAN_POINT('',(231.5,-8.,151.225001877546));
#13071=CARTESIAN_POINT('',(231.5,-8.,151.225001877546));
#13072=CARTESIAN_POINT('',(231.5,-8.,181.562501877546));
#13073=CARTESIAN_POINT('Origin',(128.,-8.,170.450001877546));
#13074=CARTESIAN_POINT('',(24.5,-8.,151.225001877546));
#13075=CARTESIAN_POINT('',(77.25,-8.,151.225001877546));
#13076=CARTESIAN_POINT('',(24.5,-8.00000011920929,158.330002801418));
#13077=CARTESIAN_POINT('',(24.5,-8.,160.837501877546));
#13078=CARTESIAN_POINT('',(21.5,-8.00000011920929,158.330002801418));
#13079=CARTESIAN_POINT('',(74.75,-8.,158.330002801418));
#13080=CARTESIAN_POINT('',(21.5,-8.00000011920929,163.220002801418));
#13081=CARTESIAN_POINT('',(21.5,-8.,159.337501877546));
#13082=CARTESIAN_POINT('',(24.5,-8.00000011920929,163.220002801418));
#13083=CARTESIAN_POINT('',(74.75,-8.,163.220002801418));
#13084=CARTESIAN_POINT('',(24.5,-8.00000011920929,168.220002801418));
#13085=CARTESIAN_POINT('',(24.5,-8.,160.837501877546));
#13086=CARTESIAN_POINT('',(21.5,-8.00000011920929,168.220002801418));
#13087=CARTESIAN_POINT('',(74.75,-8.,168.220002801418));
#13088=CARTESIAN_POINT('',(21.5,-8.00000011920929,173.110002801418));
#13089=CARTESIAN_POINT('',(21.5,-8.,159.337501877546));
#13090=CARTESIAN_POINT('',(24.5,-8.00000011920929,173.110002801418));
#13091=CARTESIAN_POINT('',(74.75,-8.,173.110002801418));
#13092=CARTESIAN_POINT('',(24.5,-8.00000011920929,178.110002801418));
#13093=CARTESIAN_POINT('',(24.5,-8.,160.837501877546));
#13094=CARTESIAN_POINT('',(21.5,-8.00000011920929,178.110002801418));
#13095=CARTESIAN_POINT('',(74.75,-8.,178.110002801418));
#13096=CARTESIAN_POINT('',(21.5,-8.,183.000002801418));
#13097=CARTESIAN_POINT('',(21.5,-8.,159.337501877546));
#13098=CARTESIAN_POINT('',(24.5,-8.,183.000002801418));
#13099=CARTESIAN_POINT('',(74.75,-8.,183.000002801418));
#13100=CARTESIAN_POINT('',(24.5,-8.,192.675001877546));
#13101=CARTESIAN_POINT('',(24.5,-8.,160.837501877546));
#13102=CARTESIAN_POINT('',(0.500000000000007,-8.,192.675001877546));
#13103=CARTESIAN_POINT('',(255.5,-8.,192.675001877546));
#13104=CARTESIAN_POINT('',(0.500000000000007,-8.,148.225001877546));
#13105=CARTESIAN_POINT('',(0.500000000000007,-8.,192.675001877546));
#13106=CARTESIAN_POINT('',(255.5,-8.,148.225001877546));
#13107=CARTESIAN_POINT('',(0.5,-8.,148.225001877546));
#13108=CARTESIAN_POINT('',(255.5,-8.,192.675001877546));
#13109=CARTESIAN_POINT('',(255.5,-8.,148.225001877546));
#13110=CARTESIAN_POINT('',(255.5,-8.,192.675001877546));
#13111=CARTESIAN_POINT('',(234.5,-8.,183.000002801418));
#13112=CARTESIAN_POINT('',(74.75,-8.,183.000002801418));
#13113=CARTESIAN_POINT('',(234.5,-8.00000011920929,178.110002801418));
#13114=CARTESIAN_POINT('',(234.5,-8.,181.562501877546));
#13115=CARTESIAN_POINT('',(74.75,-8.,178.110002801418));
#13116=CARTESIAN_POINT('',(234.5,-8.00000011920929,173.110002801418));
#13117=CARTESIAN_POINT('',(74.75,-8.,173.110002801418));
#13118=CARTESIAN_POINT('',(234.5,-8.00000011920929,168.220002801418));
#13119=CARTESIAN_POINT('',(234.5,-8.,181.562501877546));
#13120=CARTESIAN_POINT('',(74.75,-8.,168.220002801418));
#13121=CARTESIAN_POINT('',(234.5,-8.00000011920929,163.220002801418));
#13122=CARTESIAN_POINT('',(74.75,-8.,163.220002801418));
#13123=CARTESIAN_POINT('',(234.5,-8.00000011920929,158.330002801418));
#13124=CARTESIAN_POINT('',(234.5,-8.,181.562501877546));
#13125=CARTESIAN_POINT('',(74.75,-8.,158.330002801418));
#13126=CARTESIAN_POINT('',(244.2,-8.,186.325001877546));
#13127=CARTESIAN_POINT('Origin',(247.,-8.,186.325001877546));
#13128=CARTESIAN_POINT('',(244.2,-8.,154.575001877546));
#13129=CARTESIAN_POINT('Origin',(247.,-8.,154.575001877546));
#13130=CARTESIAN_POINT('',(6.20000000000001,-8.,186.325001877546));
#13131=CARTESIAN_POINT('Origin',(9.,-8.,186.325001877546));
#13132=CARTESIAN_POINT('',(6.20000000000001,-8.,154.575001877546));
#13133=CARTESIAN_POINT('Origin',(9.,-8.,154.575001877546));
#13134=CARTESIAN_POINT('Origin',(24.5,-8.,151.225001877546));
#13135=CARTESIAN_POINT('',(24.5,-5.00000007450581,183.000002801418));
#13136=CARTESIAN_POINT('',(24.5,-8.,183.000002801418));
#13137=CARTESIAN_POINT('',(24.5,-5.,192.675001877546));
#13138=CARTESIAN_POINT('',(24.5,-5.,160.837501877546));
#13139=CARTESIAN_POINT('',(24.5,-6.5,192.675001877546));
#13140=CARTESIAN_POINT('Origin',(24.5,-8.,151.225001877546));
#13141=CARTESIAN_POINT('',(24.5,-5.,173.110002801418));
#13142=CARTESIAN_POINT('',(24.5,-8.00000005960464,173.110002801418));
#13143=CARTESIAN_POINT('',(24.5,-5.,178.110002801418));
#13144=CARTESIAN_POINT('',(24.5,-5.,160.837501877546));
#13145=CARTESIAN_POINT('',(24.5,-6.5,178.110002801418));
#13146=CARTESIAN_POINT('Origin',(24.5,-8.,151.225001877546));
#13147=CARTESIAN_POINT('',(24.5,-5.,163.220002801418));
#13148=CARTESIAN_POINT('',(24.5,-8.00000005960464,163.220002801418));
#13149=CARTESIAN_POINT('',(24.5,-5.,168.220002801418));
#13150=CARTESIAN_POINT('',(24.5,-5.,160.837501877546));
#13151=CARTESIAN_POINT('',(24.5,-6.5,168.220002801418));
#13152=CARTESIAN_POINT('Origin',(24.5,-8.,151.225001877546));
#13153=CARTESIAN_POINT('',(24.5,-5.,158.330002801418));
#13154=CARTESIAN_POINT('',(24.5,-6.5,158.330002801418));
#13155=CARTESIAN_POINT('',(24.5,-5.,151.225001877546));
#13156=CARTESIAN_POINT('',(24.5,-8.,151.225001877546));
#13157=CARTESIAN_POINT('',(24.5,-5.,160.837501877546));
#13158=CARTESIAN_POINT('Origin',(255.5,-5.,192.675001877546));
#13159=CARTESIAN_POINT('',(0.500000000000007,-5.,192.675001877546));
#13160=CARTESIAN_POINT('',(255.5,-5.,192.675001877546));
#13161=CARTESIAN_POINT('',(0.500000000000007,-5.,192.675001877546));
#13162=CARTESIAN_POINT('Origin',(128.,-5.,170.450001877546));
#13163=CARTESIAN_POINT('',(234.5,-5.,158.330002801418));
#13164=CARTESIAN_POINT('',(74.75,-5.,158.330002801418));
#13165=CARTESIAN_POINT('',(234.5,-5.,163.220002801418));
#13166=CARTESIAN_POINT('',(234.5,-5.,181.562501877546));
#13167=CARTESIAN_POINT('',(74.75,-5.,163.220002801418));
#13168=CARTESIAN_POINT('',(234.5,-5.,168.220002801418));
#13169=CARTESIAN_POINT('',(74.75,-5.,168.220002801418));
#13170=CARTESIAN_POINT('',(234.5,-5.,173.110002801418));
#13171=CARTESIAN_POINT('',(234.5,-5.,181.562501877546));
#13172=CARTESIAN_POINT('',(74.75,-5.,173.110002801418));
#13173=CARTESIAN_POINT('',(234.5,-5.,178.110002801418));
#13174=CARTESIAN_POINT('',(74.75,-5.,178.110002801418));
#13175=CARTESIAN_POINT('',(234.5,-5.00000007450581,183.000002801418));
#13176=CARTESIAN_POINT('',(234.5,-5.,181.562501877546));
#13177=CARTESIAN_POINT('',(74.75,-5.,183.000002801418));
#13178=CARTESIAN_POINT('',(255.5,-5.,192.675001877546));
#13179=CARTESIAN_POINT('',(255.5,-5.,192.675001877546));
#13180=CARTESIAN_POINT('',(255.5,-5.,148.225001877546));
#13181=CARTESIAN_POINT('',(255.5,-5.,148.225001877546));
#13182=CARTESIAN_POINT('',(0.5,-5.,148.225001877546));
#13183=CARTESIAN_POINT('',(0.5,-5.,148.225001877546));
#13184=CARTESIAN_POINT('',(0.500000000000007,-5.,192.675001877546));
#13185=CARTESIAN_POINT('',(21.5,-5.00000007450581,183.000002801418));
#13186=CARTESIAN_POINT('',(74.75,-5.,183.000002801418));
#13187=CARTESIAN_POINT('',(21.5,-5.,178.110002801418));
#13188=CARTESIAN_POINT('',(21.5,-5.,159.337501877546));
#13189=CARTESIAN_POINT('',(74.75,-5.,178.110002801418));
#13190=CARTESIAN_POINT('',(21.5,-5.,173.110002801418));
#13191=CARTESIAN_POINT('',(74.75,-5.,173.110002801418));
#13192=CARTESIAN_POINT('',(21.5,-5.,168.220002801418));
#13193=CARTESIAN_POINT('',(21.5,-5.,159.337501877546));
#13194=CARTESIAN_POINT('',(74.75,-5.,168.220002801418));
#13195=CARTESIAN_POINT('',(21.5,-5.,163.220002801418));
#13196=CARTESIAN_POINT('',(74.75,-5.,163.220002801418));
#13197=CARTESIAN_POINT('',(21.5,-5.,158.330002801418));
#13198=CARTESIAN_POINT('',(21.5,-5.,159.337501877546));
#13199=CARTESIAN_POINT('',(74.75,-5.,158.330002801418));
#13200=CARTESIAN_POINT('',(77.25,-5.,151.225001877546));
#13201=CARTESIAN_POINT('',(244.2,-5.,186.325001877546));
#13202=CARTESIAN_POINT('Origin',(247.,-5.,186.325001877546));
#13203=CARTESIAN_POINT('',(244.2,-5.,154.575001877546));
#13204=CARTESIAN_POINT('Origin',(247.,-5.,154.575001877546));
#13205=CARTESIAN_POINT('',(6.2,-5.,186.325001877546));
#13206=CARTESIAN_POINT('Origin',(9.,-5.,186.325001877546));
#13207=CARTESIAN_POINT('',(6.2,-5.,154.575001877546));
#13208=CARTESIAN_POINT('Origin',(9.,-5.,154.575001877546));
#13209=CARTESIAN_POINT('Origin',(229.5,-8.,151.225001877546));
#13210=CARTESIAN_POINT('Origin',(234.5,-8.,192.675001877546));
#13211=CARTESIAN_POINT('',(234.5,-6.5,158.330002801418));
#13212=CARTESIAN_POINT('',(234.5,-8.00000005960464,163.220002801418));
#13213=CARTESIAN_POINT('Origin',(234.5,-8.,192.675001877546));
#13214=CARTESIAN_POINT('',(234.5,-6.5,168.220002801418));
#13215=CARTESIAN_POINT('',(234.5,-8.00000005960464,173.110002801418));
#13216=CARTESIAN_POINT('Origin',(21.5,-8.00000011920929,173.110002801418));
#13217=CARTESIAN_POINT('Origin',(21.5,-5.,178.110002801418));
#13218=CARTESIAN_POINT('',(234.5,-6.5,178.110002801418));
#13219=CARTESIAN_POINT('Origin',(21.5,-8.00000011920929,163.220002801418));
#13220=CARTESIAN_POINT('Origin',(21.5,-5.,168.220002801418));
#13221=CARTESIAN_POINT('Origin',(21.5,-8.,183.000002801418));
#13222=CARTESIAN_POINT('',(234.5,-8.,183.000002801418));
#13223=CARTESIAN_POINT('Origin',(21.5,-5.,158.330002801418));
#13224=CARTESIAN_POINT('Origin',(234.5,-8.,192.675001877546));
#13225=CARTESIAN_POINT('Origin',(21.5,-8.,148.225001877546));
#13226=CARTESIAN_POINT('',(21.5,-8.00000005960464,173.110002801418));
#13227=CARTESIAN_POINT('',(21.5,-6.5,168.220002801418));
#13228=CARTESIAN_POINT('Origin',(21.5,-8.,148.225001877546));
#13229=CARTESIAN_POINT('',(21.5,-8.00000005960464,163.220002801418));
#13230=CARTESIAN_POINT('',(21.5,-6.5,158.330002801418));
#13231=CARTESIAN_POINT('Origin',(21.5,-8.,148.225001877546));
#13232=CARTESIAN_POINT('',(21.5,-8.,183.000002801418));
#13233=CARTESIAN_POINT('',(21.5,-6.5,178.110002801418));
#13234=CARTESIAN_POINT('Origin',(21.5,-8.,183.000002801418));
#13235=CARTESIAN_POINT('Origin',(21.5,-8.00000011920929,163.220002801418));
#13236=CARTESIAN_POINT('Origin',(21.5,-5.,168.220002801418));
#13237=CARTESIAN_POINT('Origin',(21.5,-8.00000011920929,173.110002801418));
#13238=CARTESIAN_POINT('Origin',(21.5,-5.,178.110002801418));
#13239=CARTESIAN_POINT('Origin',(21.5,-5.,158.330002801418));
#13240=CARTESIAN_POINT('Origin',(9.,-5.,154.575001877546));
#13241=CARTESIAN_POINT('',(6.2,-5.,154.575001877546));
#13242=CARTESIAN_POINT('Origin',(9.,-5.,186.325001877546));
#13243=CARTESIAN_POINT('',(6.2,-5.,186.325001877546));
#13244=CARTESIAN_POINT('Origin',(247.,-5.,154.575001877546));
#13245=CARTESIAN_POINT('',(244.2,-5.,154.575001877546));
#13246=CARTESIAN_POINT('Origin',(247.,-5.,186.325001877546));
#13247=CARTESIAN_POINT('',(244.2,-5.,186.325001877546));
#13248=CARTESIAN_POINT('Origin',(0.5,-5.,148.225001877546));
#13249=CARTESIAN_POINT('',(255.5,-5.,148.225001877546));
#13250=CARTESIAN_POINT('',(0.5,-5.,148.225001877546));
#13251=CARTESIAN_POINT('Origin',(0.500000000000007,-5.,192.675001877546));
#13252=CARTESIAN_POINT('Origin',(255.5,-5.,192.675001877546));
#13253=CARTESIAN_POINT('',(255.5,-5.,192.675001877546));
#13254=CARTESIAN_POINT('Origin',(255.5,-5.,148.225001877546));
#13255=CARTESIAN_POINT('Origin',(21.5,34.23,151.225001877546));
#13256=CARTESIAN_POINT('',(24.5,29.34,151.225001877546));
#13257=CARTESIAN_POINT('',(24.5,34.23,151.225001877546));
#13258=CARTESIAN_POINT('',(24.5,13.115,151.225001877546));
#13259=CARTESIAN_POINT('',(21.5,29.34,151.225001877546));
#13260=CARTESIAN_POINT('',(21.5,29.34,151.225001877546));
#13261=CARTESIAN_POINT('',(21.5,34.23,151.225001877546));
#13262=CARTESIAN_POINT('',(21.5,13.115,151.225001877546));
#13263=CARTESIAN_POINT('',(21.5,34.23,151.225001877546));
#13264=CARTESIAN_POINT('Origin',(21.5,34.23,148.225001877546));
#13265=CARTESIAN_POINT('',(24.5,34.23,148.225001877546));
#13266=CARTESIAN_POINT('',(24.5,34.23,170.450001877546));
#13267=CARTESIAN_POINT('',(21.5,34.23,148.225001877546));
#13268=CARTESIAN_POINT('',(21.5,34.23,148.225001877546));
#13269=CARTESIAN_POINT('',(23.,34.23,148.225001877546));
#13270=CARTESIAN_POINT('Origin',(21.5,29.34,151.225001877546));
#13271=CARTESIAN_POINT('',(24.5,29.34,148.225001877546));
#13272=CARTESIAN_POINT('',(24.5,29.34,171.950001877546));
#13273=CARTESIAN_POINT('',(21.5,29.34,148.225001877546));
#13274=CARTESIAN_POINT('',(23.,29.34,148.225001877546));
#13275=CARTESIAN_POINT('',(21.5,29.34,149.725001877546));
#13276=CARTESIAN_POINT('Origin',(21.5,73.35,151.225001877546));
#13277=CARTESIAN_POINT('',(24.5,68.46,151.225001877546));
#13278=CARTESIAN_POINT('',(24.5,73.35,151.225001877546));
#13279=CARTESIAN_POINT('',(24.5,32.675,151.225001877546));
#13280=CARTESIAN_POINT('',(21.5,68.46,151.225001877546));
#13281=CARTESIAN_POINT('',(21.5,68.46,151.225001877546));
#13282=CARTESIAN_POINT('',(21.5,73.35,151.225001877546));
#13283=CARTESIAN_POINT('',(21.5,32.675,151.225001877546));
#13284=CARTESIAN_POINT('',(21.5,73.35,151.225001877546));
#13285=CARTESIAN_POINT('Origin',(21.5,73.35,148.225001877546));
#13286=CARTESIAN_POINT('',(24.5,73.35,148.225001877546));
#13287=CARTESIAN_POINT('',(24.5,73.35,170.450001877546));
#13288=CARTESIAN_POINT('',(21.5,73.35,148.225001877546));
#13289=CARTESIAN_POINT('',(21.5,73.35,148.225001877546));
#13290=CARTESIAN_POINT('',(23.,73.35,148.225001877546));
#13291=CARTESIAN_POINT('Origin',(21.5,68.46,151.225001877546));
#13292=CARTESIAN_POINT('',(24.5,68.46,148.225001877546));
#13293=CARTESIAN_POINT('',(24.5,68.46,171.950001877546));
#13294=CARTESIAN_POINT('',(21.5,68.46,148.225001877546));
#13295=CARTESIAN_POINT('',(23.,68.46,148.225001877546));
#13296=CARTESIAN_POINT('',(21.5,68.46,149.725001877546));
#13297=CARTESIAN_POINT('Origin',(21.5,112.47,151.225001877546));
#13298=CARTESIAN_POINT('',(24.5,107.58,151.225001877546));
#13299=CARTESIAN_POINT('',(24.5,112.47,151.225001877546));
#13300=CARTESIAN_POINT('',(24.5,52.235,151.225001877546));
#13301=CARTESIAN_POINT('',(21.5,107.58,151.225001877546));
#13302=CARTESIAN_POINT('',(21.5,107.58,151.225001877546));
#13303=CARTESIAN_POINT('',(21.5,112.47,151.225001877546));
#13304=CARTESIAN_POINT('',(21.5,52.235,151.225001877546));
#13305=CARTESIAN_POINT('',(21.5,112.47,151.225001877546));
#13306=CARTESIAN_POINT('Origin',(21.5,112.47,148.225001877546));
#13307=CARTESIAN_POINT('',(24.5,112.47,148.225001877546));
#13308=CARTESIAN_POINT('',(24.5,112.47,170.450001877546));
#13309=CARTESIAN_POINT('',(21.5,112.47,148.225001877546));
#13310=CARTESIAN_POINT('',(21.5,112.47,148.225001877546));
#13311=CARTESIAN_POINT('',(23.,112.47,148.225001877546));
#13312=CARTESIAN_POINT('Origin',(21.5,107.58,151.225001877546));
#13313=CARTESIAN_POINT('',(24.5,107.58,148.225001877546));
#13314=CARTESIAN_POINT('',(24.5,107.58,171.950001877546));
#13315=CARTESIAN_POINT('',(21.5,107.58,148.225001877546));
#13316=CARTESIAN_POINT('',(23.,107.58,148.225001877546));
#13317=CARTESIAN_POINT('',(21.5,107.58,149.725001877546));
#13318=CARTESIAN_POINT('Origin',(21.5,151.59,151.225001877546));
#13319=CARTESIAN_POINT('',(24.5,146.7,151.225001877546));
#13320=CARTESIAN_POINT('',(24.5,151.59,151.225001877546));
#13321=CARTESIAN_POINT('',(24.5,71.795,151.225001877546));
#13322=CARTESIAN_POINT('',(21.5,146.7,151.225001877546));
#13323=CARTESIAN_POINT('',(21.5,146.7,151.225001877546));
#13324=CARTESIAN_POINT('',(21.5,151.59,151.225001877546));
#13325=CARTESIAN_POINT('',(21.5,71.795,151.225001877546));
#13326=CARTESIAN_POINT('',(21.5,151.59,151.225001877546));
#13327=CARTESIAN_POINT('Origin',(21.5,151.59,148.225001877546));
#13328=CARTESIAN_POINT('',(24.5,151.59,148.225001877546));
#13329=CARTESIAN_POINT('',(24.5,151.59,170.450001877546));
#13330=CARTESIAN_POINT('',(21.5,151.59,148.225001877546));
#13331=CARTESIAN_POINT('',(21.5,151.59,148.225001877546));
#13332=CARTESIAN_POINT('',(23.,151.59,148.225001877546));
#13333=CARTESIAN_POINT('Origin',(21.5,146.7,151.225001877546));
#13334=CARTESIAN_POINT('',(24.5,146.7,148.225001877546));
#13335=CARTESIAN_POINT('',(24.5,146.7,171.950001877546));
#13336=CARTESIAN_POINT('',(21.5,146.7,148.225001877546));
#13337=CARTESIAN_POINT('',(23.,146.7,148.225001877546));
#13338=CARTESIAN_POINT('',(21.5,146.7,149.725001877546));
#13339=CARTESIAN_POINT('Origin',(21.5,141.81,151.225001877546));
#13340=CARTESIAN_POINT('',(24.5,136.92,151.225001877546));
#13341=CARTESIAN_POINT('',(24.5,141.81,151.225001877546));
#13342=CARTESIAN_POINT('',(24.5,66.905,151.225001877546));
#13343=CARTESIAN_POINT('',(21.5,136.92,151.225001877546));
#13344=CARTESIAN_POINT('',(21.5,136.92,151.225001877546));
#13345=CARTESIAN_POINT('',(21.5,141.81,151.225001877546));
#13346=CARTESIAN_POINT('',(21.5,66.905,151.225001877546));
#13347=CARTESIAN_POINT('',(21.5,141.81,151.225001877546));
#13348=CARTESIAN_POINT('Origin',(21.5,141.81,148.225001877546));
#13349=CARTESIAN_POINT('',(24.5,141.81,148.225001877546));
#13350=CARTESIAN_POINT('',(24.5,141.81,170.450001877546));
#13351=CARTESIAN_POINT('',(21.5,141.81,148.225001877546));
#13352=CARTESIAN_POINT('',(21.5,141.81,148.225001877546));
#13353=CARTESIAN_POINT('',(23.,141.81,148.225001877546));
#13354=CARTESIAN_POINT('Origin',(21.5,136.92,151.225001877546));
#13355=CARTESIAN_POINT('',(24.5,136.92,148.225001877546));
#13356=CARTESIAN_POINT('',(24.5,136.92,171.950001877546));
#13357=CARTESIAN_POINT('',(21.5,136.92,148.225001877546));
#13358=CARTESIAN_POINT('',(23.,136.92,148.225001877546));
#13359=CARTESIAN_POINT('',(21.5,136.92,149.725001877546));
#13360=CARTESIAN_POINT('Origin',(21.5,102.69,151.225001877546));
#13361=CARTESIAN_POINT('',(24.5,97.8,151.225001877546));
#13362=CARTESIAN_POINT('',(24.5,102.69,151.225001877546));
#13363=CARTESIAN_POINT('',(24.5,47.345,151.225001877546));
#13364=CARTESIAN_POINT('',(21.5,97.8,151.225001877546));
#13365=CARTESIAN_POINT('',(21.5,97.8,151.225001877546));
#13366=CARTESIAN_POINT('',(21.5,102.69,151.225001877546));
#13367=CARTESIAN_POINT('',(21.5,47.345,151.225001877546));
#13368=CARTESIAN_POINT('',(21.5,102.69,151.225001877546));
#13369=CARTESIAN_POINT('Origin',(21.5,102.69,148.225001877546));
#13370=CARTESIAN_POINT('',(24.5,102.69,148.225001877546));
#13371=CARTESIAN_POINT('',(24.5,102.69,170.450001877546));
#13372=CARTESIAN_POINT('',(21.5,102.69,148.225001877546));
#13373=CARTESIAN_POINT('',(21.5,102.69,148.225001877546));
#13374=CARTESIAN_POINT('',(23.,102.69,148.225001877546));
#13375=CARTESIAN_POINT('Origin',(21.5,97.8,151.225001877546));
#13376=CARTESIAN_POINT('',(24.5,97.8,148.225001877546));
#13377=CARTESIAN_POINT('',(24.5,97.8,171.950001877546));
#13378=CARTESIAN_POINT('',(21.5,97.8,148.225001877546));
#13379=CARTESIAN_POINT('',(23.,97.8,148.225001877546));
#13380=CARTESIAN_POINT('',(21.5,97.8,149.725001877546));
#13381=CARTESIAN_POINT('Origin',(21.5,63.57,151.225001877546));
#13382=CARTESIAN_POINT('',(24.5,58.68,151.225001877546));
#13383=CARTESIAN_POINT('',(24.5,63.57,151.225001877546));
#13384=CARTESIAN_POINT('',(24.5,27.785,151.225001877546));
#13385=CARTESIAN_POINT('',(21.5,58.68,151.225001877546));
#13386=CARTESIAN_POINT('',(21.5,58.68,151.225001877546));
#13387=CARTESIAN_POINT('',(21.5,63.57,151.225001877546));
#13388=CARTESIAN_POINT('',(21.5,27.785,151.225001877546));
#13389=CARTESIAN_POINT('',(21.5,63.57,151.225001877546));
#13390=CARTESIAN_POINT('Origin',(21.5,63.57,148.225001877546));
#13391=CARTESIAN_POINT('',(24.5,63.57,148.225001877546));
#13392=CARTESIAN_POINT('',(24.5,63.57,170.450001877546));
#13393=CARTESIAN_POINT('',(21.5,63.57,148.225001877546));
#13394=CARTESIAN_POINT('',(21.5,63.57,148.225001877546));
#13395=CARTESIAN_POINT('',(23.,63.57,148.225001877546));
#13396=CARTESIAN_POINT('Origin',(21.5,58.68,151.225001877546));
#13397=CARTESIAN_POINT('',(24.5,58.68,148.225001877546));
#13398=CARTESIAN_POINT('',(24.5,58.68,171.950001877546));
#13399=CARTESIAN_POINT('',(21.5,58.68,148.225001877546));
#13400=CARTESIAN_POINT('',(23.,58.68,148.225001877546));
#13401=CARTESIAN_POINT('',(21.5,58.68,149.725001877546));
#13402=CARTESIAN_POINT('Origin',(21.5,24.45,151.225001877546));
#13403=CARTESIAN_POINT('',(24.5,19.56,151.225001877546));
#13404=CARTESIAN_POINT('',(24.5,24.45,151.225001877546));
#13405=CARTESIAN_POINT('',(24.5,8.225,151.225001877546));
#13406=CARTESIAN_POINT('',(21.5,19.56,151.225001877546));
#13407=CARTESIAN_POINT('',(21.5,19.56,151.225001877546));
#13408=CARTESIAN_POINT('',(21.5,24.45,151.225001877546));
#13409=CARTESIAN_POINT('',(21.5,8.225,151.225001877546));
#13410=CARTESIAN_POINT('',(21.5,24.45,151.225001877546));
#13411=CARTESIAN_POINT('Origin',(21.5,24.45,148.225001877546));
#13412=CARTESIAN_POINT('',(24.5,24.45,148.225001877546));
#13413=CARTESIAN_POINT('',(24.5,24.45,170.450001877546));
#13414=CARTESIAN_POINT('',(21.5,24.45,148.225001877546));
#13415=CARTESIAN_POINT('',(21.5,24.45,148.225001877546));
#13416=CARTESIAN_POINT('',(23.,24.45,148.225001877546));
#13417=CARTESIAN_POINT('Origin',(21.5,19.56,151.225001877546));
#13418=CARTESIAN_POINT('',(24.5,19.56,148.225001877546));
#13419=CARTESIAN_POINT('',(24.5,19.56,171.950001877546));
#13420=CARTESIAN_POINT('',(21.5,19.56,148.225001877546));
#13421=CARTESIAN_POINT('',(23.,19.56,148.225001877546));
#13422=CARTESIAN_POINT('',(21.5,19.56,149.725001877546));
#13423=CARTESIAN_POINT('Origin',(21.5,44.01,151.225001877546));
#13424=CARTESIAN_POINT('',(24.5,39.12,151.225001877546));
#13425=CARTESIAN_POINT('',(24.5,44.01,151.225001877546));
#13426=CARTESIAN_POINT('',(24.5,18.005,151.225001877546));
#13427=CARTESIAN_POINT('',(21.5,39.12,151.225001877546));
#13428=CARTESIAN_POINT('',(21.5,39.12,151.225001877546));
#13429=CARTESIAN_POINT('',(21.5,44.01,151.225001877546));
#13430=CARTESIAN_POINT('',(21.5,18.005,151.225001877546));
#13431=CARTESIAN_POINT('',(21.5,44.01,151.225001877546));
#13432=CARTESIAN_POINT('Origin',(21.5,44.01,148.225001877546));
#13433=CARTESIAN_POINT('',(24.5,44.01,148.225001877546));
#13434=CARTESIAN_POINT('',(24.5,44.01,170.450001877546));
#13435=CARTESIAN_POINT('',(21.5,44.01,148.225001877546));
#13436=CARTESIAN_POINT('',(21.5,44.01,148.225001877546));
#13437=CARTESIAN_POINT('',(23.,44.01,148.225001877546));
#13438=CARTESIAN_POINT('Origin',(21.5,39.12,151.225001877546));
#13439=CARTESIAN_POINT('',(24.5,39.12,148.225001877546));
#13440=CARTESIAN_POINT('',(24.5,39.12,171.950001877546));
#13441=CARTESIAN_POINT('',(21.5,39.12,148.225001877546));
#13442=CARTESIAN_POINT('',(23.,39.12,148.225001877546));
#13443=CARTESIAN_POINT('',(21.5,39.12,149.725001877546));
#13444=CARTESIAN_POINT('Origin',(21.5,83.13,151.225001877546));
#13445=CARTESIAN_POINT('',(24.5,78.24,151.225001877546));
#13446=CARTESIAN_POINT('',(24.5,83.13,151.225001877546));
#13447=CARTESIAN_POINT('',(24.5,37.565,151.225001877546));
#13448=CARTESIAN_POINT('',(21.5,78.24,151.225001877546));
#13449=CARTESIAN_POINT('',(21.5,78.24,151.225001877546));
#13450=CARTESIAN_POINT('',(21.5,83.13,151.225001877546));
#13451=CARTESIAN_POINT('',(21.5,37.565,151.225001877546));
#13452=CARTESIAN_POINT('',(21.5,83.13,151.225001877546));
#13453=CARTESIAN_POINT('Origin',(21.5,83.13,148.225001877546));
#13454=CARTESIAN_POINT('',(24.5,83.13,148.225001877546));
#13455=CARTESIAN_POINT('',(24.5,83.13,170.450001877546));
#13456=CARTESIAN_POINT('',(21.5,83.13,148.225001877546));
#13457=CARTESIAN_POINT('',(21.5,83.13,148.225001877546));
#13458=CARTESIAN_POINT('',(23.,83.13,148.225001877546));
#13459=CARTESIAN_POINT('Origin',(21.5,78.24,151.225001877546));
#13460=CARTESIAN_POINT('',(24.5,78.24,148.225001877546));
#13461=CARTESIAN_POINT('',(24.5,78.24,171.950001877546));
#13462=CARTESIAN_POINT('',(21.5,78.24,148.225001877546));
#13463=CARTESIAN_POINT('',(23.,78.24,148.225001877546));
#13464=CARTESIAN_POINT('',(21.5,78.24,149.725001877546));
#13465=CARTESIAN_POINT('Origin',(21.5,122.25,151.225001877546));
#13466=CARTESIAN_POINT('',(24.5,117.36,151.225001877546));
#13467=CARTESIAN_POINT('',(24.5,122.25,151.225001877546));
#13468=CARTESIAN_POINT('',(24.5,57.125,151.225001877546));
#13469=CARTESIAN_POINT('',(21.5,117.36,151.225001877546));
#13470=CARTESIAN_POINT('',(21.5,117.36,151.225001877546));
#13471=CARTESIAN_POINT('',(21.5,122.25,151.225001877546));
#13472=CARTESIAN_POINT('',(21.5,57.125,151.225001877546));
#13473=CARTESIAN_POINT('',(21.5,122.25,151.225001877546));
#13474=CARTESIAN_POINT('Origin',(21.5,122.25,148.225001877546));
#13475=CARTESIAN_POINT('',(24.5,122.25,148.225001877546));
#13476=CARTESIAN_POINT('',(24.5,122.25,170.450001877546));
#13477=CARTESIAN_POINT('',(21.5,122.25,148.225001877546));
#13478=CARTESIAN_POINT('',(21.5,122.25,148.225001877546));
#13479=CARTESIAN_POINT('',(23.,122.25,148.225001877546));
#13480=CARTESIAN_POINT('Origin',(21.5,117.36,151.225001877546));
#13481=CARTESIAN_POINT('',(24.5,117.36,148.225001877546));
#13482=CARTESIAN_POINT('',(24.5,117.36,171.950001877546));
#13483=CARTESIAN_POINT('',(21.5,117.36,148.225001877546));
#13484=CARTESIAN_POINT('',(23.,117.36,148.225001877546));
#13485=CARTESIAN_POINT('',(21.5,117.36,149.725001877546));
#13486=CARTESIAN_POINT('Origin',(21.5,161.37,151.225001877546));
#13487=CARTESIAN_POINT('',(24.5,156.48,151.225001877546));
#13488=CARTESIAN_POINT('',(24.5,161.37,151.225001877546));
#13489=CARTESIAN_POINT('',(24.5,76.685,151.225001877546));
#13490=CARTESIAN_POINT('',(21.5,156.48,151.225001877546));
#13491=CARTESIAN_POINT('',(21.5,156.48,151.225001877546));
#13492=CARTESIAN_POINT('',(21.5,161.37,151.225001877546));
#13493=CARTESIAN_POINT('',(21.5,76.685,151.225001877546));
#13494=CARTESIAN_POINT('',(21.5,161.37,151.225001877546));
#13495=CARTESIAN_POINT('Origin',(21.5,161.37,148.225001877546));
#13496=CARTESIAN_POINT('',(24.5,161.37,148.225001877546));
#13497=CARTESIAN_POINT('',(24.5,161.37,170.450001877546));
#13498=CARTESIAN_POINT('',(21.5,161.37,148.225001877546));
#13499=CARTESIAN_POINT('',(21.5,161.37,148.225001877546));
#13500=CARTESIAN_POINT('',(23.,161.37,148.225001877546));
#13501=CARTESIAN_POINT('Origin',(21.5,156.48,151.225001877546));
#13502=CARTESIAN_POINT('',(24.5,156.48,148.225001877546));
#13503=CARTESIAN_POINT('',(24.5,156.48,171.950001877546));
#13504=CARTESIAN_POINT('',(21.5,156.48,148.225001877546));
#13505=CARTESIAN_POINT('',(23.,156.48,148.225001877546));
#13506=CARTESIAN_POINT('',(21.5,156.48,149.725001877546));
#13507=CARTESIAN_POINT('Origin',(21.5,132.03,151.225001877546));
#13508=CARTESIAN_POINT('',(24.5,127.14,151.225001877546));
#13509=CARTESIAN_POINT('',(24.5,132.03,151.225001877546));
#13510=CARTESIAN_POINT('',(24.5,62.015,151.225001877546));
#13511=CARTESIAN_POINT('',(21.5,127.14,151.225001877546));
#13512=CARTESIAN_POINT('',(21.5,127.14,151.225001877546));
#13513=CARTESIAN_POINT('',(21.5,132.03,151.225001877546));
#13514=CARTESIAN_POINT('',(21.5,62.015,151.225001877546));
#13515=CARTESIAN_POINT('',(21.5,132.03,151.225001877546));
#13516=CARTESIAN_POINT('Origin',(21.5,132.03,148.225001877546));
#13517=CARTESIAN_POINT('',(24.5,132.03,148.225001877546));
#13518=CARTESIAN_POINT('',(24.5,132.03,170.450001877546));
#13519=CARTESIAN_POINT('',(21.5,132.03,148.225001877546));
#13520=CARTESIAN_POINT('',(21.5,132.03,148.225001877546));
#13521=CARTESIAN_POINT('',(23.,132.03,148.225001877546));
#13522=CARTESIAN_POINT('Origin',(21.5,127.14,151.225001877546));
#13523=CARTESIAN_POINT('',(24.5,127.14,148.225001877546));
#13524=CARTESIAN_POINT('',(24.5,127.14,171.950001877546));
#13525=CARTESIAN_POINT('',(21.5,127.14,148.225001877546));
#13526=CARTESIAN_POINT('',(23.,127.14,148.225001877546));
#13527=CARTESIAN_POINT('',(21.5,127.14,149.725001877546));
#13528=CARTESIAN_POINT('Origin',(21.5,92.91,151.225001877546));
#13529=CARTESIAN_POINT('',(24.5,88.02,151.225001877546));
#13530=CARTESIAN_POINT('',(24.5,92.91,151.225001877546));
#13531=CARTESIAN_POINT('',(24.5,42.455,151.225001877546));
#13532=CARTESIAN_POINT('',(21.5,88.02,151.225001877546));
#13533=CARTESIAN_POINT('',(21.5,88.02,151.225001877546));
#13534=CARTESIAN_POINT('',(21.5,92.91,151.225001877546));
#13535=CARTESIAN_POINT('',(21.5,42.455,151.225001877546));
#13536=CARTESIAN_POINT('',(21.5,92.91,151.225001877546));
#13537=CARTESIAN_POINT('Origin',(21.5,92.91,148.225001877546));
#13538=CARTESIAN_POINT('',(24.5,92.91,148.225001877546));
#13539=CARTESIAN_POINT('',(24.5,92.91,170.450001877546));
#13540=CARTESIAN_POINT('',(21.5,92.91,148.225001877546));
#13541=CARTESIAN_POINT('',(21.5,92.91,148.225001877546));
#13542=CARTESIAN_POINT('',(23.,92.91,148.225001877546));
#13543=CARTESIAN_POINT('Origin',(21.5,88.02,151.225001877546));
#13544=CARTESIAN_POINT('',(24.5,88.02,148.225001877546));
#13545=CARTESIAN_POINT('',(24.5,88.02,171.950001877546));
#13546=CARTESIAN_POINT('',(21.5,88.02,148.225001877546));
#13547=CARTESIAN_POINT('',(23.,88.02,148.225001877546));
#13548=CARTESIAN_POINT('',(21.5,88.02,149.725001877546));
#13549=CARTESIAN_POINT('Origin',(21.5,53.79,151.225001877546));
#13550=CARTESIAN_POINT('',(24.5,48.9,151.225001877546));
#13551=CARTESIAN_POINT('',(24.5,53.79,151.225001877546));
#13552=CARTESIAN_POINT('',(24.5,22.895,151.225001877546));
#13553=CARTESIAN_POINT('',(21.5,48.9,151.225001877546));
#13554=CARTESIAN_POINT('',(21.5,48.9,151.225001877546));
#13555=CARTESIAN_POINT('',(21.5,53.79,151.225001877546));
#13556=CARTESIAN_POINT('',(21.5,22.895,151.225001877546));
#13557=CARTESIAN_POINT('',(21.5,53.79,151.225001877546));
#13558=CARTESIAN_POINT('Origin',(21.5,53.79,148.225001877546));
#13559=CARTESIAN_POINT('',(24.5,53.79,148.225001877546));
#13560=CARTESIAN_POINT('',(24.5,53.79,170.450001877546));
#13561=CARTESIAN_POINT('',(21.5,53.79,148.225001877546));
#13562=CARTESIAN_POINT('',(21.5,53.79,148.225001877546));
#13563=CARTESIAN_POINT('',(23.,53.79,148.225001877546));
#13564=CARTESIAN_POINT('Origin',(21.5,48.9,151.225001877546));
#13565=CARTESIAN_POINT('',(24.5,48.9,148.225001877546));
#13566=CARTESIAN_POINT('',(24.5,48.9,171.950001877546));
#13567=CARTESIAN_POINT('',(21.5,48.9,148.225001877546));
#13568=CARTESIAN_POINT('',(23.,48.9,148.225001877546));
#13569=CARTESIAN_POINT('',(21.5,48.9,149.725001877546));
#13570=CARTESIAN_POINT('Origin',(21.5,14.67,151.225001877546));
#13571=CARTESIAN_POINT('',(24.5,9.78,151.225001877546));
#13572=CARTESIAN_POINT('',(24.5,14.67,151.225001877546));
#13573=CARTESIAN_POINT('',(24.5,3.335,151.225001877546));
#13574=CARTESIAN_POINT('',(21.5,9.78,151.225001877546));
#13575=CARTESIAN_POINT('',(21.5,9.78,151.225001877546));
#13576=CARTESIAN_POINT('',(21.5,14.67,151.225001877546));
#13577=CARTESIAN_POINT('',(21.5,3.335,151.225001877546));
#13578=CARTESIAN_POINT('',(21.5,14.67,151.225001877546));
#13579=CARTESIAN_POINT('Origin',(21.5,14.67,148.225001877546));
#13580=CARTESIAN_POINT('',(24.5,14.67,148.225001877546));
#13581=CARTESIAN_POINT('',(24.5,14.67,170.450001877546));
#13582=CARTESIAN_POINT('',(21.5,14.67,148.225001877546));
#13583=CARTESIAN_POINT('',(21.5,14.67,148.225001877546));
#13584=CARTESIAN_POINT('',(23.,14.67,148.225001877546));
#13585=CARTESIAN_POINT('Origin',(21.5,9.78,151.225001877546));
#13586=CARTESIAN_POINT('',(24.5,9.78,148.225001877546));
#13587=CARTESIAN_POINT('',(24.5,9.78,171.950001877546));
#13588=CARTESIAN_POINT('',(21.5,9.78,148.225001877546));
#13589=CARTESIAN_POINT('',(23.,9.78,148.225001877546));
#13590=CARTESIAN_POINT('',(21.5,9.78,149.725001877546));
#13591=CARTESIAN_POINT('Origin',(24.5,-8.,192.675001877546));
#13592=CARTESIAN_POINT('',(24.5,-8.,148.225001877546));
#13593=CARTESIAN_POINT('',(24.5,-8.,148.225001877546));
#13594=CARTESIAN_POINT('',(24.5,-8.,148.225001877546));
#13595=CARTESIAN_POINT('',(24.5,-8.,148.225001877546));
#13596=CARTESIAN_POINT('',(24.5,-8.,148.225001877546));
#13597=CARTESIAN_POINT('',(24.5,-8.,148.225001877546));
#13598=CARTESIAN_POINT('',(24.5,-8.,148.225001877546));
#13599=CARTESIAN_POINT('',(24.5,-8.,148.225001877546));
#13600=CARTESIAN_POINT('',(24.5,-8.,148.225001877546));
#13601=CARTESIAN_POINT('',(24.5,-8.,148.225001877546));
#13602=CARTESIAN_POINT('',(24.5,-8.,148.225001877546));
#13603=CARTESIAN_POINT('',(24.5,-8.,148.225001877546));
#13604=CARTESIAN_POINT('',(24.5,-8.,148.225001877546));
#13605=CARTESIAN_POINT('',(24.5,172.,148.225001877546));
#13606=CARTESIAN_POINT('',(24.5,-8.,148.225001877546));
#13607=CARTESIAN_POINT('',(24.5,172.,192.675001877546));
#13608=CARTESIAN_POINT('',(24.5,172.,192.675001877546));
#13609=CARTESIAN_POINT('',(24.5,-5.,192.675001877546));
#13610=CARTESIAN_POINT('',(24.5,-8.,192.675001877546));
#13611=CARTESIAN_POINT('',(24.5,-5.00000007450581,183.000002801418));
#13612=CARTESIAN_POINT('',(24.5,-5.,181.562501877546));
#13613=CARTESIAN_POINT('',(24.5,-8.,183.000002801418));
#13614=CARTESIAN_POINT('',(24.5,-8.,183.000002801418));
#13615=CARTESIAN_POINT('',(24.5,-8.00000011920929,178.110002801418));
#13616=CARTESIAN_POINT('',(24.5,-8.,192.675001877546));
#13617=CARTESIAN_POINT('',(24.5,-5.,178.110002801418));
#13618=CARTESIAN_POINT('',(24.5,-6.5,178.110002801418));
#13619=CARTESIAN_POINT('',(24.5,-5.,173.110002801418));
#13620=CARTESIAN_POINT('',(24.5,-5.,182.892502339482));
#13621=CARTESIAN_POINT('',(24.5,-8.00000011920929,173.110002801418));
#13622=CARTESIAN_POINT('',(24.5,-8.00000005960464,173.110002801418));
#13623=CARTESIAN_POINT('',(24.5,-8.00000011920929,168.220002801418));
#13624=CARTESIAN_POINT('',(24.5,-8.,192.675001877546));
#13625=CARTESIAN_POINT('',(24.5,-5.,168.220002801418));
#13626=CARTESIAN_POINT('',(24.5,-6.5,168.220002801418));
#13627=CARTESIAN_POINT('',(24.5,-5.,163.220002801418));
#13628=CARTESIAN_POINT('',(24.5,-5.,177.947502339482));
#13629=CARTESIAN_POINT('',(24.5,-8.00000011920929,163.220002801418));
#13630=CARTESIAN_POINT('',(24.5,-8.00000005960464,163.220002801418));
#13631=CARTESIAN_POINT('',(24.5,-8.00000011920929,158.330002801418));
#13632=CARTESIAN_POINT('',(24.5,-8.,192.675001877546));
#13633=CARTESIAN_POINT('',(24.5,-5.,158.330002801418));
#13634=CARTESIAN_POINT('',(24.5,-6.5,158.330002801418));
#13635=CARTESIAN_POINT('',(24.5,-5.,148.225001877546));
#13636=CARTESIAN_POINT('',(24.5,-5.,173.002502339482));
#13637=CARTESIAN_POINT('',(24.5,-8.,148.225001877546));
#13638=CARTESIAN_POINT('',(24.5,-8.,148.225001877546));
#13639=CARTESIAN_POINT('',(24.5,-8.,148.225001877546));
#13640=CARTESIAN_POINT('Origin',(24.5,-8.,148.225001877546));
#13641=CARTESIAN_POINT('',(21.5,172.,148.225001877546));
#13642=CARTESIAN_POINT('',(21.5,-8.,148.225001877546));
#13643=CARTESIAN_POINT('',(24.5,172.,148.225001877546));
#13644=CARTESIAN_POINT('Origin',(24.5,-8.,148.225001877546));
#13645=CARTESIAN_POINT('',(21.5,-5.,148.225001877546));
#13646=CARTESIAN_POINT('',(23.75,-5.00000011920929,148.225001877546));
#13647=CARTESIAN_POINT('',(21.5,-8.,148.225001877546));
#13648=CARTESIAN_POINT('Origin',(24.5,-8.,148.225001877546));
#13649=CARTESIAN_POINT('',(21.5,-8.,148.225001877546));
#13650=CARTESIAN_POINT('Origin',(24.5,-8.,148.225001877546));
#13651=CARTESIAN_POINT('',(21.5,-8.,148.225001877546));
#13652=CARTESIAN_POINT('Origin',(24.5,-8.,148.225001877546));
#13653=CARTESIAN_POINT('',(21.5,-8.,148.225001877546));
#13654=CARTESIAN_POINT('Origin',(24.5,-8.,148.225001877546));
#13655=CARTESIAN_POINT('',(21.5,-8.,148.225001877546));
#13656=CARTESIAN_POINT('Origin',(24.5,-8.,148.225001877546));
#13657=CARTESIAN_POINT('',(21.5,-8.,148.225001877546));
#13658=CARTESIAN_POINT('Origin',(24.5,-8.,148.225001877546));
#13659=CARTESIAN_POINT('',(21.5,-8.,148.225001877546));
#13660=CARTESIAN_POINT('Origin',(24.5,-8.,148.225001877546));
#13661=CARTESIAN_POINT('',(21.5,-8.,148.225001877546));
#13662=CARTESIAN_POINT('Origin',(24.5,-8.,148.225001877546));
#13663=CARTESIAN_POINT('',(21.5,-8.,148.225001877546));
#13664=CARTESIAN_POINT('Origin',(24.5,-8.,148.225001877546));
#13665=CARTESIAN_POINT('',(21.5,-8.,148.225001877546));
#13666=CARTESIAN_POINT('Origin',(24.5,-8.,148.225001877546));
#13667=CARTESIAN_POINT('',(21.5,-8.,148.225001877546));
#13668=CARTESIAN_POINT('Origin',(24.5,-8.,148.225001877546));
#13669=CARTESIAN_POINT('',(21.5,-8.,148.225001877546));
#13670=CARTESIAN_POINT('Origin',(24.5,-8.,148.225001877546));
#13671=CARTESIAN_POINT('',(21.5,-8.,148.225001877546));
#13672=CARTESIAN_POINT('Origin',(24.5,-8.,148.225001877546));
#13673=CARTESIAN_POINT('',(21.5,-8.,148.225001877546));
#13674=CARTESIAN_POINT('Origin',(24.5,-8.,148.225001877546));
#13675=CARTESIAN_POINT('',(21.5,-8.,148.225001877546));
#13676=CARTESIAN_POINT('Origin',(21.5,-5.00000007450581,183.000002801418));
#13677=CARTESIAN_POINT('',(21.5,-5.,192.675001877546));
#13678=CARTESIAN_POINT('',(22.25,-5.,192.675001877546));
#13679=CARTESIAN_POINT('',(21.5,-5.00000007450581,183.000002801418));
#13680=CARTESIAN_POINT('',(21.5,-5.,159.337501877546));
#13681=CARTESIAN_POINT('',(21.5,-5.00000007450581,183.000002801418));
#13682=CARTESIAN_POINT('Origin',(21.5,-8.,183.000002801418));
#13683=CARTESIAN_POINT('',(21.5,-8.,183.000002801418));
#13684=CARTESIAN_POINT('',(21.5,-8.,183.000002801418));
#13685=CARTESIAN_POINT('',(22.25,-8.,183.000002801418));
#13686=CARTESIAN_POINT('Origin',(21.5,-8.00000011920929,163.220002801418));
#13687=CARTESIAN_POINT('',(21.5,-5.,163.220002801418));
#13688=CARTESIAN_POINT('',(21.5,-5.,163.220002801418));
#13689=CARTESIAN_POINT('',(21.5,-8.00000011920929,163.220002801418));
#13690=CARTESIAN_POINT('',(21.5,-8.00000005960464,163.220002801418));
#13691=CARTESIAN_POINT('',(22.25,-8.,163.220002801418));
#13692=CARTESIAN_POINT('Origin',(21.5,-5.,168.220002801418));
#13693=CARTESIAN_POINT('',(21.5,-8.00000011920929,168.220002801418));
#13694=CARTESIAN_POINT('',(22.25,-8.,168.220002801418));
#13695=CARTESIAN_POINT('',(21.5,-5.,168.220002801418));
#13696=CARTESIAN_POINT('',(21.5,-6.5,168.220002801418));
#13697=CARTESIAN_POINT('',(21.5,-5.,168.220002801418));
#13698=CARTESIAN_POINT('Origin',(21.5,-5.,163.220002801418));
#13699=CARTESIAN_POINT('',(21.5,-5.,155.722502339482));
#13700=CARTESIAN_POINT('Origin',(21.5,-8.00000011920929,173.110002801418));
#13701=CARTESIAN_POINT('',(21.5,-5.,173.110002801418));
#13702=CARTESIAN_POINT('',(21.5,-5.,173.110002801418));
#13703=CARTESIAN_POINT('',(21.5,-8.00000011920929,173.110002801418));
#13704=CARTESIAN_POINT('',(21.5,-8.00000005960464,173.110002801418));
#13705=CARTESIAN_POINT('',(22.25,-8.,173.110002801418));
#13706=CARTESIAN_POINT('Origin',(21.5,-5.,178.110002801418));
#13707=CARTESIAN_POINT('',(21.5,-8.00000011920929,178.110002801418));
#13708=CARTESIAN_POINT('',(22.25,-8.,178.110002801418));
#13709=CARTESIAN_POINT('',(21.5,-5.,178.110002801418));
#13710=CARTESIAN_POINT('',(21.5,-6.5,178.110002801418));
#13711=CARTESIAN_POINT('',(21.5,-5.,178.110002801418));
#13712=CARTESIAN_POINT('Origin',(21.5,-5.,173.110002801418));
#13713=CARTESIAN_POINT('',(21.5,-5.,160.667502339482));
#13714=CARTESIAN_POINT('Origin',(21.5,-5.,158.330002801418));
#13715=CARTESIAN_POINT('',(21.5,-8.00000011920929,158.330002801418));
#13716=CARTESIAN_POINT('',(22.25,-8.,158.330002801418));
#13717=CARTESIAN_POINT('',(21.5,-5.,158.330002801418));
#13718=CARTESIAN_POINT('',(21.5,-6.5,158.330002801418));
#13719=CARTESIAN_POINT('',(21.5,-5.,158.330002801418));
#13720=CARTESIAN_POINT('Origin',(21.5,-5.,153.330002801418));
#13721=CARTESIAN_POINT('',(21.5,-5.,150.777502339482));
#13722=CARTESIAN_POINT('Origin',(23.,-8.,170.450001877546));
#13723=CARTESIAN_POINT('',(21.5,-8.,148.225001877546));
#13724=CARTESIAN_POINT('Origin',(23.,-8.,170.450001877546));
#13725=CARTESIAN_POINT('',(21.5,-8.,148.225001877546));
#13726=CARTESIAN_POINT('Origin',(23.,-8.,170.450001877546));
#13727=CARTESIAN_POINT('',(21.5,-8.,148.225001877546));
#13728=CARTESIAN_POINT('Origin',(21.5,-8.,148.225001877546));
#13729=CARTESIAN_POINT('',(21.5,-8.,148.225001877546));
#13730=CARTESIAN_POINT('',(21.5,172.,192.675001877546));
#13731=CARTESIAN_POINT('',(21.5,-8.,192.675001877546));
#13732=CARTESIAN_POINT('',(21.5,172.,148.225001877546));
#13733=CARTESIAN_POINT('Origin',(21.5,-8.,192.675001877546));
#13734=CARTESIAN_POINT('',(21.5,172.,192.675001877546));
#13735=CARTESIAN_POINT('Origin',(24.5,-8.,148.225001877546));
#13736=CARTESIAN_POINT('Origin',(23.,172.,170.450001877546));
#13737=CARTESIAN_POINT('Origin',(21.5,34.23,151.225001877546));
#13738=CARTESIAN_POINT('',(231.5,34.23,151.225001877546));
#13739=CARTESIAN_POINT('',(231.5,29.34,151.225001877546));
#13740=CARTESIAN_POINT('',(231.5,13.115,151.225001877546));
#13741=CARTESIAN_POINT('',(234.5,34.23,151.225001877546));
#13742=CARTESIAN_POINT('',(21.5,34.23,151.225001877546));
#13743=CARTESIAN_POINT('',(234.5,29.34,151.225001877546));
#13744=CARTESIAN_POINT('',(234.5,13.115,151.225001877546));
#13745=CARTESIAN_POINT('',(21.5,29.34,151.225001877546));
#13746=CARTESIAN_POINT('Origin',(21.5,29.34,151.225001877546));
#13747=CARTESIAN_POINT('',(231.5,29.34,148.225001877546));
#13748=CARTESIAN_POINT('',(231.5,29.34,149.725001877546));
#13749=CARTESIAN_POINT('',(234.5,29.34,148.225001877546));
#13750=CARTESIAN_POINT('',(234.5,29.34,171.950001877546));
#13751=CARTESIAN_POINT('',(128.,29.34,148.225001877546));
#13752=CARTESIAN_POINT('Origin',(21.5,34.23,148.225001877546));
#13753=CARTESIAN_POINT('',(231.5,34.23,148.225001877546));
#13754=CARTESIAN_POINT('',(231.5,34.23,148.225001877546));
#13755=CARTESIAN_POINT('',(234.5,34.23,148.225001877546));
#13756=CARTESIAN_POINT('',(128.,34.23,148.225001877546));
#13757=CARTESIAN_POINT('',(234.5,34.23,170.450001877546));
#13758=CARTESIAN_POINT('Origin',(21.5,73.35,151.225001877546));
#13759=CARTESIAN_POINT('',(231.5,73.35,151.225001877546));
#13760=CARTESIAN_POINT('',(231.5,68.46,151.225001877546));
#13761=CARTESIAN_POINT('',(231.5,32.675,151.225001877546));
#13762=CARTESIAN_POINT('',(234.5,73.35,151.225001877546));
#13763=CARTESIAN_POINT('',(21.5,73.35,151.225001877546));
#13764=CARTESIAN_POINT('',(234.5,68.46,151.225001877546));
#13765=CARTESIAN_POINT('',(234.5,32.675,151.225001877546));
#13766=CARTESIAN_POINT('',(21.5,68.46,151.225001877546));
#13767=CARTESIAN_POINT('Origin',(21.5,68.46,151.225001877546));
#13768=CARTESIAN_POINT('',(231.5,68.46,148.225001877546));
#13769=CARTESIAN_POINT('',(231.5,68.46,149.725001877546));
#13770=CARTESIAN_POINT('',(234.5,68.46,148.225001877546));
#13771=CARTESIAN_POINT('',(234.5,68.46,171.950001877546));
#13772=CARTESIAN_POINT('',(128.,68.46,148.225001877546));
#13773=CARTESIAN_POINT('Origin',(21.5,73.35,148.225001877546));
#13774=CARTESIAN_POINT('',(231.5,73.35,148.225001877546));
#13775=CARTESIAN_POINT('',(231.5,73.35,148.225001877546));
#13776=CARTESIAN_POINT('',(234.5,73.35,148.225001877546));
#13777=CARTESIAN_POINT('',(128.,73.35,148.225001877546));
#13778=CARTESIAN_POINT('',(234.5,73.35,170.450001877546));
#13779=CARTESIAN_POINT('Origin',(21.5,112.47,151.225001877546));
#13780=CARTESIAN_POINT('',(231.5,112.47,151.225001877546));
#13781=CARTESIAN_POINT('',(231.5,107.58,151.225001877546));
#13782=CARTESIAN_POINT('',(231.5,52.235,151.225001877546));
#13783=CARTESIAN_POINT('',(234.5,112.47,151.225001877546));
#13784=CARTESIAN_POINT('',(21.5,112.47,151.225001877546));
#13785=CARTESIAN_POINT('',(234.5,107.58,151.225001877546));
#13786=CARTESIAN_POINT('',(234.5,52.235,151.225001877546));
#13787=CARTESIAN_POINT('',(21.5,107.58,151.225001877546));
#13788=CARTESIAN_POINT('Origin',(21.5,107.58,151.225001877546));
#13789=CARTESIAN_POINT('',(231.5,107.58,148.225001877546));
#13790=CARTESIAN_POINT('',(231.5,107.58,149.725001877546));
#13791=CARTESIAN_POINT('',(234.5,107.58,148.225001877546));
#13792=CARTESIAN_POINT('',(234.5,107.58,171.950001877546));
#13793=CARTESIAN_POINT('',(128.,107.58,148.225001877546));
#13794=CARTESIAN_POINT('Origin',(21.5,112.47,148.225001877546));
#13795=CARTESIAN_POINT('',(231.5,112.47,148.225001877546));
#13796=CARTESIAN_POINT('',(231.5,112.47,148.225001877546));
#13797=CARTESIAN_POINT('',(234.5,112.47,148.225001877546));
#13798=CARTESIAN_POINT('',(128.,112.47,148.225001877546));
#13799=CARTESIAN_POINT('',(234.5,112.47,170.450001877546));
#13800=CARTESIAN_POINT('Origin',(21.5,151.59,151.225001877546));
#13801=CARTESIAN_POINT('',(231.5,151.59,151.225001877546));
#13802=CARTESIAN_POINT('',(231.5,146.7,151.225001877546));
#13803=CARTESIAN_POINT('',(231.5,71.795,151.225001877546));
#13804=CARTESIAN_POINT('',(234.5,151.59,151.225001877546));
#13805=CARTESIAN_POINT('',(21.5,151.59,151.225001877546));
#13806=CARTESIAN_POINT('',(234.5,146.7,151.225001877546));
#13807=CARTESIAN_POINT('',(234.5,71.795,151.225001877546));
#13808=CARTESIAN_POINT('',(21.5,146.7,151.225001877546));
#13809=CARTESIAN_POINT('Origin',(21.5,146.7,151.225001877546));
#13810=CARTESIAN_POINT('',(231.5,146.7,148.225001877546));
#13811=CARTESIAN_POINT('',(231.5,146.7,149.725001877546));
#13812=CARTESIAN_POINT('',(234.5,146.7,148.225001877546));
#13813=CARTESIAN_POINT('',(234.5,146.7,171.950001877546));
#13814=CARTESIAN_POINT('',(128.,146.7,148.225001877546));
#13815=CARTESIAN_POINT('Origin',(21.5,151.59,148.225001877546));
#13816=CARTESIAN_POINT('',(231.5,151.59,148.225001877546));
#13817=CARTESIAN_POINT('',(231.5,151.59,148.225001877546));
#13818=CARTESIAN_POINT('',(234.5,151.59,148.225001877546));
#13819=CARTESIAN_POINT('',(128.,151.59,148.225001877546));
#13820=CARTESIAN_POINT('',(234.5,151.59,170.450001877546));
#13821=CARTESIAN_POINT('Origin',(21.5,141.81,151.225001877546));
#13822=CARTESIAN_POINT('',(231.5,141.81,151.225001877546));
#13823=CARTESIAN_POINT('',(231.5,136.92,151.225001877546));
#13824=CARTESIAN_POINT('',(231.5,66.905,151.225001877546));
#13825=CARTESIAN_POINT('',(234.5,141.81,151.225001877546));
#13826=CARTESIAN_POINT('',(21.5,141.81,151.225001877546));
#13827=CARTESIAN_POINT('',(234.5,136.92,151.225001877546));
#13828=CARTESIAN_POINT('',(234.5,66.905,151.225001877546));
#13829=CARTESIAN_POINT('',(21.5,136.92,151.225001877546));
#13830=CARTESIAN_POINT('Origin',(21.5,136.92,151.225001877546));
#13831=CARTESIAN_POINT('',(231.5,136.92,148.225001877546));
#13832=CARTESIAN_POINT('',(231.5,136.92,149.725001877546));
#13833=CARTESIAN_POINT('',(234.5,136.92,148.225001877546));
#13834=CARTESIAN_POINT('',(234.5,136.92,171.950001877546));
#13835=CARTESIAN_POINT('',(128.,136.92,148.225001877546));
#13836=CARTESIAN_POINT('Origin',(21.5,141.81,148.225001877546));
#13837=CARTESIAN_POINT('',(231.5,141.81,148.225001877546));
#13838=CARTESIAN_POINT('',(231.5,141.81,148.225001877546));
#13839=CARTESIAN_POINT('',(234.5,141.81,148.225001877546));
#13840=CARTESIAN_POINT('',(128.,141.81,148.225001877546));
#13841=CARTESIAN_POINT('',(234.5,141.81,170.450001877546));
#13842=CARTESIAN_POINT('Origin',(21.5,102.69,151.225001877546));
#13843=CARTESIAN_POINT('',(231.5,102.69,151.225001877546));
#13844=CARTESIAN_POINT('',(231.5,97.8,151.225001877546));
#13845=CARTESIAN_POINT('',(231.5,47.345,151.225001877546));
#13846=CARTESIAN_POINT('',(234.5,102.69,151.225001877546));
#13847=CARTESIAN_POINT('',(21.5,102.69,151.225001877546));
#13848=CARTESIAN_POINT('',(234.5,97.8,151.225001877546));
#13849=CARTESIAN_POINT('',(234.5,47.345,151.225001877546));
#13850=CARTESIAN_POINT('',(21.5,97.8,151.225001877546));
#13851=CARTESIAN_POINT('Origin',(21.5,97.8,151.225001877546));
#13852=CARTESIAN_POINT('',(231.5,97.8,148.225001877546));
#13853=CARTESIAN_POINT('',(231.5,97.8,149.725001877546));
#13854=CARTESIAN_POINT('',(234.5,97.8,148.225001877546));
#13855=CARTESIAN_POINT('',(234.5,97.8,171.950001877546));
#13856=CARTESIAN_POINT('',(128.,97.8,148.225001877546));
#13857=CARTESIAN_POINT('Origin',(21.5,102.69,148.225001877546));
#13858=CARTESIAN_POINT('',(231.5,102.69,148.225001877546));
#13859=CARTESIAN_POINT('',(231.5,102.69,148.225001877546));
#13860=CARTESIAN_POINT('',(234.5,102.69,148.225001877546));
#13861=CARTESIAN_POINT('',(128.,102.69,148.225001877546));
#13862=CARTESIAN_POINT('',(234.5,102.69,170.450001877546));
#13863=CARTESIAN_POINT('Origin',(21.5,63.57,151.225001877546));
#13864=CARTESIAN_POINT('',(231.5,63.57,151.225001877546));
#13865=CARTESIAN_POINT('',(231.5,58.68,151.225001877546));
#13866=CARTESIAN_POINT('',(231.5,27.785,151.225001877546));
#13867=CARTESIAN_POINT('',(234.5,63.57,151.225001877546));
#13868=CARTESIAN_POINT('',(21.5,63.57,151.225001877546));
#13869=CARTESIAN_POINT('',(234.5,58.68,151.225001877546));
#13870=CARTESIAN_POINT('',(234.5,27.785,151.225001877546));
#13871=CARTESIAN_POINT('',(21.5,58.68,151.225001877546));
#13872=CARTESIAN_POINT('Origin',(21.5,58.68,151.225001877546));
#13873=CARTESIAN_POINT('',(231.5,58.68,148.225001877546));
#13874=CARTESIAN_POINT('',(231.5,58.68,149.725001877546));
#13875=CARTESIAN_POINT('',(234.5,58.68,148.225001877546));
#13876=CARTESIAN_POINT('',(234.5,58.68,171.950001877546));
#13877=CARTESIAN_POINT('',(128.,58.68,148.225001877546));
#13878=CARTESIAN_POINT('Origin',(21.5,63.57,148.225001877546));
#13879=CARTESIAN_POINT('',(231.5,63.57,148.225001877546));
#13880=CARTESIAN_POINT('',(231.5,63.57,148.225001877546));
#13881=CARTESIAN_POINT('',(234.5,63.57,148.225001877546));
#13882=CARTESIAN_POINT('',(128.,63.57,148.225001877546));
#13883=CARTESIAN_POINT('',(234.5,63.57,170.450001877546));
#13884=CARTESIAN_POINT('Origin',(21.5,24.45,151.225001877546));
#13885=CARTESIAN_POINT('',(231.5,24.45,151.225001877546));
#13886=CARTESIAN_POINT('',(231.5,19.56,151.225001877546));
#13887=CARTESIAN_POINT('',(231.5,8.225,151.225001877546));
#13888=CARTESIAN_POINT('',(234.5,24.45,151.225001877546));
#13889=CARTESIAN_POINT('',(21.5,24.45,151.225001877546));
#13890=CARTESIAN_POINT('',(234.5,19.56,151.225001877546));
#13891=CARTESIAN_POINT('',(234.5,8.225,151.225001877546));
#13892=CARTESIAN_POINT('',(21.5,19.56,151.225001877546));
#13893=CARTESIAN_POINT('Origin',(21.5,19.56,151.225001877546));
#13894=CARTESIAN_POINT('',(231.5,19.56,148.225001877546));
#13895=CARTESIAN_POINT('',(231.5,19.56,149.725001877546));
#13896=CARTESIAN_POINT('',(234.5,19.56,148.225001877546));
#13897=CARTESIAN_POINT('',(234.5,19.56,171.950001877546));
#13898=CARTESIAN_POINT('',(128.,19.56,148.225001877546));
#13899=CARTESIAN_POINT('Origin',(21.5,24.45,148.225001877546));
#13900=CARTESIAN_POINT('',(231.5,24.45,148.225001877546));
#13901=CARTESIAN_POINT('',(231.5,24.45,148.225001877546));
#13902=CARTESIAN_POINT('',(234.5,24.45,148.225001877546));
#13903=CARTESIAN_POINT('',(128.,24.45,148.225001877546));
#13904=CARTESIAN_POINT('',(234.5,24.45,170.450001877546));
#13905=CARTESIAN_POINT('Origin',(21.5,44.01,151.225001877546));
#13906=CARTESIAN_POINT('',(231.5,44.01,151.225001877546));
#13907=CARTESIAN_POINT('',(231.5,39.12,151.225001877546));
#13908=CARTESIAN_POINT('',(231.5,18.005,151.225001877546));
#13909=CARTESIAN_POINT('',(234.5,44.01,151.225001877546));
#13910=CARTESIAN_POINT('',(21.5,44.01,151.225001877546));
#13911=CARTESIAN_POINT('',(234.5,39.12,151.225001877546));
#13912=CARTESIAN_POINT('',(234.5,18.005,151.225001877546));
#13913=CARTESIAN_POINT('',(21.5,39.12,151.225001877546));
#13914=CARTESIAN_POINT('Origin',(21.5,39.12,151.225001877546));
#13915=CARTESIAN_POINT('',(231.5,39.12,148.225001877546));
#13916=CARTESIAN_POINT('',(231.5,39.12,149.725001877546));
#13917=CARTESIAN_POINT('',(234.5,39.12,148.225001877546));
#13918=CARTESIAN_POINT('',(234.5,39.12,171.950001877546));
#13919=CARTESIAN_POINT('',(128.,39.12,148.225001877546));
#13920=CARTESIAN_POINT('Origin',(21.5,44.01,148.225001877546));
#13921=CARTESIAN_POINT('',(231.5,44.01,148.225001877546));
#13922=CARTESIAN_POINT('',(231.5,44.01,148.225001877546));
#13923=CARTESIAN_POINT('',(234.5,44.01,148.225001877546));
#13924=CARTESIAN_POINT('',(128.,44.01,148.225001877546));
#13925=CARTESIAN_POINT('',(234.5,44.01,170.450001877546));
#13926=CARTESIAN_POINT('Origin',(21.5,83.13,151.225001877546));
#13927=CARTESIAN_POINT('',(231.5,83.13,151.225001877546));
#13928=CARTESIAN_POINT('',(231.5,78.24,151.225001877546));
#13929=CARTESIAN_POINT('',(231.5,37.565,151.225001877546));
#13930=CARTESIAN_POINT('',(234.5,83.13,151.225001877546));
#13931=CARTESIAN_POINT('',(21.5,83.13,151.225001877546));
#13932=CARTESIAN_POINT('',(234.5,78.24,151.225001877546));
#13933=CARTESIAN_POINT('',(234.5,37.565,151.225001877546));
#13934=CARTESIAN_POINT('',(21.5,78.24,151.225001877546));
#13935=CARTESIAN_POINT('Origin',(21.5,78.24,151.225001877546));
#13936=CARTESIAN_POINT('',(231.5,78.24,148.225001877546));
#13937=CARTESIAN_POINT('',(231.5,78.24,149.725001877546));
#13938=CARTESIAN_POINT('',(234.5,78.24,148.225001877546));
#13939=CARTESIAN_POINT('',(234.5,78.24,171.950001877546));
#13940=CARTESIAN_POINT('',(128.,78.24,148.225001877546));
#13941=CARTESIAN_POINT('Origin',(21.5,83.13,148.225001877546));
#13942=CARTESIAN_POINT('',(231.5,83.13,148.225001877546));
#13943=CARTESIAN_POINT('',(231.5,83.13,148.225001877546));
#13944=CARTESIAN_POINT('',(234.5,83.13,148.225001877546));
#13945=CARTESIAN_POINT('',(128.,83.13,148.225001877546));
#13946=CARTESIAN_POINT('',(234.5,83.13,170.450001877546));
#13947=CARTESIAN_POINT('Origin',(21.5,122.25,151.225001877546));
#13948=CARTESIAN_POINT('',(231.5,122.25,151.225001877546));
#13949=CARTESIAN_POINT('',(231.5,117.36,151.225001877546));
#13950=CARTESIAN_POINT('',(231.5,57.125,151.225001877546));
#13951=CARTESIAN_POINT('',(234.5,122.25,151.225001877546));
#13952=CARTESIAN_POINT('',(21.5,122.25,151.225001877546));
#13953=CARTESIAN_POINT('',(234.5,117.36,151.225001877546));
#13954=CARTESIAN_POINT('',(234.5,57.125,151.225001877546));
#13955=CARTESIAN_POINT('',(21.5,117.36,151.225001877546));
#13956=CARTESIAN_POINT('Origin',(21.5,117.36,151.225001877546));
#13957=CARTESIAN_POINT('',(231.5,117.36,148.225001877546));
#13958=CARTESIAN_POINT('',(231.5,117.36,149.725001877546));
#13959=CARTESIAN_POINT('',(234.5,117.36,148.225001877546));
#13960=CARTESIAN_POINT('',(234.5,117.36,171.950001877546));
#13961=CARTESIAN_POINT('',(128.,117.36,148.225001877546));
#13962=CARTESIAN_POINT('Origin',(21.5,122.25,148.225001877546));
#13963=CARTESIAN_POINT('',(231.5,122.25,148.225001877546));
#13964=CARTESIAN_POINT('',(231.5,122.25,148.225001877546));
#13965=CARTESIAN_POINT('',(234.5,122.25,148.225001877546));
#13966=CARTESIAN_POINT('',(128.,122.25,148.225001877546));
#13967=CARTESIAN_POINT('',(234.5,122.25,170.450001877546));
#13968=CARTESIAN_POINT('Origin',(21.5,161.37,151.225001877546));
#13969=CARTESIAN_POINT('',(231.5,161.37,151.225001877546));
#13970=CARTESIAN_POINT('',(231.5,156.48,151.225001877546));
#13971=CARTESIAN_POINT('',(231.5,76.685,151.225001877546));
#13972=CARTESIAN_POINT('',(234.5,161.37,151.225001877546));
#13973=CARTESIAN_POINT('',(21.5,161.37,151.225001877546));
#13974=CARTESIAN_POINT('',(234.5,156.48,151.225001877546));
#13975=CARTESIAN_POINT('',(234.5,76.685,151.225001877546));
#13976=CARTESIAN_POINT('',(21.5,156.48,151.225001877546));
#13977=CARTESIAN_POINT('Origin',(21.5,156.48,151.225001877546));
#13978=CARTESIAN_POINT('',(231.5,156.48,148.225001877546));
#13979=CARTESIAN_POINT('',(231.5,156.48,149.725001877546));
#13980=CARTESIAN_POINT('',(234.5,156.48,148.225001877546));
#13981=CARTESIAN_POINT('',(234.5,156.48,171.950001877546));
#13982=CARTESIAN_POINT('',(128.,156.48,148.225001877546));
#13983=CARTESIAN_POINT('Origin',(21.5,161.37,148.225001877546));
#13984=CARTESIAN_POINT('',(231.5,161.37,148.225001877546));
#13985=CARTESIAN_POINT('',(231.5,161.37,148.225001877546));
#13986=CARTESIAN_POINT('',(234.5,161.37,148.225001877546));
#13987=CARTESIAN_POINT('',(128.,161.37,148.225001877546));
#13988=CARTESIAN_POINT('',(234.5,161.37,170.450001877546));
#13989=CARTESIAN_POINT('Origin',(21.5,132.03,151.225001877546));
#13990=CARTESIAN_POINT('',(231.5,132.03,151.225001877546));
#13991=CARTESIAN_POINT('',(231.5,127.14,151.225001877546));
#13992=CARTESIAN_POINT('',(231.5,62.015,151.225001877546));
#13993=CARTESIAN_POINT('',(234.5,132.03,151.225001877546));
#13994=CARTESIAN_POINT('',(21.5,132.03,151.225001877546));
#13995=CARTESIAN_POINT('',(234.5,127.14,151.225001877546));
#13996=CARTESIAN_POINT('',(234.5,62.015,151.225001877546));
#13997=CARTESIAN_POINT('',(21.5,127.14,151.225001877546));
#13998=CARTESIAN_POINT('Origin',(21.5,127.14,151.225001877546));
#13999=CARTESIAN_POINT('',(231.5,127.14,148.225001877546));
#14000=CARTESIAN_POINT('',(231.5,127.14,149.725001877546));
#14001=CARTESIAN_POINT('',(234.5,127.14,148.225001877546));
#14002=CARTESIAN_POINT('',(234.5,127.14,171.950001877546));
#14003=CARTESIAN_POINT('',(128.,127.14,148.225001877546));
#14004=CARTESIAN_POINT('Origin',(21.5,132.03,148.225001877546));
#14005=CARTESIAN_POINT('',(231.5,132.03,148.225001877546));
#14006=CARTESIAN_POINT('',(231.5,132.03,148.225001877546));
#14007=CARTESIAN_POINT('',(234.5,132.03,148.225001877546));
#14008=CARTESIAN_POINT('',(128.,132.03,148.225001877546));
#14009=CARTESIAN_POINT('',(234.5,132.03,170.450001877546));
#14010=CARTESIAN_POINT('Origin',(21.5,92.91,151.225001877546));
#14011=CARTESIAN_POINT('',(231.5,92.91,151.225001877546));
#14012=CARTESIAN_POINT('',(231.5,88.02,151.225001877546));
#14013=CARTESIAN_POINT('',(231.5,42.455,151.225001877546));
#14014=CARTESIAN_POINT('',(234.5,92.91,151.225001877546));
#14015=CARTESIAN_POINT('',(21.5,92.91,151.225001877546));
#14016=CARTESIAN_POINT('',(234.5,88.02,151.225001877546));
#14017=CARTESIAN_POINT('',(234.5,42.455,151.225001877546));
#14018=CARTESIAN_POINT('',(21.5,88.02,151.225001877546));
#14019=CARTESIAN_POINT('Origin',(21.5,88.02,151.225001877546));
#14020=CARTESIAN_POINT('',(231.5,88.02,148.225001877546));
#14021=CARTESIAN_POINT('',(231.5,88.02,149.725001877546));
#14022=CARTESIAN_POINT('',(234.5,88.02,148.225001877546));
#14023=CARTESIAN_POINT('',(234.5,88.02,171.950001877546));
#14024=CARTESIAN_POINT('',(128.,88.02,148.225001877546));
#14025=CARTESIAN_POINT('Origin',(21.5,92.91,148.225001877546));
#14026=CARTESIAN_POINT('',(231.5,92.91,148.225001877546));
#14027=CARTESIAN_POINT('',(231.5,92.91,148.225001877546));
#14028=CARTESIAN_POINT('',(234.5,92.91,148.225001877546));
#14029=CARTESIAN_POINT('',(128.,92.91,148.225001877546));
#14030=CARTESIAN_POINT('',(234.5,92.91,170.450001877546));
#14031=CARTESIAN_POINT('Origin',(21.5,53.79,151.225001877546));
#14032=CARTESIAN_POINT('',(231.5,53.79,151.225001877546));
#14033=CARTESIAN_POINT('',(231.5,48.9,151.225001877546));
#14034=CARTESIAN_POINT('',(231.5,22.895,151.225001877546));
#14035=CARTESIAN_POINT('',(234.5,53.79,151.225001877546));
#14036=CARTESIAN_POINT('',(21.5,53.79,151.225001877546));
#14037=CARTESIAN_POINT('',(234.5,48.9,151.225001877546));
#14038=CARTESIAN_POINT('',(234.5,22.895,151.225001877546));
#14039=CARTESIAN_POINT('',(21.5,48.9,151.225001877546));
#14040=CARTESIAN_POINT('Origin',(21.5,48.9,151.225001877546));
#14041=CARTESIAN_POINT('',(231.5,48.9,148.225001877546));
#14042=CARTESIAN_POINT('',(231.5,48.9,149.725001877546));
#14043=CARTESIAN_POINT('',(234.5,48.9,148.225001877546));
#14044=CARTESIAN_POINT('',(234.5,48.9,171.950001877546));
#14045=CARTESIAN_POINT('',(128.,48.9,148.225001877546));
#14046=CARTESIAN_POINT('Origin',(21.5,53.79,148.225001877546));
#14047=CARTESIAN_POINT('',(231.5,53.79,148.225001877546));
#14048=CARTESIAN_POINT('',(231.5,53.79,148.225001877546));
#14049=CARTESIAN_POINT('',(234.5,53.79,148.225001877546));
#14050=CARTESIAN_POINT('',(128.,53.79,148.225001877546));
#14051=CARTESIAN_POINT('',(234.5,53.79,170.450001877546));
#14052=CARTESIAN_POINT('Origin',(21.5,14.67,151.225001877546));
#14053=CARTESIAN_POINT('',(231.5,14.67,151.225001877546));
#14054=CARTESIAN_POINT('',(231.5,9.78,151.225001877546));
#14055=CARTESIAN_POINT('',(231.5,3.335,151.225001877546));
#14056=CARTESIAN_POINT('',(234.5,14.67,151.225001877546));
#14057=CARTESIAN_POINT('',(21.5,14.67,151.225001877546));
#14058=CARTESIAN_POINT('',(234.5,9.78,151.225001877546));
#14059=CARTESIAN_POINT('',(234.5,3.335,151.225001877546));
#14060=CARTESIAN_POINT('',(21.5,9.78,151.225001877546));
#14061=CARTESIAN_POINT('Origin',(21.5,9.78,151.225001877546));
#14062=CARTESIAN_POINT('',(231.5,9.78,148.225001877546));
#14063=CARTESIAN_POINT('',(231.5,9.78,149.725001877546));
#14064=CARTESIAN_POINT('',(234.5,9.78,148.225001877546));
#14065=CARTESIAN_POINT('',(234.5,9.78,171.950001877546));
#14066=CARTESIAN_POINT('',(128.,9.78,148.225001877546));
#14067=CARTESIAN_POINT('Origin',(21.5,14.67,148.225001877546));
#14068=CARTESIAN_POINT('',(231.5,14.67,148.225001877546));
#14069=CARTESIAN_POINT('',(231.5,14.67,148.225001877546));
#14070=CARTESIAN_POINT('',(234.5,14.67,148.225001877546));
#14071=CARTESIAN_POINT('',(128.,14.67,148.225001877546));
#14072=CARTESIAN_POINT('',(234.5,14.67,170.450001877546));
#14073=CARTESIAN_POINT('Origin',(231.5,-8.,148.225001877546));
#14074=CARTESIAN_POINT('',(231.5,-8.,148.225001877546));
#14075=CARTESIAN_POINT('',(231.5,-8.,148.225001877546));
#14076=CARTESIAN_POINT('',(231.5,-5.,148.225001877546));
#14077=CARTESIAN_POINT('',(231.5,-8.,148.225001877546));
#14078=CARTESIAN_POINT('',(231.5,-5.,158.330002801418));
#14079=CARTESIAN_POINT('',(231.5,-5.,148.225001877546));
#14080=CARTESIAN_POINT('',(231.5,-8.00000011920929,158.330002801418));
#14081=CARTESIAN_POINT('',(231.5,-6.5,158.330002801418));
#14082=CARTESIAN_POINT('',(231.5,-8.00000011920929,163.220002801418));
#14083=CARTESIAN_POINT('',(231.5,-8.,192.675001877546));
#14084=CARTESIAN_POINT('',(231.5,-5.,163.220002801418));
#14085=CARTESIAN_POINT('',(231.5,-8.00000005960464,163.220002801418));
#14086=CARTESIAN_POINT('',(231.5,-5.,168.220002801418));
#14087=CARTESIAN_POINT('',(231.5,-5.,155.722502339482));
#14088=CARTESIAN_POINT('',(231.5,-8.00000011920929,168.220002801418));
#14089=CARTESIAN_POINT('',(231.5,-6.5,168.220002801418));
#14090=CARTESIAN_POINT('',(231.5,-8.00000011920929,173.110002801418));
#14091=CARTESIAN_POINT('',(231.5,-8.,192.675001877546));
#14092=CARTESIAN_POINT('',(231.5,-5.,173.110002801418));
#14093=CARTESIAN_POINT('',(231.5,-8.00000005960464,173.110002801418));
#14094=CARTESIAN_POINT('',(231.5,-5.,178.110002801418));
#14095=CARTESIAN_POINT('',(231.5,-5.,160.667502339482));
#14096=CARTESIAN_POINT('',(231.5,-8.00000011920929,178.110002801418));
#14097=CARTESIAN_POINT('',(231.5,-6.5,178.110002801418));
#14098=CARTESIAN_POINT('',(231.5,-8.,183.000002801418));
#14099=CARTESIAN_POINT('',(231.5,-8.,192.675001877546));
#14100=CARTESIAN_POINT('',(231.5,-5.00000007450581,183.000002801418));
#14101=CARTESIAN_POINT('',(231.5,-8.,183.000002801418));
#14102=CARTESIAN_POINT('',(231.5,-5.,192.675001877546));
#14103=CARTESIAN_POINT('',(231.5,-5.,165.612502339482));
#14104=CARTESIAN_POINT('',(231.5,172.,192.675001877546));
#14105=CARTESIAN_POINT('',(231.5,-8.,192.675001877546));
#14106=CARTESIAN_POINT('',(231.5,172.,148.225001877546));
#14107=CARTESIAN_POINT('',(231.5,172.,192.675001877546));
#14108=CARTESIAN_POINT('',(231.5,-8.,148.225001877546));
#14109=CARTESIAN_POINT('',(231.5,-8.,148.225001877546));
#14110=CARTESIAN_POINT('',(231.5,-8.,148.225001877546));
#14111=CARTESIAN_POINT('',(231.5,-8.,148.225001877546));
#14112=CARTESIAN_POINT('',(231.5,-8.,148.225001877546));
#14113=CARTESIAN_POINT('',(231.5,-8.,148.225001877546));
#14114=CARTESIAN_POINT('',(231.5,-8.,148.225001877546));
#14115=CARTESIAN_POINT('',(231.5,-8.,148.225001877546));
#14116=CARTESIAN_POINT('',(231.5,-8.,148.225001877546));
#14117=CARTESIAN_POINT('',(231.5,-8.,148.225001877546));
#14118=CARTESIAN_POINT('',(231.5,-8.,148.225001877546));
#14119=CARTESIAN_POINT('',(231.5,-8.,148.225001877546));
#14120=CARTESIAN_POINT('',(231.5,-8.,148.225001877546));
#14121=CARTESIAN_POINT('',(231.5,-8.,148.225001877546));
#14122=CARTESIAN_POINT('Origin',(234.5,-8.,148.225001877546));
#14123=CARTESIAN_POINT('',(234.5,-5.,148.225001877546));
#14124=CARTESIAN_POINT('',(234.5,-8.,148.225001877546));
#14125=CARTESIAN_POINT('',(128.,-5.,148.225001877546));
#14126=CARTESIAN_POINT('Origin',(234.5,-8.,148.225001877546));
#14127=CARTESIAN_POINT('',(234.5,-8.,148.225001877546));
#14128=CARTESIAN_POINT('Origin',(234.5,-8.,148.225001877546));
#14129=CARTESIAN_POINT('',(234.5,-8.,148.225001877546));
#14130=CARTESIAN_POINT('Origin',(234.5,-8.,148.225001877546));
#14131=CARTESIAN_POINT('',(234.5,-8.,148.225001877546));
#14132=CARTESIAN_POINT('Origin',(234.5,-8.,148.225001877546));
#14133=CARTESIAN_POINT('',(234.5,-8.,148.225001877546));
#14134=CARTESIAN_POINT('Origin',(234.5,-8.,148.225001877546));
#14135=CARTESIAN_POINT('',(234.5,172.,148.225001877546));
#14136=CARTESIAN_POINT('',(231.5,172.,148.225001877546));
#14137=CARTESIAN_POINT('',(234.5,-8.,148.225001877546));
#14138=CARTESIAN_POINT('Origin',(234.5,-8.,148.225001877546));
#14139=CARTESIAN_POINT('',(234.5,-8.,148.225001877546));
#14140=CARTESIAN_POINT('Origin',(234.5,-8.,148.225001877546));
#14141=CARTESIAN_POINT('',(234.5,-8.,148.225001877546));
#14142=CARTESIAN_POINT('Origin',(234.5,-8.,148.225001877546));
#14143=CARTESIAN_POINT('',(234.5,-8.,148.225001877546));
#14144=CARTESIAN_POINT('Origin',(234.5,-8.,148.225001877546));
#14145=CARTESIAN_POINT('',(234.5,-8.,148.225001877546));
#14146=CARTESIAN_POINT('Origin',(234.5,-8.,148.225001877546));
#14147=CARTESIAN_POINT('',(234.5,-8.,148.225001877546));
#14148=CARTESIAN_POINT('Origin',(234.5,-8.,148.225001877546));
#14149=CARTESIAN_POINT('',(234.5,-8.,148.225001877546));
#14150=CARTESIAN_POINT('Origin',(234.5,-8.,148.225001877546));
#14151=CARTESIAN_POINT('',(234.5,-8.,148.225001877546));
#14152=CARTESIAN_POINT('Origin',(234.5,-8.,148.225001877546));
#14153=CARTESIAN_POINT('',(234.5,-8.,148.225001877546));
#14154=CARTESIAN_POINT('Origin',(234.5,-8.,148.225001877546));
#14155=CARTESIAN_POINT('',(234.5,-8.,148.225001877546));
#14156=CARTESIAN_POINT('Origin',(234.5,-8.,148.225001877546));
#14157=CARTESIAN_POINT('',(234.5,-8.,148.225001877546));
#14158=CARTESIAN_POINT('Origin',(21.5,-8.00000011920929,173.110002801418));
#14159=CARTESIAN_POINT('',(234.5,-8.00000011920929,173.110002801418));
#14160=CARTESIAN_POINT('',(127.25,-8.,173.110002801418));
#14161=CARTESIAN_POINT('',(234.5,-5.,173.110002801418));
#14162=CARTESIAN_POINT('',(234.5,-8.00000005960464,173.110002801418));
#14163=CARTESIAN_POINT('',(21.5,-5.,173.110002801418));
#14164=CARTESIAN_POINT('Origin',(21.5,-5.,173.110002801418));
#14165=CARTESIAN_POINT('',(234.5,-5.,178.110002801418));
#14166=CARTESIAN_POINT('',(234.5,-5.,182.892502339482));
#14167=CARTESIAN_POINT('',(21.5,-5.,178.110002801418));
#14168=CARTESIAN_POINT('Origin',(21.5,-5.,178.110002801418));
#14169=CARTESIAN_POINT('',(234.5,-8.00000011920929,178.110002801418));
#14170=CARTESIAN_POINT('',(234.5,-6.5,178.110002801418));
#14171=CARTESIAN_POINT('',(127.25,-8.,178.110002801418));
#14172=CARTESIAN_POINT('Origin',(21.5,-8.00000011920929,163.220002801418));
#14173=CARTESIAN_POINT('',(234.5,-8.00000011920929,163.220002801418));
#14174=CARTESIAN_POINT('',(127.25,-8.,163.220002801418));
#14175=CARTESIAN_POINT('',(234.5,-5.,163.220002801418));
#14176=CARTESIAN_POINT('',(234.5,-8.00000005960464,163.220002801418));
#14177=CARTESIAN_POINT('',(21.5,-5.,163.220002801418));
#14178=CARTESIAN_POINT('Origin',(21.5,-5.,163.220002801418));
#14179=CARTESIAN_POINT('',(234.5,-5.,168.220002801418));
#14180=CARTESIAN_POINT('',(234.5,-5.,177.947502339482));
#14181=CARTESIAN_POINT('',(21.5,-5.,168.220002801418));
#14182=CARTESIAN_POINT('Origin',(21.5,-5.,168.220002801418));
#14183=CARTESIAN_POINT('',(234.5,-8.00000011920929,168.220002801418));
#14184=CARTESIAN_POINT('',(234.5,-6.5,168.220002801418));
#14185=CARTESIAN_POINT('',(127.25,-8.,168.220002801418));
#14186=CARTESIAN_POINT('Origin',(21.5,-5.,183.000002801418));
#14187=CARTESIAN_POINT('',(234.5,-5.00000007450581,183.000002801418));
#14188=CARTESIAN_POINT('',(21.5,-5.00000007450581,183.000002801418));
#14189=CARTESIAN_POINT('',(234.5,-5.,192.675001877546));
#14190=CARTESIAN_POINT('',(234.5,-5.,187.837502339482));
#14191=CARTESIAN_POINT('',(126.5,-5.,192.675001877546));
#14192=CARTESIAN_POINT('Origin',(21.5,-8.,183.000002801418));
#14193=CARTESIAN_POINT('',(234.5,-8.,183.000002801418));
#14194=CARTESIAN_POINT('',(127.25,-8.,183.000002801418));
#14195=CARTESIAN_POINT('',(234.5,-8.,183.000002801418));
#14196=CARTESIAN_POINT('Origin',(21.5,-5.,148.225001877546));
#14197=CARTESIAN_POINT('',(234.5,-5.,158.330002801418));
#14198=CARTESIAN_POINT('',(234.5,-5.,170.450001877546));
#14199=CARTESIAN_POINT('',(21.5,-5.,158.330002801418));
#14200=CARTESIAN_POINT('Origin',(21.5,-5.,158.330002801418));
#14201=CARTESIAN_POINT('',(234.5,-8.00000011920929,158.330002801418));
#14202=CARTESIAN_POINT('',(234.5,-6.5,158.330002801418));
#14203=CARTESIAN_POINT('',(127.25,-8.,158.330002801418));
#14204=CARTESIAN_POINT('Origin',(231.5,-8.,192.675001877546));
#14205=CARTESIAN_POINT('',(234.5,172.,192.675001877546));
#14206=CARTESIAN_POINT('',(234.5,-8.,192.675001877546));
#14207=CARTESIAN_POINT('',(234.5,172.,192.675001877546));
#14208=CARTESIAN_POINT('Origin',(233.,-8.,170.450001877546));
#14209=CARTESIAN_POINT('',(234.5,-8.,148.225001877546));
#14210=CARTESIAN_POINT('Origin',(233.,-8.,170.450001877546));
#14211=CARTESIAN_POINT('',(234.5,-8.,148.225001877546));
#14212=CARTESIAN_POINT('Origin',(233.,-8.,170.450001877546));
#14213=CARTESIAN_POINT('',(234.5,-8.,148.225001877546));
#14214=CARTESIAN_POINT('Origin',(234.5,-8.,148.225001877546));
#14215=CARTESIAN_POINT('',(234.5,-8.,148.225001877546));
#14216=CARTESIAN_POINT('Origin',(234.5,-8.,192.675001877546));
#14217=CARTESIAN_POINT('',(234.5,172.,148.225001877546));
#14218=CARTESIAN_POINT('Origin',(233.,172.,170.450001877546));
#14219=CARTESIAN_POINT('Origin',(96.3036726934083,22.1331754518702,151.225001877546));
#14220=CARTESIAN_POINT('',(111.762098231024,6.77341755495492,148.225001877546));
#14221=CARTESIAN_POINT('',(96.3036726934083,22.1331754518702,148.225001877546));
#14222=CARTESIAN_POINT('',(89.3120942554475,29.0801282229048,148.225001877546));
#14223=CARTESIAN_POINT('',(111.762098231024,6.77341755495492,151.225001877546));
#14224=CARTESIAN_POINT('',(111.762098231024,6.77341755495492,151.225001877546));
#14225=CARTESIAN_POINT('',(96.3036726934083,22.1331754518702,151.225001877546));
#14226=CARTESIAN_POINT('',(89.3120942554475,29.0801282229048,151.225001877546));
#14227=CARTESIAN_POINT('',(96.3036726934083,22.1331754518702,151.225001877546));
#14228=CARTESIAN_POINT('Origin',(95.,20.,151.225001877546));
#14229=CARTESIAN_POINT('',(93.2325517689758,18.2319143825456,148.225001877546));
#14230=CARTESIAN_POINT('Origin',(95.,20.,148.225001877546));
#14231=CARTESIAN_POINT('',(93.2325517689758,18.2319143825456,151.225001877546));
#14232=CARTESIAN_POINT('Origin',(95.,20.,151.225001877546));
#14233=CARTESIAN_POINT('',(93.2325517689758,18.2319143825456,151.225001877546));
#14234=CARTESIAN_POINT('Origin',(108.333015026552,3.1368947699346,151.225001877546));
#14235=CARTESIAN_POINT('',(108.333015026552,3.1368947699346,148.225001877546));
#14236=CARTESIAN_POINT('',(93.5357590419069,17.9288164143898,148.225001877546));
#14237=CARTESIAN_POINT('',(108.333015026552,3.1368947699346,151.225001877546));
#14238=CARTESIAN_POINT('',(93.5357590419069,17.9288164143898,151.225001877546));
#14239=CARTESIAN_POINT('',(108.333015026552,3.1368947699346,151.225001877546));
#14240=CARTESIAN_POINT('Origin',(110.,5.,151.225001877546));
#14241=CARTESIAN_POINT('Origin',(110.,5.,148.225001877546));
#14242=CARTESIAN_POINT('Origin',(110.,5.,151.225001877546));
#14243=CARTESIAN_POINT('Origin',(151.303672693408,57.1331754518702,151.225001877546));
#14244=CARTESIAN_POINT('',(166.762098231024,41.7734175549549,148.225001877546));
#14245=CARTESIAN_POINT('',(151.303672693408,57.1331754518702,148.225001877546));
#14246=CARTESIAN_POINT('',(139.223871650937,69.1358738511201,148.225001877546));
#14247=CARTESIAN_POINT('',(166.762098231024,41.7734175549549,151.225001877546));
#14248=CARTESIAN_POINT('',(166.762098231024,41.7734175549549,151.225001877546));
#14249=CARTESIAN_POINT('',(151.303672693408,57.1331754518702,151.225001877546));
#14250=CARTESIAN_POINT('',(139.223871650937,69.1358738511201,151.225001877546));
#14251=CARTESIAN_POINT('',(151.303672693408,57.1331754518702,151.225001877546));
#14252=CARTESIAN_POINT('Origin',(150.,55.,151.225001877546));
#14253=CARTESIAN_POINT('',(148.232551768976,53.2319143825456,148.225001877546));
#14254=CARTESIAN_POINT('Origin',(150.,55.,148.225001877546));
#14255=CARTESIAN_POINT('',(148.232551768976,53.2319143825456,151.225001877546));
#14256=CARTESIAN_POINT('Origin',(150.,55.,151.225001877546));
#14257=CARTESIAN_POINT('',(148.232551768976,53.2319143825456,151.225001877546));
#14258=CARTESIAN_POINT('Origin',(163.333015026552,38.1368947699346,151.225001877546));
#14259=CARTESIAN_POINT('',(163.333015026552,38.1368947699346,148.225001877546));
#14260=CARTESIAN_POINT('',(143.530800770285,57.9319704224321,148.225001877546));
#14261=CARTESIAN_POINT('',(163.333015026552,38.1368947699346,151.225001877546));
#14262=CARTESIAN_POINT('',(143.530800770285,57.9319704224321,151.225001877546));
#14263=CARTESIAN_POINT('',(163.333015026552,38.1368947699346,151.225001877546));
#14264=CARTESIAN_POINT('Origin',(165.,40.,151.225001877546));
#14265=CARTESIAN_POINT('Origin',(165.,40.,148.225001877546));
#14266=CARTESIAN_POINT('Origin',(165.,40.,151.225001877546));
#14267=CARTESIAN_POINT('Origin',(41.3036726934083,57.1331754518702,151.225001877546));
#14268=CARTESIAN_POINT('',(56.7620982310239,41.7734175549549,148.225001877546));
#14269=CARTESIAN_POINT('',(41.3036726934083,57.1331754518702,148.225001877546));
#14270=CARTESIAN_POINT('',(56.8999581040941,41.6364376103348,148.225001877546));
#14271=CARTESIAN_POINT('',(56.7620982310239,41.7734175549549,151.225001877546));
#14272=CARTESIAN_POINT('',(56.7620982310239,41.7734175549549,151.225001877546));
#14273=CARTESIAN_POINT('',(41.3036726934083,57.1331754518702,151.225001877546));
#14274=CARTESIAN_POINT('',(56.8999581040941,41.6364376103348,151.225001877546));
#14275=CARTESIAN_POINT('',(41.3036726934083,57.1331754518702,151.225001877546));
#14276=CARTESIAN_POINT('Origin',(40.,55.,151.225001877546));
#14277=CARTESIAN_POINT('',(38.2325517689758,53.2319143825456,148.225001877546));
#14278=CARTESIAN_POINT('Origin',(40.,55.,148.225001877546));
#14279=CARTESIAN_POINT('',(38.2325517689758,53.2319143825456,151.225001877546));
#14280=CARTESIAN_POINT('Origin',(40.,55.,151.225001877546));
#14281=CARTESIAN_POINT('',(38.2325517689758,53.2319143825456,151.225001877546));
#14282=CARTESIAN_POINT('Origin',(53.3330150265515,38.1368947699346,151.225001877546));
#14283=CARTESIAN_POINT('',(53.3330150265515,38.1368947699346,148.225001877546));
#14284=CARTESIAN_POINT('',(61.040716175997,30.4319722099826,148.225001877546));
#14285=CARTESIAN_POINT('',(53.3330150265515,38.1368947699346,151.225001877546));
#14286=CARTESIAN_POINT('',(61.040716175997,30.4319722099826,151.225001877546));
#14287=CARTESIAN_POINT('',(53.3330150265515,38.1368947699346,151.225001877546));
#14288=CARTESIAN_POINT('Origin',(55.,40.,151.225001877546));
#14289=CARTESIAN_POINT('Origin',(55.,40.,148.225001877546));
#14290=CARTESIAN_POINT('Origin',(55.,40.,151.225001877546));
#14291=CARTESIAN_POINT('Origin',(123.803672693408,92.1331754518702,151.225001877546));
#14292=CARTESIAN_POINT('',(139.262098231024,76.7734175549549,148.225001877546));
#14293=CARTESIAN_POINT('',(123.803672693408,92.1331754518702,148.225001877546));
#14294=CARTESIAN_POINT('',(127.392713886294,88.5670422987465,148.225001877546));
#14295=CARTESIAN_POINT('',(139.262098231024,76.7734175549549,151.225001877546));
#14296=CARTESIAN_POINT('',(139.262098231024,76.7734175549549,151.225001877546));
#14297=CARTESIAN_POINT('',(123.803672693408,92.1331754518702,151.225001877546));
#14298=CARTESIAN_POINT('',(127.392713886294,88.5670422987465,151.225001877546));
#14299=CARTESIAN_POINT('',(123.803672693408,92.1331754518702,151.225001877546));
#14300=CARTESIAN_POINT('Origin',(122.5,90.,151.225001877546));
#14301=CARTESIAN_POINT('',(120.732551768976,88.2319143825456,148.225001877546));
#14302=CARTESIAN_POINT('Origin',(122.5,90.,148.225001877546));
#14303=CARTESIAN_POINT('',(120.732551768976,88.2319143825456,151.225001877546));
#14304=CARTESIAN_POINT('Origin',(122.5,90.,151.225001877546));
#14305=CARTESIAN_POINT('',(120.732551768976,88.2319143825456,151.225001877546));
#14306=CARTESIAN_POINT('Origin',(135.833015026552,73.1368947699346,151.225001877546));
#14307=CARTESIAN_POINT('',(135.833015026552,73.1368947699346,148.225001877546));
#14308=CARTESIAN_POINT('',(131.658279052947,77.3101257711373,148.225001877546));
#14309=CARTESIAN_POINT('',(135.833015026552,73.1368947699346,151.225001877546));
#14310=CARTESIAN_POINT('',(131.658279052947,77.3101257711373,151.225001877546));
#14311=CARTESIAN_POINT('',(135.833015026552,73.1368947699346,151.225001877546));
#14312=CARTESIAN_POINT('Origin',(137.5,75.,151.225001877546));
#14313=CARTESIAN_POINT('Origin',(137.5,75.,148.225001877546));
#14314=CARTESIAN_POINT('Origin',(137.5,75.,151.225001877546));
#14315=CARTESIAN_POINT('Origin',(178.803672693408,127.13317545187,151.225001877546));
#14316=CARTESIAN_POINT('',(194.262098231024,111.773417554955,148.225001877546));
#14317=CARTESIAN_POINT('',(178.803672693408,127.13317545187,148.225001877546));
#14318=CARTESIAN_POINT('',(177.304491281784,128.622787926962,148.225001877546));
#14319=CARTESIAN_POINT('',(194.262098231024,111.773417554955,151.225001877546));
#14320=CARTESIAN_POINT('',(194.262098231024,111.773417554955,151.225001877546));
#14321=CARTESIAN_POINT('',(178.803672693408,127.13317545187,151.225001877546));
#14322=CARTESIAN_POINT('',(177.304491281784,128.622787926962,151.225001877546));
#14323=CARTESIAN_POINT('',(178.803672693408,127.13317545187,151.225001877546));
#14324=CARTESIAN_POINT('Origin',(177.5,125.,151.225001877546));
#14325=CARTESIAN_POINT('',(175.732551768976,123.231914382546,148.225001877546));
#14326=CARTESIAN_POINT('Origin',(177.5,125.,148.225001877546));
#14327=CARTESIAN_POINT('',(175.732551768976,123.231914382546,151.225001877546));
#14328=CARTESIAN_POINT('Origin',(177.5,125.,151.225001877546));
#14329=CARTESIAN_POINT('',(175.732551768976,123.231914382546,151.225001877546));
#14330=CARTESIAN_POINT('Origin',(190.833015026552,108.136894769935,151.225001877546));
#14331=CARTESIAN_POINT('',(190.833015026552,108.136894769935,148.225001877546));
#14332=CARTESIAN_POINT('',(181.653320781325,117.31327977918,148.225001877546));
#14333=CARTESIAN_POINT('',(190.833015026552,108.136894769935,151.225001877546));
#14334=CARTESIAN_POINT('',(181.653320781325,117.31327977918,151.225001877546));
#14335=CARTESIAN_POINT('',(190.833015026552,108.136894769935,151.225001877546));
#14336=CARTESIAN_POINT('Origin',(192.5,110.,151.225001877546));
#14337=CARTESIAN_POINT('Origin',(192.5,110.,148.225001877546));
#14338=CARTESIAN_POINT('Origin',(192.5,110.,151.225001877546));
#14339=CARTESIAN_POINT('Origin',(68.8036726934083,127.13317545187,151.225001877546));
#14340=CARTESIAN_POINT('',(84.2620982310239,111.773417554955,148.225001877546));
#14341=CARTESIAN_POINT('',(68.8036726934082,127.13317545187,148.225001877546));
#14342=CARTESIAN_POINT('',(94.9805777349409,101.123351686177,148.225001877546));
#14343=CARTESIAN_POINT('',(84.2620982310239,111.773417554955,151.225001877546));
#14344=CARTESIAN_POINT('',(84.2620982310239,111.773417554955,151.225001877546));
#14345=CARTESIAN_POINT('',(68.8036726934082,127.13317545187,151.225001877546));
#14346=CARTESIAN_POINT('',(94.9805777349409,101.123351686177,151.225001877546));
#14347=CARTESIAN_POINT('',(68.8036726934082,127.13317545187,151.225001877546));
#14348=CARTESIAN_POINT('Origin',(67.5,125.,151.225001877546));
#14349=CARTESIAN_POINT('',(65.7325517689758,123.231914382546,148.225001877546));
#14350=CARTESIAN_POINT('Origin',(67.5,125.,148.225001877546));
#14351=CARTESIAN_POINT('',(65.7325517689758,123.231914382546,151.225001877546));
#14352=CARTESIAN_POINT('Origin',(67.5,125.,151.225001877546));
#14353=CARTESIAN_POINT('',(65.7325517689758,123.231914382546,151.225001877546));
#14354=CARTESIAN_POINT('Origin',(80.8330150265515,108.136894769935,151.225001877546));
#14355=CARTESIAN_POINT('',(80.8330150265515,108.136894769935,148.225001877546));
#14356=CARTESIAN_POINT('',(99.1632361870368,89.81328156673,148.225001877546));
#14357=CARTESIAN_POINT('',(80.8330150265515,108.136894769935,151.225001877546));
#14358=CARTESIAN_POINT('',(99.1632361870368,89.81328156673,151.225001877546));
#14359=CARTESIAN_POINT('',(80.8330150265515,108.136894769935,151.225001877546));
#14360=CARTESIAN_POINT('Origin',(82.5,110.,151.225001877546));
#14361=CARTESIAN_POINT('Origin',(82.5,110.,148.225001877546));
#14362=CARTESIAN_POINT('Origin',(82.5,110.,151.225001877546));
#14363=CARTESIAN_POINT('Origin',(96.3036726934083,162.13317545187,151.225001877546));
#14364=CARTESIAN_POINT('',(111.762098231024,146.773417554955,148.225001877546));
#14365=CARTESIAN_POINT('',(96.3036726934082,162.13317545187,148.225001877546));
#14366=CARTESIAN_POINT('',(124.31137674372,134.304238254196,148.225001877546));
#14367=CARTESIAN_POINT('',(111.762098231024,146.773417554955,151.225001877546));
#14368=CARTESIAN_POINT('',(111.762098231024,146.773417554955,151.225001877546));
#14369=CARTESIAN_POINT('',(96.3036726934082,162.13317545187,151.225001877546));
#14370=CARTESIAN_POINT('',(124.31137674372,134.304238254196,151.225001877546));
#14371=CARTESIAN_POINT('',(96.3036726934082,162.13317545187,151.225001877546));
#14372=CARTESIAN_POINT('Origin',(95.,160.,151.225001877546));
#14373=CARTESIAN_POINT('',(93.2325517689758,158.231914382546,148.225001877546));
#14374=CARTESIAN_POINT('Origin',(95.,160.,148.225001877546));
#14375=CARTESIAN_POINT('',(93.2325517689758,158.231914382546,151.225001877546));
#14376=CARTESIAN_POINT('Origin',(95.,160.,151.225001877546));
#14377=CARTESIAN_POINT('',(93.2325517689758,158.231914382546,151.225001877546));
#14378=CARTESIAN_POINT('Origin',(108.333015026552,143.136894769935,151.225001877546));
#14379=CARTESIAN_POINT('',(108.333015026552,143.136894769935,148.225001877546));
#14380=CARTESIAN_POINT('',(128.535756766843,122.94143602166,148.225001877546));
#14381=CARTESIAN_POINT('',(108.333015026552,143.136894769935,151.225001877546));
#14382=CARTESIAN_POINT('',(128.535756766843,122.94143602166,151.225001877546));
#14383=CARTESIAN_POINT('',(108.333015026552,143.136894769935,151.225001877546));
#14384=CARTESIAN_POINT('Origin',(110.,145.,151.225001877546));
#14385=CARTESIAN_POINT('Origin',(110.,145.,148.225001877546));
#14386=CARTESIAN_POINT('Origin',(110.,145.,151.225001877546));
#14387=CARTESIAN_POINT('Origin',(178.803672693408,162.13317545187,151.225001877546));
#14388=CARTESIAN_POINT('',(194.262098231024,146.773417554955,148.225001877546));
#14389=CARTESIAN_POINT('',(178.803672693408,162.13317545187,148.225001877546));
#14390=CARTESIAN_POINT('',(186.054311903852,154.928815434784,148.225001877546));
#14391=CARTESIAN_POINT('',(194.262098231024,146.773417554955,151.225001877546));
#14392=CARTESIAN_POINT('',(194.262098231024,146.773417554955,151.225001877546));
#14393=CARTESIAN_POINT('',(178.803672693408,162.13317545187,151.225001877546));
#14394=CARTESIAN_POINT('',(186.054311903852,154.928815434784,151.225001877546));
#14395=CARTESIAN_POINT('',(178.803672693408,162.13317545187,151.225001877546));
#14396=CARTESIAN_POINT('Origin',(177.5,160.,151.225001877546));
#14397=CARTESIAN_POINT('',(175.732551768976,158.231914382546,148.225001877546));
#14398=CARTESIAN_POINT('Origin',(177.5,160.,148.225001877546));
#14399=CARTESIAN_POINT('',(175.732551768976,158.231914382546,151.225001877546));
#14400=CARTESIAN_POINT('Origin',(177.5,160.,151.225001877546));
#14401=CARTESIAN_POINT('',(175.732551768976,158.231914382546,151.225001877546));
#14402=CARTESIAN_POINT('Origin',(190.833015026552,143.136894769935,151.225001877546));
#14403=CARTESIAN_POINT('',(190.833015026552,143.136894769935,148.225001877546));
#14404=CARTESIAN_POINT('',(190.403320212559,143.566434680997,148.225001877546));
#14405=CARTESIAN_POINT('',(190.833015026552,143.136894769935,151.225001877546));
#14406=CARTESIAN_POINT('',(190.403320212559,143.566434680997,151.225001877546));
#14407=CARTESIAN_POINT('',(190.833015026552,143.136894769935,151.225001877546));
#14408=CARTESIAN_POINT('Origin',(192.5,145.,151.225001877546));
#14409=CARTESIAN_POINT('Origin',(192.5,145.,148.225001877546));
#14410=CARTESIAN_POINT('Origin',(192.5,145.,151.225001877546));
#14411=CARTESIAN_POINT('Origin',(68.8036726934083,162.13317545187,151.225001877546));
#14412=CARTESIAN_POINT('',(84.2620982310239,146.773417554955,148.225001877546));
#14413=CARTESIAN_POINT('',(68.8036726934082,162.13317545187,148.225001877546));
#14414=CARTESIAN_POINT('',(103.730398357009,127.429379193999,148.225001877546));
#14415=CARTESIAN_POINT('',(84.2620982310239,146.773417554955,151.225001877546));
#14416=CARTESIAN_POINT('',(84.2620982310239,146.773417554955,151.225001877546));
#14417=CARTESIAN_POINT('',(68.8036726934082,162.13317545187,151.225001877546));
#14418=CARTESIAN_POINT('',(103.730398357009,127.429379193999,151.225001877546));
#14419=CARTESIAN_POINT('',(68.8036726934082,162.13317545187,151.225001877546));
#14420=CARTESIAN_POINT('Origin',(67.5,160.,151.225001877546));
#14421=CARTESIAN_POINT('',(65.7325517689758,158.231914382546,148.225001877546));
#14422=CARTESIAN_POINT('Origin',(67.5,160.,148.225001877546));
#14423=CARTESIAN_POINT('',(65.7325517689758,158.231914382546,151.225001877546));
#14424=CARTESIAN_POINT('Origin',(67.5,160.,151.225001877546));
#14425=CARTESIAN_POINT('',(65.7325517689758,158.231914382546,151.225001877546));
#14426=CARTESIAN_POINT('Origin',(80.8330150265515,143.136894769935,151.225001877546));
#14427=CARTESIAN_POINT('',(80.8330150265515,143.136894769935,148.225001877546));
#14428=CARTESIAN_POINT('',(107.913235618271,116.066436468548,148.225001877546));
#14429=CARTESIAN_POINT('',(80.8330150265515,143.136894769935,151.225001877546));
#14430=CARTESIAN_POINT('',(107.913235618271,116.066436468548,151.225001877546));
#14431=CARTESIAN_POINT('',(80.8330150265515,143.136894769935,151.225001877546));
#14432=CARTESIAN_POINT('Origin',(82.5,145.,151.225001877546));
#14433=CARTESIAN_POINT('Origin',(82.5,145.,148.225001877546));
#14434=CARTESIAN_POINT('Origin',(82.5,145.,151.225001877546));
#14435=CARTESIAN_POINT('Origin',(96.3036726934083,127.13317545187,151.225001877546));
#14436=CARTESIAN_POINT('',(111.762098231024,111.773417554955,148.225001877546));
#14437=CARTESIAN_POINT('',(96.3036726934082,127.13317545187,148.225001877546));
#14438=CARTESIAN_POINT('',(115.561556121652,107.998210746373,148.225001877546));
#14439=CARTESIAN_POINT('',(111.762098231024,111.773417554955,151.225001877546));
#14440=CARTESIAN_POINT('',(111.762098231024,111.773417554955,151.225001877546));
#14441=CARTESIAN_POINT('',(96.3036726934082,127.13317545187,151.225001877546));
#14442=CARTESIAN_POINT('',(115.561556121652,107.998210746373,151.225001877546));
#14443=CARTESIAN_POINT('',(96.3036726934082,127.13317545187,151.225001877546));
#14444=CARTESIAN_POINT('Origin',(95.,125.,151.225001877546));
#14445=CARTESIAN_POINT('',(93.2325517689758,123.231914382546,148.225001877546));
#14446=CARTESIAN_POINT('Origin',(95.,125.,148.225001877546));
#14447=CARTESIAN_POINT('',(93.2325517689758,123.231914382546,151.225001877546));
#14448=CARTESIAN_POINT('Origin',(95.,125.,151.225001877546));
#14449=CARTESIAN_POINT('',(93.2325517689758,123.231914382546,151.225001877546));
#14450=CARTESIAN_POINT('Origin',(108.333015026552,108.136894769935,151.225001877546));
#14451=CARTESIAN_POINT('',(108.333015026552,108.136894769935,148.225001877546));
#14452=CARTESIAN_POINT('',(119.785757335609,96.6882811198424,148.225001877546));
#14453=CARTESIAN_POINT('',(108.333015026552,108.136894769935,151.225001877546));
#14454=CARTESIAN_POINT('',(119.785757335609,96.6882811198424,151.225001877546));
#14455=CARTESIAN_POINT('',(108.333015026552,108.136894769935,151.225001877546));
#14456=CARTESIAN_POINT('Origin',(110.,110.,151.225001877546));
#14457=CARTESIAN_POINT('Origin',(110.,110.,148.225001877546));
#14458=CARTESIAN_POINT('Origin',(110.,110.,151.225001877546));
#14459=CARTESIAN_POINT('Origin',(178.803672693408,92.1331754518702,151.225001877546));
#14460=CARTESIAN_POINT('',(194.262098231024,76.7734175549549,148.225001877546));
#14461=CARTESIAN_POINT('',(178.803672693408,92.1331754518702,148.225001877546));
#14462=CARTESIAN_POINT('',(168.554670659716,102.316760419139,148.225001877546));
#14463=CARTESIAN_POINT('',(194.262098231024,76.7734175549549,151.225001877546));
#14464=CARTESIAN_POINT('',(194.262098231024,76.7734175549549,151.225001877546));
#14465=CARTESIAN_POINT('',(178.803672693408,92.1331754518702,151.225001877546));
#14466=CARTESIAN_POINT('',(168.554670659716,102.316760419139,151.225001877546));
#14467=CARTESIAN_POINT('',(178.803672693408,92.1331754518702,151.225001877546));
#14468=CARTESIAN_POINT('Origin',(177.5,90.,151.225001877546));
#14469=CARTESIAN_POINT('',(175.732551768976,88.2319143825456,148.225001877546));
#14470=CARTESIAN_POINT('Origin',(177.5,90.,148.225001877546));
#14471=CARTESIAN_POINT('',(175.732551768976,88.2319143825456,151.225001877546));
#14472=CARTESIAN_POINT('Origin',(177.5,90.,151.225001877546));
#14473=CARTESIAN_POINT('',(175.732551768976,88.2319143825456,151.225001877546));
#14474=CARTESIAN_POINT('Origin',(190.833015026552,73.1368947699346,151.225001877546));
#14475=CARTESIAN_POINT('',(190.833015026552,73.1368947699346,148.225001877546));
#14476=CARTESIAN_POINT('',(172.903321350091,91.0601248773621,148.225001877546));
#14477=CARTESIAN_POINT('',(190.833015026552,73.1368947699346,151.225001877546));
#14478=CARTESIAN_POINT('',(172.903321350091,91.0601248773621,151.225001877546));
#14479=CARTESIAN_POINT('',(190.833015026552,73.1368947699346,151.225001877546));
#14480=CARTESIAN_POINT('Origin',(192.5,75.,151.225001877546));
#14481=CARTESIAN_POINT('Origin',(192.5,75.,148.225001877546));
#14482=CARTESIAN_POINT('Origin',(192.5,75.,151.225001877546));
#14483=CARTESIAN_POINT('Origin',(96.3036726934083,92.1331754518702,151.225001877546));
#14484=CARTESIAN_POINT('',(111.762098231024,76.7734175549549,148.225001877546));
#14485=CARTESIAN_POINT('',(96.3036726934082,92.1331754518702,148.225001877546));
#14486=CARTESIAN_POINT('',(106.811735499584,81.6921832385501,148.225001877546));
#14487=CARTESIAN_POINT('',(111.762098231024,76.7734175549549,151.225001877546));
#14488=CARTESIAN_POINT('',(111.762098231024,76.7734175549549,151.225001877546));
#14489=CARTESIAN_POINT('',(96.3036726934082,92.1331754518702,151.225001877546));
#14490=CARTESIAN_POINT('',(106.811735499584,81.6921832385501,151.225001877546));
#14491=CARTESIAN_POINT('',(96.3036726934082,92.1331754518702,151.225001877546));
#14492=CARTESIAN_POINT('Origin',(95.,90.,151.225001877546));
#14493=CARTESIAN_POINT('',(93.2325517689758,88.2319143825456,148.225001877546));
#14494=CARTESIAN_POINT('Origin',(95.,90.,148.225001877546));
#14495=CARTESIAN_POINT('',(93.2325517689758,88.2319143825456,151.225001877546));
#14496=CARTESIAN_POINT('Origin',(95.,90.,151.225001877546));
#14497=CARTESIAN_POINT('',(93.2325517689758,88.2319143825456,151.225001877546));
#14498=CARTESIAN_POINT('Origin',(108.333015026552,73.1368947699346,151.225001877546));
#14499=CARTESIAN_POINT('',(108.333015026552,73.1368947699346,148.225001877546));
#14500=CARTESIAN_POINT('',(111.035757904375,70.4351262180249,148.225001877546));
#14501=CARTESIAN_POINT('',(108.333015026552,73.1368947699346,151.225001877546));
#14502=CARTESIAN_POINT('',(111.035757904375,70.4351262180249,151.225001877546));
#14503=CARTESIAN_POINT('',(108.333015026552,73.1368947699346,151.225001877546));
#14504=CARTESIAN_POINT('Origin',(110.,75.,151.225001877546));
#14505=CARTESIAN_POINT('Origin',(110.,75.,148.225001877546));
#14506=CARTESIAN_POINT('Origin',(110.,75.,151.225001877546));
#14507=CARTESIAN_POINT('Origin',(68.8036726934083,57.1331754518702,151.225001877546));
#14508=CARTESIAN_POINT('',(84.2620982310239,41.7734175549549,148.225001877546));
#14509=CARTESIAN_POINT('',(68.8036726934083,57.1331754518702,148.225001877546));
#14510=CARTESIAN_POINT('',(77.4809364908048,48.5112966705311,148.225001877546));
#14511=CARTESIAN_POINT('',(84.2620982310239,41.7734175549549,151.225001877546));
#14512=CARTESIAN_POINT('',(84.2620982310239,41.7734175549549,151.225001877546));
#14513=CARTESIAN_POINT('',(68.8036726934083,57.1331754518702,151.225001877546));
#14514=CARTESIAN_POINT('',(77.4809364908048,48.5112966705311,151.225001877546));
#14515=CARTESIAN_POINT('',(68.8036726934083,57.1331754518702,151.225001877546));
#14516=CARTESIAN_POINT('Origin',(67.5,55.,151.225001877546));
#14517=CARTESIAN_POINT('',(65.7325517689758,53.2319143825456,148.225001877546));
#14518=CARTESIAN_POINT('Origin',(67.5,55.,148.225001877546));
#14519=CARTESIAN_POINT('',(65.7325517689758,53.2319143825456,151.225001877546));
#14520=CARTESIAN_POINT('Origin',(67.5,55.,151.225001877546));
#14521=CARTESIAN_POINT('',(65.7325517689758,53.2319143825456,151.225001877546));
#14522=CARTESIAN_POINT('Origin',(80.8330150265515,38.1368947699346,151.225001877546));
#14523=CARTESIAN_POINT('',(80.8330150265515,38.1368947699346,148.225001877546));
#14524=CARTESIAN_POINT('',(81.6632373245689,37.3069717630949,148.225001877546));
#14525=CARTESIAN_POINT('',(80.8330150265515,38.1368947699346,151.225001877546));
#14526=CARTESIAN_POINT('',(81.6632373245689,37.3069717630949,151.225001877546));
#14527=CARTESIAN_POINT('',(80.8330150265515,38.1368947699346,151.225001877546));
#14528=CARTESIAN_POINT('Origin',(82.5,40.,151.225001877546));
#14529=CARTESIAN_POINT('Origin',(82.5,40.,148.225001877546));
#14530=CARTESIAN_POINT('Origin',(82.5,40.,151.225001877546));
#14531=CARTESIAN_POINT('Origin',(178.803672693408,22.1331754518702,151.225001877546));
#14532=CARTESIAN_POINT('',(194.262098231024,6.77341755495492,148.225001877546));
#14533=CARTESIAN_POINT('',(178.803672693408,22.1331754518702,148.225001877546));
#14534=CARTESIAN_POINT('',(151.05502941558,49.7047054034937,148.225001877546));
#14535=CARTESIAN_POINT('',(194.262098231024,6.77341755495492,151.225001877546));
#14536=CARTESIAN_POINT('',(194.262098231024,6.77341755495492,151.225001877546));
#14537=CARTESIAN_POINT('',(178.803672693408,22.1331754518702,151.225001877546));
#14538=CARTESIAN_POINT('',(151.05502941558,49.7047054034937,151.225001877546));
#14539=CARTESIAN_POINT('',(178.803672693408,22.1331754518702,151.225001877546));
#14540=CARTESIAN_POINT('Origin',(177.5,20.,151.225001877546));
#14541=CARTESIAN_POINT('',(175.732551768976,18.2319143825456,148.225001877546));
#14542=CARTESIAN_POINT('Origin',(177.5,20.,148.225001877546));
#14543=CARTESIAN_POINT('',(175.732551768976,18.2319143825456,151.225001877546));
#14544=CARTESIAN_POINT('Origin',(177.5,20.,151.225001877546));
#14545=CARTESIAN_POINT('',(175.732551768976,18.2319143825456,151.225001877546));
#14546=CARTESIAN_POINT('Origin',(190.833015026552,3.1368947699346,151.225001877546));
#14547=CARTESIAN_POINT('',(190.833015026552,3.1368947699346,148.225001877546));
#14548=CARTESIAN_POINT('',(155.403322487623,38.553815073727,148.225001877546));
#14549=CARTESIAN_POINT('',(190.833015026552,3.1368947699346,151.225001877546));
#14550=CARTESIAN_POINT('',(155.403322487623,38.553815073727,151.225001877546));
#14551=CARTESIAN_POINT('',(190.833015026552,3.1368947699346,151.225001877546));
#14552=CARTESIAN_POINT('Origin',(192.5,5.,151.225001877546));
#14553=CARTESIAN_POINT('Origin',(192.5,5.,148.225001877546));
#14554=CARTESIAN_POINT('Origin',(192.5,5.,151.225001877546));
#14555=CARTESIAN_POINT('Origin',(68.8036726934083,22.1331754518702,151.225001877546));
#14556=CARTESIAN_POINT('',(84.2620982310239,6.77341755495492,148.225001877546));
#14557=CARTESIAN_POINT('',(68.8036726934083,22.1331754518702,148.225001877546));
#14558=CARTESIAN_POINT('',(68.7311158687368,22.2052691627084,148.225001877546));
#14559=CARTESIAN_POINT('',(84.2620982310239,6.77341755495492,151.225001877546));
#14560=CARTESIAN_POINT('',(84.2620982310239,6.77341755495492,151.225001877546));
#14561=CARTESIAN_POINT('',(68.8036726934083,22.1331754518702,151.225001877546));
#14562=CARTESIAN_POINT('',(68.7311158687368,22.2052691627084,151.225001877546));
#14563=CARTESIAN_POINT('',(68.8036726934083,22.1331754518702,151.225001877546));
#14564=CARTESIAN_POINT('Origin',(67.5,20.,151.225001877546));
#14565=CARTESIAN_POINT('',(65.7325517689758,18.2319143825456,148.225001877546));
#14566=CARTESIAN_POINT('Origin',(67.5,20.,148.225001877546));
#14567=CARTESIAN_POINT('',(65.7325517689758,18.2319143825456,151.225001877546));
#14568=CARTESIAN_POINT('Origin',(67.5,20.,151.225001877546));
#14569=CARTESIAN_POINT('',(65.7325517689758,18.2319143825456,151.225001877546));
#14570=CARTESIAN_POINT('Origin',(80.8330150265515,3.1368947699346,151.225001877546));
#14571=CARTESIAN_POINT('',(80.8330150265515,3.1368947699346,148.225001877546));
#14572=CARTESIAN_POINT('',(72.913237893335,11.0538168612774,148.225001877546));
#14573=CARTESIAN_POINT('',(80.8330150265515,3.1368947699346,151.225001877546));
#14574=CARTESIAN_POINT('',(72.913237893335,11.0538168612774,151.225001877546));
#14575=CARTESIAN_POINT('',(80.8330150265515,3.1368947699346,151.225001877546));
#14576=CARTESIAN_POINT('Origin',(82.5,5.,151.225001877546));
#14577=CARTESIAN_POINT('Origin',(82.5,5.,148.225001877546));
#14578=CARTESIAN_POINT('Origin',(82.5,5.,151.225001877546));
#14579=CARTESIAN_POINT('Origin',(123.803672693408,22.1331754518702,151.225001877546));
#14580=CARTESIAN_POINT('',(139.262098231024,6.77341755495492,148.225001877546));
#14581=CARTESIAN_POINT('',(123.803672693408,22.1331754518702,148.225001877546));
#14582=CARTESIAN_POINT('',(109.893072642158,35.9549872831011,148.225001877546));
#14583=CARTESIAN_POINT('',(139.262098231024,6.77341755495492,151.225001877546));
#14584=CARTESIAN_POINT('',(139.262098231024,6.77341755495492,151.225001877546));
#14585=CARTESIAN_POINT('',(123.803672693408,22.1331754518702,151.225001877546));
#14586=CARTESIAN_POINT('',(109.893072642158,35.9549872831011,151.225001877546));
#14587=CARTESIAN_POINT('',(123.803672693408,22.1331754518702,151.225001877546));
#14588=CARTESIAN_POINT('Origin',(122.5,20.,151.225001877546));
#14589=CARTESIAN_POINT('',(120.732551768976,18.2319143825456,148.225001877546));
#14590=CARTESIAN_POINT('Origin',(122.5,20.,148.225001877546));
#14591=CARTESIAN_POINT('',(120.732551768976,18.2319143825456,151.225001877546));
#14592=CARTESIAN_POINT('Origin',(122.5,20.,151.225001877546));
#14593=CARTESIAN_POINT('',(120.732551768976,18.2319143825456,151.225001877546));
#14594=CARTESIAN_POINT('Origin',(135.833015026552,3.1368947699346,151.225001877546));
#14595=CARTESIAN_POINT('',(135.833015026552,3.1368947699346,148.225001877546));
#14596=CARTESIAN_POINT('',(114.158280190479,24.8038159675022,148.225001877546));
#14597=CARTESIAN_POINT('',(135.833015026552,3.1368947699346,151.225001877546));
#14598=CARTESIAN_POINT('',(114.158280190479,24.8038159675022,151.225001877546));
#14599=CARTESIAN_POINT('',(135.833015026552,3.1368947699346,151.225001877546));
#14600=CARTESIAN_POINT('Origin',(137.5,5.,151.225001877546));
#14601=CARTESIAN_POINT('Origin',(137.5,5.,148.225001877546));
#14602=CARTESIAN_POINT('Origin',(137.5,5.,151.225001877546));
#14603=CARTESIAN_POINT('Origin',(123.803672693408,57.1331754518702,151.225001877546));
#14604=CARTESIAN_POINT('',(139.262098231024,41.7734175549549,148.225001877546));
#14605=CARTESIAN_POINT('',(123.803672693408,57.1331754518702,148.225001877546));
#14606=CARTESIAN_POINT('',(118.642893264226,62.2610147909238,148.225001877546));
#14607=CARTESIAN_POINT('',(139.262098231024,41.7734175549549,151.225001877546));
#14608=CARTESIAN_POINT('',(139.262098231024,41.7734175549549,151.225001877546));
#14609=CARTESIAN_POINT('',(123.803672693408,57.1331754518702,151.225001877546));
#14610=CARTESIAN_POINT('',(118.642893264226,62.2610147909238,151.225001877546));
#14611=CARTESIAN_POINT('',(123.803672693408,57.1331754518702,151.225001877546));
#14612=CARTESIAN_POINT('Origin',(122.5,55.,151.225001877546));
#14613=CARTESIAN_POINT('',(120.732551768976,53.2319143825456,148.225001877546));
#14614=CARTESIAN_POINT('Origin',(122.5,55.,148.225001877546));
#14615=CARTESIAN_POINT('',(120.732551768976,53.2319143825456,151.225001877546));
#14616=CARTESIAN_POINT('Origin',(122.5,55.,151.225001877546));
#14617=CARTESIAN_POINT('',(120.732551768976,53.2319143825456,151.225001877546));
#14618=CARTESIAN_POINT('Origin',(135.833015026552,38.1368947699346,151.225001877546));
#14619=CARTESIAN_POINT('',(135.833015026552,38.1368947699346,148.225001877546));
#14620=CARTESIAN_POINT('',(122.908279621713,51.0569708693197,148.225001877546));
#14621=CARTESIAN_POINT('',(135.833015026552,38.1368947699346,151.225001877546));
#14622=CARTESIAN_POINT('',(122.908279621713,51.0569708693197,151.225001877546));
#14623=CARTESIAN_POINT('',(135.833015026552,38.1368947699346,151.225001877546));
#14624=CARTESIAN_POINT('Origin',(137.5,40.,151.225001877546));
#14625=CARTESIAN_POINT('Origin',(137.5,40.,148.225001877546));
#14626=CARTESIAN_POINT('Origin',(137.5,40.,151.225001877546));
#14627=CARTESIAN_POINT('Origin',(41.3036726934083,92.1331754518702,151.225001877546));
#14628=CARTESIAN_POINT('',(56.7620982310239,76.7734175549549,148.225001877546));
#14629=CARTESIAN_POINT('',(41.3036726934082,92.1331754518702,148.225001877546));
#14630=CARTESIAN_POINT('',(65.6497787261621,67.9424651181575,148.225001877546));
#14631=CARTESIAN_POINT('',(56.7620982310239,76.7734175549549,151.225001877546));
#14632=CARTESIAN_POINT('',(56.7620982310239,76.7734175549549,151.225001877546));
#14633=CARTESIAN_POINT('',(41.3036726934082,92.1331754518702,151.225001877546));
#14634=CARTESIAN_POINT('',(65.6497787261621,67.9424651181575,151.225001877546));
#14635=CARTESIAN_POINT('',(41.3036726934082,92.1331754518702,151.225001877546));
#14636=CARTESIAN_POINT('Origin',(40.,90.,151.225001877546));
#14637=CARTESIAN_POINT('',(38.2325517689758,88.2319143825456,148.225001877546));
#14638=CARTESIAN_POINT('Origin',(40.,90.,148.225001877546));
#14639=CARTESIAN_POINT('',(38.2325517689758,88.2319143825456,151.225001877546));
#14640=CARTESIAN_POINT('Origin',(40.,90.,151.225001877546));
#14641=CARTESIAN_POINT('',(38.2325517689758,88.2319143825456,151.225001877546));
#14642=CARTESIAN_POINT('Origin',(53.3330150265515,73.1368947699346,151.225001877546));
#14643=CARTESIAN_POINT('',(53.3330150265515,73.1368947699346,148.225001877546));
#14644=CARTESIAN_POINT('',(69.7907156072309,56.6851271118001,148.225001877546));
#14645=CARTESIAN_POINT('',(53.3330150265515,73.1368947699346,151.225001877546));
#14646=CARTESIAN_POINT('',(69.7907156072309,56.6851271118001,151.225001877546));
#14647=CARTESIAN_POINT('',(53.3330150265515,73.1368947699346,151.225001877546));
#14648=CARTESIAN_POINT('Origin',(55.,75.,151.225001877546));
#14649=CARTESIAN_POINT('Origin',(55.,75.,148.225001877546));
#14650=CARTESIAN_POINT('Origin',(55.,75.,151.225001877546));
#14651=CARTESIAN_POINT('Origin',(151.303672693408,92.1331754518702,151.225001877546));
#14652=CARTESIAN_POINT('',(166.762098231024,76.7734175549549,148.225001877546));
#14653=CARTESIAN_POINT('',(151.303672693408,92.1331754518702,148.225001877546));
#14654=CARTESIAN_POINT('',(147.973692273005,95.4419013589428,148.225001877546));
#14655=CARTESIAN_POINT('',(166.762098231024,76.7734175549549,151.225001877546));
#14656=CARTESIAN_POINT('',(166.762098231024,76.7734175549549,151.225001877546));
#14657=CARTESIAN_POINT('',(151.303672693408,92.1331754518702,151.225001877546));
#14658=CARTESIAN_POINT('',(147.973692273005,95.4419013589428,151.225001877546));
#14659=CARTESIAN_POINT('',(151.303672693408,92.1331754518702,151.225001877546));
#14660=CARTESIAN_POINT('Origin',(150.,90.,151.225001877546));
#14661=CARTESIAN_POINT('',(148.232551768976,88.2319143825456,148.225001877546));
#14662=CARTESIAN_POINT('Origin',(150.,90.,148.225001877546));
#14663=CARTESIAN_POINT('',(148.232551768976,88.2319143825456,151.225001877546));
#14664=CARTESIAN_POINT('Origin',(150.,90.,151.225001877546));
#14665=CARTESIAN_POINT('',(148.232551768976,88.2319143825456,151.225001877546));
#14666=CARTESIAN_POINT('Origin',(163.333015026552,73.1368947699346,151.225001877546));
#14667=CARTESIAN_POINT('',(163.333015026552,73.1368947699346,148.225001877546));
#14668=CARTESIAN_POINT('',(152.280800201519,84.1851253242497,148.225001877546));
#14669=CARTESIAN_POINT('',(163.333015026552,73.1368947699346,151.225001877546));
#14670=CARTESIAN_POINT('',(152.280800201519,84.1851253242497,151.225001877546));
#14671=CARTESIAN_POINT('',(163.333015026552,73.1368947699346,151.225001877546));
#14672=CARTESIAN_POINT('Origin',(165.,75.,151.225001877546));
#14673=CARTESIAN_POINT('Origin',(165.,75.,148.225001877546));
#14674=CARTESIAN_POINT('Origin',(165.,75.,151.225001877546));
#14675=CARTESIAN_POINT('Origin',(151.303672693408,127.13317545187,151.225001877546));
#14676=CARTESIAN_POINT('',(166.762098231024,111.773417554955,148.225001877546));
#14677=CARTESIAN_POINT('',(151.303672693408,127.13317545187,148.225001877546));
#14678=CARTESIAN_POINT('',(156.723512895073,121.747928866765,148.225001877546));
#14679=CARTESIAN_POINT('',(166.762098231024,111.773417554955,151.225001877546));
#14680=CARTESIAN_POINT('',(166.762098231024,111.773417554955,151.225001877546));
#14681=CARTESIAN_POINT('',(151.303672693408,127.13317545187,151.225001877546));
#14682=CARTESIAN_POINT('',(156.723512895073,121.747928866765,151.225001877546));
#14683=CARTESIAN_POINT('',(151.303672693408,127.13317545187,151.225001877546));
#14684=CARTESIAN_POINT('Origin',(150.,125.,151.225001877546));
#14685=CARTESIAN_POINT('',(148.232551768976,123.231914382546,148.225001877546));
#14686=CARTESIAN_POINT('Origin',(150.,125.,148.225001877546));
#14687=CARTESIAN_POINT('',(148.232551768976,123.231914382546,151.225001877546));
#14688=CARTESIAN_POINT('Origin',(150.,125.,151.225001877546));
#14689=CARTESIAN_POINT('',(148.232551768976,123.231914382546,151.225001877546));
#14690=CARTESIAN_POINT('Origin',(163.333015026552,108.136894769935,151.225001877546));
#14691=CARTESIAN_POINT('',(163.333015026552,108.136894769935,148.225001877546));
#14692=CARTESIAN_POINT('',(161.030799632753,110.438280226067,148.225001877546));
#14693=CARTESIAN_POINT('',(163.333015026552,108.136894769935,151.225001877546));
#14694=CARTESIAN_POINT('',(161.030799632753,110.438280226067,151.225001877546));
#14695=CARTESIAN_POINT('',(163.333015026552,108.136894769935,151.225001877546));
#14696=CARTESIAN_POINT('Origin',(165.,110.,151.225001877546));
#14697=CARTESIAN_POINT('Origin',(165.,110.,148.225001877546));
#14698=CARTESIAN_POINT('Origin',(165.,110.,151.225001877546));
#14699=CARTESIAN_POINT('Origin',(41.3036726934083,127.13317545187,151.225001877546));
#14700=CARTESIAN_POINT('',(56.7620982310239,111.773417554955,148.225001877546));
#14701=CARTESIAN_POINT('',(41.3036726934082,127.13317545187,148.225001877546));
#14702=CARTESIAN_POINT('',(74.3995993482302,94.2484926259802,148.225001877546));
#14703=CARTESIAN_POINT('',(56.7620982310239,111.773417554955,151.225001877546));
#14704=CARTESIAN_POINT('',(56.7620982310239,111.773417554955,151.225001877546));
#14705=CARTESIAN_POINT('',(41.3036726934082,127.13317545187,151.225001877546));
#14706=CARTESIAN_POINT('',(74.3995993482302,94.2484926259802,151.225001877546));
#14707=CARTESIAN_POINT('',(41.3036726934082,127.13317545187,151.225001877546));
#14708=CARTESIAN_POINT('Origin',(40.,125.,151.225001877546));
#14709=CARTESIAN_POINT('',(38.2325517689758,123.231914382546,148.225001877546));
#14710=CARTESIAN_POINT('Origin',(40.,125.,148.225001877546));
#14711=CARTESIAN_POINT('',(38.2325517689758,123.231914382546,151.225001877546));
#14712=CARTESIAN_POINT('Origin',(40.,125.,151.225001877546));
#14713=CARTESIAN_POINT('',(38.2325517689758,123.231914382546,151.225001877546));
#14714=CARTESIAN_POINT('Origin',(53.3330150265515,108.136894769935,151.225001877546));
#14715=CARTESIAN_POINT('',(53.3330150265515,108.136894769935,148.225001877546));
#14716=CARTESIAN_POINT('',(78.5407150384649,82.9382820136176,148.225001877546));
#14717=CARTESIAN_POINT('',(53.3330150265515,108.136894769935,151.225001877546));
#14718=CARTESIAN_POINT('',(78.5407150384649,82.9382820136176,151.225001877546));
#14719=CARTESIAN_POINT('',(53.3330150265515,108.136894769935,151.225001877546));
#14720=CARTESIAN_POINT('Origin',(55.,110.,151.225001877546));
#14721=CARTESIAN_POINT('Origin',(55.,110.,148.225001877546));
#14722=CARTESIAN_POINT('Origin',(55.,110.,151.225001877546));
#14723=CARTESIAN_POINT('Origin',(123.803672693408,162.13317545187,151.225001877546));
#14724=CARTESIAN_POINT('',(139.262098231024,146.773417554955,148.225001877546));
#14725=CARTESIAN_POINT('',(123.803672693408,162.13317545187,148.225001877546));
#14726=CARTESIAN_POINT('',(144.89235513043,141.179097314392,148.225001877546));
#14727=CARTESIAN_POINT('',(139.262098231024,146.773417554955,151.225001877546));
#14728=CARTESIAN_POINT('',(139.262098231024,146.773417554955,151.225001877546));
#14729=CARTESIAN_POINT('',(123.803672693408,162.13317545187,151.225001877546));
#14730=CARTESIAN_POINT('',(144.89235513043,141.179097314392,151.225001877546));
#14731=CARTESIAN_POINT('',(123.803672693408,162.13317545187,151.225001877546));
#14732=CARTESIAN_POINT('Origin',(122.5,160.,151.225001877546));
#14733=CARTESIAN_POINT('',(120.732551768976,158.231914382546,148.225001877546));
#14734=CARTESIAN_POINT('Origin',(122.5,160.,148.225001877546));
#14735=CARTESIAN_POINT('',(120.732551768976,158.231914382546,151.225001877546));
#14736=CARTESIAN_POINT('Origin',(122.5,160.,151.225001877546));
#14737=CARTESIAN_POINT('',(120.732551768976,158.231914382546,151.225001877546));
#14738=CARTESIAN_POINT('Origin',(135.833015026552,143.136894769935,151.225001877546));
#14739=CARTESIAN_POINT('',(135.833015026552,143.136894769935,148.225001877546));
#14740=CARTESIAN_POINT('',(149.158277915415,129.816435574772,148.225001877546));
#14741=CARTESIAN_POINT('',(135.833015026552,143.136894769935,151.225001877546));
#14742=CARTESIAN_POINT('',(149.158277915415,129.816435574772,151.225001877546));
#14743=CARTESIAN_POINT('',(135.833015026552,143.136894769935,151.225001877546));
#14744=CARTESIAN_POINT('Origin',(137.5,145.,151.225001877546));
#14745=CARTESIAN_POINT('Origin',(137.5,145.,148.225001877546));
#14746=CARTESIAN_POINT('Origin',(137.5,145.,151.225001877546));
#14747=CARTESIAN_POINT('Origin',(151.303672693408,162.13317545187,151.225001877546));
#14748=CARTESIAN_POINT('',(166.762098231024,146.773417554955,148.225001877546));
#14749=CARTESIAN_POINT('',(151.303672693408,162.13317545187,148.225001877546));
#14750=CARTESIAN_POINT('',(165.473333517141,148.053956374588,148.225001877546));
#14751=CARTESIAN_POINT('',(166.762098231024,146.773417554955,151.225001877546));
#14752=CARTESIAN_POINT('',(166.762098231024,146.773417554955,151.225001877546));
#14753=CARTESIAN_POINT('',(151.303672693408,162.13317545187,151.225001877546));
#14754=CARTESIAN_POINT('',(165.473333517141,148.053956374588,151.225001877546));
#14755=CARTESIAN_POINT('',(151.303672693408,162.13317545187,151.225001877546));
#14756=CARTESIAN_POINT('Origin',(150.,160.,151.225001877546));
#14757=CARTESIAN_POINT('',(148.232551768976,158.231914382546,148.225001877546));
#14758=CARTESIAN_POINT('Origin',(150.,160.,148.225001877546));
#14759=CARTESIAN_POINT('',(148.232551768976,158.231914382546,151.225001877546));
#14760=CARTESIAN_POINT('Origin',(150.,160.,151.225001877546));
#14761=CARTESIAN_POINT('',(148.232551768976,158.231914382546,151.225001877546));
#14762=CARTESIAN_POINT('Origin',(163.333015026552,143.136894769935,151.225001877546));
#14763=CARTESIAN_POINT('',(163.333015026552,143.136894769935,148.225001877546));
#14764=CARTESIAN_POINT('',(169.780799063987,136.691435127885,148.225001877546));
#14765=CARTESIAN_POINT('',(163.333015026552,143.136894769935,151.225001877546));
#14766=CARTESIAN_POINT('',(169.780799063987,136.691435127885,151.225001877546));
#14767=CARTESIAN_POINT('',(163.333015026552,143.136894769935,151.225001877546));
#14768=CARTESIAN_POINT('Origin',(165.,145.,151.225001877546));
#14769=CARTESIAN_POINT('Origin',(165.,145.,148.225001877546));
#14770=CARTESIAN_POINT('Origin',(165.,145.,151.225001877546));
#14771=CARTESIAN_POINT('Origin',(53.3330150265515,143.136894769935,151.225001877546));
#14772=CARTESIAN_POINT('',(38.2325517689757,158.231914382546,148.225001877546));
#14773=CARTESIAN_POINT('',(53.3330150265515,143.136894769935,148.225001877546));
#14774=CARTESIAN_POINT('',(87.2907144696988,109.191436915435,148.225001877546));
#14775=CARTESIAN_POINT('',(38.2325517689757,158.231914382546,151.225001877546));
#14776=CARTESIAN_POINT('',(38.2325517689757,158.231914382546,151.225001877546));
#14777=CARTESIAN_POINT('',(53.3330150265515,143.136894769935,151.225001877546));
#14778=CARTESIAN_POINT('',(87.2907144696988,109.191436915435,151.225001877546));
#14779=CARTESIAN_POINT('',(53.3330150265515,143.136894769935,151.225001877546));
#14780=CARTESIAN_POINT('Origin',(55.,145.,151.225001877546));
#14781=CARTESIAN_POINT('',(56.7620982310239,146.773417554955,148.225001877546));
#14782=CARTESIAN_POINT('Origin',(55.,145.,148.225001877546));
#14783=CARTESIAN_POINT('',(56.7620982310239,146.773417554955,151.225001877546));
#14784=CARTESIAN_POINT('Origin',(55.,145.,151.225001877546));
#14785=CARTESIAN_POINT('',(56.7620982310239,146.773417554955,151.225001877546));
#14786=CARTESIAN_POINT('Origin',(41.3036726934083,162.13317545187,151.225001877546));
#14787=CARTESIAN_POINT('',(41.3036726934083,162.13317545187,148.225001877546));
#14788=CARTESIAN_POINT('',(83.1494199702982,120.554520133803,148.225001877546));
#14789=CARTESIAN_POINT('',(41.3036726934083,162.13317545187,151.225001877546));
#14790=CARTESIAN_POINT('',(83.1494199702982,120.554520133803,151.225001877546));
#14791=CARTESIAN_POINT('',(41.3036726934083,162.13317545187,151.225001877546));
#14792=CARTESIAN_POINT('Origin',(40.,160.,151.225001877546));
#14793=CARTESIAN_POINT('Origin',(40.,160.,148.225001877546));
#14794=CARTESIAN_POINT('Origin',(40.,160.,151.225001877546));
#14795=CARTESIAN_POINT('Origin',(123.803672693408,127.13317545187,151.225001877546));
#14796=CARTESIAN_POINT('',(139.262098231024,111.773417554955,148.225001877546));
#14797=CARTESIAN_POINT('',(123.803672693408,127.13317545187,148.225001877546));
#14798=CARTESIAN_POINT('',(136.142534508362,114.873069806569,148.225001877546));
#14799=CARTESIAN_POINT('',(139.262098231024,111.773417554955,151.225001877546));
#14800=CARTESIAN_POINT('',(139.262098231024,111.773417554955,151.225001877546));
#14801=CARTESIAN_POINT('',(123.803672693408,127.13317545187,151.225001877546));
#14802=CARTESIAN_POINT('',(136.142534508362,114.873069806569,151.225001877546));
#14803=CARTESIAN_POINT('',(123.803672693408,127.13317545187,151.225001877546));
#14804=CARTESIAN_POINT('Origin',(122.5,125.,151.225001877546));
#14805=CARTESIAN_POINT('',(120.732551768976,123.231914382546,148.225001877546));
#14806=CARTESIAN_POINT('Origin',(122.5,125.,148.225001877546));
#14807=CARTESIAN_POINT('',(120.732551768976,123.231914382546,151.225001877546));
#14808=CARTESIAN_POINT('Origin',(122.5,125.,151.225001877546));
#14809=CARTESIAN_POINT('',(120.732551768976,123.231914382546,151.225001877546));
#14810=CARTESIAN_POINT('Origin',(135.833015026552,108.136894769935,151.225001877546));
#14811=CARTESIAN_POINT('',(135.833015026552,108.136894769935,148.225001877546));
#14812=CARTESIAN_POINT('',(140.408278484181,103.563280672955,148.225001877546));
#14813=CARTESIAN_POINT('',(135.833015026552,108.136894769935,151.225001877546));
#14814=CARTESIAN_POINT('',(140.408278484181,103.563280672955,151.225001877546));
#14815=CARTESIAN_POINT('',(135.833015026552,108.136894769935,151.225001877546));
#14816=CARTESIAN_POINT('Origin',(137.5,110.,151.225001877546));
#14817=CARTESIAN_POINT('Origin',(137.5,110.,148.225001877546));
#14818=CARTESIAN_POINT('Origin',(137.5,110.,151.225001877546));
#14819=CARTESIAN_POINT('Origin',(178.803672693408,57.1331754518702,151.225001877546));
#14820=CARTESIAN_POINT('',(194.262098231024,41.7734175549549,148.225001877546));
#14821=CARTESIAN_POINT('',(178.803672693408,57.1331754518702,148.225001877546));
#14822=CARTESIAN_POINT('',(159.804850037648,76.0107329113164,148.225001877546));
#14823=CARTESIAN_POINT('',(194.262098231024,41.7734175549549,151.225001877546));
#14824=CARTESIAN_POINT('',(194.262098231024,41.7734175549549,151.225001877546));
#14825=CARTESIAN_POINT('',(178.803672693408,57.1331754518702,151.225001877546));
#14826=CARTESIAN_POINT('',(159.804850037648,76.0107329113164,151.225001877546));
#14827=CARTESIAN_POINT('',(178.803672693408,57.1331754518702,151.225001877546));
#14828=CARTESIAN_POINT('Origin',(177.5,55.,151.225001877546));
#14829=CARTESIAN_POINT('',(175.732551768976,53.2319143825456,148.225001877546));
#14830=CARTESIAN_POINT('Origin',(177.5,55.,148.225001877546));
#14831=CARTESIAN_POINT('',(175.732551768976,53.2319143825456,151.225001877546));
#14832=CARTESIAN_POINT('Origin',(177.5,55.,151.225001877546));
#14833=CARTESIAN_POINT('',(175.732551768976,53.2319143825456,151.225001877546));
#14834=CARTESIAN_POINT('Origin',(190.833015026552,38.1368947699346,151.225001877546));
#14835=CARTESIAN_POINT('',(190.833015026552,38.1368947699346,148.225001877546));
#14836=CARTESIAN_POINT('',(164.153321918857,64.8069699755445,148.225001877546));
#14837=CARTESIAN_POINT('',(190.833015026552,38.1368947699346,151.225001877546));
#14838=CARTESIAN_POINT('',(164.153321918857,64.8069699755445,151.225001877546));
#14839=CARTESIAN_POINT('',(190.833015026552,38.1368947699346,151.225001877546));
#14840=CARTESIAN_POINT('Origin',(192.5,40.,151.225001877546));
#14841=CARTESIAN_POINT('Origin',(192.5,40.,148.225001877546));
#14842=CARTESIAN_POINT('Origin',(192.5,40.,151.225001877546));
#14843=CARTESIAN_POINT('Origin',(68.8036726934083,92.1331754518702,151.225001877546));
#14844=CARTESIAN_POINT('',(84.2620982310239,76.7734175549549,148.225001877546));
#14845=CARTESIAN_POINT('',(68.8036726934082,92.1331754518702,148.225001877546));
#14846=CARTESIAN_POINT('',(86.2307571128728,74.8173241783538,148.225001877546));
#14847=CARTESIAN_POINT('',(84.2620982310239,76.7734175549549,151.225001877546));
#14848=CARTESIAN_POINT('',(84.2620982310239,76.7734175549549,151.225001877546));
#14849=CARTESIAN_POINT('',(68.8036726934082,92.1331754518702,151.225001877546));
#14850=CARTESIAN_POINT('',(86.2307571128728,74.8173241783538,151.225001877546));
#14851=CARTESIAN_POINT('',(68.8036726934082,92.1331754518702,151.225001877546));
#14852=CARTESIAN_POINT('Origin',(67.5,90.,151.225001877546));
#14853=CARTESIAN_POINT('',(65.7325517689758,88.2319143825456,148.225001877546));
#14854=CARTESIAN_POINT('Origin',(67.5,90.,148.225001877546));
#14855=CARTESIAN_POINT('',(65.7325517689758,88.2319143825456,151.225001877546));
#14856=CARTESIAN_POINT('Origin',(67.5,90.,151.225001877546));
#14857=CARTESIAN_POINT('',(65.7325517689758,88.2319143825456,151.225001877546));
#14858=CARTESIAN_POINT('Origin',(80.8330150265515,73.1368947699346,151.225001877546));
#14859=CARTESIAN_POINT('',(80.8330150265515,73.1368947699346,148.225001877546));
#14860=CARTESIAN_POINT('',(90.4132367558029,63.5601266649125,148.225001877546));
#14861=CARTESIAN_POINT('',(80.8330150265515,73.1368947699346,151.225001877546));
#14862=CARTESIAN_POINT('',(90.4132367558029,63.5601266649125,151.225001877546));
#14863=CARTESIAN_POINT('',(80.8330150265515,73.1368947699346,151.225001877546));
#14864=CARTESIAN_POINT('Origin',(82.5,75.,151.225001877546));
#14865=CARTESIAN_POINT('Origin',(82.5,75.,148.225001877546));
#14866=CARTESIAN_POINT('Origin',(82.5,75.,151.225001877546));
#14867=CARTESIAN_POINT('Origin',(96.3036726934083,57.1331754518702,151.225001877546));
#14868=CARTESIAN_POINT('',(111.762098231024,41.7734175549549,148.225001877546));
#14869=CARTESIAN_POINT('',(96.3036726934082,57.1331754518702,148.225001877546));
#14870=CARTESIAN_POINT('',(98.0619148775155,55.3861557307275,148.225001877546));
#14871=CARTESIAN_POINT('',(111.762098231024,41.7734175549549,151.225001877546));
#14872=CARTESIAN_POINT('',(111.762098231024,41.7734175549549,151.225001877546));
#14873=CARTESIAN_POINT('',(96.3036726934082,57.1331754518702,151.225001877546));
#14874=CARTESIAN_POINT('',(98.0619148775155,55.3861557307275,151.225001877546));
#14875=CARTESIAN_POINT('',(96.3036726934082,57.1331754518702,151.225001877546));
#14876=CARTESIAN_POINT('Origin',(95.,55.,151.225001877546));
#14877=CARTESIAN_POINT('',(93.2325517689758,53.2319143825456,148.225001877546));
#14878=CARTESIAN_POINT('Origin',(95.,55.,148.225001877546));
#14879=CARTESIAN_POINT('',(93.2325517689758,53.2319143825456,151.225001877546));
#14880=CARTESIAN_POINT('Origin',(95.,55.,151.225001877546));
#14881=CARTESIAN_POINT('',(93.2325517689758,53.2319143825456,151.225001877546));
#14882=CARTESIAN_POINT('Origin',(108.333015026552,38.1368947699346,151.225001877546));
#14883=CARTESIAN_POINT('',(108.333015026552,38.1368947699346,148.225001877546));
#14884=CARTESIAN_POINT('',(102.285758473141,44.1819713162073,148.225001877546));
#14885=CARTESIAN_POINT('',(108.333015026552,38.1368947699346,151.225001877546));
#14886=CARTESIAN_POINT('',(102.285758473141,44.1819713162073,151.225001877546));
#14887=CARTESIAN_POINT('',(108.333015026552,38.1368947699346,151.225001877546));
#14888=CARTESIAN_POINT('Origin',(110.,40.,151.225001877546));
#14889=CARTESIAN_POINT('Origin',(110.,40.,148.225001877546));
#14890=CARTESIAN_POINT('Origin',(110.,40.,151.225001877546));
#14891=CARTESIAN_POINT('Origin',(151.303672693408,22.1331754518702,151.225001877546));
#14892=CARTESIAN_POINT('',(166.762098231024,6.77341755495492,148.225001877546));
#14893=CARTESIAN_POINT('',(151.303672693408,22.1331754518702,148.225001877546));
#14894=CARTESIAN_POINT('',(130.474051028869,42.8298463432974,148.225001877546));
#14895=CARTESIAN_POINT('',(166.762098231024,6.77341755495492,151.225001877546));
#14896=CARTESIAN_POINT('',(166.762098231024,6.77341755495492,151.225001877546));
#14897=CARTESIAN_POINT('',(151.303672693408,22.1331754518702,151.225001877546));
#14898=CARTESIAN_POINT('',(130.474051028869,42.8298463432974,151.225001877546));
#14899=CARTESIAN_POINT('',(151.303672693408,22.1331754518702,151.225001877546));
#14900=CARTESIAN_POINT('Origin',(150.,20.,151.225001877546));
#14901=CARTESIAN_POINT('',(148.232551768976,18.2319143825456,148.225001877546));
#14902=CARTESIAN_POINT('Origin',(150.,20.,148.225001877546));
#14903=CARTESIAN_POINT('',(148.232551768976,18.2319143825456,151.225001877546));
#14904=CARTESIAN_POINT('Origin',(150.,20.,151.225001877546));
#14905=CARTESIAN_POINT('',(148.232551768976,18.2319143825456,151.225001877546));
#14906=CARTESIAN_POINT('Origin',(163.333015026552,3.1368947699346,151.225001877546));
#14907=CARTESIAN_POINT('',(163.333015026552,3.1368947699346,148.225001877546));
#14908=CARTESIAN_POINT('',(134.780801339051,31.6788155206146,148.225001877546));
#14909=CARTESIAN_POINT('',(163.333015026552,3.1368947699346,151.225001877546));
#14910=CARTESIAN_POINT('',(134.780801339051,31.6788155206146,151.225001877546));
#14911=CARTESIAN_POINT('',(163.333015026552,3.1368947699346,151.225001877546));
#14912=CARTESIAN_POINT('Origin',(165.,5.,151.225001877546));
#14913=CARTESIAN_POINT('Origin',(165.,5.,148.225001877546));
#14914=CARTESIAN_POINT('Origin',(165.,5.,151.225001877546));
#14915=CARTESIAN_POINT('Origin',(41.3036726934083,22.1331754518702,151.225001877546));
#14916=CARTESIAN_POINT('',(56.7620982310239,6.77341755495492,148.225001877546));
#14917=CARTESIAN_POINT('',(41.3036726934083,22.1331754518702,148.225001877546));
#14918=CARTESIAN_POINT('',(48.150137482026,15.3304101025121,148.225001877546));
#14919=CARTESIAN_POINT('',(56.7620982310239,6.77341755495492,151.225001877546));
#14920=CARTESIAN_POINT('',(56.7620982310239,6.77341755495492,151.225001877546));
#14921=CARTESIAN_POINT('',(41.3036726934083,22.1331754518702,151.225001877546));
#14922=CARTESIAN_POINT('',(48.150137482026,15.3304101025121,151.225001877546));
#14923=CARTESIAN_POINT('',(41.3036726934083,22.1331754518702,151.225001877546));
#14924=CARTESIAN_POINT('Origin',(40.,20.,151.225001877546));
#14925=CARTESIAN_POINT('',(38.2325517689758,18.2319143825456,148.225001877546));
#14926=CARTESIAN_POINT('Origin',(40.,20.,148.225001877546));
#14927=CARTESIAN_POINT('',(38.2325517689758,18.2319143825456,151.225001877546));
#14928=CARTESIAN_POINT('Origin',(40.,20.,151.225001877546));
#14929=CARTESIAN_POINT('',(38.2325517689758,18.2319143825456,151.225001877546));
#14930=CARTESIAN_POINT('Origin',(53.3330150265515,3.1368947699346,151.225001877546));
#14931=CARTESIAN_POINT('',(53.3330150265515,3.1368947699346,148.225001877546));
#14932=CARTESIAN_POINT('',(52.290716744763,4.17881730816502,148.225001877546));
#14933=CARTESIAN_POINT('',(53.3330150265515,3.1368947699346,151.225001877546));
#14934=CARTESIAN_POINT('',(52.290716744763,4.17881730816502,151.225001877546));
#14935=CARTESIAN_POINT('',(53.3330150265515,3.1368947699346,151.225001877546));
#14936=CARTESIAN_POINT('Origin',(55.,5.,151.225001877546));
#14937=CARTESIAN_POINT('Origin',(55.,5.,148.225001877546));
#14938=CARTESIAN_POINT('Origin',(55.,5.,151.225001877546));
#14939=CARTESIAN_POINT('Origin',(206.303672693408,57.1331754518702,151.225001877546));
#14940=CARTESIAN_POINT('',(221.762098231024,41.7734175549549,148.225001877546));
#14941=CARTESIAN_POINT('',(206.303672693408,57.1331754518702,148.225001877546));
#14942=CARTESIAN_POINT('',(180.385828424359,82.8855919715127,148.225001877546));
#14943=CARTESIAN_POINT('',(221.762098231024,41.7734175549549,151.225001877546));
#14944=CARTESIAN_POINT('',(221.762098231024,41.7734175549549,151.225001877546));
#14945=CARTESIAN_POINT('',(206.303672693408,57.1331754518702,151.225001877546));
#14946=CARTESIAN_POINT('',(180.385828424359,82.8855919715127,151.225001877546));
#14947=CARTESIAN_POINT('',(206.303672693408,57.1331754518702,151.225001877546));
#14948=CARTESIAN_POINT('Origin',(205.,55.,151.225001877546));
#14949=CARTESIAN_POINT('',(203.232551768976,53.2319143825456,148.225001877546));
#14950=CARTESIAN_POINT('Origin',(205.,55.,148.225001877546));
#14951=CARTESIAN_POINT('',(203.232551768976,53.2319143825456,151.225001877546));
#14952=CARTESIAN_POINT('Origin',(205.,55.,151.225001877546));
#14953=CARTESIAN_POINT('',(203.232551768976,53.2319143825456,151.225001877546));
#14954=CARTESIAN_POINT('Origin',(218.333015026552,38.1368947699346,151.225001877546));
#14955=CARTESIAN_POINT('',(218.333015026552,38.1368947699346,148.225001877546));
#14956=CARTESIAN_POINT('',(184.775843067429,71.6819695286569,148.225001877546));
#14957=CARTESIAN_POINT('',(218.333015026552,38.1368947699346,151.225001877546));
#14958=CARTESIAN_POINT('',(184.775843067429,71.6819695286569,151.225001877546));
#14959=CARTESIAN_POINT('',(218.333015026552,38.1368947699346,151.225001877546));
#14960=CARTESIAN_POINT('Origin',(220.,40.,151.225001877546));
#14961=CARTESIAN_POINT('Origin',(220.,40.,148.225001877546));
#14962=CARTESIAN_POINT('Origin',(220.,40.,151.225001877546));
#14963=CARTESIAN_POINT('Origin',(206.303672693408,92.1331754518702,151.225001877546));
#14964=CARTESIAN_POINT('',(221.762098231024,76.7734175549549,148.225001877546));
#14965=CARTESIAN_POINT('',(206.303672693408,92.1331754518702,148.225001877546));
#14966=CARTESIAN_POINT('',(189.135649046427,109.191619479335,148.225001877546));
#14967=CARTESIAN_POINT('',(221.762098231024,76.7734175549549,151.225001877546));
#14968=CARTESIAN_POINT('',(221.762098231024,76.7734175549549,151.225001877546));
#14969=CARTESIAN_POINT('',(206.303672693408,92.1331754518702,151.225001877546));
#14970=CARTESIAN_POINT('',(189.135649046427,109.191619479335,151.225001877546));
#14971=CARTESIAN_POINT('',(206.303672693408,92.1331754518702,151.225001877546));
#14972=CARTESIAN_POINT('Origin',(205.,90.,151.225001877546));
#14973=CARTESIAN_POINT('',(203.232551768976,88.2319143825456,148.225001877546));
#14974=CARTESIAN_POINT('Origin',(205.,90.,148.225001877546));
#14975=CARTESIAN_POINT('',(203.232551768976,88.2319143825456,151.225001877546));
#14976=CARTESIAN_POINT('Origin',(205.,90.,151.225001877546));
#14977=CARTESIAN_POINT('',(203.232551768976,88.2319143825456,151.225001877546));
#14978=CARTESIAN_POINT('Origin',(218.333015026552,73.1368947699346,151.225001877546));
#14979=CARTESIAN_POINT('',(218.333015026552,73.1368947699346,148.225001877546));
#14980=CARTESIAN_POINT('',(193.525842498663,97.9351244304744,148.225001877546));
#14981=CARTESIAN_POINT('',(218.333015026552,73.1368947699346,151.225001877546));
#14982=CARTESIAN_POINT('',(193.525842498663,97.9351244304744,151.225001877546));
#14983=CARTESIAN_POINT('',(218.333015026552,73.1368947699346,151.225001877546));
#14984=CARTESIAN_POINT('Origin',(220.,75.,151.225001877546));
#14985=CARTESIAN_POINT('Origin',(220.,75.,148.225001877546));
#14986=CARTESIAN_POINT('Origin',(220.,75.,151.225001877546));
#14987=CARTESIAN_POINT('Origin',(206.303672693408,22.1331754518702,151.225001877546));
#14988=CARTESIAN_POINT('',(221.762098231024,6.77341755495492,148.225001877546));
#14989=CARTESIAN_POINT('',(206.303672693408,22.1331754518702,148.225001877546));
#14990=CARTESIAN_POINT('',(171.63600780229,56.57956446369,148.225001877546));
#14991=CARTESIAN_POINT('',(221.762098231024,6.77341755495492,151.225001877546));
#14992=CARTESIAN_POINT('',(221.762098231024,6.77341755495492,151.225001877546));
#14993=CARTESIAN_POINT('',(206.303672693408,22.1331754518702,151.225001877546));
#14994=CARTESIAN_POINT('',(171.63600780229,56.57956446369,151.225001877546));
#14995=CARTESIAN_POINT('',(206.303672693408,22.1331754518702,151.225001877546));
#14996=CARTESIAN_POINT('Origin',(205.,20.,151.225001877546));
#14997=CARTESIAN_POINT('',(203.232551768976,18.2319143825456,148.225001877546));
#14998=CARTESIAN_POINT('Origin',(205.,20.,148.225001877546));
#14999=CARTESIAN_POINT('',(203.232551768976,18.2319143825456,151.225001877546));
#15000=CARTESIAN_POINT('Origin',(205.,20.,151.225001877546));
#15001=CARTESIAN_POINT('',(203.232551768976,18.2319143825456,151.225001877546));
#15002=CARTESIAN_POINT('Origin',(218.333015026552,3.1368947699346,151.225001877546));
#15003=CARTESIAN_POINT('',(218.333015026552,3.1368947699346,148.225001877546));
#15004=CARTESIAN_POINT('',(176.025843636195,45.4288146268394,148.225001877546));
#15005=CARTESIAN_POINT('',(218.333015026552,3.1368947699346,151.225001877546));
#15006=CARTESIAN_POINT('',(176.025843636195,45.4288146268394,151.225001877546));
#15007=CARTESIAN_POINT('',(218.333015026552,3.1368947699346,151.225001877546));
#15008=CARTESIAN_POINT('Origin',(220.,5.,151.225001877546));
#15009=CARTESIAN_POINT('Origin',(220.,5.,148.225001877546));
#15010=CARTESIAN_POINT('Origin',(220.,5.,151.225001877546));
#15011=CARTESIAN_POINT('Origin',(206.303672693408,127.13317545187,151.225001877546));
#15012=CARTESIAN_POINT('',(221.762098231024,111.773417554955,148.225001877546));
#15013=CARTESIAN_POINT('',(206.303672693408,127.13317545187,148.225001877546));
#15014=CARTESIAN_POINT('',(197.885469668495,135.497646987158,148.225001877546));
#15015=CARTESIAN_POINT('',(221.762098231024,111.773417554955,151.225001877546));
#15016=CARTESIAN_POINT('',(221.762098231024,111.773417554955,151.225001877546));
#15017=CARTESIAN_POINT('',(206.303672693408,127.13317545187,151.225001877546));
#15018=CARTESIAN_POINT('',(197.885469668495,135.497646987158,151.225001877546));
#15019=CARTESIAN_POINT('',(206.303672693408,127.13317545187,151.225001877546));
#15020=CARTESIAN_POINT('Origin',(205.,125.,151.225001877546));
#15021=CARTESIAN_POINT('',(203.232551768976,123.231914382546,148.225001877546));
#15022=CARTESIAN_POINT('Origin',(205.,125.,148.225001877546));
#15023=CARTESIAN_POINT('',(203.232551768976,123.231914382546,151.225001877546));
#15024=CARTESIAN_POINT('Origin',(205.,125.,151.225001877546));
#15025=CARTESIAN_POINT('',(203.232551768976,123.231914382546,151.225001877546));
#15026=CARTESIAN_POINT('Origin',(218.333015026552,108.136894769935,151.225001877546));
#15027=CARTESIAN_POINT('',(218.333015026552,108.136894769935,148.225001877546));
#15028=CARTESIAN_POINT('',(202.275841929897,124.188279332292,148.225001877546));
#15029=CARTESIAN_POINT('',(218.333015026552,108.136894769935,151.225001877546));
#15030=CARTESIAN_POINT('',(202.275841929897,124.188279332292,151.225001877546));
#15031=CARTESIAN_POINT('',(218.333015026552,108.136894769935,151.225001877546));
#15032=CARTESIAN_POINT('Origin',(220.,110.,151.225001877546));
#15033=CARTESIAN_POINT('Origin',(220.,110.,148.225001877546));
#15034=CARTESIAN_POINT('Origin',(220.,110.,151.225001877546));
#15035=CARTESIAN_POINT('Origin',(218.333015026552,143.136894769935,151.225001877546));
#15036=CARTESIAN_POINT('',(218.333015026552,143.136894769935,151.225001877546));
#15037=CARTESIAN_POINT('',(203.232551768976,158.231914382546,151.225001877546));
#15038=CARTESIAN_POINT('',(211.02584136113,150.44143423411,151.225001877546));
#15039=CARTESIAN_POINT('',(218.333015026552,143.136894769935,148.225001877546));
#15040=CARTESIAN_POINT('',(218.333015026552,143.136894769935,151.225001877546));
#15041=CARTESIAN_POINT('',(203.232551768976,158.231914382546,148.225001877546));
#15042=CARTESIAN_POINT('',(211.02584136113,150.44143423411,148.225001877546));
#15043=CARTESIAN_POINT('',(203.232551768976,158.231914382546,151.225001877546));
#15044=CARTESIAN_POINT('Origin',(220.,145.,151.225001877546));
#15045=CARTESIAN_POINT('',(221.762098231024,146.773417554955,151.225001877546));
#15046=CARTESIAN_POINT('Origin',(220.,145.,151.225001877546));
#15047=CARTESIAN_POINT('',(221.762098231024,146.773417554955,148.225001877546));
#15048=CARTESIAN_POINT('',(221.762098231024,146.773417554955,151.225001877546));
#15049=CARTESIAN_POINT('Origin',(220.,145.,148.225001877546));
#15050=CARTESIAN_POINT('Origin',(206.303672693408,162.13317545187,151.225001877546));
#15051=CARTESIAN_POINT('',(206.303672693408,162.13317545187,151.225001877546));
#15052=CARTESIAN_POINT('',(206.635290290563,161.803674494981,151.225001877546));
#15053=CARTESIAN_POINT('',(206.303672693408,162.13317545187,148.225001877546));
#15054=CARTESIAN_POINT('',(206.303672693408,162.13317545187,151.225001877546));
#15055=CARTESIAN_POINT('',(206.635290290563,161.803674494981,148.225001877546));
#15056=CARTESIAN_POINT('Origin',(205.,160.,151.225001877546));
#15057=CARTESIAN_POINT('Origin',(205.,160.,151.225001877546));
#15058=CARTESIAN_POINT('Origin',(205.,160.,148.225001877546));
#15059=CARTESIAN_POINT('Origin',(24.5,-8.,192.675001877546));
#15060=CARTESIAN_POINT('',(24.5,9.78,151.225001877546));
#15061=CARTESIAN_POINT('',(24.5,-5.00000011920929,151.225001877546));
#15062=CARTESIAN_POINT('',(24.5,36.9999999701977,151.225001877546));
#15063=CARTESIAN_POINT('',(24.5,9.78,148.225001877546));
#15064=CARTESIAN_POINT('',(24.5,9.78,171.950001877546));
#15065=CARTESIAN_POINT('',(24.5,-5.,148.225001877546));
#15066=CARTESIAN_POINT('',(24.5,36.9999999701977,148.225001877546));
#15067=CARTESIAN_POINT('',(24.5,-5.00000011920929,170.450001877546));
#15068=CARTESIAN_POINT('Origin',(24.5,-8.,192.675001877546));
#15069=CARTESIAN_POINT('',(24.5,19.56,151.225001877546));
#15070=CARTESIAN_POINT('',(24.5,14.67,151.225001877546));
#15071=CARTESIAN_POINT('',(24.5,36.9999999701977,151.225001877546));
#15072=CARTESIAN_POINT('',(24.5,19.56,148.225001877546));
#15073=CARTESIAN_POINT('',(24.5,19.56,171.950001877546));
#15074=CARTESIAN_POINT('',(24.5,14.67,148.225001877546));
#15075=CARTESIAN_POINT('',(24.5,36.9999999701977,148.225001877546));
#15076=CARTESIAN_POINT('',(24.5,14.67,170.450001877546));
#15077=CARTESIAN_POINT('Origin',(24.5,-8.,192.675001877546));
#15078=CARTESIAN_POINT('',(24.5,29.34,151.225001877546));
#15079=CARTESIAN_POINT('',(24.5,24.45,151.225001877546));
#15080=CARTESIAN_POINT('',(24.5,36.9999999701977,151.225001877546));
#15081=CARTESIAN_POINT('',(24.5,29.34,148.225001877546));
#15082=CARTESIAN_POINT('',(24.5,29.34,171.950001877546));
#15083=CARTESIAN_POINT('',(24.5,24.45,148.225001877546));
#15084=CARTESIAN_POINT('',(24.5,36.9999999701977,148.225001877546));
#15085=CARTESIAN_POINT('',(24.5,24.45,170.450001877546));
#15086=CARTESIAN_POINT('Origin',(24.5,-8.,192.675001877546));
#15087=CARTESIAN_POINT('',(24.5,39.12,151.225001877546));
#15088=CARTESIAN_POINT('',(24.5,34.23,151.225001877546));
#15089=CARTESIAN_POINT('',(24.5,36.9999999701977,151.225001877546));
#15090=CARTESIAN_POINT('',(24.5,39.12,148.225001877546));
#15091=CARTESIAN_POINT('',(24.5,39.12,171.950001877546));
#15092=CARTESIAN_POINT('',(24.5,34.23,148.225001877546));
#15093=CARTESIAN_POINT('',(24.5,36.9999999701977,148.225001877546));
#15094=CARTESIAN_POINT('',(24.5,34.23,170.450001877546));
#15095=CARTESIAN_POINT('Origin',(24.5,-8.,192.675001877546));
#15096=CARTESIAN_POINT('',(24.5,48.9,151.225001877546));
#15097=CARTESIAN_POINT('',(24.5,44.01,151.225001877546));
#15098=CARTESIAN_POINT('',(24.5,36.9999999701977,151.225001877546));
#15099=CARTESIAN_POINT('',(24.5,48.9,148.225001877546));
#15100=CARTESIAN_POINT('',(24.5,48.9,171.950001877546));
#15101=CARTESIAN_POINT('',(24.5,44.01,148.225001877546));
#15102=CARTESIAN_POINT('',(24.5,36.9999999701977,148.225001877546));
#15103=CARTESIAN_POINT('',(24.5,44.01,170.450001877546));
#15104=CARTESIAN_POINT('Origin',(24.5,-8.,192.675001877546));
#15105=CARTESIAN_POINT('',(24.5,58.68,151.225001877546));
#15106=CARTESIAN_POINT('',(24.5,53.79,151.225001877546));
#15107=CARTESIAN_POINT('',(24.5,36.9999999701977,151.225001877546));
#15108=CARTESIAN_POINT('',(24.5,58.68,148.225001877546));
#15109=CARTESIAN_POINT('',(24.5,58.68,171.950001877546));
#15110=CARTESIAN_POINT('',(24.5,53.79,148.225001877546));
#15111=CARTESIAN_POINT('',(24.5,36.9999999701977,148.225001877546));
#15112=CARTESIAN_POINT('',(24.5,53.79,170.450001877546));
#15113=CARTESIAN_POINT('Origin',(24.5,-8.,192.675001877546));
#15114=CARTESIAN_POINT('',(24.5,68.46,151.225001877546));
#15115=CARTESIAN_POINT('',(24.5,63.57,151.225001877546));
#15116=CARTESIAN_POINT('',(24.5,36.9999999701977,151.225001877546));
#15117=CARTESIAN_POINT('',(24.5,68.46,148.225001877546));
#15118=CARTESIAN_POINT('',(24.5,68.46,171.950001877546));
#15119=CARTESIAN_POINT('',(24.5,63.57,148.225001877546));
#15120=CARTESIAN_POINT('',(24.5,36.9999999701977,148.225001877546));
#15121=CARTESIAN_POINT('',(24.5,63.57,170.450001877546));
#15122=CARTESIAN_POINT('Origin',(24.5,-8.,192.675001877546));
#15123=CARTESIAN_POINT('',(24.5,78.24,151.225001877546));
#15124=CARTESIAN_POINT('',(24.5,73.35,151.225001877546));
#15125=CARTESIAN_POINT('',(24.5,36.9999999701977,151.225001877546));
#15126=CARTESIAN_POINT('',(24.5,78.24,148.225001877546));
#15127=CARTESIAN_POINT('',(24.5,78.24,171.950001877546));
#15128=CARTESIAN_POINT('',(24.5,73.35,148.225001877546));
#15129=CARTESIAN_POINT('',(24.5,36.9999999701977,148.225001877546));
#15130=CARTESIAN_POINT('',(24.5,73.35,170.450001877546));
#15131=CARTESIAN_POINT('Origin',(24.5,-8.,192.675001877546));
#15132=CARTESIAN_POINT('',(24.5,88.02,151.225001877546));
#15133=CARTESIAN_POINT('',(24.5,83.13,151.225001877546));
#15134=CARTESIAN_POINT('',(24.5,36.9999999701977,151.225001877546));
#15135=CARTESIAN_POINT('',(24.5,88.02,148.225001877546));
#15136=CARTESIAN_POINT('',(24.5,88.02,171.950001877546));
#15137=CARTESIAN_POINT('',(24.5,83.13,148.225001877546));
#15138=CARTESIAN_POINT('',(24.5,36.9999999701977,148.225001877546));
#15139=CARTESIAN_POINT('',(24.5,83.13,170.450001877546));
#15140=CARTESIAN_POINT('Origin',(24.5,-8.,192.675001877546));
#15141=CARTESIAN_POINT('',(24.5,97.8,151.225001877546));
#15142=CARTESIAN_POINT('',(24.5,92.91,151.225001877546));
#15143=CARTESIAN_POINT('',(24.5,36.9999999701977,151.225001877546));
#15144=CARTESIAN_POINT('',(24.5,97.8,148.225001877546));
#15145=CARTESIAN_POINT('',(24.5,97.8,171.950001877546));
#15146=CARTESIAN_POINT('',(24.5,92.91,148.225001877546));
#15147=CARTESIAN_POINT('',(24.5,36.9999999701977,148.225001877546));
#15148=CARTESIAN_POINT('',(24.5,92.91,170.450001877546));
#15149=CARTESIAN_POINT('Origin',(24.5,-8.,192.675001877546));
#15150=CARTESIAN_POINT('',(24.5,107.58,151.225001877546));
#15151=CARTESIAN_POINT('',(24.5,102.69,151.225001877546));
#15152=CARTESIAN_POINT('',(24.5,36.9999999701977,151.225001877546));
#15153=CARTESIAN_POINT('',(24.5,107.58,148.225001877546));
#15154=CARTESIAN_POINT('',(24.5,107.58,171.950001877546));
#15155=CARTESIAN_POINT('',(24.5,102.69,148.225001877546));
#15156=CARTESIAN_POINT('',(24.5,36.9999999701977,148.225001877546));
#15157=CARTESIAN_POINT('',(24.5,102.69,170.450001877546));
#15158=CARTESIAN_POINT('Origin',(24.5,-8.,192.675001877546));
#15159=CARTESIAN_POINT('',(24.5,117.36,151.225001877546));
#15160=CARTESIAN_POINT('',(24.5,112.47,151.225001877546));
#15161=CARTESIAN_POINT('',(24.5,36.9999999701977,151.225001877546));
#15162=CARTESIAN_POINT('',(24.5,117.36,148.225001877546));
#15163=CARTESIAN_POINT('',(24.5,117.36,171.950001877546));
#15164=CARTESIAN_POINT('',(24.5,112.47,148.225001877546));
#15165=CARTESIAN_POINT('',(24.5,36.9999999701977,148.225001877546));
#15166=CARTESIAN_POINT('',(24.5,112.47,170.450001877546));
#15167=CARTESIAN_POINT('Origin',(24.5,-8.,192.675001877546));
#15168=CARTESIAN_POINT('',(24.5,127.14,151.225001877546));
#15169=CARTESIAN_POINT('',(24.5,122.25,151.225001877546));
#15170=CARTESIAN_POINT('',(24.5,36.9999999701977,151.225001877546));
#15171=CARTESIAN_POINT('',(24.5,127.14,148.225001877546));
#15172=CARTESIAN_POINT('',(24.5,127.14,171.950001877546));
#15173=CARTESIAN_POINT('',(24.5,122.25,148.225001877546));
#15174=CARTESIAN_POINT('',(24.5,36.9999999701977,148.225001877546));
#15175=CARTESIAN_POINT('',(24.5,122.25,170.450001877546));
#15176=CARTESIAN_POINT('Origin',(24.5,-8.,192.675001877546));
#15177=CARTESIAN_POINT('',(24.5,136.92,151.225001877546));
#15178=CARTESIAN_POINT('',(24.5,132.03,151.225001877546));
#15179=CARTESIAN_POINT('',(24.5,36.9999999701977,151.225001877546));
#15180=CARTESIAN_POINT('',(24.5,136.92,148.225001877546));
#15181=CARTESIAN_POINT('',(24.5,136.92,171.950001877546));
#15182=CARTESIAN_POINT('',(24.5,132.03,148.225001877546));
#15183=CARTESIAN_POINT('',(24.5,36.9999999701977,148.225001877546));
#15184=CARTESIAN_POINT('',(24.5,132.03,170.450001877546));
#15185=CARTESIAN_POINT('Origin',(24.5,-8.,192.675001877546));
#15186=CARTESIAN_POINT('',(24.5,146.7,151.225001877546));
#15187=CARTESIAN_POINT('',(24.5,141.81,151.225001877546));
#15188=CARTESIAN_POINT('',(24.5,36.9999999701977,151.225001877546));
#15189=CARTESIAN_POINT('',(24.5,146.7,148.225001877546));
#15190=CARTESIAN_POINT('',(24.5,146.7,171.950001877546));
#15191=CARTESIAN_POINT('',(24.5,141.81,148.225001877546));
#15192=CARTESIAN_POINT('',(24.5,36.9999999701977,148.225001877546));
#15193=CARTESIAN_POINT('',(24.5,141.81,170.450001877546));
#15194=CARTESIAN_POINT('Origin',(24.5,-8.,192.675001877546));
#15195=CARTESIAN_POINT('',(24.5,156.48,151.225001877546));
#15196=CARTESIAN_POINT('',(24.5,151.59,151.225001877546));
#15197=CARTESIAN_POINT('',(24.5,36.9999999701977,151.225001877546));
#15198=CARTESIAN_POINT('',(24.5,156.48,148.225001877546));
#15199=CARTESIAN_POINT('',(24.5,156.48,171.950001877546));
#15200=CARTESIAN_POINT('',(24.5,151.59,148.225001877546));
#15201=CARTESIAN_POINT('',(24.5,36.9999999701977,148.225001877546));
#15202=CARTESIAN_POINT('',(24.5,151.59,170.450001877546));
#15203=CARTESIAN_POINT('Origin',(24.5,-8.,192.675001877546));
#15204=CARTESIAN_POINT('',(24.5,172.,151.225001877546));
#15205=CARTESIAN_POINT('',(24.5,161.37,151.225001877546));
#15206=CARTESIAN_POINT('',(24.5,36.9999999701977,151.225001877546));
#15207=CARTESIAN_POINT('',(24.5,172.,148.225001877546));
#15208=CARTESIAN_POINT('',(24.5,172.,170.450001877546));
#15209=CARTESIAN_POINT('',(24.5,161.37,148.225001877546));
#15210=CARTESIAN_POINT('',(24.5,36.9999999701977,148.225001877546));
#15211=CARTESIAN_POINT('',(24.5,161.37,170.450001877546));
#15212=CARTESIAN_POINT('Origin',(21.5,34.23,148.225001877546));
#15213=CARTESIAN_POINT('',(21.5,34.23,148.225001877546));
#15214=CARTESIAN_POINT('',(74.75,34.23,148.225001877546));
#15215=CARTESIAN_POINT('',(21.5,34.23,151.225001877546));
#15216=CARTESIAN_POINT('',(21.5,34.23,148.225001877546));
#15217=CARTESIAN_POINT('',(74.75,34.23,151.225001877546));
#15218=CARTESIAN_POINT('Origin',(21.5,29.34,151.225001877546));
#15219=CARTESIAN_POINT('',(21.5,29.34,151.225001877546));
#15220=CARTESIAN_POINT('',(74.75,29.34,151.225001877546));
#15221=CARTESIAN_POINT('',(21.5,29.34,148.225001877546));
#15222=CARTESIAN_POINT('',(21.5,29.34,149.725001877546));
#15223=CARTESIAN_POINT('',(74.75,29.34,148.225001877546));
#15224=CARTESIAN_POINT('Origin',(21.5,73.35,148.225001877546));
#15225=CARTESIAN_POINT('',(21.5,73.35,148.225001877546));
#15226=CARTESIAN_POINT('',(74.75,73.35,148.225001877546));
#15227=CARTESIAN_POINT('',(21.5,73.35,151.225001877546));
#15228=CARTESIAN_POINT('',(21.5,73.35,148.225001877546));
#15229=CARTESIAN_POINT('',(74.75,73.35,151.225001877546));
#15230=CARTESIAN_POINT('Origin',(21.5,68.46,151.225001877546));
#15231=CARTESIAN_POINT('',(21.5,68.46,151.225001877546));
#15232=CARTESIAN_POINT('',(74.75,68.46,151.225001877546));
#15233=CARTESIAN_POINT('',(21.5,68.46,148.225001877546));
#15234=CARTESIAN_POINT('',(21.5,68.46,149.725001877546));
#15235=CARTESIAN_POINT('',(74.75,68.46,148.225001877546));
#15236=CARTESIAN_POINT('Origin',(21.5,112.47,148.225001877546));
#15237=CARTESIAN_POINT('',(21.5,112.47,148.225001877546));
#15238=CARTESIAN_POINT('',(74.75,112.47,148.225001877546));
#15239=CARTESIAN_POINT('',(21.5,112.47,151.225001877546));
#15240=CARTESIAN_POINT('',(21.5,112.47,148.225001877546));
#15241=CARTESIAN_POINT('',(74.75,112.47,151.225001877546));
#15242=CARTESIAN_POINT('Origin',(21.5,107.58,151.225001877546));
#15243=CARTESIAN_POINT('',(21.5,107.58,151.225001877546));
#15244=CARTESIAN_POINT('',(74.75,107.58,151.225001877546));
#15245=CARTESIAN_POINT('',(21.5,107.58,148.225001877546));
#15246=CARTESIAN_POINT('',(21.5,107.58,149.725001877546));
#15247=CARTESIAN_POINT('',(74.75,107.58,148.225001877546));
#15248=CARTESIAN_POINT('Origin',(21.5,151.59,148.225001877546));
#15249=CARTESIAN_POINT('',(21.5,151.59,148.225001877546));
#15250=CARTESIAN_POINT('',(74.75,151.59,148.225001877546));
#15251=CARTESIAN_POINT('',(21.5,151.59,151.225001877546));
#15252=CARTESIAN_POINT('',(21.5,151.59,148.225001877546));
#15253=CARTESIAN_POINT('',(74.75,151.59,151.225001877546));
#15254=CARTESIAN_POINT('Origin',(21.5,146.7,151.225001877546));
#15255=CARTESIAN_POINT('',(21.5,146.7,151.225001877546));
#15256=CARTESIAN_POINT('',(74.75,146.7,151.225001877546));
#15257=CARTESIAN_POINT('',(21.5,146.7,148.225001877546));
#15258=CARTESIAN_POINT('',(21.5,146.7,149.725001877546));
#15259=CARTESIAN_POINT('',(74.75,146.7,148.225001877546));
#15260=CARTESIAN_POINT('Origin',(21.5,141.81,148.225001877546));
#15261=CARTESIAN_POINT('',(21.5,141.81,148.225001877546));
#15262=CARTESIAN_POINT('',(74.75,141.81,148.225001877546));
#15263=CARTESIAN_POINT('',(21.5,141.81,151.225001877546));
#15264=CARTESIAN_POINT('',(21.5,141.81,148.225001877546));
#15265=CARTESIAN_POINT('',(74.75,141.81,151.225001877546));
#15266=CARTESIAN_POINT('Origin',(21.5,136.92,151.225001877546));
#15267=CARTESIAN_POINT('',(21.5,136.92,151.225001877546));
#15268=CARTESIAN_POINT('',(74.75,136.92,151.225001877546));
#15269=CARTESIAN_POINT('',(21.5,136.92,148.225001877546));
#15270=CARTESIAN_POINT('',(21.5,136.92,149.725001877546));
#15271=CARTESIAN_POINT('',(74.75,136.92,148.225001877546));
#15272=CARTESIAN_POINT('Origin',(21.5,102.69,148.225001877546));
#15273=CARTESIAN_POINT('',(21.5,102.69,148.225001877546));
#15274=CARTESIAN_POINT('',(74.75,102.69,148.225001877546));
#15275=CARTESIAN_POINT('',(21.5,102.69,151.225001877546));
#15276=CARTESIAN_POINT('',(21.5,102.69,148.225001877546));
#15277=CARTESIAN_POINT('',(74.75,102.69,151.225001877546));
#15278=CARTESIAN_POINT('Origin',(21.5,97.8,151.225001877546));
#15279=CARTESIAN_POINT('',(21.5,97.8,151.225001877546));
#15280=CARTESIAN_POINT('',(74.75,97.8,151.225001877546));
#15281=CARTESIAN_POINT('',(21.5,97.8,148.225001877546));
#15282=CARTESIAN_POINT('',(21.5,97.8,149.725001877546));
#15283=CARTESIAN_POINT('',(74.75,97.8,148.225001877546));
#15284=CARTESIAN_POINT('Origin',(21.5,63.57,148.225001877546));
#15285=CARTESIAN_POINT('',(21.5,63.57,148.225001877546));
#15286=CARTESIAN_POINT('',(74.75,63.57,148.225001877546));
#15287=CARTESIAN_POINT('',(21.5,63.57,151.225001877546));
#15288=CARTESIAN_POINT('',(21.5,63.57,148.225001877546));
#15289=CARTESIAN_POINT('',(74.75,63.57,151.225001877546));
#15290=CARTESIAN_POINT('Origin',(21.5,58.68,151.225001877546));
#15291=CARTESIAN_POINT('',(21.5,58.68,151.225001877546));
#15292=CARTESIAN_POINT('',(74.75,58.68,151.225001877546));
#15293=CARTESIAN_POINT('',(21.5,58.68,148.225001877546));
#15294=CARTESIAN_POINT('',(21.5,58.68,149.725001877546));
#15295=CARTESIAN_POINT('',(74.75,58.68,148.225001877546));
#15296=CARTESIAN_POINT('Origin',(21.5,24.45,148.225001877546));
#15297=CARTESIAN_POINT('',(21.5,24.45,148.225001877546));
#15298=CARTESIAN_POINT('',(74.75,24.45,148.225001877546));
#15299=CARTESIAN_POINT('',(21.5,24.45,151.225001877546));
#15300=CARTESIAN_POINT('',(21.5,24.45,148.225001877546));
#15301=CARTESIAN_POINT('',(74.75,24.45,151.225001877546));
#15302=CARTESIAN_POINT('Origin',(21.5,19.56,151.225001877546));
#15303=CARTESIAN_POINT('',(21.5,19.56,151.225001877546));
#15304=CARTESIAN_POINT('',(74.75,19.56,151.225001877546));
#15305=CARTESIAN_POINT('',(21.5,19.56,148.225001877546));
#15306=CARTESIAN_POINT('',(21.5,19.56,149.725001877546));
#15307=CARTESIAN_POINT('',(74.75,19.56,148.225001877546));
#15308=CARTESIAN_POINT('Origin',(21.5,44.01,148.225001877546));
#15309=CARTESIAN_POINT('',(21.5,44.01,148.225001877546));
#15310=CARTESIAN_POINT('',(74.75,44.01,148.225001877546));
#15311=CARTESIAN_POINT('',(21.5,44.01,151.225001877546));
#15312=CARTESIAN_POINT('',(21.5,44.01,148.225001877546));
#15313=CARTESIAN_POINT('',(74.75,44.01,151.225001877546));
#15314=CARTESIAN_POINT('Origin',(21.5,39.12,151.225001877546));
#15315=CARTESIAN_POINT('',(21.5,39.12,151.225001877546));
#15316=CARTESIAN_POINT('',(74.75,39.12,151.225001877546));
#15317=CARTESIAN_POINT('',(21.5,39.12,148.225001877546));
#15318=CARTESIAN_POINT('',(21.5,39.12,149.725001877546));
#15319=CARTESIAN_POINT('',(74.75,39.12,148.225001877546));
#15320=CARTESIAN_POINT('Origin',(21.5,83.13,148.225001877546));
#15321=CARTESIAN_POINT('',(21.5,83.13,148.225001877546));
#15322=CARTESIAN_POINT('',(74.75,83.13,148.225001877546));
#15323=CARTESIAN_POINT('',(21.5,83.13,151.225001877546));
#15324=CARTESIAN_POINT('',(21.5,83.13,148.225001877546));
#15325=CARTESIAN_POINT('',(74.75,83.13,151.225001877546));
#15326=CARTESIAN_POINT('Origin',(21.5,78.24,151.225001877546));
#15327=CARTESIAN_POINT('',(21.5,78.24,151.225001877546));
#15328=CARTESIAN_POINT('',(74.75,78.24,151.225001877546));
#15329=CARTESIAN_POINT('',(21.5,78.24,148.225001877546));
#15330=CARTESIAN_POINT('',(21.5,78.24,149.725001877546));
#15331=CARTESIAN_POINT('',(74.75,78.24,148.225001877546));
#15332=CARTESIAN_POINT('Origin',(21.5,122.25,148.225001877546));
#15333=CARTESIAN_POINT('',(21.5,122.25,148.225001877546));
#15334=CARTESIAN_POINT('',(74.75,122.25,148.225001877546));
#15335=CARTESIAN_POINT('',(21.5,122.25,151.225001877546));
#15336=CARTESIAN_POINT('',(21.5,122.25,148.225001877546));
#15337=CARTESIAN_POINT('',(74.75,122.25,151.225001877546));
#15338=CARTESIAN_POINT('Origin',(21.5,117.36,151.225001877546));
#15339=CARTESIAN_POINT('',(21.5,117.36,151.225001877546));
#15340=CARTESIAN_POINT('',(74.75,117.36,151.225001877546));
#15341=CARTESIAN_POINT('',(21.5,117.36,148.225001877546));
#15342=CARTESIAN_POINT('',(21.5,117.36,149.725001877546));
#15343=CARTESIAN_POINT('',(74.75,117.36,148.225001877546));
#15344=CARTESIAN_POINT('Origin',(21.5,161.37,148.225001877546));
#15345=CARTESIAN_POINT('',(21.5,161.37,148.225001877546));
#15346=CARTESIAN_POINT('',(74.75,161.37,148.225001877546));
#15347=CARTESIAN_POINT('',(21.5,161.37,151.225001877546));
#15348=CARTESIAN_POINT('',(21.5,161.37,148.225001877546));
#15349=CARTESIAN_POINT('',(74.75,161.37,151.225001877546));
#15350=CARTESIAN_POINT('Origin',(21.5,156.48,151.225001877546));
#15351=CARTESIAN_POINT('',(21.5,156.48,151.225001877546));
#15352=CARTESIAN_POINT('',(74.75,156.48,151.225001877546));
#15353=CARTESIAN_POINT('',(21.5,156.48,148.225001877546));
#15354=CARTESIAN_POINT('',(21.5,156.48,149.725001877546));
#15355=CARTESIAN_POINT('',(74.75,156.48,148.225001877546));
#15356=CARTESIAN_POINT('Origin',(21.5,132.03,148.225001877546));
#15357=CARTESIAN_POINT('',(21.5,132.03,148.225001877546));
#15358=CARTESIAN_POINT('',(74.75,132.03,148.225001877546));
#15359=CARTESIAN_POINT('',(21.5,132.03,151.225001877546));
#15360=CARTESIAN_POINT('',(21.5,132.03,148.225001877546));
#15361=CARTESIAN_POINT('',(74.75,132.03,151.225001877546));
#15362=CARTESIAN_POINT('Origin',(21.5,127.14,151.225001877546));
#15363=CARTESIAN_POINT('',(21.5,127.14,151.225001877546));
#15364=CARTESIAN_POINT('',(74.75,127.14,151.225001877546));
#15365=CARTESIAN_POINT('',(21.5,127.14,148.225001877546));
#15366=CARTESIAN_POINT('',(21.5,127.14,149.725001877546));
#15367=CARTESIAN_POINT('',(74.75,127.14,148.225001877546));
#15368=CARTESIAN_POINT('Origin',(21.5,92.91,148.225001877546));
#15369=CARTESIAN_POINT('',(21.5,92.91,148.225001877546));
#15370=CARTESIAN_POINT('',(74.75,92.91,148.225001877546));
#15371=CARTESIAN_POINT('',(21.5,92.91,151.225001877546));
#15372=CARTESIAN_POINT('',(21.5,92.91,148.225001877546));
#15373=CARTESIAN_POINT('',(74.75,92.91,151.225001877546));
#15374=CARTESIAN_POINT('Origin',(21.5,88.02,151.225001877546));
#15375=CARTESIAN_POINT('',(21.5,88.02,151.225001877546));
#15376=CARTESIAN_POINT('',(74.75,88.02,151.225001877546));
#15377=CARTESIAN_POINT('',(21.5,88.02,148.225001877546));
#15378=CARTESIAN_POINT('',(21.5,88.02,149.725001877546));
#15379=CARTESIAN_POINT('',(74.75,88.02,148.225001877546));
#15380=CARTESIAN_POINT('Origin',(21.5,53.79,148.225001877546));
#15381=CARTESIAN_POINT('',(21.5,53.79,148.225001877546));
#15382=CARTESIAN_POINT('',(74.75,53.79,148.225001877546));
#15383=CARTESIAN_POINT('',(21.5,53.79,151.225001877546));
#15384=CARTESIAN_POINT('',(21.5,53.79,148.225001877546));
#15385=CARTESIAN_POINT('',(74.75,53.79,151.225001877546));
#15386=CARTESIAN_POINT('Origin',(21.5,48.9,151.225001877546));
#15387=CARTESIAN_POINT('',(21.5,48.9,151.225001877546));
#15388=CARTESIAN_POINT('',(74.75,48.9,151.225001877546));
#15389=CARTESIAN_POINT('',(21.5,48.9,148.225001877546));
#15390=CARTESIAN_POINT('',(21.5,48.9,149.725001877546));
#15391=CARTESIAN_POINT('',(74.75,48.9,148.225001877546));
#15392=CARTESIAN_POINT('Origin',(21.5,14.67,148.225001877546));
#15393=CARTESIAN_POINT('',(21.5,14.67,148.225001877546));
#15394=CARTESIAN_POINT('',(74.75,14.67,148.225001877546));
#15395=CARTESIAN_POINT('',(21.5,14.67,151.225001877546));
#15396=CARTESIAN_POINT('',(21.5,14.67,148.225001877546));
#15397=CARTESIAN_POINT('',(74.75,14.67,151.225001877546));
#15398=CARTESIAN_POINT('Origin',(21.5,9.78,151.225001877546));
#15399=CARTESIAN_POINT('',(21.5,9.78,151.225001877546));
#15400=CARTESIAN_POINT('',(74.75,9.78,151.225001877546));
#15401=CARTESIAN_POINT('',(21.5,9.78,148.225001877546));
#15402=CARTESIAN_POINT('',(21.5,9.78000000000002,149.725001877546));
#15403=CARTESIAN_POINT('',(74.75,9.78,148.225001877546));
#15404=CARTESIAN_POINT('Origin',(234.5,172.,148.225001877546));
#15405=CARTESIAN_POINT('',(231.5,172.,151.225001877546));
#15406=CARTESIAN_POINT('',(234.5,172.,151.225001877546));
#15407=CARTESIAN_POINT('',(231.5,172.,148.225001877546));
#15408=CARTESIAN_POINT('',(231.5,172.,148.225001877546));
#15409=CARTESIAN_POINT('',(234.5,172.,148.225001877546));
#15410=CARTESIAN_POINT('Origin',(128.,81.9999999403954,151.225001877546));
#15411=CARTESIAN_POINT('',(21.5,172.,151.225001877546));
#15412=CARTESIAN_POINT('',(21.5,172.,151.225001877546));
#15413=CARTESIAN_POINT('',(21.5,172.,151.225001877546));
#15414=CARTESIAN_POINT('',(21.5,172.,151.225001877546));
#15415=CARTESIAN_POINT('',(21.5,172.,151.225001877546));
#15416=CARTESIAN_POINT('',(21.5,172.,151.225001877546));
#15417=CARTESIAN_POINT('',(21.5,172.,151.225001877546));
#15418=CARTESIAN_POINT('',(21.5,172.,151.225001877546));
#15419=CARTESIAN_POINT('',(21.5,172.,151.225001877546));
#15420=CARTESIAN_POINT('',(21.5,172.,151.225001877546));
#15421=CARTESIAN_POINT('',(21.5,172.,151.225001877546));
#15422=CARTESIAN_POINT('',(21.5,172.,151.225001877546));
#15423=CARTESIAN_POINT('',(21.5,172.,151.225001877546));
#15424=CARTESIAN_POINT('',(21.5,172.,151.225001877546));
#15425=CARTESIAN_POINT('',(21.5,172.,151.225001877546));
#15426=CARTESIAN_POINT('',(21.5,172.,151.225001877546));
#15427=CARTESIAN_POINT('',(231.5,-5.00000011920929,151.225001877546));
#15428=CARTESIAN_POINT('',(74.75,-5.00000011920929,151.225001877546));
#15429=CARTESIAN_POINT('',(231.5,9.78,151.225001877546));
#15430=CARTESIAN_POINT('',(231.5,36.9999999701977,151.225001877546));
#15431=CARTESIAN_POINT('',(234.5,9.78,151.225001877546));
#15432=CARTESIAN_POINT('',(74.75,9.78,151.225001877546));
#15433=CARTESIAN_POINT('',(234.5,14.67,151.225001877546));
#15434=CARTESIAN_POINT('',(234.5,-8.00000011920929,151.225001877546));
#15435=CARTESIAN_POINT('',(231.5,14.67,151.225001877546));
#15436=CARTESIAN_POINT('',(74.75,14.67,151.225001877546));
#15437=CARTESIAN_POINT('',(231.5,19.56,151.225001877546));
#15438=CARTESIAN_POINT('',(231.5,36.9999999701977,151.225001877546));
#15439=CARTESIAN_POINT('',(234.5,19.56,151.225001877546));
#15440=CARTESIAN_POINT('',(74.75,19.56,151.225001877546));
#15441=CARTESIAN_POINT('',(234.5,24.45,151.225001877546));
#15442=CARTESIAN_POINT('',(234.5,-8.00000011920929,151.225001877546));
#15443=CARTESIAN_POINT('',(231.5,24.45,151.225001877546));
#15444=CARTESIAN_POINT('',(74.75,24.45,151.225001877546));
#15445=CARTESIAN_POINT('',(231.5,29.34,151.225001877546));
#15446=CARTESIAN_POINT('',(231.5,36.9999999701977,151.225001877546));
#15447=CARTESIAN_POINT('',(234.5,29.34,151.225001877546));
#15448=CARTESIAN_POINT('',(74.75,29.34,151.225001877546));
#15449=CARTESIAN_POINT('',(234.5,34.23,151.225001877546));
#15450=CARTESIAN_POINT('',(234.5,-8.00000011920929,151.225001877546));
#15451=CARTESIAN_POINT('',(231.5,34.23,151.225001877546));
#15452=CARTESIAN_POINT('',(74.75,34.23,151.225001877546));
#15453=CARTESIAN_POINT('',(231.5,39.12,151.225001877546));
#15454=CARTESIAN_POINT('',(231.5,36.9999999701977,151.225001877546));
#15455=CARTESIAN_POINT('',(234.5,39.12,151.225001877546));
#15456=CARTESIAN_POINT('',(74.75,39.12,151.225001877546));
#15457=CARTESIAN_POINT('',(234.5,44.01,151.225001877546));
#15458=CARTESIAN_POINT('',(234.5,-8.00000011920929,151.225001877546));
#15459=CARTESIAN_POINT('',(231.5,44.01,151.225001877546));
#15460=CARTESIAN_POINT('',(74.75,44.01,151.225001877546));
#15461=CARTESIAN_POINT('',(231.5,48.9,151.225001877546));
#15462=CARTESIAN_POINT('',(231.5,36.9999999701977,151.225001877546));
#15463=CARTESIAN_POINT('',(234.5,48.9,151.225001877546));
#15464=CARTESIAN_POINT('',(74.75,48.9,151.225001877546));
#15465=CARTESIAN_POINT('',(234.5,53.79,151.225001877546));
#15466=CARTESIAN_POINT('',(234.5,-8.00000011920929,151.225001877546));
#15467=CARTESIAN_POINT('',(231.5,53.79,151.225001877546));
#15468=CARTESIAN_POINT('',(74.75,53.79,151.225001877546));
#15469=CARTESIAN_POINT('',(231.5,58.68,151.225001877546));
#15470=CARTESIAN_POINT('',(231.5,36.9999999701977,151.225001877546));
#15471=CARTESIAN_POINT('',(234.5,58.68,151.225001877546));
#15472=CARTESIAN_POINT('',(74.75,58.68,151.225001877546));
#15473=CARTESIAN_POINT('',(234.5,63.57,151.225001877546));
#15474=CARTESIAN_POINT('',(234.5,-8.00000011920929,151.225001877546));
#15475=CARTESIAN_POINT('',(231.5,63.57,151.225001877546));
#15476=CARTESIAN_POINT('',(74.75,63.57,151.225001877546));
#15477=CARTESIAN_POINT('',(231.5,68.46,151.225001877546));
#15478=CARTESIAN_POINT('',(231.5,36.9999999701977,151.225001877546));
#15479=CARTESIAN_POINT('',(234.5,68.46,151.225001877546));
#15480=CARTESIAN_POINT('',(74.75,68.46,151.225001877546));
#15481=CARTESIAN_POINT('',(234.5,73.35,151.225001877546));
#15482=CARTESIAN_POINT('',(234.5,-8.00000011920929,151.225001877546));
#15483=CARTESIAN_POINT('',(231.5,73.35,151.225001877546));
#15484=CARTESIAN_POINT('',(74.75,73.35,151.225001877546));
#15485=CARTESIAN_POINT('',(231.5,78.24,151.225001877546));
#15486=CARTESIAN_POINT('',(231.5,36.9999999701977,151.225001877546));
#15487=CARTESIAN_POINT('',(234.5,78.24,151.225001877546));
#15488=CARTESIAN_POINT('',(74.75,78.24,151.225001877546));
#15489=CARTESIAN_POINT('',(234.5,83.13,151.225001877546));
#15490=CARTESIAN_POINT('',(234.5,-8.00000011920929,151.225001877546));
#15491=CARTESIAN_POINT('',(231.5,83.13,151.225001877546));
#15492=CARTESIAN_POINT('',(74.75,83.13,151.225001877546));
#15493=CARTESIAN_POINT('',(231.5,88.02,151.225001877546));
#15494=CARTESIAN_POINT('',(231.5,36.9999999701977,151.225001877546));
#15495=CARTESIAN_POINT('',(234.5,88.02,151.225001877546));
#15496=CARTESIAN_POINT('',(74.75,88.02,151.225001877546));
#15497=CARTESIAN_POINT('',(234.5,92.91,151.225001877546));
#15498=CARTESIAN_POINT('',(234.5,-8.00000011920929,151.225001877546));
#15499=CARTESIAN_POINT('',(231.5,92.91,151.225001877546));
#15500=CARTESIAN_POINT('',(74.75,92.91,151.225001877546));
#15501=CARTESIAN_POINT('',(231.5,97.8,151.225001877546));
#15502=CARTESIAN_POINT('',(231.5,36.9999999701977,151.225001877546));
#15503=CARTESIAN_POINT('',(234.5,97.8,151.225001877546));
#15504=CARTESIAN_POINT('',(74.75,97.8,151.225001877546));
#15505=CARTESIAN_POINT('',(234.5,102.69,151.225001877546));
#15506=CARTESIAN_POINT('',(234.5,-8.00000011920929,151.225001877546));
#15507=CARTESIAN_POINT('',(231.5,102.69,151.225001877546));
#15508=CARTESIAN_POINT('',(74.75,102.69,151.225001877546));
#15509=CARTESIAN_POINT('',(231.5,107.58,151.225001877546));
#15510=CARTESIAN_POINT('',(231.5,36.9999999701977,151.225001877546));
#15511=CARTESIAN_POINT('',(234.5,107.58,151.225001877546));
#15512=CARTESIAN_POINT('',(74.75,107.58,151.225001877546));
#15513=CARTESIAN_POINT('',(234.5,112.47,151.225001877546));
#15514=CARTESIAN_POINT('',(234.5,-8.00000011920929,151.225001877546));
#15515=CARTESIAN_POINT('',(231.5,112.47,151.225001877546));
#15516=CARTESIAN_POINT('',(74.75,112.47,151.225001877546));
#15517=CARTESIAN_POINT('',(231.5,117.36,151.225001877546));
#15518=CARTESIAN_POINT('',(231.5,36.9999999701977,151.225001877546));
#15519=CARTESIAN_POINT('',(234.5,117.36,151.225001877546));
#15520=CARTESIAN_POINT('',(74.75,117.36,151.225001877546));
#15521=CARTESIAN_POINT('',(234.5,122.25,151.225001877546));
#15522=CARTESIAN_POINT('',(234.5,-8.00000011920929,151.225001877546));
#15523=CARTESIAN_POINT('',(231.5,122.25,151.225001877546));
#15524=CARTESIAN_POINT('',(74.75,122.25,151.225001877546));
#15525=CARTESIAN_POINT('',(231.5,127.14,151.225001877546));
#15526=CARTESIAN_POINT('',(231.5,36.9999999701977,151.225001877546));
#15527=CARTESIAN_POINT('',(234.5,127.14,151.225001877546));
#15528=CARTESIAN_POINT('',(74.75,127.14,151.225001877546));
#15529=CARTESIAN_POINT('',(234.5,132.03,151.225001877546));
#15530=CARTESIAN_POINT('',(234.5,-8.00000011920929,151.225001877546));
#15531=CARTESIAN_POINT('',(231.5,132.03,151.225001877546));
#15532=CARTESIAN_POINT('',(74.75,132.03,151.225001877546));
#15533=CARTESIAN_POINT('',(231.5,136.92,151.225001877546));
#15534=CARTESIAN_POINT('',(231.5,36.9999999701977,151.225001877546));
#15535=CARTESIAN_POINT('',(234.5,136.92,151.225001877546));
#15536=CARTESIAN_POINT('',(74.75,136.92,151.225001877546));
#15537=CARTESIAN_POINT('',(234.5,141.81,151.225001877546));
#15538=CARTESIAN_POINT('',(234.5,-8.00000011920929,151.225001877546));
#15539=CARTESIAN_POINT('',(231.5,141.81,151.225001877546));
#15540=CARTESIAN_POINT('',(74.75,141.81,151.225001877546));
#15541=CARTESIAN_POINT('',(231.5,146.7,151.225001877546));
#15542=CARTESIAN_POINT('',(231.5,36.9999999701977,151.225001877546));
#15543=CARTESIAN_POINT('',(234.5,146.7,151.225001877546));
#15544=CARTESIAN_POINT('',(74.75,146.7,151.225001877546));
#15545=CARTESIAN_POINT('',(234.5,151.59,151.225001877546));
#15546=CARTESIAN_POINT('',(234.5,-8.00000011920929,151.225001877546));
#15547=CARTESIAN_POINT('',(231.5,151.59,151.225001877546));
#15548=CARTESIAN_POINT('',(74.75,151.59,151.225001877546));
#15549=CARTESIAN_POINT('',(231.5,156.48,151.225001877546));
#15550=CARTESIAN_POINT('',(231.5,36.9999999701977,151.225001877546));
#15551=CARTESIAN_POINT('',(234.5,156.48,151.225001877546));
#15552=CARTESIAN_POINT('',(74.75,156.48,151.225001877546));
#15553=CARTESIAN_POINT('',(234.5,161.37,151.225001877546));
#15554=CARTESIAN_POINT('',(234.5,-8.00000011920929,151.225001877546));
#15555=CARTESIAN_POINT('',(231.5,161.37,151.225001877546));
#15556=CARTESIAN_POINT('',(74.75,161.37,151.225001877546));
#15557=CARTESIAN_POINT('',(231.5,36.9999999701977,151.225001877546));
#15558=CARTESIAN_POINT('Origin',(21.5,-5.00000011920929,148.225001877546));
#15559=CARTESIAN_POINT('',(231.5,-5.,148.225001877546));
#15560=CARTESIAN_POINT('',(74.75,-5.00000011920929,148.225001877546));
#15561=CARTESIAN_POINT('',(231.5,-5.00000011920929,148.225001877546));
#15562=CARTESIAN_POINT('Origin',(21.5,172.,148.225001877546));
#15563=CARTESIAN_POINT('',(21.5,172.,148.225001877546));
#15564=CARTESIAN_POINT('Origin',(21.5,172.,148.225001877546));
#15565=CARTESIAN_POINT('',(21.5,172.,148.225001877546));
#15566=CARTESIAN_POINT('Origin',(21.5,172.,148.225001877546));
#15567=CARTESIAN_POINT('',(21.5,172.,148.225001877546));
#15568=CARTESIAN_POINT('Origin',(21.5,172.,148.225001877546));
#15569=CARTESIAN_POINT('',(21.5,172.,148.225001877546));
#15570=CARTESIAN_POINT('Origin',(21.5,172.,148.225001877546));
#15571=CARTESIAN_POINT('',(21.5,172.,148.225001877546));
#15572=CARTESIAN_POINT('Origin',(21.5,172.,148.225001877546));
#15573=CARTESIAN_POINT('',(21.5,172.,148.225001877546));
#15574=CARTESIAN_POINT('Origin',(21.5,172.,148.225001877546));
#15575=CARTESIAN_POINT('',(21.5,172.,148.225001877546));
#15576=CARTESIAN_POINT('Origin',(21.5,172.,148.225001877546));
#15577=CARTESIAN_POINT('',(21.5,172.,148.225001877546));
#15578=CARTESIAN_POINT('Origin',(21.5,172.,148.225001877546));
#15579=CARTESIAN_POINT('',(21.5,172.,148.225001877546));
#15580=CARTESIAN_POINT('Origin',(21.5,172.,148.225001877546));
#15581=CARTESIAN_POINT('',(21.5,172.,148.225001877546));
#15582=CARTESIAN_POINT('Origin',(21.5,172.,148.225001877546));
#15583=CARTESIAN_POINT('',(21.5,172.,148.225001877546));
#15584=CARTESIAN_POINT('Origin',(21.5,172.,148.225001877546));
#15585=CARTESIAN_POINT('',(21.5,172.,148.225001877546));
#15586=CARTESIAN_POINT('Origin',(21.5,172.,148.225001877546));
#15587=CARTESIAN_POINT('',(21.5,172.,148.225001877546));
#15588=CARTESIAN_POINT('Origin',(21.5,172.,148.225001877546));
#15589=CARTESIAN_POINT('',(21.5,172.,148.225001877546));
#15590=CARTESIAN_POINT('Origin',(21.5,172.,148.225001877546));
#15591=CARTESIAN_POINT('',(21.5,172.,148.225001877546));
#15592=CARTESIAN_POINT('Origin',(231.5,-8.,148.225001877546));
#15593=CARTESIAN_POINT('',(231.5,9.78,148.225001877546));
#15594=CARTESIAN_POINT('',(231.5,36.9999999701977,148.225001877546));
#15595=CARTESIAN_POINT('',(231.5,9.78,149.725001877546));
#15596=CARTESIAN_POINT('Origin',(231.5,-8.,148.225001877546));
#15597=CARTESIAN_POINT('',(231.5,14.67,148.225001877546));
#15598=CARTESIAN_POINT('',(231.5,14.67,148.225001877546));
#15599=CARTESIAN_POINT('',(231.5,19.56,148.225001877546));
#15600=CARTESIAN_POINT('',(231.5,36.9999999701977,148.225001877546));
#15601=CARTESIAN_POINT('',(231.5,19.56,149.725001877546));
#15602=CARTESIAN_POINT('Origin',(231.5,-8.,148.225001877546));
#15603=CARTESIAN_POINT('',(231.5,24.45,148.225001877546));
#15604=CARTESIAN_POINT('',(231.5,24.45,148.225001877546));
#15605=CARTESIAN_POINT('',(231.5,29.34,148.225001877546));
#15606=CARTESIAN_POINT('',(231.5,36.9999999701977,148.225001877546));
#15607=CARTESIAN_POINT('',(231.5,29.34,149.725001877546));
#15608=CARTESIAN_POINT('Origin',(231.5,-8.,148.225001877546));
#15609=CARTESIAN_POINT('',(231.5,34.23,148.225001877546));
#15610=CARTESIAN_POINT('',(231.5,34.23,148.225001877546));
#15611=CARTESIAN_POINT('',(231.5,39.12,148.225001877546));
#15612=CARTESIAN_POINT('',(231.5,36.9999999701977,148.225001877546));
#15613=CARTESIAN_POINT('',(231.5,39.12,149.725001877546));
#15614=CARTESIAN_POINT('Origin',(231.5,-8.,148.225001877546));
#15615=CARTESIAN_POINT('',(231.5,44.01,148.225001877546));
#15616=CARTESIAN_POINT('',(231.5,44.01,148.225001877546));
#15617=CARTESIAN_POINT('',(231.5,48.9,148.225001877546));
#15618=CARTESIAN_POINT('',(231.5,36.9999999701977,148.225001877546));
#15619=CARTESIAN_POINT('',(231.5,48.9,149.725001877546));
#15620=CARTESIAN_POINT('Origin',(231.5,-8.,148.225001877546));
#15621=CARTESIAN_POINT('',(231.5,53.79,148.225001877546));
#15622=CARTESIAN_POINT('',(231.5,53.79,148.225001877546));
#15623=CARTESIAN_POINT('',(231.5,58.68,148.225001877546));
#15624=CARTESIAN_POINT('',(231.5,36.9999999701977,148.225001877546));
#15625=CARTESIAN_POINT('',(231.5,58.68,149.725001877546));
#15626=CARTESIAN_POINT('Origin',(231.5,-8.,148.225001877546));
#15627=CARTESIAN_POINT('',(231.5,63.57,148.225001877546));
#15628=CARTESIAN_POINT('',(231.5,63.57,148.225001877546));
#15629=CARTESIAN_POINT('',(231.5,68.46,148.225001877546));
#15630=CARTESIAN_POINT('',(231.5,36.9999999701977,148.225001877546));
#15631=CARTESIAN_POINT('',(231.5,68.46,149.725001877546));
#15632=CARTESIAN_POINT('Origin',(231.5,-8.,148.225001877546));
#15633=CARTESIAN_POINT('',(231.5,73.35,148.225001877546));
#15634=CARTESIAN_POINT('',(231.5,73.35,148.225001877546));
#15635=CARTESIAN_POINT('',(231.5,78.24,148.225001877546));
#15636=CARTESIAN_POINT('',(231.5,36.9999999701977,148.225001877546));
#15637=CARTESIAN_POINT('',(231.5,78.24,149.725001877546));
#15638=CARTESIAN_POINT('Origin',(231.5,-8.,148.225001877546));
#15639=CARTESIAN_POINT('',(231.5,83.13,148.225001877546));
#15640=CARTESIAN_POINT('',(231.5,83.13,148.225001877546));
#15641=CARTESIAN_POINT('',(231.5,88.02,148.225001877546));
#15642=CARTESIAN_POINT('',(231.5,36.9999999701977,148.225001877546));
#15643=CARTESIAN_POINT('',(231.5,88.02,149.725001877546));
#15644=CARTESIAN_POINT('Origin',(231.5,-8.,148.225001877546));
#15645=CARTESIAN_POINT('',(231.5,92.91,148.225001877546));
#15646=CARTESIAN_POINT('',(231.5,92.91,148.225001877546));
#15647=CARTESIAN_POINT('',(231.5,97.8,148.225001877546));
#15648=CARTESIAN_POINT('',(231.5,36.9999999701977,148.225001877546));
#15649=CARTESIAN_POINT('',(231.5,97.8,149.725001877546));
#15650=CARTESIAN_POINT('Origin',(231.5,-8.,148.225001877546));
#15651=CARTESIAN_POINT('',(231.5,102.69,148.225001877546));
#15652=CARTESIAN_POINT('',(231.5,102.69,148.225001877546));
#15653=CARTESIAN_POINT('',(231.5,107.58,148.225001877546));
#15654=CARTESIAN_POINT('',(231.5,36.9999999701977,148.225001877546));
#15655=CARTESIAN_POINT('',(231.5,107.58,149.725001877546));
#15656=CARTESIAN_POINT('Origin',(231.5,-8.,148.225001877546));
#15657=CARTESIAN_POINT('',(231.5,112.47,148.225001877546));
#15658=CARTESIAN_POINT('',(231.5,112.47,148.225001877546));
#15659=CARTESIAN_POINT('',(231.5,117.36,148.225001877546));
#15660=CARTESIAN_POINT('',(231.5,36.9999999701977,148.225001877546));
#15661=CARTESIAN_POINT('',(231.5,117.36,149.725001877546));
#15662=CARTESIAN_POINT('Origin',(231.5,-8.,148.225001877546));
#15663=CARTESIAN_POINT('',(231.5,122.25,148.225001877546));
#15664=CARTESIAN_POINT('',(231.5,122.25,148.225001877546));
#15665=CARTESIAN_POINT('',(231.5,127.14,148.225001877546));
#15666=CARTESIAN_POINT('',(231.5,36.9999999701977,148.225001877546));
#15667=CARTESIAN_POINT('',(231.5,127.14,149.725001877546));
#15668=CARTESIAN_POINT('Origin',(231.5,-8.,148.225001877546));
#15669=CARTESIAN_POINT('',(231.5,132.03,148.225001877546));
#15670=CARTESIAN_POINT('',(231.5,132.03,148.225001877546));
#15671=CARTESIAN_POINT('',(231.5,136.92,148.225001877546));
#15672=CARTESIAN_POINT('',(231.5,36.9999999701977,148.225001877546));
#15673=CARTESIAN_POINT('',(231.5,136.92,149.725001877546));
#15674=CARTESIAN_POINT('Origin',(231.5,-8.,148.225001877546));
#15675=CARTESIAN_POINT('',(231.5,141.81,148.225001877546));
#15676=CARTESIAN_POINT('',(231.5,141.81,148.225001877546));
#15677=CARTESIAN_POINT('',(231.5,146.7,148.225001877546));
#15678=CARTESIAN_POINT('',(231.5,36.9999999701977,148.225001877546));
#15679=CARTESIAN_POINT('',(231.5,146.7,149.725001877546));
#15680=CARTESIAN_POINT('Origin',(231.5,-8.,148.225001877546));
#15681=CARTESIAN_POINT('',(231.5,151.59,148.225001877546));
#15682=CARTESIAN_POINT('',(231.5,151.59,148.225001877546));
#15683=CARTESIAN_POINT('',(231.5,156.48,148.225001877546));
#15684=CARTESIAN_POINT('',(231.5,36.9999999701977,148.225001877546));
#15685=CARTESIAN_POINT('',(231.5,156.48,149.725001877546));
#15686=CARTESIAN_POINT('Origin',(21.5,29.34,151.225001877546));
#15687=CARTESIAN_POINT('',(234.5,29.34,148.225001877546));
#15688=CARTESIAN_POINT('',(74.75,29.34,148.225001877546));
#15689=CARTESIAN_POINT('',(234.5,29.34,149.725001877546));
#15690=CARTESIAN_POINT('Origin',(21.5,34.23,148.225001877546));
#15691=CARTESIAN_POINT('',(234.5,34.23,148.225001877546));
#15692=CARTESIAN_POINT('',(234.5,34.23,148.225001877546));
#15693=CARTESIAN_POINT('',(74.75,34.23,148.225001877546));
#15694=CARTESIAN_POINT('Origin',(21.5,68.46,151.225001877546));
#15695=CARTESIAN_POINT('',(234.5,68.46,148.225001877546));
#15696=CARTESIAN_POINT('',(74.75,68.46,148.225001877546));
#15697=CARTESIAN_POINT('',(234.5,68.46,149.725001877546));
#15698=CARTESIAN_POINT('Origin',(21.5,73.35,148.225001877546));
#15699=CARTESIAN_POINT('',(234.5,73.35,148.225001877546));
#15700=CARTESIAN_POINT('',(234.5,73.35,148.225001877546));
#15701=CARTESIAN_POINT('',(74.75,73.35,148.225001877546));
#15702=CARTESIAN_POINT('Origin',(21.5,107.58,151.225001877546));
#15703=CARTESIAN_POINT('',(234.5,107.58,148.225001877546));
#15704=CARTESIAN_POINT('',(74.75,107.58,148.225001877546));
#15705=CARTESIAN_POINT('',(234.5,107.58,149.725001877546));
#15706=CARTESIAN_POINT('Origin',(21.5,112.47,148.225001877546));
#15707=CARTESIAN_POINT('',(234.5,112.47,148.225001877546));
#15708=CARTESIAN_POINT('',(234.5,112.47,148.225001877546));
#15709=CARTESIAN_POINT('',(74.75,112.47,148.225001877546));
#15710=CARTESIAN_POINT('Origin',(21.5,146.7,151.225001877546));
#15711=CARTESIAN_POINT('',(234.5,146.7,148.225001877546));
#15712=CARTESIAN_POINT('',(74.75,146.7,148.225001877546));
#15713=CARTESIAN_POINT('',(234.5,146.7,149.725001877546));
#15714=CARTESIAN_POINT('Origin',(21.5,151.59,148.225001877546));
#15715=CARTESIAN_POINT('',(234.5,151.59,148.225001877546));
#15716=CARTESIAN_POINT('',(234.5,151.59,148.225001877546));
#15717=CARTESIAN_POINT('',(74.75,151.59,148.225001877546));
#15718=CARTESIAN_POINT('Origin',(21.5,136.92,151.225001877546));
#15719=CARTESIAN_POINT('',(234.5,136.92,148.225001877546));
#15720=CARTESIAN_POINT('',(74.75,136.92,148.225001877546));
#15721=CARTESIAN_POINT('',(234.5,136.92,149.725001877546));
#15722=CARTESIAN_POINT('Origin',(21.5,141.81,148.225001877546));
#15723=CARTESIAN_POINT('',(234.5,141.81,148.225001877546));
#15724=CARTESIAN_POINT('',(234.5,141.81,148.225001877546));
#15725=CARTESIAN_POINT('',(74.75,141.81,148.225001877546));
#15726=CARTESIAN_POINT('Origin',(21.5,97.8,151.225001877546));
#15727=CARTESIAN_POINT('',(234.5,97.8,148.225001877546));
#15728=CARTESIAN_POINT('',(74.75,97.8,148.225001877546));
#15729=CARTESIAN_POINT('',(234.5,97.8,149.725001877546));
#15730=CARTESIAN_POINT('Origin',(21.5,102.69,148.225001877546));
#15731=CARTESIAN_POINT('',(234.5,102.69,148.225001877546));
#15732=CARTESIAN_POINT('',(234.5,102.69,148.225001877546));
#15733=CARTESIAN_POINT('',(74.75,102.69,148.225001877546));
#15734=CARTESIAN_POINT('Origin',(21.5,58.68,151.225001877546));
#15735=CARTESIAN_POINT('',(234.5,58.68,148.225001877546));
#15736=CARTESIAN_POINT('',(74.75,58.68,148.225001877546));
#15737=CARTESIAN_POINT('',(234.5,58.68,149.725001877546));
#15738=CARTESIAN_POINT('Origin',(21.5,63.57,148.225001877546));
#15739=CARTESIAN_POINT('',(234.5,63.57,148.225001877546));
#15740=CARTESIAN_POINT('',(234.5,63.57,148.225001877546));
#15741=CARTESIAN_POINT('',(74.75,63.57,148.225001877546));
#15742=CARTESIAN_POINT('Origin',(21.5,19.56,151.225001877546));
#15743=CARTESIAN_POINT('',(234.5,19.56,148.225001877546));
#15744=CARTESIAN_POINT('',(74.75,19.56,148.225001877546));
#15745=CARTESIAN_POINT('',(234.5,19.56,149.725001877546));
#15746=CARTESIAN_POINT('Origin',(21.5,24.45,148.225001877546));
#15747=CARTESIAN_POINT('',(234.5,24.45,148.225001877546));
#15748=CARTESIAN_POINT('',(234.5,24.45,148.225001877546));
#15749=CARTESIAN_POINT('',(74.75,24.45,148.225001877546));
#15750=CARTESIAN_POINT('Origin',(21.5,39.12,151.225001877546));
#15751=CARTESIAN_POINT('',(234.5,39.12,148.225001877546));
#15752=CARTESIAN_POINT('',(74.75,39.12,148.225001877546));
#15753=CARTESIAN_POINT('',(234.5,39.12,149.725001877546));
#15754=CARTESIAN_POINT('Origin',(21.5,44.01,148.225001877546));
#15755=CARTESIAN_POINT('',(234.5,44.01,148.225001877546));
#15756=CARTESIAN_POINT('',(234.5,44.01,148.225001877546));
#15757=CARTESIAN_POINT('',(74.75,44.01,148.225001877546));
#15758=CARTESIAN_POINT('Origin',(21.5,78.24,151.225001877546));
#15759=CARTESIAN_POINT('',(234.5,78.24,148.225001877546));
#15760=CARTESIAN_POINT('',(74.75,78.24,148.225001877546));
#15761=CARTESIAN_POINT('',(234.5,78.24,149.725001877546));
#15762=CARTESIAN_POINT('Origin',(21.5,83.13,148.225001877546));
#15763=CARTESIAN_POINT('',(234.5,83.13,148.225001877546));
#15764=CARTESIAN_POINT('',(234.5,83.13,148.225001877546));
#15765=CARTESIAN_POINT('',(74.75,83.13,148.225001877546));
#15766=CARTESIAN_POINT('Origin',(21.5,117.36,151.225001877546));
#15767=CARTESIAN_POINT('',(234.5,117.36,148.225001877546));
#15768=CARTESIAN_POINT('',(74.75,117.36,148.225001877546));
#15769=CARTESIAN_POINT('',(234.5,117.36,149.725001877546));
#15770=CARTESIAN_POINT('Origin',(21.5,122.25,148.225001877546));
#15771=CARTESIAN_POINT('',(234.5,122.25,148.225001877546));
#15772=CARTESIAN_POINT('',(234.5,122.25,148.225001877546));
#15773=CARTESIAN_POINT('',(74.75,122.25,148.225001877546));
#15774=CARTESIAN_POINT('Origin',(21.5,156.48,151.225001877546));
#15775=CARTESIAN_POINT('',(234.5,156.48,148.225001877546));
#15776=CARTESIAN_POINT('',(74.75,156.48,148.225001877546));
#15777=CARTESIAN_POINT('',(234.5,156.48,149.725001877546));
#15778=CARTESIAN_POINT('Origin',(21.5,161.37,148.225001877546));
#15779=CARTESIAN_POINT('',(231.5,161.37,148.225001877546));
#15780=CARTESIAN_POINT('',(231.5,161.37,148.225001877546));
#15781=CARTESIAN_POINT('',(234.5,161.37,148.225001877546));
#15782=CARTESIAN_POINT('',(234.5,161.37,148.225001877546));
#15783=CARTESIAN_POINT('',(74.75,161.37,148.225001877546));
#15784=CARTESIAN_POINT('Origin',(21.5,127.14,151.225001877546));
#15785=CARTESIAN_POINT('',(234.5,127.14,148.225001877546));
#15786=CARTESIAN_POINT('',(74.75,127.14,148.225001877546));
#15787=CARTESIAN_POINT('',(234.5,127.14,149.725001877546));
#15788=CARTESIAN_POINT('Origin',(21.5,132.03,148.225001877546));
#15789=CARTESIAN_POINT('',(234.5,132.03,148.225001877546));
#15790=CARTESIAN_POINT('',(234.5,132.03,148.225001877546));
#15791=CARTESIAN_POINT('',(74.75,132.03,148.225001877546));
#15792=CARTESIAN_POINT('Origin',(21.5,88.02,151.225001877546));
#15793=CARTESIAN_POINT('',(234.5,88.02,148.225001877546));
#15794=CARTESIAN_POINT('',(74.75,88.02,148.225001877546));
#15795=CARTESIAN_POINT('',(234.5,88.02,149.725001877546));
#15796=CARTESIAN_POINT('Origin',(21.5,92.91,148.225001877546));
#15797=CARTESIAN_POINT('',(234.5,92.91,148.225001877546));
#15798=CARTESIAN_POINT('',(234.5,92.91,148.225001877546));
#15799=CARTESIAN_POINT('',(74.75,92.91,148.225001877546));
#15800=CARTESIAN_POINT('Origin',(21.5,48.9,151.225001877546));
#15801=CARTESIAN_POINT('',(234.5,48.9,148.225001877546));
#15802=CARTESIAN_POINT('',(74.75,48.9,148.225001877546));
#15803=CARTESIAN_POINT('',(234.5,48.9,149.725001877546));
#15804=CARTESIAN_POINT('Origin',(21.5,53.79,148.225001877546));
#15805=CARTESIAN_POINT('',(234.5,53.79,148.225001877546));
#15806=CARTESIAN_POINT('',(234.5,53.79,148.225001877546));
#15807=CARTESIAN_POINT('',(74.75,53.79,148.225001877546));
#15808=CARTESIAN_POINT('Origin',(21.5,9.78,151.225001877546));
#15809=CARTESIAN_POINT('',(234.5,9.78,148.225001877546));
#15810=CARTESIAN_POINT('',(74.75,9.78,148.225001877546));
#15811=CARTESIAN_POINT('',(234.5,9.78,149.725001877546));
#15812=CARTESIAN_POINT('Origin',(21.5,14.67,148.225001877546));
#15813=CARTESIAN_POINT('',(234.5,14.67,148.225001877546));
#15814=CARTESIAN_POINT('',(234.5,14.67,148.225001877546));
#15815=CARTESIAN_POINT('',(74.75,14.67,148.225001877546));
#15816=CARTESIAN_POINT('Origin',(231.5,-8.,148.225001877546));
#15817=CARTESIAN_POINT('',(231.5,36.9999999701977,148.225001877546));
#15818=CARTESIAN_POINT('Origin',(234.5,-8.00000011920929,148.225001877546));
#15819=CARTESIAN_POINT('',(234.5,-8.00000011920929,148.225001877546));
#15820=CARTESIAN_POINT('Origin',(234.5,-8.00000011920929,148.225001877546));
#15821=CARTESIAN_POINT('',(234.5,-8.00000011920929,148.225001877546));
#15822=CARTESIAN_POINT('Origin',(234.5,-8.00000011920929,148.225001877546));
#15823=CARTESIAN_POINT('',(234.5,-8.00000011920929,148.225001877546));
#15824=CARTESIAN_POINT('Origin',(234.5,-8.00000011920929,148.225001877546));
#15825=CARTESIAN_POINT('',(234.5,-8.00000011920929,148.225001877546));
#15826=CARTESIAN_POINT('Origin',(234.5,-8.00000011920929,148.225001877546));
#15827=CARTESIAN_POINT('',(234.5,-8.00000011920929,148.225001877546));
#15828=CARTESIAN_POINT('Origin',(234.5,-8.00000011920929,148.225001877546));
#15829=CARTESIAN_POINT('',(234.5,-8.00000011920929,148.225001877546));
#15830=CARTESIAN_POINT('Origin',(234.5,-8.00000011920929,148.225001877546));
#15831=CARTESIAN_POINT('',(234.5,-8.00000011920929,148.225001877546));
#15832=CARTESIAN_POINT('Origin',(234.5,-8.00000011920929,148.225001877546));
#15833=CARTESIAN_POINT('',(234.5,-8.00000011920929,148.225001877546));
#15834=CARTESIAN_POINT('Origin',(234.5,-8.00000011920929,148.225001877546));
#15835=CARTESIAN_POINT('',(234.5,-8.00000011920929,148.225001877546));
#15836=CARTESIAN_POINT('Origin',(234.5,-8.00000011920929,148.225001877546));
#15837=CARTESIAN_POINT('',(234.5,-8.00000011920929,148.225001877546));
#15838=CARTESIAN_POINT('Origin',(234.5,-8.00000011920929,148.225001877546));
#15839=CARTESIAN_POINT('',(234.5,-8.00000011920929,148.225001877546));
#15840=CARTESIAN_POINT('Origin',(234.5,-8.00000011920929,148.225001877546));
#15841=CARTESIAN_POINT('',(234.5,-8.00000011920929,148.225001877546));
#15842=CARTESIAN_POINT('Origin',(234.5,-8.00000011920929,148.225001877546));
#15843=CARTESIAN_POINT('',(234.5,-8.00000011920929,148.225001877546));
#15844=CARTESIAN_POINT('Origin',(234.5,-8.00000011920929,148.225001877546));
#15845=CARTESIAN_POINT('',(234.5,-8.00000011920929,148.225001877546));
#15846=CARTESIAN_POINT('Origin',(234.5,-8.00000011920929,148.225001877546));
#15847=CARTESIAN_POINT('',(234.5,-8.00000011920929,148.225001877546));
#15848=CARTESIAN_POINT('Origin',(234.5,-8.00000011920929,148.225001877546));
#15849=CARTESIAN_POINT('',(234.5,-8.00000011920929,148.225001877546));
#15850=CARTESIAN_POINT('Origin',(128.,81.9999999403954,148.225001877546));
#15851=CARTESIAN_POINT('',(21.5,172.,148.225001877546));
#15852=CARTESIAN_POINT('Origin',(21.5,172.,148.225001877546));
#15853=UNCERTAINTY_MEASURE_WITH_UNIT(LENGTH_MEASURE(0.01),#15857,
'DISTANCE_ACCURACY_VALUE',
'Maximum model space distance between geometric entities at asserted c
onnectivities');
#15854=UNCERTAINTY_MEASURE_WITH_UNIT(LENGTH_MEASURE(0.01),#15857,
'DISTANCE_ACCURACY_VALUE',
'Maximum model space distance between geometric entities at asserted c
onnectivities');
#15855=(
GEOMETRIC_REPRESENTATION_CONTEXT(3)
GLOBAL_UNCERTAINTY_ASSIGNED_CONTEXT((#15853))
GLOBAL_UNIT_ASSIGNED_CONTEXT((#15857,#15859,#15860))
REPRESENTATION_CONTEXT('','3D')
);
#15856=(
GEOMETRIC_REPRESENTATION_CONTEXT(3)
GLOBAL_UNCERTAINTY_ASSIGNED_CONTEXT((#15854))
GLOBAL_UNIT_ASSIGNED_CONTEXT((#15857,#15859,#15860))
REPRESENTATION_CONTEXT('','3D')
);
#15857=(
LENGTH_UNIT()
NAMED_UNIT(*)
SI_UNIT(.MILLI.,.METRE.)
);
#15858=(
LENGTH_UNIT()
NAMED_UNIT(*)
SI_UNIT($,.METRE.)
);
#15859=(
NAMED_UNIT(*)
PLANE_ANGLE_UNIT()
SI_UNIT($,.RADIAN.)
);
#15860=(
NAMED_UNIT(*)
SI_UNIT($,.STERADIAN.)
SOLID_ANGLE_UNIT()
);
#15861=SHAPE_DEFINITION_REPRESENTATION(#15862,#15863);
#15862=PRODUCT_DEFINITION_SHAPE('',$,#15865);
#15863=SHAPE_REPRESENTATION('',(#9905),#15855);
#15864=PRODUCT_DEFINITION_CONTEXT('part definition',#15869,'design');
#15865=PRODUCT_DEFINITION('Tray','Tray',#15866,#15864);
#15866=PRODUCT_DEFINITION_FORMATION('',$,#15871);
#15867=PRODUCT_RELATED_PRODUCT_CATEGORY('Tray','Tray',(#15871));
#15868=APPLICATION_PROTOCOL_DEFINITION('international standard',
'automotive_design',2009,#15869);
#15869=APPLICATION_CONTEXT(
'Core Data for Automotive Mechanical Design Process');
#15870=PRODUCT_CONTEXT('part definition',#15869,'mechanical');
#15871=PRODUCT('Tray','Tray',$,(#15870));
#15872=PRESENTATION_STYLE_ASSIGNMENT((#15873));
#15873=SURFACE_STYLE_USAGE(.BOTH.,#15874);
#15874=SURFACE_SIDE_STYLE('',(#15875));
#15875=SURFACE_STYLE_FILL_AREA(#15876);
#15876=FILL_AREA_STYLE('Steel - Satin',(#15877));
#15877=FILL_AREA_STYLE_COLOUR('Steel - Satin',#15878);
#15878=COLOUR_RGB('Steel - Satin',0.627450980392157,0.627450980392157,0.627450980392157);
ENDSEC;
END-ISO-10303-21;
